# Blender v2.82 (sub 7) OBJ File: 'DC.blend'
# www.blender.org
mtllib DischargeChamber.mtl
o DischargeChamber
v 36.830002 57.149990 76.200012
v 36.830002 57.149990 73.660011
v 36.849297 57.370522 76.200012
v 36.849297 57.370522 73.660011
v 36.906590 57.584354 76.200012
v 36.906590 57.584354 73.660011
v 37.000149 57.784988 76.200012
v 37.000149 57.784988 73.660011
v 37.127125 57.966328 76.200012
v 37.127125 57.966328 73.660011
v 37.283661 58.122864 76.200012
v 37.283661 58.122864 73.660011
v 37.465000 58.249844 76.200012
v 37.465000 58.249844 73.660011
v 37.665634 58.343399 76.200012
v 37.665634 58.343399 73.660011
v 37.879467 58.400696 76.200012
v 37.879467 58.400696 73.660011
v 38.100002 58.419991 76.200012
v 38.100002 58.419991 73.660011
v 38.320534 58.400696 76.200012
v 38.320534 58.400696 73.660011
v 38.534367 58.343399 76.200012
v 38.534367 58.343399 73.660011
v 38.735001 58.249844 76.200012
v 38.735001 58.249844 73.660011
v 38.916340 58.122864 76.200012
v 38.916340 58.122864 73.660011
v 39.072876 57.966328 76.200012
v 39.072876 57.966328 73.660011
v 39.199852 57.784988 76.200012
v 39.199852 57.784988 73.660011
v 39.293411 57.584354 76.200012
v 39.293411 57.584354 73.660011
v 39.350708 57.370522 76.200012
v 39.350708 57.370522 73.660011
v 39.369999 57.149990 76.200012
v 39.369999 57.149990 73.660011
v 39.350708 56.929455 76.200012
v 39.350708 56.929455 73.660011
v 39.293411 56.715626 76.200012
v 39.293411 56.715626 73.660011
v 39.199852 56.514988 76.200012
v 39.199852 56.514988 73.660011
v 39.072876 56.333649 76.200012
v 39.072876 56.333649 73.660011
v 38.916340 56.177113 76.200012
v 38.916340 56.177113 73.660011
v 38.735001 56.050137 76.200012
v 38.735001 56.050137 73.660011
v 38.534367 55.956581 76.200012
v 38.534367 55.956581 73.660011
v 38.320534 55.899284 76.200012
v 38.320534 55.899284 73.660011
v 38.100002 55.879990 76.200012
v 38.100002 55.879990 73.660011
v 37.879467 55.899284 76.200012
v 37.879467 55.899284 73.660011
v 37.665634 55.956581 76.200012
v 37.665634 55.956581 73.660011
v 37.465000 56.050137 76.200012
v 37.465000 56.050137 73.660011
v 37.283661 56.177113 76.200012
v 37.283661 56.177113 73.660011
v 37.127125 56.333649 76.200012
v 37.127125 56.333649 73.660011
v 37.000149 56.514988 76.200012
v 37.000149 56.514988 73.660011
v 36.906590 56.715626 76.200012
v 36.906590 56.715626 73.660011
v 36.849297 56.929455 76.200012
v 36.849297 56.929455 73.660011
v 46.355000 54.597771 76.200012
v 46.355000 54.597771 73.660011
v 46.374294 54.818306 76.200012
v 46.374294 54.818306 73.660011
v 46.431591 55.032139 76.200012
v 46.431591 55.032139 73.660011
v 46.525146 55.232773 76.200012
v 46.525146 55.232773 73.660011
v 46.652122 55.414112 76.200012
v 46.652122 55.414112 73.660011
v 46.808659 55.570648 76.200012
v 46.808659 55.570648 73.660011
v 46.990002 55.697624 76.200012
v 46.990002 55.697624 73.660011
v 47.190636 55.791183 76.200012
v 47.190636 55.791183 73.660011
v 47.404469 55.848480 76.200012
v 47.404469 55.848480 73.660011
v 47.625000 55.867771 76.200012
v 47.625000 55.867771 73.660011
v 47.845535 55.848480 76.200012
v 47.845535 55.848480 73.660011
v 48.059364 55.791183 76.200012
v 48.059364 55.791183 73.660011
v 48.260002 55.697624 76.200012
v 48.260002 55.697624 73.660011
v 48.441341 55.570648 76.200012
v 48.441341 55.570648 73.660011
v 48.597878 55.414112 76.200012
v 48.597878 55.414112 73.660011
v 48.724854 55.232773 76.200012
v 48.724854 55.232773 73.660011
v 48.818409 55.032139 76.200012
v 48.818409 55.032139 73.660011
v 48.875706 54.818306 76.200012
v 48.875706 54.818306 73.660011
v 48.895000 54.597771 76.200012
v 48.895000 54.597771 73.660011
v 48.875706 54.377239 76.200012
v 48.875706 54.377239 73.660011
v 48.818409 54.163406 76.200012
v 48.818409 54.163406 73.660011
v 48.724854 53.962772 76.200012
v 48.724854 53.962772 73.660011
v 48.597878 53.781433 76.200012
v 48.597878 53.781433 73.660011
v 48.441341 53.624897 76.200012
v 48.441341 53.624897 73.660011
v 48.260002 53.497921 76.200012
v 48.260002 53.497921 73.660011
v 48.059364 53.404362 76.200012
v 48.059364 53.404362 73.660011
v 47.845535 53.347065 76.200012
v 47.845535 53.347065 73.660011
v 47.625000 53.327774 76.200012
v 47.625000 53.327774 73.660011
v 47.404469 53.347065 76.200012
v 47.404469 53.347065 73.660011
v 47.190636 53.404362 76.200012
v 47.190636 53.404362 73.660011
v 46.990002 53.497921 76.200012
v 46.990002 53.497921 73.660011
v 46.808659 53.624897 76.200012
v 46.808659 53.624897 73.660011
v 46.652122 53.781433 76.200012
v 46.652122 53.781433 73.660011
v 46.525146 53.962772 76.200012
v 46.525146 53.962772 73.660011
v 46.431591 54.163406 76.200012
v 46.431591 54.163406 73.660011
v 46.374294 54.377239 76.200012
v 46.374294 54.377239 73.660011
v 53.327785 47.624989 76.200012
v 53.327785 47.624989 73.660011
v 53.347076 47.845524 76.200012
v 53.347076 47.845524 73.660011
v 53.404373 48.059353 76.200012
v 53.404373 48.059353 73.660011
v 53.497932 48.259991 76.200012
v 53.497932 48.259991 73.660011
v 53.624908 48.441330 76.200012
v 53.624908 48.441330 73.660011
v 53.781445 48.597866 76.200012
v 53.781445 48.597866 73.660011
v 53.962784 48.724842 76.200012
v 53.962784 48.724842 73.660011
v 54.163418 48.818398 76.200012
v 54.163418 48.818398 73.660011
v 54.377251 48.875694 76.200012
v 54.377251 48.875694 73.660011
v 54.597782 48.894989 76.200012
v 54.597782 48.894989 73.660011
v 54.818317 48.875694 76.200012
v 54.818317 48.875694 73.660011
v 55.032150 48.818398 76.200012
v 55.032150 48.818398 73.660011
v 55.232784 48.724842 76.200012
v 55.232784 48.724842 73.660011
v 55.414124 48.597866 76.200012
v 55.414124 48.597866 73.660011
v 55.570660 48.441330 76.200012
v 55.570660 48.441330 73.660011
v 55.697636 48.259991 76.200012
v 55.697636 48.259991 73.660011
v 55.791195 48.059353 76.200012
v 55.791195 48.059353 73.660011
v 55.848492 47.845524 76.200012
v 55.848492 47.845524 73.660011
v 55.867783 47.624989 76.200012
v 55.867783 47.624989 73.660011
v 55.848492 47.404457 76.200012
v 55.848492 47.404457 73.660011
v 55.791195 47.190624 76.200012
v 55.791195 47.190624 73.660011
v 55.697636 46.989990 76.200012
v 55.697636 46.989990 73.660011
v 55.570660 46.808647 76.200012
v 55.570660 46.808647 73.660011
v 55.414124 46.652111 76.200012
v 55.414124 46.652111 73.660011
v 55.232784 46.525135 76.200012
v 55.232784 46.525135 73.660011
v 55.032150 46.431580 76.200012
v 55.032150 46.431580 73.660011
v 54.818317 46.374283 76.200012
v 54.818317 46.374283 73.660011
v 54.597782 46.354988 76.200012
v 54.597782 46.354988 73.660011
v 54.377251 46.374283 76.200012
v 54.377251 46.374283 73.660011
v 54.163418 46.431580 76.200012
v 54.163418 46.431580 73.660011
v 53.962784 46.525135 76.200012
v 53.962784 46.525135 73.660011
v 53.781445 46.652111 76.200012
v 53.781445 46.652111 73.660011
v 53.624908 46.808647 76.200012
v 53.624908 46.808647 73.660011
v 53.497932 46.989990 76.200012
v 53.497932 46.989990 73.660011
v 53.404373 47.190624 76.200012
v 53.404373 47.190624 73.660011
v 53.347076 47.404457 76.200012
v 53.347076 47.404457 73.660011
v 55.880001 38.099991 76.200012
v 55.880001 38.099991 73.660011
v 55.899296 38.320522 76.200012
v 55.899296 38.320522 73.660011
v 55.956593 38.534355 76.200012
v 55.956593 38.534355 73.660011
v 56.050148 38.734989 76.200012
v 56.050148 38.734989 73.660011
v 56.177124 38.916328 76.200012
v 56.177124 38.916328 73.660011
v 56.333660 39.072865 76.200012
v 56.333660 39.072865 73.660011
v 56.514999 39.199841 76.200012
v 56.514999 39.199841 73.660011
v 56.715637 39.293400 76.200012
v 56.715637 39.293400 73.660011
v 56.929466 39.350697 76.200012
v 56.929466 39.350697 73.660011
v 57.150002 39.369987 76.200012
v 57.150002 39.369987 73.660011
v 57.370533 39.350697 76.200012
v 57.370533 39.350697 73.660011
v 57.584366 39.293400 76.200012
v 57.584366 39.293400 73.660011
v 57.785000 39.199841 76.200012
v 57.785000 39.199841 73.660011
v 57.966339 39.072865 76.200012
v 57.966339 39.072865 73.660011
v 58.122875 38.916328 76.200012
v 58.122875 38.916328 73.660011
v 58.249855 38.734989 76.200012
v 58.249855 38.734989 73.660011
v 58.343410 38.534355 76.200012
v 58.343410 38.534355 73.660011
v 58.400707 38.320522 76.200012
v 58.400707 38.320522 73.660011
v 58.420002 38.099991 76.200012
v 58.420002 38.099991 73.660011
v 58.400707 37.879456 76.200012
v 58.400707 37.879456 73.660011
v 58.343410 37.665623 76.200012
v 58.343410 37.665623 73.660011
v 58.249855 37.464989 76.200012
v 58.249855 37.464989 73.660011
v 58.122875 37.283649 76.200012
v 58.122875 37.283649 73.660011
v 57.966339 37.127113 76.200012
v 57.966339 37.127113 73.660011
v 57.785000 37.000137 76.200012
v 57.785000 37.000137 73.660011
v 57.584366 36.906578 76.200012
v 57.584366 36.906578 73.660011
v 57.370533 36.849285 76.200012
v 57.370533 36.849285 73.660011
v 57.150002 36.829990 76.200012
v 57.150002 36.829990 73.660011
v 56.929466 36.849285 76.200012
v 56.929466 36.849285 73.660011
v 56.715637 36.906578 76.200012
v 56.715637 36.906578 73.660011
v 56.514999 37.000137 76.200012
v 56.514999 37.000137 73.660011
v 56.333660 37.127113 76.200012
v 56.333660 37.127113 73.660011
v 56.177124 37.283649 76.200012
v 56.177124 37.283649 73.660011
v 56.050148 37.464989 76.200012
v 56.050148 37.464989 73.660011
v 55.956593 37.665623 76.200012
v 55.956593 37.665623 73.660011
v 55.899296 37.879456 76.200012
v 55.899296 37.879456 73.660011
v 53.327785 28.574987 76.200012
v 53.327785 28.574989 73.660011
v 53.347076 28.795521 76.200012
v 53.347076 28.795523 73.660011
v 53.404373 29.009354 76.200012
v 53.404373 29.009356 73.660011
v 53.497932 29.209988 76.200012
v 53.497932 29.209990 73.660011
v 53.624908 29.391327 76.200012
v 53.624908 29.391329 73.660011
v 53.781445 29.547863 76.200012
v 53.781445 29.547865 73.660011
v 53.962784 29.674839 76.200012
v 53.962784 29.674841 73.660011
v 54.163418 29.768396 76.200012
v 54.163418 29.768398 73.660011
v 54.377251 29.825693 76.200012
v 54.377251 29.825695 73.660011
v 54.597782 29.844986 76.200012
v 54.597782 29.844988 73.660011
v 54.818317 29.825693 76.200012
v 54.818317 29.825695 73.660011
v 55.032150 29.768396 76.200012
v 55.032150 29.768398 73.660011
v 55.232784 29.674839 76.200012
v 55.232784 29.674841 73.660011
v 55.414124 29.547863 76.200012
v 55.414124 29.547865 73.660011
v 55.570660 29.391327 76.200012
v 55.570660 29.391329 73.660011
v 55.697636 29.209988 76.200012
v 55.697636 29.209990 73.660011
v 55.791195 29.009354 76.200012
v 55.791195 29.009356 73.660011
v 55.848492 28.795521 76.200012
v 55.848492 28.795523 73.660011
v 55.867783 28.574987 76.200012
v 55.867783 28.574989 73.660011
v 55.848492 28.354454 76.200012
v 55.848492 28.354456 73.660011
v 55.791195 28.140621 76.200012
v 55.791195 28.140623 73.660011
v 55.697636 27.939987 76.200012
v 55.697636 27.939989 73.660011
v 55.570660 27.758646 76.200012
v 55.570660 27.758648 73.660011
v 55.414124 27.602110 76.200012
v 55.414124 27.602112 73.660011
v 55.232784 27.475136 76.200012
v 55.232784 27.475138 73.660011
v 55.032150 27.381577 76.200012
v 55.032150 27.381578 73.660011
v 54.818317 27.324282 76.200012
v 54.818317 27.324284 73.660011
v 54.597782 27.304987 76.200012
v 54.597782 27.304989 73.660011
v 54.377251 27.324282 76.200012
v 54.377251 27.324284 73.660011
v 54.163418 27.381577 76.200012
v 54.163418 27.381578 73.660011
v 53.962784 27.475136 76.200012
v 53.962784 27.475138 73.660011
v 53.781445 27.602110 76.200012
v 53.781445 27.602112 73.660011
v 53.624908 27.758646 76.200012
v 53.624908 27.758648 73.660011
v 53.497932 27.939987 76.200012
v 53.497932 27.939989 73.660011
v 53.404373 28.140621 76.200012
v 53.404373 28.140623 73.660011
v 53.347076 28.354454 76.200012
v 53.347076 28.354456 73.660011
v 46.355000 21.602203 76.200005
v 46.355000 21.602205 73.660004
v 46.374294 21.822737 76.200005
v 46.374294 21.822739 73.660004
v 46.431591 22.036570 76.200005
v 46.431591 22.036572 73.660004
v 46.525146 22.237204 76.200005
v 46.525146 22.237206 73.660004
v 46.652122 22.418543 76.200005
v 46.652122 22.418545 73.660004
v 46.808659 22.575081 76.200005
v 46.808659 22.575083 73.660004
v 46.990002 22.702055 76.200005
v 46.990002 22.702057 73.660004
v 47.190636 22.795612 76.200005
v 47.190636 22.795614 73.660004
v 47.404469 22.852909 76.200005
v 47.404469 22.852911 73.660004
v 47.625000 22.872202 76.200005
v 47.625000 22.872204 73.660004
v 47.845535 22.852909 76.200005
v 47.845535 22.852911 73.660004
v 48.059364 22.795612 76.200005
v 48.059364 22.795614 73.660004
v 48.260002 22.702055 76.200005
v 48.260002 22.702057 73.660004
v 48.441341 22.575081 76.200005
v 48.441341 22.575083 73.660004
v 48.597878 22.418543 76.200005
v 48.597878 22.418545 73.660004
v 48.724854 22.237204 76.200005
v 48.724854 22.237206 73.660004
v 48.818409 22.036570 76.200005
v 48.818409 22.036572 73.660004
v 48.875706 21.822737 76.200005
v 48.875706 21.822739 73.660004
v 48.895000 21.602203 76.200005
v 48.895000 21.602205 73.660004
v 48.875706 21.381670 76.200005
v 48.875706 21.381672 73.660004
v 48.818409 21.167837 76.200005
v 48.818409 21.167839 73.660004
v 48.724854 20.967203 76.200005
v 48.724854 20.967205 73.660004
v 48.597878 20.785862 76.200005
v 48.597878 20.785864 73.660004
v 48.441341 20.629328 76.200005
v 48.441341 20.629330 73.660004
v 48.260002 20.502352 76.200005
v 48.260002 20.502354 73.660004
v 48.059364 20.408794 76.200005
v 48.059364 20.408796 73.660004
v 47.845535 20.351498 76.200005
v 47.845535 20.351500 73.660004
v 47.625000 20.332205 76.200005
v 47.625000 20.332207 73.660004
v 47.404469 20.351498 76.200005
v 47.404469 20.351500 73.660004
v 47.190636 20.408794 76.200005
v 47.190636 20.408796 73.660004
v 46.990002 20.502352 76.200005
v 46.990002 20.502354 73.660004
v 46.808659 20.629328 76.200005
v 46.808659 20.629330 73.660004
v 46.652122 20.785862 76.200005
v 46.652122 20.785864 73.660004
v 46.525146 20.967203 76.200005
v 46.525146 20.967205 73.660004
v 46.431591 21.167837 76.200005
v 46.431591 21.167839 73.660004
v 46.374294 21.381670 76.200005
v 46.374294 21.381672 73.660004
v 36.830002 19.049988 76.200005
v 36.830002 19.049990 73.660004
v 36.849297 19.270521 76.200005
v 36.849297 19.270523 73.660004
v 36.906590 19.484352 76.200005
v 36.906590 19.484354 73.660004
v 37.000149 19.684986 76.200005
v 37.000149 19.684988 73.660004
v 37.127125 19.866327 76.200005
v 37.127125 19.866329 73.660004
v 37.283661 20.022863 76.200005
v 37.283661 20.022865 73.660004
v 37.465000 20.149839 76.200005
v 37.465000 20.149841 73.660004
v 37.665634 20.243397 76.200005
v 37.665634 20.243399 73.660004
v 37.879467 20.300694 76.200005
v 37.879467 20.300695 73.660004
v 38.100002 20.319986 76.200005
v 38.100002 20.319988 73.660004
v 38.320534 20.300694 76.200005
v 38.320534 20.300695 73.660004
v 38.534367 20.243397 76.200005
v 38.534367 20.243399 73.660004
v 38.735001 20.149839 76.200005
v 38.735001 20.149841 73.660004
v 38.916340 20.022863 76.200005
v 38.916340 20.022865 73.660004
v 39.072876 19.866327 76.200005
v 39.072876 19.866329 73.660004
v 39.199852 19.684986 76.200005
v 39.199852 19.684988 73.660004
v 39.293411 19.484352 76.200005
v 39.293411 19.484354 73.660004
v 39.350708 19.270521 76.200005
v 39.350708 19.270523 73.660004
v 39.369999 19.049988 76.200005
v 39.369999 19.049990 73.660004
v 39.350708 18.829453 76.200005
v 39.350708 18.829454 73.660004
v 39.293411 18.615622 76.200005
v 39.293411 18.615623 73.660004
v 39.199852 18.414988 76.200005
v 39.199852 18.414989 73.660004
v 39.072876 18.233646 76.200005
v 39.072876 18.233648 73.660004
v 38.916340 18.077110 76.200005
v 38.916340 18.077112 73.660004
v 38.735001 17.950134 76.200005
v 38.735001 17.950136 73.660004
v 38.534367 17.856577 76.200005
v 38.534367 17.856579 73.660004
v 38.320534 17.799282 76.200005
v 38.320534 17.799284 73.660004
v 38.100002 17.779987 76.200005
v 38.100002 17.779989 73.660004
v 37.879467 17.799282 76.200005
v 37.879467 17.799284 73.660004
v 37.665634 17.856577 76.200005
v 37.665634 17.856579 73.660004
v 37.465000 17.950134 76.200005
v 37.465000 17.950136 73.660004
v 37.283661 18.077110 76.200005
v 37.283661 18.077112 73.660004
v 37.127125 18.233646 76.200005
v 37.127125 18.233648 73.660004
v 37.000149 18.414988 76.200005
v 37.000149 18.414989 73.660004
v 36.906590 18.615622 76.200005
v 36.906590 18.615623 73.660004
v 36.849297 18.829453 76.200005
v 36.849297 18.829454 73.660004
v 27.305000 21.602203 76.200005
v 27.305000 21.602205 73.660004
v 27.324295 21.822737 76.200005
v 27.324295 21.822739 73.660004
v 27.381590 22.036570 76.200005
v 27.381590 22.036572 73.660004
v 27.475149 22.237204 76.200005
v 27.475149 22.237206 73.660004
v 27.602123 22.418543 76.200005
v 27.602123 22.418545 73.660004
v 27.758659 22.575081 76.200005
v 27.758659 22.575083 73.660004
v 27.940001 22.702055 76.200005
v 27.940001 22.702057 73.660004
v 28.140635 22.795612 76.200005
v 28.140635 22.795614 73.660004
v 28.354467 22.852909 76.200005
v 28.354467 22.852911 73.660004
v 28.575001 22.872202 76.200005
v 28.575001 22.872204 73.660004
v 28.795534 22.852909 76.200005
v 28.795534 22.852911 73.660004
v 29.009367 22.795612 76.200005
v 29.009367 22.795614 73.660004
v 29.210001 22.702055 76.200005
v 29.210001 22.702057 73.660004
v 29.391340 22.575081 76.200005
v 29.391340 22.575083 73.660004
v 29.547876 22.418543 76.200005
v 29.547876 22.418545 73.660004
v 29.674852 22.237204 76.200005
v 29.674852 22.237206 73.660004
v 29.768410 22.036570 76.200005
v 29.768410 22.036572 73.660004
v 29.825706 21.822737 76.200005
v 29.825706 21.822739 73.660004
v 29.844999 21.602203 76.200005
v 29.844999 21.602205 73.660004
v 29.825706 21.381670 76.200005
v 29.825706 21.381672 73.660004
v 29.768410 21.167837 76.200005
v 29.768410 21.167839 73.660004
v 29.674852 20.967203 76.200005
v 29.674852 20.967205 73.660004
v 29.547876 20.785862 76.200005
v 29.547876 20.785864 73.660004
v 29.391340 20.629328 76.200005
v 29.391340 20.629330 73.660004
v 29.210001 20.502352 76.200005
v 29.210001 20.502354 73.660004
v 29.009367 20.408794 76.200005
v 29.009367 20.408796 73.660004
v 28.795534 20.351498 76.200005
v 28.795534 20.351500 73.660004
v 28.575001 20.332205 76.200005
v 28.575001 20.332207 73.660004
v 28.354467 20.351498 76.200005
v 28.354467 20.351500 73.660004
v 28.140635 20.408794 76.200005
v 28.140635 20.408796 73.660004
v 27.940001 20.502352 76.200005
v 27.940001 20.502354 73.660004
v 27.758659 20.629328 76.200005
v 27.758659 20.629330 73.660004
v 27.602123 20.785862 76.200005
v 27.602123 20.785864 73.660004
v 27.475149 20.967203 76.200005
v 27.475149 20.967205 73.660004
v 27.381590 21.167837 76.200005
v 27.381590 21.167839 73.660004
v 27.324295 21.381670 76.200005
v 27.324295 21.381672 73.660004
v 20.332218 28.574987 76.200012
v 20.332218 28.574989 73.660011
v 20.351511 28.795521 76.200012
v 20.351511 28.795523 73.660011
v 20.408808 29.009354 76.200012
v 20.408808 29.009356 73.660011
v 20.502365 29.209988 76.200012
v 20.502365 29.209990 73.660011
v 20.629341 29.391327 76.200012
v 20.629341 29.391329 73.660011
v 20.785875 29.547863 76.200012
v 20.785875 29.547865 73.660011
v 20.967216 29.674839 76.200012
v 20.967216 29.674841 73.660011
v 21.167850 29.768396 76.200012
v 21.167850 29.768398 73.660011
v 21.381683 29.825693 76.200012
v 21.381683 29.825695 73.660011
v 21.602217 29.844986 76.200012
v 21.602217 29.844988 73.660011
v 21.822750 29.825693 76.200012
v 21.822750 29.825695 73.660011
v 22.036583 29.768396 76.200012
v 22.036583 29.768398 73.660011
v 22.237217 29.674839 76.200012
v 22.237217 29.674841 73.660011
v 22.418556 29.547863 76.200012
v 22.418556 29.547865 73.660011
v 22.575094 29.391327 76.200012
v 22.575094 29.391329 73.660011
v 22.702068 29.209988 76.200012
v 22.702068 29.209990 73.660011
v 22.795626 29.009354 76.200012
v 22.795626 29.009356 73.660011
v 22.852922 28.795521 76.200012
v 22.852922 28.795523 73.660011
v 22.872215 28.574987 76.200012
v 22.872215 28.574989 73.660011
v 22.852922 28.354454 76.200012
v 22.852922 28.354456 73.660011
v 22.795626 28.140621 76.200012
v 22.795626 28.140623 73.660011
v 22.702068 27.939987 76.200012
v 22.702068 27.939989 73.660011
v 22.575094 27.758646 76.200012
v 22.575094 27.758648 73.660011
v 22.418556 27.602110 76.200012
v 22.418556 27.602112 73.660011
v 22.237217 27.475136 76.200012
v 22.237217 27.475138 73.660011
v 22.036583 27.381577 76.200012
v 22.036583 27.381578 73.660011
v 21.822750 27.324282 76.200012
v 21.822750 27.324284 73.660011
v 21.602217 27.304987 76.200012
v 21.602217 27.304989 73.660011
v 21.381683 27.324282 76.200012
v 21.381683 27.324284 73.660011
v 21.167850 27.381577 76.200012
v 21.167850 27.381578 73.660011
v 20.967216 27.475136 76.200012
v 20.967216 27.475138 73.660011
v 20.785875 27.602110 76.200012
v 20.785875 27.602112 73.660011
v 20.629341 27.758646 76.200012
v 20.629341 27.758648 73.660011
v 20.502365 27.939987 76.200012
v 20.502365 27.939989 73.660011
v 20.408808 28.140621 76.200012
v 20.408808 28.140623 73.660011
v 20.351511 28.354454 76.200012
v 20.351511 28.354456 73.660011
v 17.780001 38.099991 76.200012
v 17.780001 38.099991 73.660011
v 17.799295 38.320522 76.200012
v 17.799295 38.320522 73.660011
v 17.856590 38.534355 76.200012
v 17.856590 38.534355 73.660011
v 17.950148 38.734989 76.200012
v 17.950148 38.734989 73.660011
v 18.077124 38.916328 76.200012
v 18.077124 38.916328 73.660011
v 18.233660 39.072865 76.200012
v 18.233660 39.072865 73.660011
v 18.415001 39.199841 76.200012
v 18.415001 39.199841 73.660011
v 18.615635 39.293400 76.200012
v 18.615635 39.293400 73.660011
v 18.829466 39.350697 76.200012
v 18.829466 39.350697 73.660011
v 19.050001 39.369987 76.200012
v 19.050001 39.369987 73.660011
v 19.270535 39.350697 76.200012
v 19.270535 39.350697 73.660011
v 19.484365 39.293400 76.200012
v 19.484365 39.293400 73.660011
v 19.684999 39.199841 76.200012
v 19.684999 39.199841 73.660011
v 19.866341 39.072865 76.200012
v 19.866341 39.072865 73.660011
v 20.022877 38.916328 76.200012
v 20.022877 38.916328 73.660011
v 20.149853 38.734989 76.200012
v 20.149853 38.734989 73.660011
v 20.243410 38.534355 76.200012
v 20.243410 38.534355 73.660011
v 20.300707 38.320522 76.200012
v 20.300707 38.320522 73.660011
v 20.320000 38.099991 76.200012
v 20.320000 38.099991 73.660011
v 20.300707 37.879456 76.200012
v 20.300707 37.879456 73.660011
v 20.243410 37.665623 76.200012
v 20.243410 37.665623 73.660011
v 20.149853 37.464989 76.200012
v 20.149853 37.464989 73.660011
v 20.022877 37.283649 76.200012
v 20.022877 37.283649 73.660011
v 19.866341 37.127113 76.200012
v 19.866341 37.127113 73.660011
v 19.684999 37.000137 76.200012
v 19.684999 37.000137 73.660011
v 19.484365 36.906578 76.200012
v 19.484365 36.906578 73.660011
v 19.270535 36.849285 76.200012
v 19.270535 36.849285 73.660011
v 19.050001 36.829990 76.200012
v 19.050001 36.829990 73.660011
v 18.829466 36.849285 76.200012
v 18.829466 36.849285 73.660011
v 18.615635 36.906578 76.200012
v 18.615635 36.906578 73.660011
v 18.415001 37.000137 76.200012
v 18.415001 37.000137 73.660011
v 18.233660 37.127113 76.200012
v 18.233660 37.127113 73.660011
v 18.077124 37.283649 76.200012
v 18.077124 37.283649 73.660011
v 17.950148 37.464989 76.200012
v 17.950148 37.464989 73.660011
v 17.856590 37.665623 76.200012
v 17.856590 37.665623 73.660011
v 17.799295 37.879456 76.200012
v 17.799295 37.879456 73.660011
v 20.332218 47.624989 76.200012
v 20.332218 47.624989 73.660011
v 20.351511 47.845524 76.200012
v 20.351511 47.845524 73.660011
v 20.408808 48.059353 76.200012
v 20.408808 48.059353 73.660011
v 20.502365 48.259991 76.200012
v 20.502365 48.259991 73.660011
v 20.629341 48.441330 76.200012
v 20.629341 48.441330 73.660011
v 20.785875 48.597866 76.200012
v 20.785875 48.597866 73.660011
v 20.967216 48.724842 76.200012
v 20.967216 48.724842 73.660011
v 21.167850 48.818398 76.200012
v 21.167850 48.818398 73.660011
v 21.381683 48.875694 76.200012
v 21.381683 48.875694 73.660011
v 21.602217 48.894989 76.200012
v 21.602217 48.894989 73.660011
v 21.822750 48.875694 76.200012
v 21.822750 48.875694 73.660011
v 22.036583 48.818398 76.200012
v 22.036583 48.818398 73.660011
v 22.237217 48.724842 76.200012
v 22.237217 48.724842 73.660011
v 22.418556 48.597866 76.200012
v 22.418556 48.597866 73.660011
v 22.575094 48.441330 76.200012
v 22.575094 48.441330 73.660011
v 22.702068 48.259991 76.200012
v 22.702068 48.259991 73.660011
v 22.795626 48.059353 76.200012
v 22.795626 48.059353 73.660011
v 22.852922 47.845524 76.200012
v 22.852922 47.845524 73.660011
v 22.872215 47.624989 76.200012
v 22.872215 47.624989 73.660011
v 22.852922 47.404457 76.200012
v 22.852922 47.404457 73.660011
v 22.795626 47.190624 76.200012
v 22.795626 47.190624 73.660011
v 22.702068 46.989990 76.200012
v 22.702068 46.989990 73.660011
v 22.575094 46.808647 76.200012
v 22.575094 46.808647 73.660011
v 22.418556 46.652111 76.200012
v 22.418556 46.652111 73.660011
v 22.237217 46.525135 76.200012
v 22.237217 46.525135 73.660011
v 22.036583 46.431580 76.200012
v 22.036583 46.431580 73.660011
v 21.822750 46.374283 76.200012
v 21.822750 46.374283 73.660011
v 21.602217 46.354988 76.200012
v 21.602217 46.354988 73.660011
v 21.381683 46.374283 76.200012
v 21.381683 46.374283 73.660011
v 21.167850 46.431580 76.200012
v 21.167850 46.431580 73.660011
v 20.967216 46.525135 76.200012
v 20.967216 46.525135 73.660011
v 20.785875 46.652111 76.200012
v 20.785875 46.652111 73.660011
v 20.629341 46.808647 76.200012
v 20.629341 46.808647 73.660011
v 20.502365 46.989990 76.200012
v 20.502365 46.989990 73.660011
v 20.408808 47.190624 76.200012
v 20.408808 47.190624 73.660011
v 20.351511 47.404457 76.200012
v 20.351511 47.404457 73.660011
v 27.305000 54.597771 76.200012
v 27.305000 54.597771 73.660011
v 27.324295 54.818306 76.200012
v 27.324295 54.818306 73.660011
v 27.381590 55.032139 76.200012
v 27.381590 55.032139 73.660011
v 27.475149 55.232773 76.200012
v 27.475149 55.232773 73.660011
v 27.602123 55.414112 76.200012
v 27.602123 55.414112 73.660011
v 27.758659 55.570648 76.200012
v 27.758659 55.570648 73.660011
v 27.940001 55.697624 76.200012
v 27.940001 55.697624 73.660011
v 28.140635 55.791183 76.200012
v 28.140635 55.791183 73.660011
v 28.354467 55.848480 76.200012
v 28.354467 55.848480 73.660011
v 28.575001 55.867771 76.200012
v 28.575001 55.867771 73.660011
v 28.795534 55.848480 76.200012
v 28.795534 55.848480 73.660011
v 29.009367 55.791183 76.200012
v 29.009367 55.791183 73.660011
v 29.210001 55.697624 76.200012
v 29.210001 55.697624 73.660011
v 29.391340 55.570648 76.200012
v 29.391340 55.570648 73.660011
v 29.547876 55.414112 76.200012
v 29.547876 55.414112 73.660011
v 29.674852 55.232773 76.200012
v 29.674852 55.232773 73.660011
v 29.768410 55.032139 76.200012
v 29.768410 55.032139 73.660011
v 29.825706 54.818306 76.200012
v 29.825706 54.818306 73.660011
v 29.844999 54.597771 76.200012
v 29.844999 54.597771 73.660011
v 29.825706 54.377239 76.200012
v 29.825706 54.377239 73.660011
v 29.768410 54.163406 76.200012
v 29.768410 54.163406 73.660011
v 29.674852 53.962772 76.200012
v 29.674852 53.962772 73.660011
v 29.547876 53.781433 76.200012
v 29.547876 53.781433 73.660011
v 29.391340 53.624897 76.200012
v 29.391340 53.624897 73.660011
v 29.210001 53.497921 76.200012
v 29.210001 53.497921 73.660011
v 29.009367 53.404362 76.200012
v 29.009367 53.404362 73.660011
v 28.795534 53.347065 76.200012
v 28.795534 53.347065 73.660011
v 28.575001 53.327774 76.200012
v 28.575001 53.327774 73.660011
v 28.354467 53.347065 76.200012
v 28.354467 53.347065 73.660011
v 28.140635 53.404362 76.200012
v 28.140635 53.404362 73.660011
v 27.940001 53.497921 76.200012
v 27.940001 53.497921 73.660011
v 27.758659 53.624897 76.200012
v 27.758659 53.624897 73.660011
v 27.602123 53.781433 76.200012
v 27.602123 53.781433 73.660011
v 27.475149 53.962772 76.200012
v 27.475149 53.962772 73.660011
v 27.381590 54.163406 76.200012
v 27.381590 54.163406 73.660011
v 27.324295 54.377239 76.200012
v 27.324295 54.377239 73.660011
v 39.837463 42.873638 0.000007
v 40.706196 45.260460 0.000007
v 40.639999 42.499409 0.000007
v 41.910000 44.699112 0.000007
v 41.365360 41.991505 0.000007
v 42.998043 43.937260 0.000007
v 41.991505 41.365360 0.000007
v 43.937260 42.998043 0.000007
v 42.499409 40.639999 0.000007
v 44.699112 41.910000 0.000007
v 42.873638 39.837463 0.000006
v 45.260460 40.706196 0.000007
v 43.102825 38.982132 0.000006
v 45.604237 39.423199 0.000006
v 43.180000 38.100002 0.000006
v 45.720001 38.100002 0.000006
v 43.102825 37.217869 0.000006
v 45.604237 36.776802 0.000006
v 42.873638 36.362537 0.000006
v 45.260460 35.493809 0.000006
v 42.499409 35.560001 0.000006
v 44.699112 34.290001 0.000006
v 41.991505 34.834641 0.000006
v 43.937260 33.201958 0.000005
v 41.365360 34.208496 0.000006
v 42.998043 32.262741 0.000005
v 40.639999 33.700592 0.000005
v 41.910000 31.500887 0.000005
v 39.837463 33.326363 0.000005
v 40.706196 30.939543 0.000005
v 38.982132 33.097176 0.000005
v 39.423199 30.595766 0.000005
v 38.100002 33.020000 0.000005
v 38.100002 30.480001 0.000005
v 37.217869 33.097176 0.000005
v 36.776802 30.595766 0.000005
v 36.362537 33.326363 0.000005
v 35.493809 30.939543 0.000005
v 35.560001 33.700592 0.000005
v 34.290001 31.500887 0.000005
v 34.834641 34.208496 0.000006
v 33.201958 32.262741 0.000005
v 34.208496 34.834641 0.000006
v 32.262741 33.201958 0.000005
v 33.700592 35.560001 0.000006
v 31.500887 34.290001 0.000006
v 33.326363 36.362537 0.000006
v 30.939543 35.493809 0.000006
v 33.097176 37.217869 0.000006
v 30.595766 36.776802 0.000006
v 33.020000 38.100002 0.000006
v 30.480001 38.100002 0.000006
v 33.097176 38.982132 0.000006
v 30.595766 39.423199 0.000006
v 33.326363 39.837463 0.000006
v 30.939543 40.706196 0.000007
v 33.700592 40.639999 0.000007
v 31.500887 41.910000 0.000007
v 34.208496 41.365360 0.000007
v 32.262741 42.998043 0.000007
v 34.834641 41.991505 0.000007
v 33.201958 43.937260 0.000007
v 35.560001 42.499409 0.000007
v 34.290001 44.699112 0.000007
v 36.362537 42.873638 0.000007
v 35.493809 45.260460 0.000007
v 37.217869 43.102825 0.000007
v 36.776802 45.604237 0.000007
v 38.100002 43.180000 0.000007
v 38.100002 45.720001 0.000007
v 38.982132 43.102825 0.000007
v 39.423199 45.604237 0.000007
v 76.137863 40.275074 76.200012
v 76.200005 38.099991 76.200012
v 76.200005 38.100002 0.000006
v 76.137863 35.924915 0.000006
v 76.137863 35.924904 76.200012
v 75.641983 31.603092 76.200012
v 75.641983 31.603106 0.000005
v 74.656685 27.365976 76.200012
v 74.656685 27.365990 0.000004
v 73.194817 23.268797 76.200005
v 73.194817 23.268810 0.000004
v 71.275421 19.364962 76.200005
v 71.275421 19.364975 0.000003
v 68.923546 15.705370 76.200005
v 68.923546 15.705382 0.000003
v 66.169838 12.337725 76.200005
v 66.169838 12.337737 0.000002
v 63.050194 9.305928 76.200005
v 63.050194 9.305941 0.000002
v 59.605286 6.649508 76.200005
v 59.605286 6.649520 0.000001
v 55.880024 4.403095 76.200005
v 55.880024 4.403107 0.000001
v 51.922974 2.595968 76.200005
v 51.922974 2.595980 0.000000
v 47.785721 1.251693 76.200005
v 47.785721 1.251705 0.000000
v 43.522198 0.387791 76.200005
v 43.522198 0.387803 0.000000
v 39.187984 0.015526 76.200005
v 39.187984 0.015538 0.000000
v 34.839592 0.139750 76.200005
v 34.839592 0.139762 0.000000
v 30.533703 0.758845 76.200005
v 30.533703 0.758857 0.000000
v 26.326454 1.864734 76.200005
v 26.326454 1.864746 0.000000
v 22.272690 3.443009 76.200005
v 22.272690 3.443021 0.000001
v 18.425259 5.473092 76.200005
v 18.425259 5.473104 0.000001
v 14.834316 7.928512 76.200005
v 14.834316 7.928524 0.000001
v 11.546679 10.777266 76.200005
v 11.546679 10.777278 0.000002
v 8.605205 13.982213 76.200005
v 8.605205 13.982225 0.000002
v 6.048240 17.501572 76.200005
v 6.048240 17.501585 0.000003
v 3.909122 21.289463 76.200005
v 3.909122 21.289476 0.000003
v 2.215732 25.296505 76.200012
v 2.215732 25.296518 0.000004
v 0.990145 29.470461 76.200012
v 0.990145 29.470474 0.000005
v 0.248346 33.756916 76.200012
v 0.248346 33.756927 0.000005
v 0.000000 38.099991 76.200012
v 0.000000 38.100002 0.000006
v 0.248346 42.443062 76.200012
v 0.248346 42.443073 0.000007
v 0.990145 46.729515 76.200012
v 0.990145 46.729527 0.000008
v 2.215732 50.903469 76.200012
v 2.215732 50.903481 0.000008
v 3.909122 54.910511 76.200012
v 3.909122 54.910522 0.000009
v 6.048240 58.698406 76.200012
v 6.048240 58.698418 0.000010
v 8.605205 62.217766 76.200012
v 8.605205 62.217777 0.000010
v 11.546679 65.422707 76.200012
v 11.546679 65.422722 0.000011
v 14.834316 68.271461 76.200012
v 14.834316 68.271477 0.000011
v 18.425259 70.726883 76.200020
v 18.425259 70.726898 0.000012
v 22.272690 72.756966 76.200020
v 22.272690 72.756981 0.000012
v 26.326454 74.335243 76.200020
v 26.326454 74.335258 0.000012
v 30.533703 75.441132 76.200020
v 30.533703 75.441147 0.000012
v 34.839592 76.060226 76.200020
v 34.839592 76.060242 0.000012
v 39.187984 76.184448 76.200020
v 39.187984 76.184464 0.000012
v 43.522198 75.812180 76.200020
v 43.522198 75.812195 0.000012
v 47.785721 74.948280 76.200020
v 47.785721 74.948296 0.000012
v 51.922974 73.604004 76.200020
v 51.922974 73.604019 0.000012
v 55.880024 71.796875 76.200020
v 55.880024 71.796890 0.000012
v 59.605286 69.550468 76.200012
v 59.605286 69.550484 0.000011
v 63.050194 66.894043 76.200012
v 63.050194 66.894058 0.000011
v 66.169838 63.862251 76.200012
v 66.169838 63.862263 0.000010
v 68.923546 60.494606 76.200012
v 68.923546 60.494617 0.000010
v 71.275421 56.835014 76.200012
v 71.275421 56.835026 0.000009
v 73.194817 52.931179 76.200012
v 73.194817 52.931190 0.000009
v 74.656685 48.834000 76.200012
v 74.656685 48.834011 0.000008
v 75.641983 44.596886 76.200012
v 75.641983 44.596897 0.000007
v 76.137863 40.275085 0.000007
v 33.020000 38.099991 76.200012
v 33.020000 38.100002 0.000006
v 33.097176 38.982121 76.200012
v 33.097176 38.982132 0.000006
v 33.326363 39.837452 76.200012
v 33.326363 39.837463 0.000006
v 33.700592 40.639988 76.200012
v 33.700592 40.639999 0.000007
v 34.208496 41.365349 76.200012
v 34.208496 41.365360 0.000007
v 34.834641 41.991493 76.200012
v 34.834641 41.991505 0.000007
v 35.560001 42.499397 76.200012
v 35.560001 42.499409 0.000007
v 36.362537 42.873627 76.200012
v 36.362537 42.873638 0.000007
v 37.217869 43.102814 76.200012
v 37.217869 43.102825 0.000007
v 38.100002 43.179989 76.200012
v 38.100002 43.180000 0.000007
v 38.982132 43.102814 76.200012
v 38.982132 43.102825 0.000007
v 39.837463 42.873627 76.200012
v 39.837463 42.873638 0.000007
v 40.639999 42.499397 76.200012
v 40.639999 42.499409 0.000007
v 41.365360 41.991493 76.200012
v 41.365360 41.991505 0.000007
v 41.991505 41.365349 76.200012
v 41.991505 41.365360 0.000007
v 42.499409 40.639988 76.200012
v 42.499409 40.639999 0.000007
v 42.873638 39.837452 76.200012
v 42.873638 39.837463 0.000006
v 43.102825 38.982121 76.200012
v 43.102825 38.982132 0.000006
v 43.180000 38.099991 76.200012
v 43.180000 38.100002 0.000006
v 43.102825 37.217857 76.200012
v 43.102825 37.217869 0.000006
v 42.873638 36.362526 76.200012
v 42.873638 36.362537 0.000006
v 42.499409 35.559990 76.200012
v 42.499409 35.560001 0.000006
v 41.991505 34.834629 76.200012
v 41.991505 34.834641 0.000006
v 41.365360 34.208485 76.200012
v 41.365360 34.208496 0.000006
v 40.639999 33.700581 76.200012
v 40.639999 33.700592 0.000005
v 39.837463 33.326351 76.200012
v 39.837463 33.326363 0.000005
v 38.982132 33.097164 76.200012
v 38.982132 33.097176 0.000005
v 38.100002 33.019989 76.200012
v 38.100002 33.020000 0.000005
v 37.217869 33.097164 76.200012
v 37.217869 33.097176 0.000005
v 36.362537 33.326351 76.200012
v 36.362537 33.326363 0.000005
v 35.560001 33.700581 76.200012
v 35.560001 33.700592 0.000005
v 34.834641 34.208485 76.200012
v 34.834641 34.208496 0.000006
v 34.208496 34.834629 76.200012
v 34.208496 34.834641 0.000006
v 33.700592 35.559990 76.200012
v 33.700592 35.560001 0.000006
v 33.326363 36.362526 76.200012
v 33.326363 36.362537 0.000006
v 33.097176 37.217857 76.200012
v 33.097176 37.217869 0.000006
v 8.890001 55.873882 76.200012
v 20.326107 8.889989 76.200005
v 25.088608 8.889989 76.200005
v 51.111393 8.889989 76.200005
v 41.275002 25.088594 76.200012
v 44.767502 34.924988 76.200012
v 44.767502 41.274990 76.200012
v 44.767502 44.767490 76.200012
v 34.924999 44.767490 76.200012
v 41.275002 44.767490 76.200012
v 25.088608 41.274990 76.200012
v 25.088608 44.767490 76.200012
v 25.088608 34.924988 76.200012
v 34.924999 25.088594 76.200012
v 25.088608 25.088594 76.200012
v 55.873894 41.274990 76.200012
v 55.873894 34.924988 76.200012
v 55.873894 20.326094 76.200005
v 55.873894 25.088594 76.200012
v 55.873894 8.889989 76.200005
v 34.924999 8.889989 76.200005
v 41.275002 8.889989 76.200005
v 20.326107 20.326094 76.200005
v 8.890001 25.088594 76.200012
v 8.890001 20.326094 76.200005
v 8.890001 34.924988 76.200012
v 8.890001 51.111382 76.200012
v 8.890001 44.767490 76.200012
v 8.890001 41.274990 76.200012
v 20.326107 55.873882 76.200012
v 25.088608 55.873882 76.200012
v 34.924999 55.873882 76.200012
v 41.275002 55.873882 76.200012
v 55.873894 55.873882 76.200012
v 51.111393 55.873882 76.200012
v 44.767502 55.873882 76.200012
v 55.873894 44.767490 76.200012
v 55.873894 51.111382 76.200012
v 51.111393 51.111382 76.200012
v 44.767502 51.111382 76.200012
v 34.924999 51.111382 76.200012
v 25.088608 51.111382 76.200012
v 51.111393 44.767490 76.200012
v 41.275002 51.111382 76.200012
v 20.326107 51.111382 76.200012
v 20.326107 44.767490 76.200012
v 51.111393 41.274990 76.200012
v 51.111393 34.924988 76.200012
v 20.326107 41.274990 76.200012
v 20.326107 34.924988 76.200012
v 51.111393 25.088594 76.200012
v 44.767502 25.088594 76.200012
v 20.326107 25.088594 76.200012
v 51.111393 20.326094 76.200005
v 44.767502 20.326094 76.200005
v 34.924999 20.326094 76.200005
v 25.088608 20.326094 76.200005
v 44.767502 8.889989 76.200005
v 41.275002 20.326094 76.200005
v 37.046238 73.644386 0.000012
v 39.187984 76.184464 0.000012
v 41.257584 73.519531 0.000012
v 43.522198 75.812195 0.000012
v 45.424599 72.897469 0.000012
v 47.785721 74.948296 0.000012
v 49.488796 71.786926 0.000012
v 51.922974 73.604019 0.000012
v 53.393120 70.203491 0.000011
v 55.880024 71.796890 0.000012
v 57.082760 68.169395 0.000011
v 59.605286 69.550484 0.000011
v 60.505924 65.713188 0.000011
v 63.050194 66.894058 0.000011
v 63.614559 62.869354 0.000010
v 66.169838 63.862263 0.000010
v 66.365021 59.677814 0.000010
v 68.923546 60.494617 0.000010
v 68.718712 56.183369 0.000009
v 71.275421 56.835026 0.000009
v 70.642578 52.435070 0.000009
v 73.194817 52.931190 0.000009
v 72.109619 48.485538 0.000008
v 74.656685 48.834011 0.000008
v 73.099243 44.390221 0.000007
v 75.641983 44.596897 0.000007
v 73.597549 40.206596 0.000007
v 76.137863 40.275085 0.000007
v 73.597549 35.993404 0.000006
v 76.200005 38.100002 0.000006
v 76.137863 35.924915 0.000006
v 73.099243 31.809782 0.000005
v 75.641983 31.603106 0.000005
v 72.109619 27.714462 0.000005
v 74.656685 27.365990 0.000004
v 70.642578 23.764931 0.000004
v 73.194817 23.268810 0.000004
v 68.718712 20.016632 0.000003
v 71.275421 19.364975 0.000003
v 66.365021 16.522188 0.000003
v 68.923546 15.705382 0.000003
v 63.614559 13.330646 0.000002
v 66.169838 12.337737 0.000002
v 60.505924 10.486812 0.000002
v 63.050194 9.305941 0.000002
v 57.082760 8.030606 0.000001
v 59.605286 6.649520 0.000001
v 53.393120 5.996511 0.000001
v 55.880024 4.403107 0.000001
v 49.488796 4.413076 0.000001
v 51.922974 2.595980 0.000000
v 45.424599 3.302533 0.000001
v 47.785721 1.251705 0.000000
v 41.257584 2.680469 0.000000
v 43.522198 0.387803 0.000000
v 37.046238 2.555616 0.000000
v 39.187984 0.015538 0.000000
v 34.839592 0.139762 0.000000
v 32.849689 2.929732 0.000000
v 30.533703 0.758857 0.000000
v 28.726841 3.797561 0.000001
v 26.326454 1.864746 0.000000
v 24.735571 5.146917 0.000001
v 22.272690 3.443021 0.000001
v 20.931910 6.958867 0.000001
v 18.425259 5.473104 0.000001
v 17.369249 9.207968 0.000002
v 14.834316 7.928524 0.000001
v 14.097605 11.862649 0.000002
v 11.546679 10.777278 0.000002
v 11.162901 14.885645 0.000002
v 8.605205 13.982225 0.000002
v 8.606335 18.234522 0.000003
v 6.048240 17.501585 0.000003
v 6.463796 21.862265 0.000004
v 3.909122 21.289476 0.000003
v 4.765358 25.717951 0.000004
v 2.215732 25.296518 0.000004
v 3.534865 29.747452 0.000005
v 0.990145 29.470474 0.000005
v 2.789594 33.894207 0.000006
v 0.248346 33.756927 0.000005
v 2.540000 38.100002 0.000006
v 0.000000 38.100002 0.000006
v 2.789594 42.305794 0.000007
v 0.248346 42.443073 0.000007
v 3.534865 46.452549 0.000008
v 0.990145 46.729527 0.000008
v 4.765358 50.482052 0.000008
v 2.215732 50.903481 0.000008
v 6.463796 54.337738 0.000009
v 3.909122 54.910522 0.000009
v 8.606335 57.965481 0.000009
v 6.048240 58.698418 0.000010
v 11.162901 61.314354 0.000010
v 8.605205 62.217777 0.000010
v 14.097605 64.337349 0.000010
v 11.546679 65.422722 0.000011
v 17.369249 66.992035 0.000011
v 14.834316 68.271477 0.000011
v 20.931910 69.241135 0.000011
v 18.425259 70.726898 0.000012
v 24.735571 71.053085 0.000012
v 22.272690 72.756981 0.000012
v 28.726841 72.402443 0.000012
v 26.326454 74.335258 0.000012
v 32.849689 73.270271 0.000012
v 30.533703 75.441147 0.000012
v 34.839592 76.060242 0.000012
v 30.595766 39.423187 73.660011
v 30.939543 40.706184 73.660011
v 31.500887 41.909988 73.660011
v 32.262741 42.998032 73.660011
v 33.201958 43.937248 73.660011
v 34.290001 44.699100 73.660011
v 35.493809 45.260448 73.660011
v 36.776802 45.604225 73.660011
v 38.100002 45.719990 73.660011
v 39.423199 45.604225 73.660011
v 40.706196 45.260448 73.660011
v 41.910000 44.699100 73.660011
v 42.998043 43.937248 73.660011
v 43.937260 42.998032 73.660011
v 44.699112 41.909988 73.660011
v 45.260460 40.706184 73.660011
v 45.604237 39.423187 73.660011
v 45.720001 38.099991 73.660011
v 45.604237 36.776791 73.660011
v 45.260460 35.493797 73.660011
v 44.699112 34.289989 73.660011
v 43.937260 33.201946 73.660011
v 42.998043 32.262730 73.660011
v 41.910000 31.500875 73.660011
v 40.706196 30.939531 73.660011
v 39.423199 30.595755 73.660011
v 38.100002 30.479990 73.660011
v 36.776802 30.595755 73.660011
v 35.493809 30.939531 73.660011
v 34.290001 31.500875 73.660011
v 33.201958 32.262730 73.660011
v 32.262741 33.201946 73.660011
v 31.500887 34.289989 73.660011
v 30.939543 35.493797 73.660011
v 30.595766 36.776791 73.660011
v 30.480001 38.099991 73.660011
v 4.765358 50.482040 73.660011
v 3.534865 46.452538 73.660011
v 2.819210 42.547394 73.660011
v 2.789594 42.305782 73.660011
v 2.540000 38.099991 73.660011
v 2.789594 33.894196 73.660011
v 3.534865 29.747440 73.660011
v 4.765358 25.717939 73.660011
v 6.463796 21.862253 73.660004
v 8.606335 18.234510 73.660004
v 11.162901 14.885633 73.660004
v 14.097605 11.862637 73.660004
v 17.369249 9.207955 73.660004
v 20.931910 6.958855 73.660004
v 24.735571 5.146905 73.660004
v 28.726841 3.797549 73.660004
v 32.849689 2.929720 73.660004
v 37.046238 2.555604 73.660004
v 41.257584 2.680457 73.660004
v 45.424599 3.302521 73.660004
v 49.488796 4.413064 73.660004
v 53.393120 5.996499 73.660004
v 57.082760 8.030594 73.660004
v 60.505924 10.486799 73.660004
v 63.614559 13.330633 73.660004
v 66.365021 16.522177 73.660004
v 68.718712 20.016621 73.660004
v 70.642578 23.764919 73.660011
v 72.109619 27.714451 73.660011
v 73.099243 31.809771 73.660011
v 73.597549 35.993393 73.660011
v 73.597549 40.206585 73.660011
v 73.099243 44.390209 73.660011
v 72.109619 48.485527 73.660011
v 70.642578 52.435059 73.660011
v 68.718712 56.183357 73.660011
v 66.365021 59.677803 73.660011
v 63.614559 62.869343 73.660011
v 60.505924 65.713173 73.660011
v 57.082760 68.169380 73.660011
v 53.393120 70.203476 73.660011
v 49.488796 71.786911 73.660019
v 45.424599 72.897453 73.660019
v 41.257584 73.519516 73.660019
v 37.046238 73.644371 73.660019
v 32.849689 73.270256 73.660019
v 28.726841 72.402428 73.660019
v 24.735571 71.053070 73.660019
v 20.931910 69.241119 73.660011
v 17.369249 66.992020 73.660011
v 14.097605 64.337334 73.660011
v 11.162901 61.314342 73.660011
v 8.606335 57.965469 73.660011
v 6.463796 54.337727 73.660011
v 51.111393 25.088596 73.660011
v 30.162500 46.037491 73.660011
v 30.162500 51.111382 73.660011
v 33.654999 51.111382 73.660011
v 66.040001 55.873882 73.660011
v 66.040001 20.326096 73.660004
v 66.040001 25.088596 73.660011
v 55.873894 10.159988 73.660004
v 20.326107 33.654987 73.660011
v 20.326107 42.544991 73.660011
v 20.326107 25.088596 73.660011
v 20.326107 20.326096 73.660004
v 33.654999 10.159988 73.660004
v 30.162500 10.159988 73.660004
v 25.088608 10.159988 73.660004
v 20.326107 10.159988 73.660004
v 42.545002 10.159988 73.660004
v 55.873894 20.326096 73.660004
v 66.040001 33.654987 73.660011
v 66.040001 42.544991 73.660011
v 66.040001 51.111382 73.660011
v 66.040001 46.037491 73.660011
v 55.873894 55.873882 73.660011
v 51.111393 55.873882 73.660011
v 42.545002 55.873882 73.660011
v 33.654999 55.873882 73.660011
v 30.162500 55.873882 73.660011
v 25.088608 55.873882 73.660011
v 20.326107 55.873882 73.660011
v 20.326107 51.111382 73.660011
v 20.326107 46.037491 73.660011
v 30.162500 42.544991 73.660011
v 30.162500 33.654987 73.660011
v 33.654999 46.037491 73.660011
v 42.545002 46.037491 73.660011
v 51.111393 42.544991 73.660011
v 51.111393 46.037491 73.660011
v 51.111393 33.654987 73.660011
v 33.654999 25.088596 73.660011
v 42.545002 25.088596 73.660011
v 25.088608 51.111382 73.660011
v 42.545002 51.111382 73.660011
v 51.111393 51.111382 73.660011
v 25.088608 46.037491 73.660011
v 55.873894 46.037491 73.660011
v 55.873894 51.111382 73.660011
v 25.088608 42.544991 73.660011
v 25.088608 33.654987 73.660011
v 55.873894 42.544991 73.660011
v 55.873894 33.654987 73.660011
v 25.088608 25.088596 73.660011
v 30.162500 25.088596 73.660011
v 55.873894 25.088596 73.660011
v 25.088608 20.326096 73.660004
v 30.162500 20.326096 73.660004
v 33.654999 20.326096 73.660004
v 42.545002 20.326096 73.660004
v 51.111393 20.326096 73.660004
v 51.111393 10.159988 73.660004
vn 0.9962 -0.0871 0.0000
vn 0.9962 -0.0872 0.0000
vn 0.9659 -0.2588 0.0000
vn 0.9659 -0.2589 -0.0000
vn 0.9063 -0.4226 0.0000
vn 0.9063 -0.4227 0.0000
vn 0.8192 -0.5735 -0.0000
vn 0.8191 -0.5736 0.0000
vn 0.7071 -0.7071 0.0000
vn 0.5736 -0.8191 0.0000
vn 0.5735 -0.8192 -0.0000
vn 0.4226 -0.9063 0.0000
vn 0.2589 -0.9659 -0.0000
vn 0.2588 -0.9659 0.0000
vn 0.0872 -0.9962 -0.0000
vn 0.0871 -0.9962 -0.0000
vn -0.0871 -0.9962 0.0000
vn -0.0872 -0.9962 -0.0000
vn -0.2588 -0.9659 0.0000
vn -0.2589 -0.9659 0.0000
vn -0.4226 -0.9063 -0.0000
vn -0.4227 -0.9063 0.0000
vn -0.5736 -0.8192 0.0000
vn -0.5736 -0.8191 0.0000
vn -0.7071 -0.7071 -0.0000
vn -0.8191 -0.5736 0.0000
vn -0.8192 -0.5735 0.0000
vn -0.9063 -0.4227 -0.0000
vn -0.9063 -0.4226 0.0000
vn -0.9659 -0.2588 0.0000
vn -0.9962 -0.0872 0.0000
vn -0.9962 -0.0871 -0.0000
vn -0.9962 0.0871 -0.0000
vn -0.9962 0.0872 -0.0000
vn -0.9659 0.2588 -0.0000
vn -0.9659 0.2589 0.0000
vn -0.9063 0.4226 -0.0000
vn -0.9063 0.4227 -0.0000
vn -0.8192 0.5735 -0.0000
vn -0.8191 0.5736 0.0000
vn -0.7071 0.7071 0.0000
vn -0.5736 0.8191 -0.0000
vn -0.5735 0.8192 0.0000
vn -0.4226 0.9063 0.0000
vn -0.2589 0.9659 0.0000
vn -0.2588 0.9659 0.0000
vn -0.0872 0.9962 0.0000
vn -0.0871 0.9962 0.0000
vn 0.0871 0.9962 0.0000
vn 0.0872 0.9962 0.0000
vn 0.2588 0.9659 0.0000
vn 0.2589 0.9659 0.0000
vn 0.4226 0.9063 -0.0000
vn 0.4227 0.9063 0.0000
vn 0.5735 0.8192 0.0000
vn 0.5736 0.8191 0.0000
vn 0.7071 0.7071 -0.0000
vn 0.7072 0.7071 0.0000
vn 0.8191 0.5736 -0.0000
vn 0.8192 0.5735 -0.0000
vn 0.9063 0.4226 -0.0000
vn 0.9659 0.2588 -0.0000
vn 0.4227 -0.9063 -0.0000
vn -0.4227 0.9063 0.0000
vn 0.9659 0.2589 0.0000
vn -0.4225 -0.9063 0.0000
vn -0.5735 -0.8192 -0.0000
vn -0.7072 -0.7071 -0.0000
vn -0.8191 -0.5737 -0.0000
vn -0.9063 -0.4226 0.0001
vn -0.9659 -0.2589 -0.0002
vn -0.9962 -0.0871 -0.0008
vn 0.5736 0.8192 -0.0000
vn 0.9063 0.4227 -0.0000
vn 0.9962 -0.0872 0.0007
vn 0.9962 -0.0871 -0.0002
vn 0.9063 -0.4225 0.0001
vn -0.8192 -0.5736 -0.0000
vn -0.8192 0.5736 0.0000
vn 0.9660 0.2587 -0.0002
vn -0.8191 -0.5736 0.0001
vn -0.9659 -0.2587 -0.0002
vn -0.9962 -0.0873 0.0009
vn -0.9962 -0.0871 0.0005
vn -0.9962 0.0871 -0.0003
vn -0.9962 0.0872 -0.0002
vn -0.2587 0.9659 -0.0000
vn -0.9659 -0.2589 0.0000
vn -0.9659 0.2588 0.0001
vn -0.5736 0.8192 0.0000
vn 0.9962 -0.0872 0.0008
vn 0.9962 -0.0871 0.0005
vn 0.9962 -0.0873 -0.0002
vn 0.9659 -0.2588 0.0001
vn 0.5736 -0.8192 -0.0000
vn -0.9659 -0.2588 -0.0001
vn 0.4225 0.9063 -0.0000
vn 0.8192 0.5736 -0.0000
vn 0.9063 0.4225 0.0000
vn 0.9659 0.2587 -0.0001
vn 0.9659 0.2589 -0.0002
vn -0.9660 -0.2587 -0.0002
vn -0.9962 -0.0872 0.0007
vn -0.9962 0.0871 -0.0002
vn 0.9962 -0.0870 -0.0006
vn 0.9962 -0.0872 -0.0001
vn 0.9660 -0.2587 0.0001
vn 0.9659 0.2587 0.0000
vn -0.9962 0.0872 -0.0001
vn 0.0000 0.0000 -1.0000
vn 0.9996 0.0286 -0.0000
vn 0.9996 0.0285 0.0000
vn 0.9996 -0.0285 -0.0000
vn 0.9996 -0.0286 -0.0000
vn 0.9933 -0.1160 -0.0001
vn 0.9935 -0.1140 -0.0000
vn 0.9736 -0.2284 -0.0001
vn 0.9740 -0.2265 -0.0000
vn 0.9412 -0.3379 -0.0001
vn 0.9418 -0.3360 -0.0000
vn 0.8965 -0.4430 -0.0001
vn 0.8974 -0.4412 -0.0000
vn 0.8402 -0.5423 -0.0001
vn 0.8413 -0.5406 -0.0000
vn 0.7729 -0.6345 -0.0001
vn 0.7742 -0.6330 -0.0000
vn 0.6955 -0.7185 -0.0001
vn 0.6969 -0.7171 -0.0000
vn 0.6091 -0.7931 -0.0001
vn 0.6107 -0.7919 -0.0000
vn 0.5147 -0.8574 -0.0001
vn 0.5164 -0.8563 -0.0000
vn 0.4136 -0.9105 -0.0001
vn 0.4154 -0.9096 -0.0000
vn 0.3071 -0.9517 -0.0001
vn 0.3090 -0.9511 -0.0000
vn 0.1966 -0.9805 -0.0001
vn 0.1986 -0.9801 -0.0000
vn 0.0836 -0.9965 -0.0001
vn 0.0856 -0.9963 -0.0000
vn -0.0305 -0.9995 -0.0001
vn -0.0285 -0.9996 -0.0000
vn -0.1443 -0.9895 -0.0001
vn -0.1423 -0.9898 -0.0000
vn -0.2561 -0.9666 -0.0001
vn -0.2542 -0.9672 -0.0000
vn -0.3647 -0.9311 -0.0001
vn -0.3628 -0.9319 -0.0000
vn -0.4684 -0.8835 -0.0001
vn -0.4667 -0.8844 -0.0000
vn -0.5661 -0.8244 -0.0001
vn -0.5644 -0.8255 -0.0000
vn -0.6564 -0.7545 -0.0001
vn -0.6548 -0.7558 -0.0000
vn -0.7381 -0.6747 -0.0001
vn -0.7367 -0.6762 -0.0000
vn -0.8102 -0.5862 -0.0001
vn -0.8090 -0.5878 -0.0000
vn -0.8717 -0.4900 -0.0001
vn -0.8707 -0.4917 -0.0000
vn -0.9219 -0.3874 -0.0001
vn -0.9211 -0.3893 -0.0000
vn -0.9600 -0.2798 -0.0001
vn -0.9595 -0.2817 -0.0000
vn -0.9857 -0.1686 -0.0001
vn -0.9854 -0.1705 -0.0000
vn -0.9985 -0.0551 -0.0001
vn -0.9984 -0.0571 -0.0000
vn -0.9983 0.0591 -0.0001
vn -0.9984 0.0571 0.0000
vn -0.9850 0.1725 -0.0001
vn -0.9854 0.1705 0.0000
vn -0.9589 0.2836 -0.0001
vn -0.9595 0.2817 0.0000
vn -0.9204 0.3911 -0.0001
vn -0.9211 0.3893 0.0000
vn -0.8698 0.4935 -0.0001
vn -0.8708 0.4917 0.0000
vn -0.8079 0.5894 -0.0001
vn -0.8090 0.5878 0.0000
vn -0.7354 0.6776 -0.0001
vn -0.7368 0.6762 0.0000
vn -0.6534 0.7570 -0.0001
vn -0.6549 0.7557 0.0000
vn -0.5628 0.8266 -0.0001
vn -0.5645 0.8255 0.0000
vn -0.4649 0.8854 -0.0001
vn -0.4667 0.8844 0.0000
vn -0.3610 0.9326 -0.0001
vn -0.3628 0.9319 0.0000
vn -0.2523 0.9676 -0.0001
vn -0.2542 0.9671 0.0000
vn -0.1404 0.9901 -0.0001
vn -0.1423 0.9898 0.0000
vn -0.0266 0.9996 -0.0001
vn -0.0286 0.9996 0.0000
vn 0.0876 0.9962 -0.0001
vn 0.0856 0.9963 0.0000
vn 0.2005 0.9797 -0.0001
vn 0.1986 0.9801 0.0000
vn 0.3109 0.9504 -0.0001
vn 0.3090 0.9511 0.0000
vn 0.4172 0.9088 -0.0001
vn 0.4154 0.9096 0.0000
vn 0.5181 0.8553 -0.0001
vn 0.5164 0.8564 0.0000
vn 0.6122 0.7907 -0.0001
vn 0.6106 0.7919 0.0000
vn 0.6984 0.7157 -0.0001
vn 0.6969 0.7171 0.0000
vn 0.7754 0.6315 -0.0001
vn 0.7741 0.6330 0.0000
vn 0.8423 0.5390 -0.0001
vn 0.8412 0.5407 0.0000
vn 0.8983 0.4394 -0.0001
vn 0.8974 0.4412 0.0000
vn 0.9425 0.3342 -0.0001
vn 0.9418 0.3361 0.0000
vn 0.9745 0.2246 -0.0001
vn 0.9740 0.2265 0.0000
vn 0.9935 0.1140 0.0000
vn 0.9962 -0.0871 -0.0001
vn 0.8192 -0.5736 -0.0000
vn -0.0000 0.0000 1.0000
vn 0.0000 -0.0001 -1.0000
vn -0.0001 0.0000 -1.0000
vn -0.0000 0.0001 -1.0000
vn 0.9962 0.0871 0.0000
vn 0.9564 -0.2920 0.0000
vn 0.9836 -0.1803 -0.0000
vn 0.9926 -0.1217 0.0000
vn 0.9982 -0.0592 0.0000
vn 0.9982 0.0593 -0.0000
vn 0.9842 0.1769 0.0000
vn 0.9564 0.2921 0.0000
vn 0.9151 0.4032 0.0000
vn 0.8610 0.5086 -0.0000
vn 0.7948 0.6068 -0.0000
vn 0.7175 0.6966 0.0000
vn 0.6301 0.7766 0.0000
vn 0.5338 0.8456 0.0000
vn 0.4300 0.9028 -0.0000
vn 0.3202 0.9473 -0.0000
vn 0.2059 0.9786 0.0000
vn 0.0887 0.9961 -0.0000
vn -0.0297 0.9996 0.0000
vn -0.1477 0.9890 0.0000
vn -0.2636 0.9646 0.0000
vn -0.3759 0.9267 0.0000
vn -0.4828 0.8757 0.0000
vn -0.5830 0.8125 0.0000
vn -0.6750 0.7378 -0.0000
vn -0.7575 0.6528 -0.0000
vn -0.8294 0.5586 -0.0000
vn -0.8897 0.4566 0.0000
vn -0.9374 0.3482 -0.0000
vn -0.9720 0.2348 -0.0000
vn -0.9930 0.1182 -0.0000
vn -1.0000 -0.0000 0.0000
vn -0.9930 -0.1183 0.0000
vn -0.9720 -0.2349 0.0000
vn -0.9374 -0.3482 -0.0000
vn -0.8896 -0.4567 0.0000
vn -0.8294 -0.5587 -0.0000
vn -0.7575 -0.6529 0.0000
vn -0.6749 -0.7379 -0.0000
vn -0.5829 -0.8125 0.0000
vn -0.4828 -0.8758 0.0000
vn -0.3758 -0.9267 0.0000
vn -0.2635 -0.9646 0.0000
vn -0.1476 -0.9890 0.0000
vn -0.0296 -0.9996 -0.0000
vn 0.0888 -0.9960 -0.0000
vn 0.2060 -0.9785 -0.0000
vn 0.3203 -0.9473 -0.0000
vn 0.4301 -0.9028 -0.0000
vn 0.5339 -0.8456 -0.0000
vn 0.6301 -0.7765 0.0000
vn 0.7175 -0.6965 -0.0000
vn 0.7949 -0.6068 -0.0000
vn 0.8611 -0.5085 -0.0000
usemtl Default_OBJ
s 1
f 1//1 2//1 3//1
f 3//1 2//1 4//2
f 3//1 4//2 5//3
f 5//3 4//2 6//4
f 5//3 6//4 7//5
f 7//5 6//4 8//6
f 7//5 8//6 9//7
f 9//7 8//6 10//8
f 9//7 10//8 11//9
f 11//9 10//8 12//9
f 11//9 12//9 13//10
f 13//10 12//9 14//11
f 13//10 14//11 15//12
f 15//12 14//11 16//12
f 15//12 16//12 17//13
f 17//13 16//12 18//14
f 17//13 18//14 19//15
f 19//15 18//14 20//16
f 19//15 20//16 21//17
f 21//17 20//16 22//18
f 21//17 22//18 23//19
f 23//19 22//18 24//20
f 23//19 24//20 25//21
f 25//21 24//20 26//22
f 25//21 26//22 27//23
f 27//23 26//22 28//24
f 27//23 28//24 29//25
f 29//25 28//24 30//25
f 29//25 30//25 31//26
f 31//26 30//25 32//27
f 31//26 32//27 33//28
f 33//28 32//27 34//29
f 33//28 34//29 35//30
f 35//30 34//29 36//30
f 35//30 36//30 37//31
f 37//31 36//30 38//32
f 37//31 38//32 39//33
f 39//33 38//32 40//34
f 39//33 40//34 41//35
f 41//35 40//34 42//36
f 41//35 42//36 43//37
f 43//37 42//36 44//38
f 43//37 44//38 45//39
f 45//39 44//38 46//40
f 45//39 46//40 47//41
f 47//41 46//40 48//41
f 47//41 48//41 49//42
f 49//42 48//41 50//43
f 49//42 50//43 51//44
f 51//44 50//43 52//44
f 51//44 52//44 53//45
f 53//45 52//44 54//46
f 53//45 54//46 55//47
f 55//47 54//46 56//48
f 55//47 56//48 57//49
f 57//49 56//48 58//50
f 57//49 58//50 59//51
f 59//51 58//50 60//52
f 59//51 60//52 61//53
f 61//53 60//52 62//54
f 61//53 62//54 63//55
f 63//55 62//54 64//56
f 63//55 64//56 65//57
f 65//57 64//56 66//58
f 65//57 66//58 67//59
f 67//59 66//58 68//60
f 67//59 68//60 69//61
f 69//61 68//60 70//61
f 69//61 70//61 71//62
f 71//62 70//61 72//62
f 71//62 72//62 1//1
f 1//1 72//62 2//1
f 73//1 74//1 75//1
f 75//1 74//1 76//2
f 75//1 76//2 77//3
f 77//3 76//2 78//4
f 77//3 78//4 79//5
f 79//5 78//4 80//6
f 79//5 80//6 81//7
f 81//7 80//6 82//8
f 81//7 82//8 83//9
f 83//9 82//8 84//9
f 83//9 84//9 85//10
f 85//10 84//9 86//11
f 85//10 86//11 87//63
f 87//63 86//11 88//12
f 87//63 88//12 89//13
f 89//13 88//12 90//14
f 89//13 90//14 91//15
f 91//15 90//14 92//16
f 91//15 92//16 93//17
f 93//17 92//16 94//18
f 93//17 94//18 95//19
f 95//19 94//18 96//20
f 95//19 96//20 97//21
f 97//21 96//20 98//22
f 97//21 98//22 99//23
f 99//23 98//22 100//24
f 99//23 100//24 101//25
f 101//25 100//24 102//25
f 101//25 102//25 103//26
f 103//26 102//25 104//27
f 103//26 104//27 105//29
f 105//29 104//27 106//29
f 105//29 106//29 107//30
f 107//30 106//29 108//30
f 107//30 108//30 109//31
f 109//31 108//30 110//32
f 109//31 110//32 111//33
f 111//33 110//32 112//34
f 111//33 112//34 113//35
f 113//35 112//34 114//36
f 113//35 114//36 115//37
f 115//37 114//36 116//38
f 115//37 116//38 117//39
f 117//39 116//38 118//40
f 117//39 118//40 119//41
f 119//41 118//40 120//41
f 119//41 120//41 121//42
f 121//42 120//41 122//43
f 121//42 122//43 123//64
f 123//64 122//43 124//44
f 123//64 124//44 125//45
f 125//45 124//44 126//45
f 125//45 126//45 127//47
f 127//47 126//45 128//48
f 127//47 128//48 129//49
f 129//49 128//48 130//50
f 129//49 130//50 131//51
f 131//51 130//50 132//52
f 131//51 132//52 133//53
f 133//53 132//52 134//53
f 133//53 134//53 135//55
f 135//55 134//53 136//56
f 135//55 136//56 137//57
f 137//57 136//56 138//57
f 137//57 138//57 139//59
f 139//59 138//57 140//60
f 139//59 140//60 141//61
f 141//61 140//60 142//61
f 141//61 142//61 143//65
f 143//65 142//61 144//62
f 143//65 144//62 73//1
f 73//1 144//62 74//1
f 145//1 146//1 147//1
f 147//1 146//1 148//2
f 147//1 148//2 149//3
f 149//3 148//2 150//4
f 149//3 150//4 151//5
f 151//5 150//4 152//6
f 151//5 152//6 153//7
f 153//7 152//6 154//8
f 153//7 154//8 155//9
f 155//9 154//8 156//9
f 155//9 156//9 157//10
f 157//10 156//9 158//11
f 157//10 158//11 159//63
f 159//63 158//11 160//63
f 159//63 160//63 161//13
f 161//13 160//63 162//14
f 161//13 162//14 163//15
f 163//15 162//14 164//16
f 163//15 164//16 165//17
f 165//17 164//16 166//18
f 165//17 166//18 167//19
f 167//19 166//18 168//20
f 167//19 168//20 169//21
f 169//21 168//20 170//66
f 169//21 170//66 171//67
f 171//67 170//66 172//24
f 171//67 172//24 173//25
f 173//25 172//24 174//68
f 173//25 174//68 175//26
f 175//26 174//68 176//69
f 175//26 176//69 177//29
f 177//29 176//69 178//70
f 177//29 178//70 179//30
f 179//30 178//70 180//71
f 179//30 180//71 181//31
f 181//31 180//71 182//72
f 181//31 182//72 183//33
f 183//33 182//72 184//34
f 183//33 184//34 185//35
f 185//35 184//34 186//36
f 185//35 186//36 187//37
f 187//37 186//36 188//38
f 187//37 188//38 189//39
f 189//39 188//38 190//39
f 189//39 190//39 191//41
f 191//41 190//39 192//41
f 191//41 192//41 193//42
f 193//42 192//41 194//43
f 193//42 194//43 195//44
f 195//44 194//43 196//44
f 195//44 196//44 197//45
f 197//45 196//44 198//46
f 197//45 198//46 199//47
f 199//47 198//46 200//48
f 199//47 200//48 201//49
f 201//49 200//48 202//50
f 201//49 202//50 203//51
f 203//51 202//50 204//52
f 203//51 204//52 205//53
f 205//53 204//52 206//54
f 205//53 206//54 207//73
f 207//73 206//54 208//56
f 207//73 208//56 209//57
f 209//57 208//56 210//57
f 209//57 210//57 211//59
f 211//59 210//57 212//60
f 211//59 212//60 213//74
f 213//74 212//60 214//61
f 213//74 214//61 215//62
f 215//62 214//61 216//62
f 215//62 216//62 145//1
f 145//1 216//62 146//1
f 217//75 218//1 219//76
f 219//76 218//1 220//1
f 219//76 220//1 221//3
f 221//3 220//1 222//4
f 221//3 222//4 223//5
f 223//5 222//4 224//77
f 223//5 224//77 225//7
f 225//7 224//77 226//8
f 225//7 226//8 227//9
f 227//9 226//8 228//9
f 227//9 228//9 229//10
f 229//10 228//9 230//11
f 229//10 230//11 231//63
f 231//63 230//11 232//12
f 231//63 232//12 233//13
f 233//13 232//12 234//14
f 233//13 234//14 235//15
f 235//15 234//14 236//16
f 235//15 236//16 237//17
f 237//17 236//16 238//18
f 237//17 238//18 239//19
f 239//19 238//18 240//19
f 239//19 240//19 241//21
f 241//21 240//19 242//22
f 241//21 242//22 243//67
f 243//67 242//22 244//24
f 243//67 244//24 245//25
f 245//25 244//24 246//25
f 245//25 246//25 247//26
f 247//26 246//25 248//78
f 247//26 248//78 249//29
f 249//29 248//78 250//29
f 249//29 250//29 251//30
f 251//30 250//29 252//30
f 251//30 252//30 253//31
f 253//31 252//30 254//32
f 253//31 254//32 255//33
f 255//33 254//32 256//34
f 255//33 256//34 257//35
f 257//35 256//34 258//35
f 257//35 258//35 259//37
f 259//37 258//35 260//38
f 259//37 260//38 261//79
f 261//79 260//38 262//40
f 261//79 262//40 263//41
f 263//41 262//40 264//41
f 263//41 264//41 265//42
f 265//42 264//41 266//43
f 265//42 266//43 267//64
f 267//64 266//43 268//44
f 267//64 268//44 269//46
f 269//46 268//44 270//46
f 269//46 270//46 271//47
f 271//47 270//46 272//48
f 271//47 272//48 273//49
f 273//49 272//48 274//50
f 273//49 274//50 275//51
f 275//51 274//50 276//52
f 275//51 276//52 277//53
f 277//53 276//52 278//54
f 277//53 278//54 279//55
f 279//55 278//54 280//56
f 279//55 280//56 281//57
f 281//57 280//56 282//57
f 281//57 282//57 283//59
f 283//59 282//57 284//60
f 283//59 284//60 285//61
f 285//61 284//60 286//61
f 285//61 286//61 287//80
f 287//80 286//61 288//65
f 287//80 288//65 217//75
f 217//75 288//65 218//1
f 289//1 290//1 291//1
f 291//1 290//1 292//2
f 291//1 292//2 293//3
f 293//3 292//2 294//4
f 293//3 294//4 295//5
f 295//5 294//4 296//5
f 295//5 296//5 297//7
f 297//7 296//5 298//8
f 297//7 298//8 299//9
f 299//9 298//8 300//9
f 299//9 300//9 301//10
f 301//10 300//9 302//11
f 301//10 302//11 303//63
f 303//63 302//11 304//12
f 303//63 304//12 305//13
f 305//13 304//12 306//14
f 305//13 306//14 307//15
f 307//15 306//14 308//16
f 307//15 308//16 309//17
f 309//17 308//16 310//18
f 309//17 310//18 311//19
f 311//19 310//18 312//19
f 311//19 312//19 313//21
f 313//21 312//19 314//21
f 313//21 314//21 315//23
f 315//23 314//21 316//67
f 315//23 316//67 317//25
f 317//25 316//67 318//25
f 317//25 318//25 319//81
f 319//81 318//25 320//27
f 319//81 320//27 321//28
f 321//28 320//27 322//28
f 321//28 322//28 323//82
f 323//82 322//28 324//71
f 323//82 324//71 325//83
f 325//83 324//71 326//84
f 325//83 326//84 327//85
f 327//85 326//84 328//86
f 327//85 328//86 329//35
f 329//35 328//86 330//35
f 329//35 330//35 331//37
f 331//37 330//35 332//38
f 331//37 332//38 333//39
f 333//39 332//38 334//39
f 333//39 334//39 335//41
f 335//41 334//39 336//41
f 335//41 336//41 337//42
f 337//42 336//41 338//43
f 337//42 338//43 339//64
f 339//64 338//43 340//64
f 339//64 340//64 341//45
f 341//45 340//64 342//87
f 341//45 342//87 343//47
f 343//47 342//87 344//48
f 343//47 344//48 345//49
f 345//49 344//48 346//50
f 345//49 346//50 347//51
f 347//51 346//50 348//52
f 347//51 348//52 349//53
f 349//53 348//52 350//54
f 349//53 350//54 351//55
f 351//55 350//54 352//56
f 351//55 352//56 353//57
f 353//57 352//56 354//57
f 353//57 354//57 355//59
f 355//59 354//57 356//60
f 355//59 356//60 357//74
f 357//74 356//60 358//61
f 357//74 358//61 359//65
f 359//65 358//61 360//62
f 359//65 360//62 289//1
f 289//1 360//62 290//1
f 361//1 362//1 363//1
f 363//1 362//1 364//2
f 363//1 364//2 365//3
f 365//3 364//2 366//4
f 365//3 366//4 367//5
f 367//5 366//4 368//6
f 367//5 368//6 369//7
f 369//7 368//6 370//8
f 369//7 370//8 371//9
f 371//9 370//8 372//9
f 371//9 372//9 373//10
f 373//10 372//9 374//11
f 373//10 374//11 375//63
f 375//63 374//11 376//12
f 375//63 376//12 377//13
f 377//13 376//12 378//14
f 377//13 378//14 379//15
f 379//15 378//14 380//16
f 379//15 380//16 381//17
f 381//17 380//16 382//18
f 381//17 382//18 383//19
f 383//19 382//18 384//19
f 383//19 384//19 385//21
f 385//21 384//19 386//22
f 385//21 386//22 387//23
f 387//23 386//22 388//24
f 387//23 388//24 389//25
f 389//25 388//24 390//25
f 389//25 390//25 391//26
f 391//26 390//25 392//27
f 391//26 392//27 393//29
f 393//29 392//27 394//29
f 393//29 394//29 395//88
f 395//88 394//29 396//30
f 395//88 396//30 397//31
f 397//31 396//30 398//32
f 397//31 398//32 399//33
f 399//33 398//32 400//34
f 399//33 400//34 401//35
f 401//35 400//34 402//36
f 401//35 402//36 403//37
f 403//37 402//36 404//38
f 403//37 404//38 405//39
f 405//39 404//38 406//40
f 405//39 406//40 407//41
f 407//41 406//40 408//41
f 407//41 408//41 409//42
f 409//42 408//41 410//43
f 409//42 410//43 411//44
f 411//44 410//43 412//44
f 411//44 412//44 413//45
f 413//45 412//44 414//46
f 413//45 414//46 415//47
f 415//47 414//46 416//48
f 415//47 416//48 417//49
f 417//49 416//48 418//50
f 417//49 418//50 419//51
f 419//51 418//50 420//52
f 419//51 420//52 421//53
f 421//53 420//52 422//54
f 421//53 422//54 423//55
f 423//55 422//54 424//56
f 423//55 424//56 425//57
f 425//57 424//56 426//57
f 425//57 426//57 427//59
f 427//59 426//57 428//60
f 427//59 428//60 429//61
f 429//61 428//60 430//61
f 429//61 430//61 431//65
f 431//65 430//61 432//62
f 431//65 432//62 361//1
f 361//1 432//62 362//1
f 433//1 434//1 435//1
f 435//1 434//1 436//2
f 435//1 436//2 437//3
f 437//3 436//2 438//4
f 437//3 438//4 439//5
f 439//5 438//4 440//6
f 439//5 440//6 441//7
f 441//7 440//6 442//8
f 441//7 442//8 443//9
f 443//9 442//8 444//9
f 443//9 444//9 445//10
f 445//10 444//9 446//11
f 445//10 446//11 447//12
f 447//12 446//11 448//12
f 447//12 448//12 449//13
f 449//13 448//12 450//14
f 449//13 450//14 451//15
f 451//15 450//14 452//16
f 451//15 452//16 453//17
f 453//17 452//16 454//18
f 453//17 454//18 455//19
f 455//19 454//18 456//20
f 455//19 456//20 457//21
f 457//21 456//20 458//22
f 457//21 458//22 459//23
f 459//23 458//22 460//24
f 459//23 460//24 461//25
f 461//25 460//24 462//25
f 461//25 462//25 463//26
f 463//26 462//25 464//27
f 463//26 464//27 465//28
f 465//28 464//27 466//29
f 465//28 466//29 467//30
f 467//30 466//29 468//30
f 467//30 468//30 469//31
f 469//31 468//30 470//32
f 469//31 470//32 471//33
f 471//33 470//32 472//34
f 471//33 472//34 473//89
f 473//89 472//34 474//36
f 473//89 474//36 475//37
f 475//37 474//36 476//38
f 475//37 476//38 477//39
f 477//39 476//38 478//40
f 477//39 478//40 479//41
f 479//41 478//40 480//41
f 479//41 480//41 481//42
f 481//42 480//41 482//90
f 481//42 482//90 483//64
f 483//64 482//90 484//64
f 483//64 484//64 485//45
f 485//45 484//64 486//46
f 485//45 486//46 487//47
f 487//47 486//46 488//47
f 487//47 488//47 489//49
f 489//49 488//47 490//50
f 489//49 490//50 491//51
f 491//51 490//50 492//51
f 491//51 492//51 493//53
f 493//53 492//51 494//54
f 493//53 494//54 495//55
f 495//55 494//54 496//56
f 495//55 496//56 497//57
f 497//57 496//56 498//58
f 497//57 498//58 499//59
f 499//59 498//58 500//60
f 499//59 500//60 501//61
f 501//61 500//60 502//61
f 501//61 502//61 503//62
f 503//62 502//61 504//62
f 503//62 504//62 433//1
f 433//1 504//62 434//1
f 505//1 506//1 507//1
f 507//1 506//1 508//2
f 507//1 508//2 509//3
f 509//3 508//2 510//4
f 509//3 510//4 511//5
f 511//5 510//4 512//6
f 511//5 512//6 513//7
f 513//7 512//6 514//8
f 513//7 514//8 515//9
f 515//9 514//8 516//9
f 515//9 516//9 517//10
f 517//10 516//9 518//11
f 517//10 518//11 519//12
f 519//12 518//11 520//12
f 519//12 520//12 521//13
f 521//13 520//12 522//14
f 521//13 522//14 523//15
f 523//15 522//14 524//16
f 523//15 524//16 525//17
f 525//17 524//16 526//18
f 525//17 526//18 527//19
f 527//19 526//18 528//19
f 527//19 528//19 529//21
f 529//21 528//19 530//22
f 529//21 530//22 531//67
f 531//67 530//22 532//24
f 531//67 532//24 533//25
f 533//25 532//24 534//25
f 533//25 534//25 535//26
f 535//26 534//25 536//27
f 535//26 536//27 537//29
f 537//29 536//27 538//29
f 537//29 538//29 539//88
f 539//88 538//29 540//30
f 539//88 540//30 541//31
f 541//31 540//30 542//32
f 541//31 542//32 543//33
f 543//33 542//32 544//34
f 543//33 544//34 545//35
f 545//35 544//34 546//36
f 545//35 546//36 547//37
f 547//37 546//36 548//37
f 547//37 548//37 549//79
f 549//79 548//37 550//40
f 549//79 550//40 551//41
f 551//41 550//40 552//41
f 551//41 552//41 553//42
f 553//42 552//41 554//43
f 553//42 554//43 555//64
f 555//64 554//43 556//44
f 555//64 556//44 557//45
f 557//45 556//44 558//46
f 557//45 558//46 559//47
f 559//47 558//46 560//48
f 559//47 560//48 561//49
f 561//49 560//48 562//50
f 561//49 562//50 563//51
f 563//51 562//50 564//52
f 563//51 564//52 565//53
f 565//53 564//52 566//54
f 565//53 566//54 567//55
f 567//55 566//54 568//56
f 567//55 568//56 569//57
f 569//57 568//56 570//57
f 569//57 570//57 571//59
f 571//59 570//57 572//60
f 571//59 572//60 573//74
f 573//74 572//60 574//61
f 573//74 574//61 575//62
f 575//62 574//61 576//62
f 575//62 576//62 505//1
f 505//1 576//62 506//1
f 577//91 578//92 579//76
f 579//76 578//92 580//93
f 579//76 580//93 581//3
f 581//3 580//93 582//94
f 581//3 582//94 583//5
f 583//5 582//94 584//6
f 583//5 584//6 585//7
f 585//7 584//6 586//8
f 585//7 586//8 587//9
f 587//9 586//8 588//9
f 587//9 588//9 589//10
f 589//10 588//9 590//95
f 589//10 590//95 591//63
f 591//63 590//95 592//63
f 591//63 592//63 593//13
f 593//13 592//63 594//14
f 593//13 594//14 595//15
f 595//15 594//14 596//16
f 595//15 596//16 597//17
f 597//17 596//16 598//18
f 597//17 598//18 599//19
f 599//19 598//18 600//20
f 599//19 600//20 601//21
f 601//21 600//20 602//21
f 601//21 602//21 603//23
f 603//23 602//21 604//24
f 603//23 604//24 605//25
f 605//25 604//24 606//25
f 605//25 606//25 607//26
f 607//26 606//25 608//27
f 607//26 608//27 609//28
f 609//28 608//27 610//29
f 609//28 610//29 611//88
f 611//88 610//29 612//96
f 611//88 612//96 613//31
f 613//31 612//96 614//32
f 613//31 614//32 615//33
f 615//33 614//32 616//34
f 615//33 616//34 617//35
f 617//35 616//34 618//36
f 617//35 618//36 619//37
f 619//37 618//36 620//38
f 619//37 620//38 621//39
f 621//39 620//38 622//40
f 621//39 622//40 623//41
f 623//41 622//40 624//41
f 623//41 624//41 625//42
f 625//42 624//41 626//43
f 625//42 626//43 627//64
f 627//64 626//43 628//64
f 627//64 628//64 629//46
f 629//46 628//64 630//46
f 629//46 630//46 631//47
f 631//47 630//46 632//48
f 631//47 632//48 633//49
f 633//49 632//48 634//50
f 633//49 634//50 635//51
f 635//51 634//50 636//52
f 635//51 636//52 637//53
f 637//53 636//52 638//97
f 637//53 638//97 639//55
f 639//55 638//97 640//56
f 639//55 640//56 641//57
f 641//57 640//56 642//58
f 641//57 642//58 643//59
f 643//59 642//58 644//98
f 643//59 644//98 645//74
f 645//74 644//98 646//99
f 645//74 646//99 647//100
f 647//100 646//99 648//101
f 647//100 648//101 577//91
f 577//91 648//101 578//92
f 649//1 650//1 651//1
f 651//1 650//1 652//2
f 651//1 652//2 653//3
f 653//3 652//2 654//4
f 653//3 654//4 655//5
f 655//5 654//4 656//6
f 655//5 656//6 657//7
f 657//7 656//6 658//8
f 657//7 658//8 659//9
f 659//9 658//8 660//9
f 659//9 660//9 661//10
f 661//10 660//9 662//11
f 661//10 662//11 663//63
f 663//63 662//11 664//12
f 663//63 664//12 665//13
f 665//13 664//12 666//13
f 665//13 666//13 667//15
f 667//15 666//13 668//16
f 667//15 668//16 669//17
f 669//17 668//16 670//18
f 669//17 670//18 671//19
f 671//19 670//18 672//20
f 671//19 672//20 673//21
f 673//21 672//20 674//22
f 673//21 674//22 675//67
f 675//67 674//22 676//24
f 675//67 676//24 677//25
f 677//25 676//24 678//25
f 677//25 678//25 679//26
f 679//26 678//25 680//27
f 679//26 680//27 681//29
f 681//29 680//27 682//28
f 681//29 682//28 683//102
f 683//102 682//28 684//30
f 683//102 684//30 685//103
f 685//103 684//30 686//31
f 685//103 686//31 687//104
f 687//104 686//31 688//34
f 687//104 688//34 689//35
f 689//35 688//34 690//36
f 689//35 690//36 691//37
f 691//37 690//36 692//37
f 691//37 692//37 693//39
f 693//39 692//37 694//40
f 693//39 694//40 695//41
f 695//41 694//40 696//41
f 695//41 696//41 697//42
f 697//42 696//41 698//90
f 697//42 698//90 699//64
f 699//64 698//90 700//44
f 699//64 700//44 701//46
f 701//46 700//44 702//46
f 701//46 702//46 703//47
f 703//47 702//46 704//48
f 703//47 704//48 705//49
f 705//49 704//48 706//50
f 705//49 706//50 707//51
f 707//51 706//50 708//52
f 707//51 708//52 709//53
f 709//53 708//52 710//54
f 709//53 710//54 711//55
f 711//55 710//54 712//56
f 711//55 712//56 713//57
f 713//57 712//56 714//57
f 713//57 714//57 715//59
f 715//59 714//57 716//60
f 715//59 716//60 717//61
f 717//61 716//60 718//61
f 717//61 718//61 719//62
f 719//62 718//61 720//62
f 719//62 720//62 649//1
f 649//1 720//62 650//1
f 721//1 722//105 723//1
f 723//1 722//105 724//106
f 723//1 724//106 725//3
f 725//3 724//106 726//107
f 725//3 726//107 727//5
f 727//5 726//107 728//6
f 727//5 728//6 729//7
f 729//7 728//6 730//8
f 729//7 730//8 731//9
f 731//9 730//8 732//9
f 731//9 732//9 733//10
f 733//10 732//9 734//11
f 733//10 734//11 735//63
f 735//63 734//11 736//63
f 735//63 736//63 737//13
f 737//13 736//63 738//13
f 737//13 738//13 739//15
f 739//15 738//13 740//16
f 739//15 740//16 741//17
f 741//17 740//16 742//18
f 741//17 742//18 743//19
f 743//19 742//18 744//20
f 743//19 744//20 745//21
f 745//21 744//20 746//22
f 745//21 746//22 747//67
f 747//67 746//22 748//24
f 747//67 748//24 749//25
f 749//25 748//24 750//25
f 749//25 750//25 751//26
f 751//26 750//25 752//27
f 751//26 752//27 753//29
f 753//29 752//27 754//29
f 753//29 754//29 755//88
f 755//88 754//29 756//30
f 755//88 756//30 757//31
f 757//31 756//30 758//32
f 757//31 758//32 759//33
f 759//33 758//32 760//34
f 759//33 760//34 761//35
f 761//35 760//34 762//36
f 761//35 762//36 763//37
f 763//37 762//36 764//38
f 763//37 764//38 765//39
f 765//39 764//38 766//40
f 765//39 766//40 767//41
f 767//41 766//40 768//41
f 767//41 768//41 769//42
f 769//42 768//41 770//43
f 769//42 770//43 771//44
f 771//44 770//43 772//44
f 771//44 772//44 773//45
f 773//45 772//44 774//46
f 773//45 774//46 775//47
f 775//47 774//46 776//48
f 775//47 776//48 777//49
f 777//49 776//48 778//50
f 777//49 778//50 779//51
f 779//51 778//50 780//52
f 779//51 780//52 781//53
f 781//53 780//52 782//54
f 781//53 782//54 783//55
f 783//55 782//54 784//56
f 783//55 784//56 785//57
f 785//57 784//56 786//57
f 785//57 786//57 787//59
f 787//59 786//57 788//60
f 787//59 788//60 789//74
f 789//74 788//60 790//61
f 789//74 790//61 791//62
f 791//62 790//61 792//108
f 791//62 792//108 721//1
f 721//1 792//108 722//105
f 793//1 794//1 795//1
f 795//1 794//1 796//2
f 795//1 796//2 797//3
f 797//3 796//2 798//4
f 797//3 798//4 799//5
f 799//5 798//4 800//6
f 799//5 800//6 801//7
f 801//7 800//6 802//8
f 801//7 802//8 803//9
f 803//9 802//8 804//9
f 803//9 804//9 805//10
f 805//10 804//9 806//11
f 805//10 806//11 807//63
f 807//63 806//11 808//12
f 807//63 808//12 809//13
f 809//13 808//12 810//14
f 809//13 810//14 811//15
f 811//15 810//14 812//16
f 811//15 812//16 813//17
f 813//17 812//16 814//18
f 813//17 814//18 815//19
f 815//19 814//18 816//20
f 815//19 816//20 817//21
f 817//21 816//20 818//22
f 817//21 818//22 819//23
f 819//23 818//22 820//24
f 819//23 820//24 821//25
f 821//25 820//24 822//25
f 821//25 822//25 823//26
f 823//26 822//25 824//27
f 823//26 824//27 825//28
f 825//28 824//27 826//29
f 825//28 826//29 827//88
f 827//88 826//29 828//30
f 827//88 828//30 829//31
f 829//31 828//30 830//32
f 829//31 830//32 831//33
f 831//33 830//32 832//109
f 831//33 832//109 833//35
f 833//35 832//109 834//36
f 833//35 834//36 835//37
f 835//37 834//36 836//38
f 835//37 836//38 837//79
f 837//79 836//38 838//40
f 837//79 838//40 839//41
f 839//41 838//40 840//41
f 839//41 840//41 841//42
f 841//42 840//41 842//43
f 841//42 842//43 843//64
f 843//64 842//43 844//44
f 843//64 844//44 845//45
f 845//45 844//44 846//46
f 845//45 846//46 847//47
f 847//47 846//46 848//48
f 847//47 848//48 849//49
f 849//49 848//48 850//50
f 849//49 850//50 851//51
f 851//51 850//50 852//52
f 851//51 852//52 853//53
f 853//53 852//52 854//53
f 853//53 854//53 855//55
f 855//55 854//53 856//56
f 855//55 856//56 857//57
f 857//57 856//56 858//58
f 857//57 858//58 859//59
f 859//59 858//58 860//60
f 859//59 860//60 861//74
f 861//74 860//60 862//61
f 861//74 862//61 863//62
f 863//62 862//61 864//62
f 863//62 864//62 793//1
f 793//1 864//62 794//1
f 865//110 866//110 867//110
f 867//110 866//110 868//110
f 867//110 868//110 869//110
f 869//110 868//110 870//110
f 869//110 870//110 871//110
f 871//110 870//110 872//110
f 871//110 872//110 873//110
f 873//110 872//110 874//110
f 873//110 874//110 875//110
f 875//110 874//110 876//110
f 875//110 876//110 877//110
f 877//110 876//110 878//110
f 877//110 878//110 879//110
f 879//110 878//110 880//110
f 879//110 880//110 881//110
f 881//110 880//110 882//110
f 881//110 882//110 883//110
f 883//110 882//110 884//110
f 883//110 884//110 885//110
f 885//110 884//110 886//110
f 885//110 886//110 887//110
f 887//110 886//110 888//110
f 887//110 888//110 889//110
f 889//110 888//110 890//110
f 889//110 890//110 891//110
f 891//110 890//110 892//110
f 891//110 892//110 893//110
f 893//110 892//110 894//110
f 893//110 894//110 895//110
f 895//110 894//110 896//110
f 895//110 896//110 897//110
f 897//110 896//110 898//110
f 897//110 898//110 899//110
f 899//110 898//110 900//110
f 899//110 900//110 901//110
f 901//110 900//110 902//110
f 901//110 902//110 903//110
f 903//110 902//110 904//110
f 903//110 904//110 905//110
f 905//110 904//110 906//110
f 905//110 906//110 907//110
f 907//110 906//110 908//110
f 907//110 908//110 909//110
f 909//110 908//110 910//110
f 909//110 910//110 911//110
f 911//110 910//110 912//110
f 911//110 912//110 913//110
f 913//110 912//110 914//110
f 913//110 914//110 915//110
f 915//110 914//110 916//110
f 915//110 916//110 917//110
f 917//110 916//110 918//110
f 917//110 918//110 919//110
f 919//110 918//110 920//110
f 919//110 920//110 921//110
f 921//110 920//110 922//110
f 921//110 922//110 923//110
f 923//110 922//110 924//110
f 923//110 924//110 925//110
f 925//110 924//110 926//110
f 925//110 926//110 927//110
f 927//110 926//110 928//110
f 927//110 928//110 929//110
f 929//110 928//110 930//110
f 929//110 930//110 931//110
f 931//110 930//110 932//110
f 931//110 932//110 933//110
f 933//110 932//110 934//110
f 933//110 934//110 935//110
f 935//110 934//110 936//110
f 935//110 936//110 865//110
f 865//110 936//110 866//110
f 937//111 938//112 939//112
f 939//112 938//112 940//113
f 938//112 941//114 940//113
f 940//113 941//114 942//115
f 940//113 942//115 943//116
f 943//116 942//115 944//117
f 943//116 944//117 945//118
f 945//118 944//117 946//119
f 945//118 946//119 947//120
f 947//120 946//119 948//121
f 947//120 948//121 949//122
f 949//122 948//121 950//123
f 949//122 950//123 951//124
f 951//124 950//123 952//125
f 951//124 952//125 953//126
f 953//126 952//125 954//127
f 953//126 954//127 955//128
f 955//128 954//127 956//129
f 955//128 956//129 957//130
f 957//130 956//129 958//131
f 957//130 958//131 959//132
f 959//132 958//131 960//133
f 959//132 960//133 961//134
f 961//134 960//133 962//135
f 961//134 962//135 963//136
f 963//136 962//135 964//137
f 963//136 964//137 965//138
f 965//138 964//137 966//139
f 965//138 966//139 967//140
f 967//140 966//139 968//141
f 967//140 968//141 969//142
f 969//142 968//141 970//143
f 969//142 970//143 971//144
f 971//144 970//143 972//145
f 971//144 972//145 973//146
f 973//146 972//145 974//147
f 973//146 974//147 975//148
f 975//148 974//147 976//149
f 975//148 976//149 977//150
f 977//150 976//149 978//151
f 977//150 978//151 979//152
f 979//152 978//151 980//153
f 979//152 980//153 981//154
f 981//154 980//153 982//155
f 981//154 982//155 983//156
f 983//156 982//155 984//157
f 983//156 984//157 985//158
f 985//158 984//157 986//159
f 985//158 986//159 987//160
f 987//160 986//159 988//161
f 987//160 988//161 989//162
f 989//162 988//161 990//163
f 989//162 990//163 991//164
f 991//164 990//163 992//165
f 991//164 992//165 993//166
f 993//166 992//165 994//167
f 993//166 994//167 995//168
f 995//168 994//167 996//169
f 995//168 996//169 997//170
f 997//170 996//169 998//171
f 997//170 998//171 999//172
f 999//172 998//171 1000//173
f 999//172 1000//173 1001//174
f 1001//174 1000//173 1002//175
f 1001//174 1002//175 1003//176
f 1003//176 1002//175 1004//177
f 1003//176 1004//177 1005//178
f 1005//178 1004//177 1006//179
f 1005//178 1006//179 1007//180
f 1007//180 1006//179 1008//181
f 1007//180 1008//181 1009//182
f 1009//182 1008//181 1010//183
f 1009//182 1010//183 1011//184
f 1011//184 1010//183 1012//185
f 1011//184 1012//185 1013//186
f 1013//186 1012//185 1014//187
f 1013//186 1014//187 1015//188
f 1015//188 1014//187 1016//189
f 1015//188 1016//189 1017//190
f 1017//190 1016//189 1018//191
f 1017//190 1018//191 1019//192
f 1019//192 1018//191 1020//193
f 1019//192 1020//193 1021//194
f 1021//194 1020//193 1022//195
f 1021//194 1022//195 1023//196
f 1023//196 1022//195 1024//197
f 1023//196 1024//197 1025//198
f 1025//198 1024//197 1026//199
f 1025//198 1026//199 1027//200
f 1027//200 1026//199 1028//201
f 1027//200 1028//201 1029//202
f 1029//202 1028//201 1030//203
f 1029//202 1030//203 1031//204
f 1031//204 1030//203 1032//205
f 1031//204 1032//205 1033//206
f 1033//206 1032//205 1034//207
f 1033//206 1034//207 1035//208
f 1035//208 1034//207 1036//209
f 1035//208 1036//209 1037//210
f 1037//210 1036//209 1038//211
f 1037//210 1038//211 1039//212
f 1039//212 1038//211 1040//213
f 1039//212 1040//213 1041//214
f 1041//214 1040//213 1042//215
f 1041//214 1042//215 1043//216
f 1043//216 1042//215 1044//217
f 1043//216 1044//217 1045//218
f 1045//218 1044//217 1046//219
f 1045//218 1046//219 1047//220
f 1047//220 1046//219 937//111
f 1047//220 937//111 1048//221
f 1048//221 937//111 939//112
f 1049//1 1050//222 1051//1
f 1051//1 1050//222 1052//1
f 1051//1 1052//1 1053//3
f 1053//3 1052//1 1054//3
f 1053//3 1054//3 1055//5
f 1055//5 1054//3 1056//5
f 1055//5 1056//5 1057//7
f 1057//7 1056//5 1058//223
f 1057//7 1058//223 1059//9
f 1059//9 1058//223 1060//9
f 1059//9 1060//9 1061//10
f 1061//10 1060//9 1062//10
f 1061//10 1062//10 1063//63
f 1063//63 1062//10 1064//12
f 1063//63 1064//12 1065//13
f 1065//13 1064//12 1066//14
f 1065//13 1066//14 1067//15
f 1067//15 1066//14 1068//15
f 1067//15 1068//15 1069//17
f 1069//17 1068//15 1070//17
f 1069//17 1070//17 1071//19
f 1071//19 1070//17 1072//19
f 1071//19 1072//19 1073//21
f 1073//21 1072//19 1074//21
f 1073//21 1074//21 1075//23
f 1075//23 1074//21 1076//23
f 1075//23 1076//23 1077//25
f 1077//25 1076//23 1078//25
f 1077//25 1078//25 1079//26
f 1079//26 1078//25 1080//26
f 1079//26 1080//26 1081//28
f 1081//28 1080//26 1082//29
f 1081//28 1082//29 1083//88
f 1083//88 1082//29 1084//30
f 1083//88 1084//30 1085//31
f 1085//31 1084//30 1086//31
f 1085//31 1086//31 1087//33
f 1087//33 1086//31 1088//33
f 1087//33 1088//33 1089//35
f 1089//35 1088//33 1090//35
f 1089//35 1090//35 1091//37
f 1091//37 1090//35 1092//37
f 1091//37 1092//37 1093//39
f 1093//39 1092//37 1094//79
f 1093//39 1094//79 1095//41
f 1095//41 1094//79 1096//41
f 1095//41 1096//41 1097//42
f 1097//42 1096//41 1098//42
f 1097//42 1098//42 1099//64
f 1099//64 1098//42 1100//44
f 1099//64 1100//44 1101//45
f 1101//45 1100//44 1102//46
f 1101//45 1102//46 1103//47
f 1103//47 1102//46 1104//47
f 1103//47 1104//47 1105//49
f 1105//49 1104//47 1106//49
f 1105//49 1106//49 1107//51
f 1107//51 1106//49 1108//51
f 1107//51 1108//51 1109//53
f 1109//53 1108//51 1110//53
f 1109//53 1110//53 1111//55
f 1111//55 1110//53 1112//73
f 1111//55 1112//73 1113//57
f 1113//57 1112//73 1114//57
f 1113//57 1114//57 1115//59
f 1115//59 1114//57 1116//59
f 1115//59 1116//59 1117//74
f 1117//74 1116//59 1118//61
f 1117//74 1118//61 1119//65
f 1119//65 1118//61 1120//62
f 1119//65 1120//62 1049//1
f 1049//1 1120//62 1050//222
f 1008//181 1006//179 1121//224
f 976//149 1122//224 978//151
f 974//147 972//145 1123//224
f 962//135 960//133 1124//224
f 1093//39 1095//41 1125//224
f 1126//224 1087//33 1089//35
f 1079//26 1081//28 1127//224
f 1127//224 1081//28 1083//88
f 1127//224 1083//88 1126//224
f 1126//224 1083//88 1085//31
f 1126//224 1085//31 1087//33
f 1128//224 1075//23 1127//224
f 1127//224 1075//23 1077//25
f 1127//224 1077//25 1079//26
f 1059//9 1061//10 1129//224
f 1129//224 1061//10 1063//63
f 1065//13 1067//15 1130//224
f 1067//15 1069//17 1130//224
f 1130//224 1069//17 1071//19
f 1130//224 1071//19 1073//21
f 1053//3 1055//5 1131//224
f 1131//224 1055//5 1057//7
f 1131//224 1057//7 1132//224
f 1117//74 1119//65 1133//224
f 1133//224 1119//65 1049//1
f 1133//224 1049//1 1131//224
f 1131//224 1049//1 1051//1
f 1131//224 1051//1 1053//3
f 1134//224 1111//55 1135//224
f 1135//224 1111//55 1113//57
f 1135//224 1113//57 1133//224
f 1133//224 1113//57 1115//59
f 1133//224 1115//59 1117//74
f 1095//41 1097//42 1125//224
f 1125//224 1097//42 1099//64
f 1125//224 1099//64 1101//45
f 1103//47 1105//49 1134//224
f 1105//49 1107//51 1134//224
f 1134//224 1107//51 1109//53
f 1134//224 1109//53 1111//55
f 243//67 245//25 1046//219
f 1136//224 221//3 223//5
f 279//55 281//57 1137//224
f 1137//224 281//57 283//59
f 1137//224 283//59 285//61
f 285//61 287//80 1137//224
f 1137//224 287//80 217//75
f 1137//224 217//75 1136//224
f 1136//224 217//75 219//76
f 1136//224 219//76 221//3
f 223//5 225//7 1136//224
f 1136//224 225//7 227//9
f 1136//224 227//9 229//10
f 245//25 247//26 1046//219
f 1046//219 247//26 249//29
f 1046//219 249//29 937//111
f 937//111 249//29 251//30
f 937//111 251//30 938//112
f 938//112 251//30 253//31
f 938//112 253//31 941//114
f 941//114 253//31 255//33
f 941//114 255//33 942//115
f 942//115 255//33 257//35
f 942//115 257//35 259//37
f 259//37 261//79 942//115
f 942//115 261//79 263//41
f 942//115 263//41 265//42
f 229//10 231//63 1136//224
f 1136//224 231//63 233//13
f 1136//224 233//13 235//15
f 237//17 239//19 1046//219
f 1046//219 239//19 241//21
f 1046//219 241//21 243//67
f 273//49 275//51 1137//224
f 1137//224 275//51 277//53
f 1137//224 277//53 279//55
f 267//64 269//46 1137//224
f 1137//224 269//46 271//47
f 1137//224 271//47 273//49
f 950//123 948//121 1138//224
f 1138//224 948//121 946//119
f 1138//224 946//119 1139//224
f 1139//224 946//119 944//117
f 1139//224 944//117 1137//224
f 1137//224 944//117 942//115
f 1137//224 942//115 267//64
f 267//64 942//115 265//42
f 958//131 956//129 1140//224
f 1140//224 956//129 954//127
f 1140//224 954//127 1138//224
f 1138//224 954//127 952//125
f 1138//224 952//125 950//123
f 970//143 968//141 1141//224
f 1141//224 968//141 966//139
f 1141//224 966//139 1142//224
f 978//151 1122//224 980//153
f 980//153 1122//224 1143//224
f 980//153 1143//224 982//155
f 1144//224 986//159 1145//224
f 1145//224 986//159 984//157
f 1146//224 990//163 1144//224
f 1144//224 990//163 988//161
f 1144//224 988//161 986//159
f 1121//224 1000//173 1147//224
f 1147//224 1000//173 998//171
f 1147//224 998//171 1148//224
f 1148//224 998//171 996//169
f 1148//224 996//169 1149//224
f 1149//224 996//169 994//167
f 1149//224 994//167 1146//224
f 1146//224 994//167 992//165
f 1146//224 992//165 990//163
f 1006//179 1004//177 1121//224
f 1121//224 1004//177 1002//175
f 1121//224 1002//175 1000//173
f 1014//187 1012//185 1150//224
f 1150//224 1012//185 1010//183
f 1016//189 1151//224 1018//191
f 1018//191 1151//224 1152//224
f 1018//191 1152//224 1020//193
f 37//31 39//33 1153//224
f 1153//224 39//33 41//35
f 41//35 43//37 1153//224
f 1153//224 43//37 45//39
f 1153//224 45//39 47//41
f 55//47 57//49 1152//224
f 1152//224 57//49 59//51
f 1152//224 59//51 61//53
f 47//41 49//42 1153//224
f 1153//224 49//42 51//44
f 1153//224 51//44 53//45
f 23//19 25//21 1024//197
f 1024//197 25//21 27//23
f 1024//197 27//23 29//25
f 61//53 63//55 1152//224
f 1152//224 63//55 65//57
f 1152//224 65//57 67//59
f 29//25 31//26 1024//197
f 1024//197 31//26 33//28
f 1024//197 33//28 1153//224
f 1153//224 33//28 35//30
f 1153//224 35//30 37//31
f 67//59 69//61 1152//224
f 1152//224 69//61 71//62
f 1152//224 71//62 1//1
f 9//7 11//9 1020//193
f 1020//193 11//9 13//10
f 13//10 15//12 1020//193
f 1020//193 15//12 17//13
f 1020//193 17//13 1022//195
f 1022//195 17//13 19//15
f 1022//195 19//15 1024//197
f 1024//197 19//15 21//17
f 1024//197 21//17 23//19
f 1//1 3//1 1152//224
f 1152//224 3//1 5//3
f 1152//224 5//3 1020//193
f 1020//193 5//3 7//5
f 1020//193 7//5 9//7
f 1154//224 1028//201 1155//224
f 1155//224 1028//201 1026//199
f 1155//224 1026//199 1156//224
f 1038//211 1036//209 1154//224
f 1154//224 1036//209 1034//207
f 1034//207 1032//205 1154//224
f 1154//224 1032//205 1030//203
f 1154//224 1030//203 1028//201
f 235//15 237//17 1136//224
f 1136//224 237//17 1046//219
f 1136//224 1046//219 1157//224
f 1157//224 1046//219 1044//217
f 1157//224 1044//217 1158//224
f 1158//224 1044//217 1042//215
f 1158//224 1042//215 1040//213
f 73//1 75//1 1156//224
f 105//29 107//30 1155//224
f 1155//224 107//30 109//31
f 1155//224 109//31 111//33
f 111//33 1159//224 1155//224
f 1155//224 1159//224 1158//224
f 1155//224 1158//224 1154//224
f 1154//224 1158//224 1040//213
f 1154//224 1040//213 1038//211
f 75//1 77//3 1156//224
f 1156//224 77//3 79//5
f 1156//224 79//5 81//7
f 111//33 113//35 1159//224
f 1159//224 113//35 115//37
f 1159//224 115//37 117//39
f 117//39 119//41 1159//224
f 1159//224 119//41 121//42
f 1159//224 121//42 123//64
f 137//57 139//59 1160//224
f 1160//224 139//59 141//61
f 1160//224 141//61 1156//224
f 1156//224 141//61 143//65
f 1156//224 143//65 73//1
f 125//45 127//47 1160//224
f 1160//224 127//47 129//49
f 1160//224 129//49 131//51
f 131//51 133//53 1160//224
f 1160//224 133//53 135//55
f 1160//224 135//55 137//57
f 81//7 83//9 1156//224
f 1156//224 83//9 85//10
f 1156//224 85//10 87//63
f 93//17 1155//224 91//15
f 91//15 1155//224 1156//224
f 91//15 1156//224 89//13
f 89//13 1156//224 87//63
f 93//17 95//19 1155//224
f 1155//224 95//19 97//21
f 1155//224 97//21 99//23
f 99//23 101//25 1155//224
f 1155//224 101//25 103//26
f 1155//224 103//26 105//29
f 799//5 801//7 1151//224
f 823//26 825//28 1152//224
f 837//79 1161//224 835//37
f 835//37 1161//224 833//35
f 845//45 847//47 1162//224
f 1162//224 847//47 849//49
f 1162//224 849//49 851//51
f 851//51 853//53 1162//224
f 1162//224 853//53 855//55
f 1162//224 855//55 857//57
f 825//28 827//88 1152//224
f 1152//224 827//88 829//31
f 1152//224 829//31 1161//224
f 1161//224 829//31 831//33
f 1161//224 831//33 833//35
f 837//79 839//41 1161//224
f 1161//224 839//41 841//42
f 1161//224 841//42 843//64
f 793//1 795//1 1151//224
f 1151//224 795//1 797//3
f 1151//224 797//3 799//5
f 801//7 803//9 1151//224
f 1151//224 803//9 805//10
f 1151//224 805//10 807//63
f 1152//224 815//19 817//21
f 857//57 859//59 1162//224
f 1162//224 859//59 861//74
f 1162//224 861//74 1151//224
f 1151//224 861//74 863//62
f 1151//224 863//62 793//1
f 817//21 819//23 1152//224
f 1152//224 819//23 821//25
f 1152//224 821//25 823//26
f 807//63 809//13 1151//224
f 1151//224 809//13 811//15
f 1151//224 811//15 1152//224
f 1152//224 811//15 813//17
f 1152//224 813//17 815//19
f 183//33 185//35 1157//224
f 1157//224 185//35 187//37
f 183//33 1157//224 181//31
f 181//31 1157//224 1158//224
f 181//31 1158//224 179//30
f 163//15 165//17 1158//224
f 1158//224 165//17 167//19
f 167//19 169//21 1158//224
f 1158//224 169//21 171//67
f 1158//224 171//67 173//25
f 187//37 189//39 1157//224
f 1157//224 189//39 191//41
f 1157//224 191//41 193//42
f 193//42 195//44 1157//224
f 1157//224 195//44 197//45
f 1157//224 197//45 199//47
f 149//3 151//5 1159//224
f 1159//224 151//5 153//7
f 1159//224 153//7 155//9
f 173//25 175//26 1158//224
f 1158//224 175//26 177//29
f 1158//224 177//29 179//30
f 155//9 157//10 1159//224
f 1159//224 157//10 159//63
f 1159//224 159//63 1158//224
f 1158//224 159//63 161//13
f 1158//224 161//13 163//15
f 201//49 203//51 1163//224
f 1163//224 203//51 205//53
f 1163//224 205//53 207//73
f 207//73 209//57 1163//224
f 1163//224 209//57 211//59
f 1163//224 211//59 213//74
f 213//74 215//62 1163//224
f 1163//224 215//62 145//1
f 1163//224 145//1 1159//224
f 1159//224 145//1 147//1
f 1159//224 147//1 149//3
f 1026//199 1024//197 1156//224
f 1156//224 1024//197 1153//224
f 1156//224 1153//224 1160//224
f 1160//224 1153//224 1164//224
f 1160//224 1164//224 1128//224
f 1128//224 1164//224 1130//224
f 1128//224 1130//224 1075//23
f 1075//23 1130//224 1073//21
f 53//45 55//47 1153//224
f 1153//224 55//47 1152//224
f 1153//224 1152//224 1164//224
f 1164//224 1152//224 1161//224
f 1164//224 1161//224 1130//224
f 1130//224 1161//224 1129//224
f 1130//224 1129//224 1065//13
f 1065//13 1129//224 1063//63
f 843//64 845//45 1161//224
f 1161//224 845//45 1162//224
f 1161//224 1162//224 1129//224
f 1129//224 1162//224 1132//224
f 1129//224 1132//224 1059//9
f 1059//9 1132//224 1057//7
f 761//35 763//37 1132//224
f 725//3 727//5 1165//224
f 761//35 1132//224 759//33
f 751//26 753//29 1162//224
f 1162//224 753//29 755//88
f 1162//224 755//88 1132//224
f 1132//224 755//88 757//31
f 1132//224 757//31 759//33
f 763//37 765//39 1132//224
f 1132//224 765//39 767//41
f 1132//224 767//41 769//42
f 771//44 773//45 1166//224
f 1166//224 773//45 775//47
f 1166//224 775//47 777//49
f 777//49 779//51 1166//224
f 1166//224 779//51 781//53
f 1166//224 781//53 783//55
f 783//55 785//57 1166//224
f 1166//224 785//57 787//59
f 1166//224 787//59 789//74
f 789//74 791//62 1166//224
f 1166//224 791//62 721//1
f 1166//224 721//1 1165//224
f 1165//224 721//1 723//1
f 1165//224 723//1 725//3
f 727//5 729//7 1165//224
f 1165//224 729//7 731//9
f 1165//224 731//9 733//10
f 741//17 743//19 1162//224
f 1162//224 743//19 745//21
f 733//10 735//63 1165//224
f 1165//224 735//63 737//13
f 1165//224 737//13 739//15
f 745//21 747//67 1162//224
f 1162//224 747//67 749//25
f 1162//224 749//25 751//26
f 739//15 741//17 1165//224
f 1165//224 741//17 1162//224
f 1165//224 1162//224 1150//224
f 1150//224 1162//224 1151//224
f 1150//224 1151//224 1014//187
f 1014//187 1151//224 1016//189
f 199//47 201//49 1157//224
f 1157//224 201//49 1163//224
f 1157//224 1163//224 1136//224
f 1136//224 1163//224 1167//224
f 1136//224 1167//224 1137//224
f 1137//224 1167//224 1168//224
f 1146//224 715//59 717//61
f 653//3 655//5 1149//224
f 677//25 679//26 1169//224
f 1170//224 1169//224 685//103
f 685//103 687//104 1170//224
f 1170//224 687//104 689//35
f 1170//224 689//35 691//37
f 705//49 707//51 1146//224
f 1146//224 707//51 709//53
f 717//61 719//62 1146//224
f 1146//224 719//62 649//1
f 1146//224 649//1 1149//224
f 1149//224 649//1 651//1
f 1149//224 651//1 653//3
f 679//26 681//29 1169//224
f 1169//224 681//29 683//102
f 1169//224 683//102 685//103
f 691//37 693//39 1170//224
f 1170//224 693//39 695//41
f 1170//224 695//41 697//42
f 697//42 699//64 1170//224
f 1170//224 699//64 701//46
f 1170//224 701//46 703//47
f 709//53 711//55 1146//224
f 1146//224 711//55 713//57
f 1146//224 713//57 715//59
f 655//5 657//7 1149//224
f 1149//224 657//7 659//9
f 1149//224 659//9 661//10
f 663//63 665//13 1169//224
f 665//13 667//15 1169//224
f 1169//224 667//15 669//17
f 1169//224 669//17 671//19
f 661//10 663//63 1149//224
f 1149//224 663//63 1169//224
f 1149//224 1169//224 1148//224
f 1148//224 1169//224 1166//224
f 1148//224 1166//224 1147//224
f 1147//224 1166//224 1165//224
f 1147//224 1165//224 1121//224
f 1121//224 1165//224 1150//224
f 1121//224 1150//224 1008//181
f 1008//181 1150//224 1010//183
f 671//19 673//21 1169//224
f 1169//224 673//21 675//67
f 1169//224 675//67 677//25
f 329//35 331//37 1139//224
f 329//35 1139//224 327//85
f 327//85 1139//224 325//83
f 325//83 1139//224 1137//224
f 325//83 1137//224 323//82
f 331//37 333//39 1139//224
f 1139//224 333//39 335//41
f 1139//224 335//41 337//42
f 337//42 339//64 1139//224
f 1139//224 339//64 341//45
f 1139//224 341//45 343//47
f 351//55 353//57 1171//224
f 1171//224 353//57 355//59
f 1171//224 355//59 357//74
f 293//3 295//5 1168//224
f 315//23 317//25 1137//224
f 317//25 319//81 1137//224
f 1137//224 319//81 321//28
f 1137//224 321//28 323//82
f 345//49 347//51 1171//224
f 1171//224 347//51 349//53
f 1171//224 349//53 351//55
f 357//74 359//65 1171//224
f 1171//224 359//65 289//1
f 1171//224 289//1 1168//224
f 1168//224 289//1 291//1
f 1168//224 291//1 293//3
f 295//5 297//7 1168//224
f 1168//224 297//7 299//9
f 1168//224 299//9 301//10
f 309//17 311//19 1137//224
f 1137//224 311//19 313//21
f 1137//224 313//21 315//23
f 301//10 303//63 1168//224
f 1168//224 303//63 305//13
f 1168//224 305//13 1137//224
f 1137//224 305//13 307//15
f 1137//224 307//15 309//17
f 123//64 125//45 1159//224
f 1159//224 125//45 1160//224
f 1159//224 1160//224 1163//224
f 1163//224 1160//224 1128//224
f 1163//224 1128//224 1167//224
f 1167//224 1128//224 1127//224
f 1167//224 1127//224 1168//224
f 1168//224 1127//224 1126//224
f 1168//224 1126//224 1171//224
f 1171//224 1126//224 1172//224
f 613//31 615//33 1135//224
f 1135//224 615//33 617//35
f 1135//224 617//35 619//37
f 619//37 621//39 1135//224
f 1135//224 621//39 623//41
f 1135//224 623//41 625//42
f 627//64 629//46 1173//224
f 1173//224 629//46 631//47
f 1173//224 631//47 633//49
f 633//49 635//51 1173//224
f 1173//224 635//51 637//53
f 1173//224 637//53 639//55
f 595//15 597//17 1133//224
f 639//55 641//57 1173//224
f 1173//224 641//57 643//59
f 1173//224 643//59 645//74
f 581//3 583//5 1170//224
f 1170//224 583//5 585//7
f 1170//224 585//7 587//9
f 587//9 589//10 1170//224
f 1170//224 589//10 591//63
f 1170//224 591//63 593//13
f 645//74 647//100 1173//224
f 1173//224 647//100 577//91
f 1173//224 577//91 1170//224
f 1170//224 577//91 579//76
f 1170//224 579//76 581//3
f 593//13 595//15 1170//224
f 1170//224 595//15 1133//224
f 1170//224 1133//224 1169//224
f 1169//224 1133//224 1131//224
f 1169//224 1131//224 1166//224
f 1166//224 1131//224 1132//224
f 1166//224 1132//224 771//44
f 771//44 1132//224 769//42
f 597//17 599//19 1133//224
f 1133//224 599//19 601//21
f 1133//224 601//21 603//23
f 613//31 1135//224 611//88
f 611//88 1135//224 1133//224
f 611//88 1133//224 609//28
f 603//23 605//25 1133//224
f 1133//224 605//25 607//26
f 1133//224 607//26 609//28
f 397//31 399//33 1174//224
f 1174//224 399//33 401//35
f 383//19 385//21 1171//224
f 1171//224 385//21 387//23
f 1171//224 387//23 389//25
f 401//35 403//37 1174//224
f 1174//224 403//37 405//39
f 1174//224 405//39 407//41
f 415//47 417//49 1175//224
f 1175//224 417//49 419//51
f 407//41 409//42 1174//224
f 1174//224 409//42 411//44
f 1174//224 411//44 413//45
f 419//51 421//53 1175//224
f 1175//224 421//53 423//55
f 1175//224 423//55 425//57
f 375//63 377//13 1172//224
f 1172//224 377//13 379//15
f 1172//224 379//15 1171//224
f 1171//224 379//15 381//17
f 1171//224 381//17 383//19
f 389//25 391//26 1171//224
f 1171//224 391//26 393//29
f 1171//224 393//29 1174//224
f 1174//224 393//29 395//88
f 1174//224 395//88 397//31
f 425//57 427//59 1175//224
f 1175//224 427//59 429//61
f 1175//224 429//61 431//65
f 367//5 369//7 1172//224
f 369//7 371//9 1172//224
f 1172//224 371//9 373//10
f 1172//224 373//10 375//63
f 431//65 361//1 1175//224
f 1175//224 361//1 363//1
f 1175//224 363//1 1172//224
f 1172//224 363//1 365//3
f 1172//224 365//3 367//5
f 553//42 555//64 1176//224
f 1176//224 555//64 557//45
f 545//35 547//37 1176//224
f 527//19 529//21 1134//224
f 545//35 1176//224 543//33
f 547//37 549//79 1176//224
f 1176//224 549//79 551//41
f 1176//224 551//41 553//42
f 569//57 1177//224 567//55
f 567//55 1177//224 565//53
f 519//12 521//13 1135//224
f 1135//224 521//13 523//15
f 1135//224 523//15 1134//224
f 1134//224 523//15 525//17
f 1134//224 525//17 527//19
f 559//47 561//49 1177//224
f 1177//224 561//49 563//51
f 1177//224 563//51 565//53
f 569//57 571//59 1177//224
f 1177//224 571//59 573//74
f 1177//224 573//74 575//62
f 575//62 505//1 1177//224
f 1177//224 505//1 507//1
f 1177//224 507//1 1135//224
f 535//26 537//29 1134//224
f 1134//224 537//29 539//88
f 1134//224 539//88 1176//224
f 1176//224 539//88 541//31
f 1176//224 541//31 543//33
f 507//1 509//3 1135//224
f 1135//224 509//3 511//5
f 1135//224 511//5 513//7
f 529//21 531//67 1134//224
f 1134//224 531//67 533//25
f 1134//224 533//25 535//26
f 513//7 515//9 1135//224
f 1135//224 515//9 517//10
f 1135//224 517//10 519//12
f 703//47 705//49 1170//224
f 1170//224 705//49 1146//224
f 1170//224 1146//224 1173//224
f 1173//224 1146//224 1144//224
f 1173//224 1144//224 1143//224
f 1143//224 1144//224 1145//224
f 1143//224 1145//224 982//155
f 982//155 1145//224 984//157
f 343//47 345//49 1139//224
f 1139//224 345//49 1171//224
f 1139//224 1171//224 1138//224
f 1138//224 1171//224 1174//224
f 1138//224 1174//224 1140//224
f 1140//224 1174//224 1124//224
f 1140//224 1124//224 958//131
f 958//131 1124//224 960//133
f 413//45 415//47 1174//224
f 1174//224 415//47 1175//224
f 1174//224 1175//224 1124//224
f 1124//224 1175//224 1178//224
f 1124//224 1178//224 962//135
f 962//135 1178//224 964//137
f 1089//35 1091//37 1126//224
f 1126//224 1091//37 1093//39
f 1126//224 1093//39 1172//224
f 1172//224 1093//39 1125//224
f 1172//224 1125//224 1175//224
f 1175//224 1125//224 1179//224
f 1175//224 1179//224 1178//224
f 1178//224 1179//224 1142//224
f 1178//224 1142//224 964//137
f 964//137 1142//224 966//139
f 491//51 493//53 1141//224
f 1141//224 493//53 495//55
f 1141//224 495//55 497//57
f 1179//224 469//31 471//33
f 475//37 477//39 1142//224
f 1179//224 471//33 1142//224
f 1142//224 471//33 473//89
f 1142//224 473//89 475//37
f 477//39 479//41 1142//224
f 1142//224 479//41 481//42
f 1142//224 481//42 483//64
f 457//21 459//23 1179//224
f 1179//224 459//23 461//25
f 1179//224 461//25 463//26
f 483//64 485//45 1142//224
f 1142//224 485//45 487//47
f 1142//224 487//47 1141//224
f 1141//224 487//47 489//49
f 1141//224 489//49 491//51
f 443//9 1176//224 441//7
f 441//7 1176//224 439//5
f 463//26 465//28 1179//224
f 1179//224 465//28 467//30
f 1179//224 467//30 469//31
f 443//9 445//10 1176//224
f 1176//224 445//10 447//12
f 1176//224 447//12 449//13
f 497//57 499//59 1141//224
f 1141//224 499//59 501//61
f 1141//224 501//61 1176//224
f 1176//224 501//61 503//62
f 1176//224 503//62 433//1
f 433//1 435//1 1176//224
f 1176//224 435//1 437//3
f 1176//224 437//3 439//5
f 451//15 453//17 1179//224
f 1179//224 453//17 455//19
f 1179//224 455//19 457//21
f 449//13 451//15 1176//224
f 1176//224 451//15 1179//224
f 1176//224 1179//224 1134//224
f 1134//224 1179//224 1125//224
f 1134//224 1125//224 1103//47
f 1103//47 1125//224 1101//45
f 557//45 559//47 1176//224
f 1176//224 559//47 1177//224
f 1176//224 1177//224 1141//224
f 1141//224 1177//224 1123//224
f 1141//224 1123//224 970//143
f 970//143 1123//224 972//145
f 625//42 627//64 1135//224
f 1135//224 627//64 1173//224
f 1135//224 1173//224 1177//224
f 1177//224 1173//224 1143//224
f 1177//224 1143//224 1123//224
f 1123//224 1143//224 1122//224
f 1123//224 1122//224 974//147
f 974//147 1122//224 976//149
f 1180//110 1181//110 1182//110
f 1182//110 1181//110 1183//110
f 1182//110 1183//110 1184//110
f 1184//110 1183//110 1185//110
f 1184//110 1185//110 1186//110
f 1186//110 1185//110 1187//110
f 1186//110 1187//110 1188//110
f 1188//110 1187//110 1189//110
f 1188//110 1189//110 1190//110
f 1190//110 1189//110 1191//110
f 1190//110 1191//110 1192//110
f 1192//110 1191//110 1193//110
f 1192//110 1193//110 1194//110
f 1194//110 1193//110 1195//110
f 1194//110 1195//110 1196//110
f 1196//110 1195//110 1197//110
f 1196//110 1197//110 1198//110
f 1198//110 1197//110 1199//110
f 1198//110 1199//110 1200//110
f 1200//110 1199//110 1201//110
f 1200//110 1201//110 1202//110
f 1202//110 1201//110 1203//110
f 1202//110 1203//110 1204//110
f 1204//110 1203//110 1205//110
f 1204//110 1205//110 1206//110
f 1206//110 1205//110 1207//110
f 1206//110 1207//110 1208//110
f 1207//110 1209//110 1208//110
f 1208//110 1209//110 1210//110
f 1208//110 1210//110 1211//110
f 1211//110 1210//110 1212//110
f 1211//110 1212//110 1213//110
f 1213//110 1212//110 1214//110
f 1213//110 1214//110 1215//225
f 1215//225 1214//110 1216//110
f 1215//225 1216//110 1217//110
f 1217//110 1216//110 1218//110
f 1217//110 1218//110 1219//110
f 1219//110 1218//110 1220//110
f 1219//110 1220//110 1221//110
f 1221//110 1220//110 1222//110
f 1221//110 1222//110 1223//110
f 1223//110 1222//110 1224//110
f 1223//110 1224//110 1225//110
f 1225//110 1224//110 1226//110
f 1225//110 1226//110 1227//110
f 1227//110 1226//110 1228//110
f 1227//110 1228//110 1229//110
f 1229//110 1228//110 1230//110
f 1229//110 1230//110 1231//110
f 1231//110 1230//110 1232//110
f 1231//110 1232//110 1233//110
f 1233//110 1232//110 1234//110
f 1233//110 1234//110 1235//110
f 1234//110 1236//110 1235//110
f 1235//110 1236//110 1237//110
f 1235//110 1237//110 1238//110
f 1238//110 1237//110 1239//110
f 1238//110 1239//110 1240//110
f 1240//110 1239//110 1241//110
f 1240//110 1241//110 1242//110
f 1242//110 1241//110 1243//110
f 1242//110 1243//110 1244//226
f 1244//226 1243//110 1245//110
f 1244//226 1245//110 1246//110
f 1246//110 1245//110 1247//110
f 1246//110 1247//110 1248//110
f 1248//110 1247//110 1249//110
f 1248//110 1249//110 1250//227
f 1250//227 1249//110 1251//110
f 1250//227 1251//110 1252//110
f 1252//110 1251//110 1253//110
f 1252//110 1253//110 1254//227
f 1254//227 1253//110 1255//110
f 1254//227 1255//110 1256//110
f 1256//110 1255//110 1257//110
f 1256//110 1257//110 1258//110
f 1258//110 1257//110 1259//110
f 1258//110 1259//110 1260//110
f 1260//110 1259//110 1261//110
f 1260//110 1261//110 1262//110
f 1262//110 1261//110 1263//110
f 1262//110 1263//110 1264//225
f 1264//225 1263//110 1265//110
f 1264//225 1265//110 1266//110
f 1266//110 1265//110 1267//110
f 1266//110 1267//110 1268//227
f 1268//227 1267//110 1269//110
f 1268//227 1269//110 1270//110
f 1270//110 1269//110 1271//110
f 1270//110 1271//110 1272//110
f 1272//110 1271//110 1273//110
f 1272//110 1273//110 1274//227
f 1274//227 1273//110 1275//110
f 1274//227 1275//110 1276//110
f 1276//110 1275//110 1277//110
f 1276//110 1277//110 1278//110
f 1278//110 1277//110 1279//110
f 1278//110 1279//110 1280//110
f 1280//110 1279//110 1281//110
f 1280//110 1281//110 1282//110
f 1282//110 1281//110 1283//110
f 1282//110 1283//110 1284//110
f 1284//110 1283//110 1285//110
f 1284//110 1285//110 1286//110
f 1286//110 1285//110 1287//110
f 1286//110 1287//110 1180//110
f 1180//110 1287//110 1288//110
f 1180//110 1288//110 1181//110
f 916//110 1289//33 918//110
f 918//110 1289//33 1290//35
f 918//110 1290//35 920//110
f 920//110 1290//35 1291//37
f 920//110 1291//37 922//110
f 922//110 1291//37 1292//40
f 922//110 1292//40 924//110
f 924//110 1292//40 1293//41
f 924//110 1293//41 926//110
f 926//110 1293//41 1294//90
f 926//110 1294//90 928//110
f 928//110 1294//90 1295//44
f 928//110 1295//44 930//110
f 930//110 1295//44 1296//46
f 930//110 1296//46 932//110
f 932//110 1296//46 1297//48
f 932//110 1297//48 934//110
f 934//110 1297//48 1298//50
f 934//110 1298//50 936//110
f 936//110 1298//50 1299//51
f 936//110 1299//51 866//110
f 866//110 1299//51 1300//53
f 866//110 1300//53 868//110
f 868//110 1300//53 1301//56
f 868//110 1301//56 870//110
f 870//110 1301//56 1302//57
f 870//110 1302//57 872//110
f 872//110 1302//57 1303//98
f 872//110 1303//98 874//110
f 874//110 1303//98 1304//61
f 874//110 1304//61 876//110
f 876//110 1304//61 1305//62
f 876//110 1305//62 878//110
f 878//110 1305//62 1306//228
f 878//110 1306//228 880//110
f 880//110 1306//228 1307//2
f 880//110 1307//2 882//110
f 882//110 1307//2 1308//3
f 882//110 1308//3 884//110
f 884//110 1308//3 1309//5
f 884//110 1309//5 886//110
f 886//110 1309//5 1310//8
f 886//110 1310//8 888//110
f 888//110 1310//8 1311//9
f 888//110 1311//9 890//110
f 890//110 1311//9 1312//95
f 890//110 1312//95 892//110
f 892//110 1312//95 1313//12
f 892//110 1313//12 894//110
f 894//110 1313//12 1314//14
f 894//110 1314//14 896//110
f 896//110 1314//14 1315//16
f 896//110 1315//16 898//110
f 898//110 1315//16 1316//18
f 898//110 1316//18 900//110
f 900//110 1316//18 1317//19
f 900//110 1317//19 902//110
f 902//110 1317//19 1318//21
f 902//110 1318//21 904//110
f 904//110 1318//21 1319//24
f 904//110 1319//24 906//110
f 906//110 1319//24 1320//25
f 906//110 1320//25 908//110
f 908//110 1320//25 1321//78
f 908//110 1321//78 910//110
f 910//110 1321//78 1322//29
f 910//110 1322//29 912//110
f 912//110 1322//29 1323//30
f 912//110 1323//30 914//110
f 914//110 1323//30 1324//32
f 914//110 1324//32 916//110
f 916//110 1324//32 1289//33
f 1325//229 1326//229 1266//110
f 1266//110 1326//229 1327//230
f 1266//110 1327//230 1264//225
f 1264//225 1327//230 1328//231
f 1264//225 1328//231 1262//110
f 1262//110 1328//231 1329//232
f 1262//110 1329//232 1260//110
f 1260//110 1329//232 1330//233
f 1260//110 1330//233 1258//110
f 1258//110 1330//233 1331//234
f 1258//110 1331//234 1256//110
f 1256//110 1331//234 1332//235
f 1256//110 1332//235 1254//227
f 1254//227 1332//235 1333//236
f 1254//227 1333//236 1252//110
f 1252//110 1333//236 1334//237
f 1252//110 1334//237 1250//227
f 1250//227 1334//237 1335//238
f 1250//227 1335//238 1248//110
f 1248//110 1335//238 1336//239
f 1248//110 1336//239 1246//110
f 1246//110 1336//239 1337//240
f 1246//110 1337//240 1244//226
f 1244//226 1337//240 1338//241
f 1244//226 1338//241 1242//110
f 1242//110 1338//241 1339//242
f 1242//110 1339//242 1240//110
f 1240//110 1339//242 1340//243
f 1240//110 1340//243 1238//110
f 1238//110 1340//243 1341//244
f 1238//110 1341//244 1235//110
f 1235//110 1341//244 1342//245
f 1235//110 1342//245 1233//110
f 1233//110 1342//245 1343//246
f 1233//110 1343//246 1231//110
f 1231//110 1343//246 1344//247
f 1231//110 1344//247 1229//110
f 1229//110 1344//247 1345//248
f 1229//110 1345//248 1227//110
f 1227//110 1345//248 1346//249
f 1227//110 1346//249 1225//110
f 1225//110 1346//249 1347//250
f 1225//110 1347//250 1223//110
f 1223//110 1347//250 1348//251
f 1223//110 1348//251 1221//110
f 1221//110 1348//251 1349//252
f 1221//110 1349//252 1219//110
f 1219//110 1349//252 1350//253
f 1219//110 1350//253 1217//110
f 1217//110 1350//253 1351//254
f 1217//110 1351//254 1215//225
f 1215//225 1351//254 1352//255
f 1215//225 1352//255 1213//110
f 1213//110 1352//255 1353//256
f 1213//110 1353//256 1211//110
f 1211//110 1353//256 1354//257
f 1211//110 1354//257 1208//110
f 1208//110 1354//257 1355//258
f 1208//110 1355//258 1206//110
f 1206//110 1355//258 1356//259
f 1206//110 1356//259 1204//110
f 1204//110 1356//259 1357//260
f 1204//110 1357//260 1202//110
f 1202//110 1357//260 1358//261
f 1202//110 1358//261 1200//110
f 1200//110 1358//261 1359//262
f 1200//110 1359//262 1198//110
f 1198//110 1359//262 1360//263
f 1198//110 1360//263 1196//110
f 1196//110 1360//263 1361//264
f 1196//110 1361//264 1194//110
f 1194//110 1361//264 1362//265
f 1194//110 1362//265 1192//110
f 1192//110 1362//265 1363//266
f 1192//110 1363//266 1190//110
f 1190//110 1363//266 1364//267
f 1190//110 1364//267 1188//110
f 1188//110 1364//267 1365//268
f 1188//110 1365//268 1186//110
f 1186//110 1365//268 1366//269
f 1186//110 1366//269 1184//110
f 1184//110 1366//269 1367//270
f 1184//110 1367//270 1182//110
f 1182//110 1367//270 1368//271
f 1182//110 1368//271 1180//110
f 1180//110 1368//271 1369//272
f 1180//110 1369//272 1286//110
f 1286//110 1369//272 1370//273
f 1286//110 1370//273 1284//110
f 1284//110 1370//273 1371//274
f 1284//110 1371//274 1282//110
f 1282//110 1371//274 1372//275
f 1282//110 1372//275 1280//110
f 1280//110 1372//275 1373//276
f 1280//110 1373//276 1278//110
f 1278//110 1373//276 1374//277
f 1278//110 1374//277 1276//110
f 1276//110 1374//277 1375//278
f 1276//110 1375//278 1274//227
f 1274//227 1375//278 1376//279
f 1274//227 1376//279 1272//110
f 1272//110 1376//279 1377//280
f 1272//110 1377//280 1270//110
f 1270//110 1377//280 1378//281
f 1270//110 1378//281 1268//227
f 1268//227 1378//281 1325//229
f 1268//227 1325//229 1266//110
f 292//2 290//1 1379//110
f 1380//110 1381//110 1382//110
f 1362//265 1361//264 1383//110
f 1351//254 1384//110 1385//110
f 1347//250 1386//110 1348//251
f 1330//233 718//61 1331//234
f 1331//234 718//61 716//60
f 1331//234 716//60 714//57
f 698//90 696//41 1387//110
f 714//57 712//56 1331//234
f 1331//234 712//56 710//54
f 1331//234 710//54 708//52
f 708//52 706//50 1387//110
f 1387//110 706//50 704//48
f 696//41 694//40 1387//110
f 1387//110 694//40 692//37
f 1387//110 692//37 690//36
f 704//48 702//46 1387//110
f 1387//110 702//46 700//44
f 1387//110 700//44 698//90
f 690//36 688//34 1387//110
f 1387//110 688//34 686//31
f 1387//110 686//31 1388//110
f 1388//110 686//31 684//30
f 1388//110 684//30 682//28
f 658//8 1327//230 660//9
f 660//9 1327//230 662//11
f 658//8 656//6 1327//230
f 1327//230 656//6 654//4
f 1327//230 654//4 1328//231
f 1328//231 654//4 652//2
f 1328//231 652//2 1329//232
f 1329//232 652//2 650//1
f 1329//232 650//1 1330//233
f 1330//233 650//1 720//62
f 1330//233 720//62 718//61
f 682//28 680//27 1388//110
f 1388//110 680//27 678//25
f 1388//110 678//25 676//24
f 670//18 668//16 1388//110
f 1388//110 668//16 666//13
f 1388//110 666//13 664//12
f 676//24 674//22 1388//110
f 1388//110 674//22 672//20
f 1388//110 672//20 670//18
f 708//52 1387//110 1331//234
f 1331//234 1387//110 1389//110
f 1331//234 1389//110 1332//235
f 1337//240 1336//239 1390//110
f 1390//110 1336//239 1335//238
f 1335//238 1334//237 1390//110
f 1390//110 1334//237 1333//236
f 1390//110 1333//236 1332//235
f 1391//110 1340//243 1392//110
f 1392//110 1340//243 1339//242
f 1392//110 1339//242 1393//110
f 1393//110 1339//242 1338//241
f 1393//110 1338//241 1394//110
f 1394//110 1338//241 1337//240
f 1395//110 1342//245 1391//110
f 1391//110 1342//245 1341//244
f 1391//110 1341//244 1340//243
f 1345//248 1344//247 1395//110
f 1395//110 1344//247 1343//246
f 1395//110 1343//246 1342//245
f 1348//251 1386//110 1349//252
f 1349//252 1386//110 1396//110
f 1349//252 1396//110 1350//253
f 1397//110 1353//256 1385//110
f 1385//110 1353//256 1352//255
f 1385//110 1352//255 1351//254
f 1398//110 1355//258 1397//110
f 1397//110 1355//258 1354//257
f 1397//110 1354//257 1353//256
f 1361//264 1360//263 1383//110
f 1383//110 1360//263 1359//262
f 1383//110 1359//262 1399//110
f 1399//110 1359//262 1358//261
f 1399//110 1358//261 1400//110
f 1400//110 1358//261 1357//260
f 1400//110 1357//260 1398//110
f 1398//110 1357//260 1356//259
f 1398//110 1356//259 1355//258
f 1365//268 1364//267 1401//110
f 1401//110 1364//267 1363//266
f 1402//110 1403//110 1366//269
f 1366//269 1403//110 1367//270
f 30//25 28//24 1367//270
f 72//62 70//61 1404//110
f 60//52 1404//110 62//54
f 62//54 1404//110 64//56
f 46//40 44//38 1403//110
f 70//61 68//60 1404//110
f 1404//110 68//60 66//58
f 1404//110 66//58 64//56
f 52//44 50//43 1403//110
f 1403//110 50//43 48//41
f 1403//110 48//41 46//40
f 44//38 42//36 1403//110
f 1403//110 42//36 40//34
f 1403//110 40//34 38//32
f 28//24 26//22 1367//270
f 1367//270 26//22 24//20
f 1367//270 24//20 1368//271
f 1368//271 24//20 22//18
f 1368//271 22//18 1369//272
f 14//11 12//9 1370//273
f 1370//273 12//9 10//8
f 1370//273 10//8 8//6
f 60//52 58//50 1404//110
f 1404//110 58//50 56//48
f 1404//110 56//48 1403//110
f 1403//110 56//48 54//46
f 1403//110 54//46 52//44
f 38//32 36//30 1403//110
f 1403//110 36//30 34//29
f 1403//110 34//29 1367//270
f 1367//270 34//29 32//27
f 1367//270 32//27 30//25
f 22//18 20//16 1369//272
f 1369//272 20//16 18//14
f 1369//272 18//14 1370//273
f 1370//273 18//14 16//12
f 1370//273 16//12 14//11
f 8//6 6//4 1404//110
f 6//4 4//2 1404//110
f 1404//110 4//2 2//1
f 1404//110 2//1 72//62
f 8//6 1404//110 1370//273
f 1370//273 1404//110 1405//110
f 1370//273 1405//110 1371//274
f 1371//274 1405//110 1406//110
f 1371//274 1406//110 1372//275
f 1372//275 1406//110 1407//110
f 1372//275 1407//110 1373//276
f 1376//279 1407//110 1377//280
f 1377//280 1407//110 1378//281
f 1376//279 1375//278 1407//110
f 1407//110 1375//278 1374//277
f 1407//110 1374//277 1373//276
f 1378//281 1408//110 1325//229
f 1325//229 1408//110 1409//110
f 1325//229 1409//110 1326//229
f 1326//229 1409//110 1388//110
f 1326//229 1388//110 1327//230
f 1327//230 1388//110 664//12
f 1327//230 664//12 662//11
f 1293//41 1292//40 1410//110
f 1410//110 1292//40 1291//37
f 1410//110 1291//37 1290//35
f 1290//35 1289//33 1410//110
f 1410//110 1289//33 1324//32
f 1410//110 1324//32 1411//110
f 1411//110 1324//32 1323//30
f 1411//110 1323//30 1322//29
f 1410//110 1380//110 1293//41
f 1293//41 1380//110 1412//110
f 1293//41 1412//110 1294//90
f 1294//90 1412//110 1295//44
f 1299//51 1298//50 1413//110
f 1413//110 1298//50 1297//48
f 1413//110 1297//48 1412//110
f 1412//110 1297//48 1296//46
f 1412//110 1296//46 1295//44
f 1414//110 1302//57 1415//110
f 1415//110 1302//57 1301//56
f 1415//110 1301//56 1413//110
f 1413//110 1301//56 1300//53
f 1413//110 1300//53 1299//51
f 1311//9 1310//8 1416//110
f 1416//110 1310//8 1309//5
f 1305//62 1304//61 1414//110
f 1414//110 1304//61 1303//98
f 1414//110 1303//98 1302//57
f 1309//5 1308//3 1416//110
f 1416//110 1308//3 1307//2
f 1416//110 1307//2 1414//110
f 1414//110 1307//2 1306//228
f 1414//110 1306//228 1305//62
f 1320//25 1319//24 1417//110
f 1417//110 1319//24 1318//21
f 1417//110 1318//21 1317//19
f 1316//18 1315//16 1418//110
f 1418//110 1315//16 1314//14
f 1418//110 1314//14 1313//12
f 858//58 1419//110 860//60
f 860//60 1419//110 862//61
f 1378//281 1407//110 1408//110
f 1408//110 1407//110 1406//110
f 1408//110 1406//110 1419//110
f 1419//110 1406//110 864//62
f 1419//110 864//62 862//61
f 818//22 816//20 1405//110
f 800//6 798//4 1406//110
f 850//50 848//48 1381//110
f 818//22 1405//110 820//24
f 798//4 796//2 1406//110
f 1406//110 796//2 794//1
f 1406//110 794//1 864//62
f 858//58 856//56 1419//110
f 1419//110 856//56 854//53
f 1419//110 854//53 852//52
f 848//48 846//46 1381//110
f 1381//110 846//46 844//44
f 1381//110 844//44 842//43
f 842//43 840//41 1381//110
f 1381//110 840//41 838//40
f 1381//110 838//40 836//38
f 828//30 826//29 1405//110
f 1406//110 808//12 806//11
f 826//29 824//27 1405//110
f 1405//110 824//27 822//25
f 1405//110 822//25 820//24
f 806//11 804//9 1406//110
f 1406//110 804//9 802//8
f 1406//110 802//8 800//6
f 816//20 814//18 1405//110
f 1405//110 814//18 812//16
f 1405//110 812//16 1406//110
f 1406//110 812//16 810//14
f 1406//110 810//14 808//12
f 836//38 834//36 1381//110
f 1381//110 834//36 832//109
f 1381//110 832//109 830//32
f 74//1 1420//110 1403//110
f 1403//110 1420//110 1382//110
f 1403//110 1382//110 1404//110
f 1404//110 1382//110 1381//110
f 1404//110 1381//110 1405//110
f 1405//110 1381//110 830//32
f 1405//110 830//32 828//30
f 74//1 144//62 1420//110
f 1420//110 144//62 142//61
f 1420//110 142//61 140//60
f 126//45 124//44 1421//110
f 124//44 122//43 1421//110
f 1421//110 122//43 120//41
f 1421//110 120//41 118//40
f 84//9 82//8 1403//110
f 1403//110 82//8 80//6
f 140//60 138//57 1420//110
f 1420//110 138//57 136//56
f 1420//110 136//56 134//53
f 112//34 1402//110 114//36
f 114//36 1402//110 1421//110
f 114//36 1421//110 116//38
f 116//38 1421//110 118//40
f 90//14 88//12 1403//110
f 1403//110 88//12 86//11
f 1403//110 86//11 84//9
f 80//6 78//4 1403//110
f 1403//110 78//4 76//2
f 1403//110 76//2 74//1
f 134//53 132//52 1420//110
f 1420//110 132//52 130//50
f 1420//110 130//50 1421//110
f 1421//110 130//50 128//48
f 1421//110 128//48 126//45
f 112//34 110//32 1402//110
f 1402//110 110//32 108//30
f 1402//110 108//30 106//29
f 90//14 1403//110 92//16
f 92//16 1403//110 1402//110
f 92//16 1402//110 94//18
f 106//29 104//27 1402//110
f 1402//110 104//27 102//25
f 1402//110 102//25 100//24
f 100//24 98//22 1402//110
f 1402//110 98//22 96//20
f 1402//110 96//20 94//18
f 790//61 788//60 1409//110
f 1409//110 788//60 786//57
f 1409//110 786//57 784//56
f 776//48 774//46 1422//110
f 768//41 766//40 1422//110
f 1422//110 766//40 764//38
f 1422//110 764//38 762//36
f 784//56 782//54 1409//110
f 1409//110 782//54 780//52
f 1409//110 780//52 778//50
f 774//46 772//44 1422//110
f 1422//110 772//44 770//43
f 1422//110 770//43 768//41
f 762//36 760//34 1422//110
f 1422//110 760//34 758//32
f 1422//110 758//32 1419//110
f 1419//110 758//32 756//30
f 1419//110 756//30 754//29
f 754//29 752//27 1419//110
f 1419//110 752//27 750//25
f 1419//110 750//25 748//24
f 1408//110 740//16 738//13
f 738//13 736//63 1408//110
f 1408//110 736//63 734//11
f 1408//110 734//11 732//9
f 732//9 730//8 1408//110
f 1408//110 730//8 728//6
f 1408//110 728//6 726//107
f 726//107 724//106 1408//110
f 1408//110 724//106 722//105
f 1408//110 722//105 1409//110
f 1409//110 722//105 792//108
f 1409//110 792//108 790//61
f 748//24 746//22 1419//110
f 1419//110 746//22 744//20
f 1419//110 744//20 1408//110
f 1408//110 744//20 742//18
f 1408//110 742//18 740//16
f 162//14 160//63 1421//110
f 1423//110 200//48 198//46
f 198//46 196//44 1423//110
f 1423//110 196//44 194//43
f 1423//110 194//43 192//41
f 192//41 190//39 1423//110
f 1423//110 190//39 188//38
f 1423//110 188//38 186//36
f 170//66 168//20 1424//110
f 1424//110 168//20 166//18
f 1424//110 166//18 164//16
f 160//63 158//11 1421//110
f 1421//110 158//11 156//9
f 1421//110 156//9 154//8
f 214//61 1415//110 216//62
f 216//62 1415//110 146//1
f 214//61 212//60 1415//110
f 1415//110 212//60 210//57
f 1415//110 210//57 208//56
f 154//8 152//6 1421//110
f 1421//110 152//6 150//4
f 1421//110 150//4 148//2
f 208//56 206//54 1415//110
f 1415//110 206//54 204//52
f 1415//110 204//52 202//50
f 1424//110 178//70 176//69
f 164//16 162//14 1424//110
f 1424//110 162//14 1421//110
f 1424//110 1421//110 1401//110
f 1401//110 1421//110 1402//110
f 1401//110 1402//110 1365//268
f 1365//268 1402//110 1366//269
f 1380//110 1382//110 1412//110
f 1412//110 1382//110 1420//110
f 1412//110 1420//110 1413//110
f 1413//110 1420//110 1421//110
f 1413//110 1421//110 1415//110
f 1415//110 1421//110 148//2
f 1415//110 148//2 146//1
f 186//36 184//34 1423//110
f 1423//110 184//34 182//72
f 1423//110 182//72 1424//110
f 1424//110 182//72 180//71
f 1424//110 180//71 178//70
f 176//69 174//68 1424//110
f 1424//110 174//68 172//24
f 1424//110 172//24 170//66
f 778//50 776//48 1409//110
f 1409//110 776//48 1422//110
f 1409//110 1422//110 1388//110
f 1388//110 1422//110 1425//110
f 1388//110 1425//110 1387//110
f 1387//110 1425//110 1426//110
f 224//77 222//4 1427//110
f 286//61 284//60 1428//110
f 1428//110 284//60 282//57
f 252//30 250//29 1398//110
f 222//4 220//1 1427//110
f 1427//110 220//1 218//1
f 1427//110 218//1 1428//110
f 1428//110 218//1 288//65
f 1428//110 288//65 286//61
f 260//38 258//35 1397//110
f 1397//110 258//35 256//34
f 1397//110 256//34 1398//110
f 1398//110 256//34 254//32
f 1398//110 254//32 252//30
f 250//29 248//78 1398//110
f 1398//110 248//78 246//25
f 1398//110 246//25 244//24
f 244//24 242//22 1398//110
f 1398//110 242//22 1427//110
f 1398//110 1427//110 1400//110
f 1400//110 1427//110 1423//110
f 1400//110 1423//110 1399//110
f 1399//110 1423//110 1424//110
f 1399//110 1424//110 1383//110
f 1383//110 1424//110 1401//110
f 1383//110 1401//110 1362//265
f 1362//265 1401//110 1363//266
f 268//44 266//43 1397//110
f 242//22 240//19 1427//110
f 1427//110 240//19 238//18
f 1427//110 238//18 236//16
f 266//43 264//41 1397//110
f 1397//110 264//41 262//40
f 1397//110 262//40 260//38
f 236//16 234//14 1427//110
f 1427//110 234//14 232//12
f 1427//110 232//12 230//11
f 230//11 228//9 1427//110
f 1427//110 228//9 226//8
f 1427//110 226//8 224//77
f 282//57 280//56 1428//110
f 1428//110 280//56 278//54
f 1428//110 278//54 276//52
f 276//52 274//50 1428//110
f 1428//110 274//50 272//48
f 1428//110 272//48 270//46
f 584//6 582//94 1387//110
f 582//94 580//93 1387//110
f 1387//110 580//93 578//92
f 1387//110 578//92 1389//110
f 1389//110 578//92 648//101
f 1389//110 648//101 646//99
f 646//99 644//98 1389//110
f 1389//110 644//98 642//58
f 1389//110 642//58 640//56
f 640//56 638//97 1389//110
f 1389//110 638//97 636//52
f 1389//110 636//52 634//50
f 634//50 632//48 1389//110
f 1389//110 632//48 630//46
f 1389//110 630//46 1429//110
f 630//46 628//64 1429//110
f 1429//110 628//64 626//43
f 1429//110 626//43 624//41
f 602//21 600//20 1426//110
f 1426//110 600//20 598//18
f 1426//110 598//18 1387//110
f 1387//110 598//18 596//16
f 596//16 594//14 1387//110
f 1387//110 594//14 592//63
f 1387//110 592//63 590//95
f 590//95 588//9 1387//110
f 1387//110 588//9 586//8
f 1387//110 586//8 584//6
f 1426//110 610//29 608//27
f 624//41 622//40 1429//110
f 1429//110 622//40 620//38
f 1429//110 620//38 618//36
f 608//27 606//25 1426//110
f 1426//110 606//25 604//24
f 1426//110 604//24 602//21
f 618//36 616//34 1429//110
f 1429//110 616//34 614//32
f 1429//110 614//32 1426//110
f 1426//110 614//32 612//96
f 1426//110 612//96 610//29
f 852//52 850//50 1419//110
f 1419//110 850//50 1381//110
f 1419//110 1381//110 1422//110
f 1422//110 1381//110 1380//110
f 1422//110 1380//110 1425//110
f 1425//110 1380//110 1410//110
f 1425//110 1410//110 1426//110
f 1426//110 1410//110 1411//110
f 1426//110 1411//110 1429//110
f 1429//110 1411//110 1430//110
f 348//52 346//50 1431//110
f 322//28 320//27 1428//110
f 1428//110 320//27 318//25
f 1428//110 318//25 316//67
f 290//1 360//62 1379//110
f 1379//110 360//62 358//61
f 1379//110 358//61 356//60
f 334//39 332//38 1431//110
f 1431//110 332//38 330//35
f 308//16 306//14 1416//110
f 294//4 292//2 1416//110
f 1416//110 292//2 1379//110
f 1416//110 1379//110 1311//9
f 1311//9 1379//110 1418//110
f 1311//9 1418//110 1312//95
f 1312//95 1418//110 1313//12
f 356//60 354//57 1379//110
f 1379//110 354//57 352//56
f 1379//110 352//56 350//54
f 346//50 344//48 1431//110
f 1431//110 344//48 342//87
f 1431//110 342//87 340//64
f 330//35 328//86 1431//110
f 1431//110 328//86 326//84
f 1431//110 326//84 1428//110
f 1428//110 326//84 324//71
f 1428//110 324//71 322//28
f 316//67 314//21 1428//110
f 1428//110 314//21 312//19
f 1428//110 312//19 310//18
f 306//14 304//12 1416//110
f 1416//110 304//12 302//11
f 1416//110 302//11 300//9
f 300//9 298//8 1416//110
f 1416//110 298//8 296//5
f 1416//110 296//5 294//4
f 340//64 338//43 1431//110
f 1431//110 338//43 336//41
f 1431//110 336//41 334//39
f 310//18 308//16 1428//110
f 1428//110 308//16 1416//110
f 1428//110 1416//110 1427//110
f 1427//110 1416//110 1414//110
f 1427//110 1414//110 1423//110
f 1423//110 1414//110 1415//110
f 1423//110 1415//110 200//48
f 200//48 1415//110 202//50
f 508//2 506//1 1432//110
f 1432//110 506//1 576//62
f 1432//110 576//62 574//61
f 568//56 566//54 1432//110
f 1432//110 566//54 564//52
f 552//41 1433//110 554//43
f 554//43 1433//110 556//44
f 574//61 572//60 1432//110
f 1432//110 572//60 570//57
f 1432//110 570//57 568//56
f 564//52 562//50 1432//110
f 1432//110 562//50 560//48
f 1432//110 560//48 1433//110
f 1433//110 560//48 558//46
f 1433//110 558//46 556//44
f 512//6 510//4 1429//110
f 1429//110 520//12 518//11
f 1332//235 1389//110 1390//110
f 1390//110 1389//110 1429//110
f 1390//110 1429//110 1432//110
f 1432//110 1429//110 510//4
f 1432//110 510//4 508//2
f 552//41 550//40 1433//110
f 1433//110 550//40 548//37
f 1433//110 548//37 546//36
f 528//19 526//18 1430//110
f 1430//110 526//18 524//16
f 1430//110 524//16 1429//110
f 1429//110 524//16 522//14
f 1429//110 522//14 520//12
f 518//11 516//9 1429//110
f 1429//110 516//9 514//8
f 1429//110 514//8 512//6
f 540//30 1430//110 542//32
f 542//32 1430//110 1433//110
f 542//32 1433//110 544//34
f 544//34 1433//110 546//36
f 540//30 538//29 1430//110
f 1430//110 538//29 536//27
f 1430//110 536//27 534//25
f 534//25 532//24 1430//110
f 1430//110 532//24 530//22
f 1430//110 530//22 528//19
f 1322//29 1321//78 1411//110
f 1411//110 1321//78 1320//25
f 1411//110 1320//25 1430//110
f 1430//110 1320//25 1417//110
f 1430//110 1417//110 1433//110
f 1433//110 1417//110 1434//110
f 1435//110 432//62 430//61
f 430//61 428//60 1435//110
f 1435//110 428//60 426//57
f 1435//110 426//57 424//56
f 392//27 390//25 1379//110
f 1436//110 414//46 412//44
f 390//25 388//24 1379//110
f 1379//110 388//24 386//22
f 1379//110 386//22 384//19
f 424//56 422//54 1435//110
f 1435//110 422//54 420//52
f 1435//110 420//52 418//50
f 414//46 1436//110 416//48
f 384//19 382//18 1379//110
f 1379//110 382//18 380//16
f 1379//110 380//16 1418//110
f 1418//110 380//16 378//14
f 1418//110 378//14 376//12
f 1418//110 364//2 1435//110
f 1435//110 364//2 362//1
f 1435//110 362//1 432//62
f 412//44 410//43 1436//110
f 1436//110 410//43 408//41
f 1436//110 408//41 406//40
f 406//40 404//38 1436//110
f 1436//110 404//38 402//36
f 1436//110 402//36 400//34
f 376//12 374//11 1418//110
f 1418//110 374//11 372//9
f 1418//110 372//9 370//8
f 400//34 398//32 1436//110
f 1436//110 398//32 396//30
f 1436//110 396//30 1379//110
f 1379//110 396//30 394//29
f 1379//110 394//29 392//27
f 370//8 368//6 1418//110
f 1418//110 368//6 366//4
f 1418//110 366//4 364//2
f 270//46 268//44 1428//110
f 1428//110 268//44 1397//110
f 1428//110 1397//110 1431//110
f 1431//110 1397//110 1385//110
f 1431//110 1385//110 1396//110
f 1396//110 1385//110 1384//110
f 1396//110 1384//110 1350//253
f 1350//253 1384//110 1351//254
f 462//25 460//24 1435//110
f 500//60 498//58 1391//110
f 1391//110 498//58 496//56
f 1391//110 496//56 494//54
f 446//11 444//9 1434//110
f 1434//110 504//62 502//61
f 444//9 442//8 1434//110
f 1434//110 442//8 440//6
f 1434//110 440//6 438//4
f 1337//240 1390//110 1394//110
f 1394//110 1390//110 1432//110
f 1394//110 1432//110 1393//110
f 1393//110 1432//110 1433//110
f 1393//110 1433//110 1392//110
f 1392//110 1433//110 1434//110
f 1392//110 1434//110 1391//110
f 1391//110 1434//110 502//61
f 1391//110 502//61 500//60
f 460//24 458//22 1435//110
f 1435//110 458//22 456//20
f 1435//110 456//20 454//18
f 438//4 436//2 1434//110
f 1434//110 436//2 434//1
f 1434//110 434//1 504//62
f 494//54 492//51 1391//110
f 1391//110 492//51 490//50
f 1391//110 490//50 1395//110
f 1395//110 490//50 488//47
f 1395//110 488//47 486//46
f 486//46 484//64 1395//110
f 1395//110 484//64 482//90
f 1395//110 482//90 480//41
f 472//34 470//32 1435//110
f 1435//110 470//32 468//30
f 480//41 478//40 1395//110
f 1395//110 478//40 476//38
f 1395//110 476//38 1435//110
f 1435//110 476//38 474//36
f 1435//110 474//36 472//34
f 468//30 466//29 1435//110
f 1435//110 466//29 464//27
f 1435//110 464//27 462//25
f 452//16 450//14 1434//110
f 1434//110 450//14 448//12
f 1434//110 448//12 446//11
f 454//18 452//16 1435//110
f 1435//110 452//16 1434//110
f 1435//110 1434//110 1418//110
f 1418//110 1434//110 1417//110
f 1418//110 1417//110 1316//18
f 1316//18 1417//110 1317//19
f 418//50 416//48 1435//110
f 1435//110 416//48 1436//110
f 1435//110 1436//110 1395//110
f 1395//110 1436//110 1437//110
f 1395//110 1437//110 1345//248
f 1345//248 1437//110 1346//249
f 350//54 348//52 1379//110
f 1379//110 348//52 1431//110
f 1379//110 1431//110 1436//110
f 1436//110 1431//110 1396//110
f 1436//110 1396//110 1437//110
f 1437//110 1396//110 1386//110
f 1437//110 1386//110 1346//249
f 1346//249 1386//110 1347//250
