####
#
# OBJ File Generated by Meshlab
#
####
# Object Magnetic Rings.obj
#
# Vertices: 1440
# Faces: 2880
#
####
vn 1.094891 0.028201 0.000000
v 2003.323730 1056.128418 300.000000
vn 1.570276 0.040445 0.000000
v 2004.649658 1004.649658 300.000000
vn 0.475385 0.012244 0.000000
v 2004.649658 1004.649658 200.000000
vn 1.094891 -0.028201 0.000000
v 2003.323730 953.170898 200.000000
vn 1.570276 -0.040445 0.000000
v 2003.323730 953.170898 300.000000
vn 0.766741 -0.079257 0.000000
v 1992.737549 850.759033 300.000000
vn 1.562471 -0.161511 0.000000
v 1992.737549 850.759033 200.000000
vn 0.754529 -0.157674 0.000000
v 1971.677368 749.978516 300.000000
vn 1.537583 -0.321310 0.000000
v 1971.677368 749.978516 200.000000
vn 0.734317 -0.234420 0.000000
v 1940.366455 651.897522 300.000000
vn 1.496396 -0.477702 0.000000
v 1940.366455 651.897522 200.000000
vn 0.706322 -0.308681 0.000000
v 1899.136719 557.555847 300.000000
vn 1.439347 -0.629032 0.000000
v 1899.136719 557.555847 200.000000
vn 0.670839 -0.379669 0.000000
v 1848.425171 467.953430 300.000000
vn 1.367041 -0.773693 0.000000
v 1848.425171 467.953430 200.000000
vn 0.628246 -0.446634 0.000000
v 1788.769409 384.040192 300.000000
vn 1.280243 -0.910153 0.000000
v 1788.769409 384.040192 200.000000
vn 0.578993 -0.508863 0.000000
v 1720.801880 306.705475 300.000000
vn 1.179876 -1.036963 0.000000
v 1720.801880 306.705475 200.000000
vn 0.523602 -0.565699 0.000000
v 1645.242798 236.769196 300.000000
vn 1.066999 -1.152785 0.000000
v 1645.242798 236.769196 200.000000
vn 0.462662 -0.616538 0.000000
v 1562.893433 174.972656 300.000000
vn 0.942815 -1.256384 0.000000
v 1562.893433 174.972656 200.000000
vn 0.396816 -0.660841 0.000000
v 1474.626343 121.970833 300.000000
vn 0.808634 -1.346667 0.000000
v 1474.626343 121.970833 200.000000
vn 0.326765 -0.698140 0.000000
v 1381.377563 78.325691 300.000000
vn 0.665883 -1.422674 0.000000
v 1381.377563 78.325691 200.000000
vn 0.253249 -0.728038 0.000000
v 1284.135254 44.499756 300.000000
vn 0.516073 -1.483600 0.000000
v 1284.135254 44.499756 200.000000
vn 0.177050 -0.750219 0.000000
v 1183.930420 20.851671 300.000000
vn 0.360793 -1.528800 0.000000
v 1183.930420 20.851671 200.000000
vn 0.098973 -0.764447 0.000000
v 1081.825073 7.632136 300.000000
vn 0.201687 -1.557795 0.000000
v 1081.825073 7.632136 200.000000
vn 0.019847 -0.770572 0.000000
v 978.901733 4.981160 300.000000
vn 0.040445 -1.570276 0.000000
v 978.901733 4.981160 200.000000
vn -0.059489 -0.768528 0.000000
v 876.251282 12.926936 300.000000
vn -0.121227 -1.566112 0.000000
v 876.251282 12.926936 200.000000
vn -0.138195 -0.758338 0.000000
v 774.961914 31.385242 300.000000
vn -0.281614 -1.545346 0.000000
v 774.961914 31.385242 200.000000
vn -0.215435 -0.740109 0.000000
v 676.107239 60.160400 300.000000
vn -0.439015 -1.508200 0.000000
v 676.107239 60.160400 200.000000
vn -0.290392 -0.714035 0.000000
v 580.735229 98.947403 300.000000
vn -0.591763 -1.455066 0.000000
v 580.735229 98.947403 200.000000
vn -0.362271 -0.680393 0.000000
v 489.856842 147.334991 300.000000
vn -0.738237 -1.386509 0.000000
v 489.856842 147.334991 200.000000
vn -0.430309 -0.639538 0.000000
v 404.435333 204.810379 300.000000
vn -0.876887 -1.303254 0.000000
v 404.435333 204.810379 200.000000
vn -0.493787 -0.591903 0.000000
v 325.376282 270.764282 300.000000
vn -1.006242 -1.206184 0.000000
v 325.376282 270.764282 200.000000
vn -0.552029 -0.537994 0.000000
v 253.517685 344.497498 300.000000
vn -1.124929 -1.096328 0.000000
v 253.517685 344.497498 200.000000
vn -0.604421 -0.478382 0.000000
v 189.621323 425.228546 300.000000
vn -1.231693 -0.974850 0.000000
v 189.621323 425.228546 200.000000
vn -0.650405 -0.413700 0.000000
v 134.364426 512.101563 300.000000
vn -1.325400 -0.843040 0.000000
v 134.364426 512.101563 200.000000
vn -0.689495 -0.344632 0.000000
v 88.332710 604.195740 300.000000
vn -1.405057 -0.702294 0.000000
v 88.332710 604.195740 200.000000
vn -0.721276 -0.271911 0.000000
v 52.014233 700.534790 300.000000
vn -1.469821 -0.554102 0.000000
v 52.014233 700.534790 200.000000
vn -0.745411 -0.196307 0.000000
v 25.793970 800.097595 300.000000
vn -1.519004 -0.400036 0.000000
v 25.793970 800.097595 200.000000
vn -0.761645 -0.118623 0.000000
v 9.949743 901.828613 300.000000
vn -1.552085 -0.241731 0.000000
v 9.949743 901.828613 200.000000
vn -0.769805 -0.039681 0.000000
v 4.649639 1004.649658 300.000000
vn -1.568714 -0.080862 0.000000
v 4.649639 1004.649658 200.000000
vn -0.769805 0.039681 0.000000
v 9.949743 1107.470581 300.000000
vn -1.568714 0.080862 0.000000
v 9.949743 1107.470581 200.000000
vn -0.761645 0.118623 0.000000
v 25.793970 1209.201660 300.000000
vn -1.552085 0.241731 0.000000
v 25.793970 1209.201660 200.000000
vn -0.745411 0.196307 0.000000
v 52.014233 1308.764404 300.000000
vn -1.519004 0.400036 0.000000
v 52.014233 1308.764404 200.000000
vn -0.721276 0.271911 0.000000
v 88.332710 1405.103516 300.000000
vn -1.469821 0.554101 0.000000
v 88.332710 1405.103516 200.000000
vn -0.689495 0.344632 0.000000
v 134.364426 1497.197754 300.000000
vn -1.405057 0.702293 0.000000
v 134.364426 1497.197754 200.000000
vn -0.650405 0.413700 0.000000
v 189.621323 1584.070801 300.000000
vn -1.325400 0.843040 0.000000
v 189.621323 1584.070801 200.000000
vn -0.604421 0.478383 0.000000
v 253.517685 1664.801758 300.000000
vn -1.231693 0.974851 0.000000
v 253.517685 1664.801758 200.000000
vn -0.552030 0.537994 0.000000
v 325.376282 1738.535034 300.000000
vn -1.124929 1.096328 0.000000
v 325.376282 1738.535034 200.000000
vn -0.493787 0.591903 0.000000
v 404.435333 1804.488892 300.000000
vn -1.006241 1.206184 0.000000
v 404.435333 1804.488892 200.000000
vn -0.430309 0.639538 0.000000
v 489.856842 1861.964233 300.000000
vn -0.876887 1.303254 0.000000
v 489.856842 1861.964233 200.000000
vn -0.362271 0.680393 0.000000
v 580.735229 1910.351929 300.000000
vn -0.738239 1.386508 0.000000
v 580.735229 1910.351929 200.000000
vn -0.290392 0.714036 0.000000
v 676.107239 1949.138916 300.000000
vn -0.591763 1.455066 0.000000
v 676.107239 1949.138916 200.000000
vn -0.215435 0.740109 0.000000
v 774.961914 1977.914063 300.000000
vn -0.439015 1.508200 0.000000
v 774.961914 1977.914063 200.000000
vn -0.138194 0.758338 0.000000
v 876.251282 1996.372314 300.000000
vn -0.281613 1.545346 0.000000
v 876.251282 1996.372314 200.000000
vn -0.059489 0.768528 0.000000
v 978.901733 2004.318115 300.000000
vn -0.121227 1.566111 0.000000
v 978.901733 2004.318115 200.000000
vn 0.019848 0.770572 0.000000
v 1081.825073 2001.667114 300.000000
vn 0.040446 1.570276 0.000000
v 1081.825073 2001.667114 200.000000
vn 0.098972 0.764447 0.000000
v 1183.930420 1988.447632 300.000000
vn 0.201686 1.557795 0.000000
v 1183.930420 1988.447632 200.000000
vn 0.177050 0.750219 0.000000
v 1284.135254 1964.799561 300.000000
vn 0.360793 1.528800 0.000000
v 1284.135254 1964.799561 200.000000
vn 0.253249 0.728038 0.000000
v 1381.377563 1930.973633 300.000000
vn 0.516073 1.483600 0.000000
v 1381.377563 1930.973633 200.000000
vn 0.326765 0.698140 0.000000
v 1474.626343 1887.328491 300.000000
vn 0.665883 1.422674 0.000000
v 1474.626343 1887.328491 200.000000
vn 0.396816 0.660841 0.000000
v 1562.893433 1834.326660 300.000000
vn 0.808634 1.346667 0.000000
v 1562.893433 1834.326660 200.000000
vn 0.462662 0.616537 0.000000
v 1645.242798 1772.530029 300.000000
vn 0.942816 1.256384 0.000000
v 1645.242798 1772.530029 200.000000
vn 0.523602 0.565699 0.000000
v 1720.801880 1702.593750 300.000000
vn 1.066999 1.152785 0.000000
v 1720.801880 1702.593750 200.000000
vn 0.578993 0.508863 0.000000
v 1788.769409 1625.259155 300.000000
vn 1.179875 1.036964 0.000000
v 1788.769409 1625.259155 200.000000
vn 0.628246 0.446633 0.000000
v 1848.425171 1541.345825 300.000000
vn 1.280244 0.910152 0.000000
v 1848.425171 1541.345825 200.000000
vn 0.670839 0.379669 0.000000
v 1899.136719 1451.743408 300.000000
vn 1.367041 0.773693 0.000000
v 1899.136719 1451.743408 200.000000
vn 0.706322 0.308681 0.000000
v 1940.366455 1357.401733 300.000000
vn 1.439347 0.629032 0.000000
v 1940.366455 1357.401733 200.000000
vn 0.734317 0.234420 0.000000
v 1971.677368 1259.320801 300.000000
vn 1.496396 0.477703 0.000000
v 1971.677368 1259.320801 200.000000
vn 0.754528 0.157674 0.000000
v 1992.737549 1158.540161 300.000000
vn 1.537583 0.321309 0.000000
v 1992.737549 1158.540161 200.000000
vn 1.562471 0.161511 0.000000
v 2003.323730 1056.128418 200.000000
vn 0.000000 0.000000 1.116953
v 1910.860718 1004.649658 300.000000
vn 0.000000 0.000000 1.072709
v 1905.548340 906.671021 300.000000
vn 0.000000 0.000000 1.072709
v 1905.548340 1102.628296 300.000000
vn 0.000000 0.000000 1.030368
v 1889.673950 1199.458252 300.000000
vn 0.000000 0.000000 0.989914
v 1863.423462 1294.004150 300.000000
vn 0.000000 0.000000 0.951314
v 1827.104492 1385.157715 300.000000
vn 0.000000 0.000000 0.914523
v 1781.143066 1471.850220 300.000000
vn 0.000000 0.000000 0.879481
v 1726.078003 1553.065186 300.000000
vn 0.000000 0.000000 0.846117
v 1662.554688 1627.850464 300.000000
vn 0.000000 0.000000 0.814361
v 1591.318237 1695.329346 300.000000
vn 0.000000 0.000000 0.784130
v 1513.203613 1754.710571 300.000000
vn 0.000000 0.000000 0.755349
v 1429.126587 1805.297974 300.000000
vn 0.000000 0.000000 0.727939
v 1340.072876 1846.498535 300.000000
vn 0.000000 0.000000 0.701822
v 1247.086792 1877.829224 300.000000
vn 0.000000 0.000000 0.676923
v 1151.258301 1898.922729 300.000000
vn 0.000000 0.000000 0.653167
v 1053.710938 1909.531616 300.000000
vn 0.000000 0.000000 0.630488
v 955.588379 1909.531616 300.000000
vn 0.000000 0.000000 0.608821
v 858.041016 1898.922729 300.000000
vn 0.000000 0.000000 0.588100
v 762.212524 1877.829224 300.000000
vn 0.000000 0.000000 0.568271
v 669.226379 1846.498535 300.000000
vn 0.000000 0.000000 0.549276
v 580.172729 1805.297974 300.000000
vn 0.000000 0.000000 1.132119
v 580.172729 204.001312 300.000000
vn 0.000000 0.000000 1.058385
v 669.226379 162.800735 300.000000
vn 0.000000 0.000000 1.016675
v 762.212524 131.470032 300.000000
vn 0.000000 0.000000 0.976843
v 858.041016 110.376595 300.000000
vn 0.000000 0.000000 0.938853
v 955.588379 99.767685 300.000000
vn 0.000000 0.000000 0.902652
v 1053.710938 99.767685 300.000000
vn 0.000000 0.000000 0.868176
v 1151.258301 110.376595 300.000000
vn 0.000000 0.000000 0.835358
v 1247.086792 131.470032 300.000000
vn 0.000000 0.000000 0.804118
v 1340.072876 162.800735 300.000000
vn 0.000000 0.000000 0.774380
v 1429.126587 204.001312 300.000000
vn 0.000000 0.000000 0.746064
v 1513.203613 254.588730 300.000000
vn 0.000000 0.000000 0.719094
v 1591.318237 313.969971 300.000000
vn 0.000000 0.000000 0.693390
v 1662.554688 381.448792 300.000000
vn 0.000000 0.000000 0.668880
v 1726.078003 456.234100 300.000000
vn 0.000000 0.000000 0.645491
v 1781.143066 537.449036 300.000000
vn 0.000000 0.000000 0.623156
v 1827.104492 624.141541 300.000000
vn 0.000000 0.000000 0.601812
v 1863.423462 715.295105 300.000000
vn 0.000000 0.000000 0.581394
v 1889.673950 809.841064 300.000000
vn 0.000000 0.000000 1.087247
v 496.095703 1754.710571 300.000000
vn 0.000000 0.000000 1.044271
v 417.981018 1695.329346 300.000000
vn 0.000000 0.000000 1.003189
v 346.744537 1627.850464 300.000000
vn 0.000000 0.000000 0.963977
v 283.221313 1553.065186 300.000000
vn 0.000000 0.000000 0.926589
v 228.156204 1471.850220 300.000000
vn 0.000000 0.000000 0.890971
v 182.194763 1385.157715 300.000000
vn 0.000000 0.000000 0.857057
v 145.875870 1294.004150 300.000000
vn 0.000000 0.000000 0.824773
v 119.625328 1199.458252 300.000000
vn 0.000000 0.000000 0.794042
v 103.750885 1102.628296 300.000000
vn 0.000000 0.000000 0.764788
v 98.438622 1004.649658 300.000000
vn 0.000000 0.000000 0.736929
v 103.750885 906.671021 300.000000
vn 0.000000 0.000000 0.710389
v 119.625328 809.841064 300.000000
vn 0.000000 0.000000 0.685091
v 145.875870 715.295105 300.000000
vn 0.000000 0.000000 0.660963
v 182.194763 624.141541 300.000000
vn 0.000000 0.000000 0.637933
v 228.156204 537.449036 300.000000
vn 0.000000 0.000000 0.615935
v 283.221313 456.234100 300.000000
vn 0.000000 0.000000 0.594905
v 346.744537 381.448792 300.000000
vn 0.000000 0.000000 0.574785
v 417.981018 313.969971 300.000000
vn 0.000000 0.000000 0.555517
v 496.095703 254.588730 300.000000
vn 0.000000 0.000000 -1.116953
v 1910.860718 1004.649658 200.000000
vn 0.000000 0.000000 -1.072709
v 1905.548340 1102.628296 200.000000
vn 0.000000 0.000000 -1.101994
v 580.172729 204.001312 200.000000
vn 0.000000 0.000000 -1.087247
v 496.095703 254.588730 200.000000
vn 0.000000 0.000000 -1.044271
v 417.981018 313.969971 200.000000
vn 0.000000 0.000000 -1.003190
v 346.744537 381.448792 200.000000
vn 0.000000 0.000000 -0.963977
v 283.221313 456.234100 200.000000
vn 0.000000 0.000000 -0.926589
v 228.156204 537.449036 200.000000
vn 0.000000 0.000000 -0.890971
v 182.194763 624.141541 200.000000
vn 0.000000 0.000000 -0.857057
v 145.875870 715.295105 200.000000
vn 0.000000 0.000000 -0.824772
v 119.625328 809.841064 200.000000
vn 0.000000 0.000000 -0.794042
v 103.750885 906.671021 200.000000
vn 0.000000 0.000000 -0.764787
v 98.438622 1004.649658 200.000000
vn 0.000000 0.000000 -0.736929
v 103.750885 1102.628296 200.000000
vn 0.000000 0.000000 -0.710388
v 119.625328 1199.458252 200.000000
vn 0.000000 0.000000 -0.685091
v 145.875870 1294.004150 200.000000
vn 0.000000 0.000000 -0.660962
v 182.194763 1385.157715 200.000000
vn 0.000000 0.000000 -0.637933
v 228.156204 1471.850220 200.000000
vn 0.000000 0.000000 -0.615935
v 283.221313 1553.065186 200.000000
vn 0.000000 0.000000 -0.594906
v 346.744537 1627.850464 200.000000
vn 0.000000 0.000000 -0.574786
v 417.981018 1695.329346 200.000000
vn 0.000000 0.000000 -0.555517
v 496.095703 1754.710571 200.000000
vn 0.000000 0.000000 -0.537049
v 580.172729 1805.297974 200.000000
vn 0.000000 0.000000 -1.072709
v 1905.548340 906.671021 200.000000
vn 0.000000 0.000000 -1.030369
v 1889.673950 809.841064 200.000000
vn 0.000000 0.000000 -0.989914
v 1863.423462 715.295105 200.000000
vn 0.000000 0.000000 -0.951314
v 1827.104492 624.141541 200.000000
vn 0.000000 0.000000 -0.914523
v 1781.143066 537.449036 200.000000
vn 0.000000 0.000000 -0.879481
v 1726.078003 456.234100 200.000000
vn 0.000000 0.000000 -0.846117
v 1662.554688 381.448792 200.000000
vn 0.000000 0.000000 -0.814361
v 1591.318237 313.969971 200.000000
vn 0.000000 0.000000 -0.784131
v 1513.203613 254.588730 200.000000
vn 0.000000 0.000000 -0.755349
v 1429.126587 204.001312 200.000000
vn 0.000000 0.000000 -0.727939
v 1340.072876 162.800735 200.000000
vn 0.000000 0.000000 -0.701822
v 1247.086792 131.470032 200.000000
vn 0.000000 0.000000 -0.676922
v 1151.258301 110.376595 200.000000
vn 0.000000 0.000000 -0.653167
v 1053.710938 99.767685 200.000000
vn 0.000000 0.000000 -0.630489
v 955.588379 99.767685 200.000000
vn 0.000000 0.000000 -0.608821
v 858.041016 110.376595 200.000000
vn 0.000000 0.000000 -0.588101
v 762.212524 131.470032 200.000000
vn 0.000000 0.000000 -0.568271
v 669.226379 162.800735 200.000000
vn 0.000000 0.000000 -1.058385
v 669.226379 1846.498535 200.000000
vn 0.000000 0.000000 -1.016675
v 762.212524 1877.829224 200.000000
vn 0.000000 0.000000 -0.976844
v 858.041016 1898.922729 200.000000
vn 0.000000 0.000000 -0.938852
v 955.588379 1909.531616 200.000000
vn 0.000000 0.000000 -0.902651
v 1053.710938 1909.531616 200.000000
vn 0.000000 0.000000 -0.868176
v 1151.258301 1898.922729 200.000000
vn 0.000000 0.000000 -0.835357
v 1247.086792 1877.829224 200.000000
vn 0.000000 0.000000 -0.804118
v 1340.072876 1846.498535 200.000000
vn 0.000000 0.000000 -0.774381
v 1429.126587 1805.297974 200.000000
vn 0.000000 0.000000 -0.746064
v 1513.203613 1754.710571 200.000000
vn 0.000000 0.000000 -0.719094
v 1591.318237 1695.329346 200.000000
vn 0.000000 0.000000 -0.693389
v 1662.554688 1627.850464 200.000000
vn 0.000000 0.000000 -0.668881
v 1726.078003 1553.065186 200.000000
vn 0.000000 0.000000 -0.645490
v 1781.143066 1471.850220 200.000000
vn 0.000000 0.000000 -0.623156
v 1827.104492 1385.157715 200.000000
vn 0.000000 0.000000 -0.601812
v 1863.423462 1294.004150 200.000000
vn 0.000000 0.000000 -0.581394
v 1889.673950 1199.458252 200.000000
vn 1.094891 0.028201 0.000000
v 2003.323730 1056.128418 500.000000
vn 1.570276 0.040445 0.000000
v 2004.649658 1004.649658 500.000000
vn 0.475385 0.012244 0.000000
v 2004.649658 1004.649658 400.000000
vn 1.094891 -0.028201 0.000000
v 2003.323730 953.170898 400.000000
vn 1.570276 -0.040445 0.000000
v 2003.323730 953.170898 500.000000
vn 0.766741 -0.079257 0.000000
v 1992.737549 850.759033 500.000000
vn 1.562471 -0.161511 0.000000
v 1992.737549 850.759033 400.000000
vn 0.754529 -0.157674 0.000000
v 1971.677368 749.978516 500.000000
vn 1.537583 -0.321310 0.000000
v 1971.677368 749.978516 400.000000
vn 0.734317 -0.234420 0.000000
v 1940.366455 651.897522 500.000000
vn 1.496396 -0.477702 0.000000
v 1940.366455 651.897522 400.000000
vn 0.706322 -0.308681 0.000000
v 1899.136719 557.555847 500.000000
vn 1.439347 -0.629032 0.000000
v 1899.136719 557.555847 400.000000
vn 0.670839 -0.379669 0.000000
v 1848.425171 467.953430 500.000000
vn 1.367041 -0.773693 0.000000
v 1848.425171 467.953430 400.000000
vn 0.628246 -0.446634 0.000000
v 1788.769409 384.040192 500.000000
vn 1.280243 -0.910153 0.000000
v 1788.769409 384.040192 400.000000
vn 0.578993 -0.508863 0.000000
v 1720.801880 306.705475 500.000000
vn 1.179876 -1.036963 0.000000
v 1720.801880 306.705475 400.000000
vn 0.523602 -0.565699 0.000000
v 1645.242798 236.769196 500.000000
vn 1.066999 -1.152785 0.000000
v 1645.242798 236.769196 400.000000
vn 0.462662 -0.616538 0.000000
v 1562.893433 174.972656 500.000000
vn 0.942815 -1.256384 0.000000
v 1562.893433 174.972656 400.000000
vn 0.396816 -0.660841 0.000000
v 1474.626343 121.970833 500.000000
vn 0.808634 -1.346667 0.000000
v 1474.626343 121.970833 400.000000
vn 0.326765 -0.698140 0.000000
v 1381.377563 78.325691 500.000000
vn 0.665883 -1.422674 0.000000
v 1381.377563 78.325691 400.000000
vn 0.253249 -0.728038 0.000000
v 1284.135254 44.499756 500.000000
vn 0.516073 -1.483600 0.000000
v 1284.135254 44.499756 400.000000
vn 0.177050 -0.750219 0.000000
v 1183.930420 20.851671 500.000000
vn 0.360793 -1.528800 0.000000
v 1183.930420 20.851671 400.000000
vn 0.098973 -0.764447 0.000000
v 1081.825073 7.632136 500.000000
vn 0.201687 -1.557795 0.000000
v 1081.825073 7.632136 400.000000
vn 0.019847 -0.770572 0.000000
v 978.901733 4.981160 500.000000
vn 0.040445 -1.570276 0.000000
v 978.901733 4.981160 400.000000
vn -0.059489 -0.768528 0.000000
v 876.251282 12.926936 500.000000
vn -0.121227 -1.566112 0.000000
v 876.251282 12.926936 400.000000
vn -0.138195 -0.758338 0.000000
v 774.961914 31.385242 500.000000
vn -0.281614 -1.545346 0.000000
v 774.961914 31.385242 400.000000
vn -0.215435 -0.740109 0.000000
v 676.107239 60.160400 500.000000
vn -0.439015 -1.508200 0.000000
v 676.107239 60.160400 400.000000
vn -0.290392 -0.714035 0.000000
v 580.735229 98.947403 500.000000
vn -0.591763 -1.455066 0.000000
v 580.735229 98.947403 400.000000
vn -0.362271 -0.680393 0.000000
v 489.856842 147.334991 500.000000
vn -0.738237 -1.386509 0.000000
v 489.856842 147.334991 400.000000
vn -0.430309 -0.639538 0.000000
v 404.435333 204.810379 500.000000
vn -0.876887 -1.303254 0.000000
v 404.435333 204.810379 400.000000
vn -0.493787 -0.591903 0.000000
v 325.376282 270.764282 500.000000
vn -1.006242 -1.206184 0.000000
v 325.376282 270.764282 400.000000
vn -0.552029 -0.537994 0.000000
v 253.517685 344.497498 500.000000
vn -1.124929 -1.096328 0.000000
v 253.517685 344.497498 400.000000
vn -0.604421 -0.478382 0.000000
v 189.621323 425.228546 500.000000
vn -1.231693 -0.974850 0.000000
v 189.621323 425.228546 400.000000
vn -0.650405 -0.413700 0.000000
v 134.364426 512.101563 500.000000
vn -1.325400 -0.843040 0.000000
v 134.364426 512.101563 400.000000
vn -0.689495 -0.344632 0.000000
v 88.332710 604.195740 500.000000
vn -1.405057 -0.702294 0.000000
v 88.332710 604.195740 400.000000
vn -0.721276 -0.271911 0.000000
v 52.014233 700.534790 500.000000
vn -1.469821 -0.554102 0.000000
v 52.014233 700.534790 400.000000
vn -0.745411 -0.196307 0.000000
v 25.793970 800.097595 500.000000
vn -1.519004 -0.400036 0.000000
v 25.793970 800.097595 400.000000
vn -0.761645 -0.118623 0.000000
v 9.949743 901.828613 500.000000
vn -1.552085 -0.241731 0.000000
v 9.949743 901.828613 400.000000
vn -0.769805 -0.039681 0.000000
v 4.649639 1004.649658 500.000000
vn -1.568714 -0.080862 0.000000
v 4.649639 1004.649658 400.000000
vn -0.769805 0.039681 0.000000
v 9.949743 1107.470581 500.000000
vn -1.568714 0.080862 0.000000
v 9.949743 1107.470581 400.000000
vn -0.761645 0.118623 0.000000
v 25.793970 1209.201660 500.000000
vn -1.552085 0.241731 0.000000
v 25.793970 1209.201660 400.000000
vn -0.745411 0.196307 0.000000
v 52.014233 1308.764404 500.000000
vn -1.519004 0.400036 0.000000
v 52.014233 1308.764404 400.000000
vn -0.721276 0.271911 0.000000
v 88.332710 1405.103516 500.000000
vn -1.469821 0.554101 0.000000
v 88.332710 1405.103516 400.000000
vn -0.689495 0.344632 0.000000
v 134.364426 1497.197754 500.000000
vn -1.405057 0.702293 0.000000
v 134.364426 1497.197754 400.000000
vn -0.650405 0.413700 0.000000
v 189.621323 1584.070801 500.000000
vn -1.325400 0.843040 0.000000
v 189.621323 1584.070801 400.000000
vn -0.604421 0.478383 0.000000
v 253.517685 1664.801758 500.000000
vn -1.231693 0.974851 0.000000
v 253.517685 1664.801758 400.000000
vn -0.552030 0.537994 0.000000
v 325.376282 1738.535034 500.000000
vn -1.124929 1.096328 0.000000
v 325.376282 1738.535034 400.000000
vn -0.493787 0.591903 0.000000
v 404.435333 1804.488892 500.000000
vn -1.006241 1.206184 0.000000
v 404.435333 1804.488892 400.000000
vn -0.430309 0.639538 0.000000
v 489.856842 1861.964233 500.000000
vn -0.876887 1.303254 0.000000
v 489.856842 1861.964233 400.000000
vn -0.362271 0.680393 0.000000
v 580.735229 1910.351929 500.000000
vn -0.738239 1.386508 0.000000
v 580.735229 1910.351929 400.000000
vn -0.290392 0.714036 0.000000
v 676.107239 1949.138916 500.000000
vn -0.591763 1.455066 0.000000
v 676.107239 1949.138916 400.000000
vn -0.215435 0.740109 0.000000
v 774.961914 1977.914063 500.000000
vn -0.439015 1.508200 0.000000
v 774.961914 1977.914063 400.000000
vn -0.138194 0.758338 0.000000
v 876.251282 1996.372314 500.000000
vn -0.281613 1.545346 0.000000
v 876.251282 1996.372314 400.000000
vn -0.059489 0.768528 0.000000
v 978.901733 2004.318115 500.000000
vn -0.121227 1.566111 0.000000
v 978.901733 2004.318115 400.000000
vn 0.019848 0.770572 0.000000
v 1081.825073 2001.667114 500.000000
vn 0.040446 1.570276 0.000000
v 1081.825073 2001.667114 400.000000
vn 0.098972 0.764447 0.000000
v 1183.930420 1988.447632 500.000000
vn 0.201686 1.557795 0.000000
v 1183.930420 1988.447632 400.000000
vn 0.177050 0.750219 0.000000
v 1284.135254 1964.799561 500.000000
vn 0.360793 1.528800 0.000000
v 1284.135254 1964.799561 400.000000
vn 0.253249 0.728038 0.000000
v 1381.377563 1930.973633 500.000000
vn 0.516073 1.483600 0.000000
v 1381.377563 1930.973633 400.000000
vn 0.326765 0.698140 0.000000
v 1474.626343 1887.328491 500.000000
vn 0.665883 1.422674 0.000000
v 1474.626343 1887.328491 400.000000
vn 0.396816 0.660841 0.000000
v 1562.893433 1834.326660 500.000000
vn 0.808634 1.346667 0.000000
v 1562.893433 1834.326660 400.000000
vn 0.462662 0.616537 0.000000
v 1645.242798 1772.530029 500.000000
vn 0.942816 1.256384 0.000000
v 1645.242798 1772.530029 400.000000
vn 0.523602 0.565699 0.000000
v 1720.801880 1702.593750 500.000000
vn 1.066999 1.152785 0.000000
v 1720.801880 1702.593750 400.000000
vn 0.578993 0.508863 0.000000
v 1788.769409 1625.259155 500.000000
vn 1.179875 1.036964 0.000000
v 1788.769409 1625.259155 400.000000
vn 0.628246 0.446633 0.000000
v 1848.425171 1541.345825 500.000000
vn 1.280244 0.910152 0.000000
v 1848.425171 1541.345825 400.000000
vn 0.670839 0.379669 0.000000
v 1899.136719 1451.743408 500.000000
vn 1.367041 0.773693 0.000000
v 1899.136719 1451.743408 400.000000
vn 0.706322 0.308681 0.000000
v 1940.366455 1357.401733 500.000000
vn 1.439347 0.629032 0.000000
v 1940.366455 1357.401733 400.000000
vn 0.734317 0.234420 0.000000
v 1971.677368 1259.320801 500.000000
vn 1.496396 0.477703 0.000000
v 1971.677368 1259.320801 400.000000
vn 0.754528 0.157674 0.000000
v 1992.737549 1158.540161 500.000000
vn 1.537583 0.321309 0.000000
v 1992.737549 1158.540161 400.000000
vn 1.562471 0.161511 0.000000
v 2003.323730 1056.128418 400.000000
vn 0.000000 0.000000 1.116953
v 1910.860718 1004.649658 500.000000
vn 0.000000 0.000000 1.072709
v 1905.548340 906.671021 500.000000
vn 0.000000 0.000000 1.072709
v 1905.548340 1102.628296 500.000000
vn 0.000000 0.000000 1.030368
v 1889.673950 1199.458252 500.000000
vn 0.000000 0.000000 0.989914
v 1863.423462 1294.004150 500.000000
vn 0.000000 0.000000 0.951314
v 1827.104492 1385.157715 500.000000
vn 0.000000 0.000000 0.914523
v 1781.143066 1471.850220 500.000000
vn 0.000000 0.000000 0.879481
v 1726.078003 1553.065186 500.000000
vn 0.000000 0.000000 0.846117
v 1662.554688 1627.850464 500.000000
vn 0.000000 0.000000 0.814361
v 1591.318237 1695.329346 500.000000
vn 0.000000 0.000000 0.784130
v 1513.203613 1754.710571 500.000000
vn 0.000000 0.000000 0.755349
v 1429.126587 1805.297974 500.000000
vn 0.000000 0.000000 0.727939
v 1340.072876 1846.498535 500.000000
vn 0.000000 0.000000 0.701822
v 1247.086792 1877.829224 500.000000
vn 0.000000 0.000000 0.676923
v 1151.258301 1898.922729 500.000000
vn 0.000000 0.000000 0.653167
v 1053.710938 1909.531616 500.000000
vn 0.000000 0.000000 0.630488
v 955.588379 1909.531616 500.000000
vn 0.000000 0.000000 0.608821
v 858.041016 1898.922729 500.000000
vn 0.000000 0.000000 0.588100
v 762.212524 1877.829224 500.000000
vn 0.000000 0.000000 0.568271
v 669.226379 1846.498535 500.000000
vn 0.000000 0.000000 0.549276
v 580.172729 1805.297974 500.000000
vn 0.000000 0.000000 1.132119
v 580.172729 204.001312 500.000000
vn 0.000000 0.000000 1.058385
v 669.226379 162.800735 500.000000
vn 0.000000 0.000000 1.016675
v 762.212524 131.470032 500.000000
vn 0.000000 0.000000 0.976843
v 858.041016 110.376595 500.000000
vn 0.000000 0.000000 0.938853
v 955.588379 99.767685 500.000000
vn 0.000000 0.000000 0.902652
v 1053.710938 99.767685 500.000000
vn 0.000000 0.000000 0.868176
v 1151.258301 110.376595 500.000000
vn 0.000000 0.000000 0.835358
v 1247.086792 131.470032 500.000000
vn 0.000000 0.000000 0.804118
v 1340.072876 162.800735 500.000000
vn 0.000000 0.000000 0.774380
v 1429.126587 204.001312 500.000000
vn 0.000000 0.000000 0.746064
v 1513.203613 254.588730 500.000000
vn 0.000000 0.000000 0.719094
v 1591.318237 313.969971 500.000000
vn 0.000000 0.000000 0.693390
v 1662.554688 381.448792 500.000000
vn 0.000000 0.000000 0.668880
v 1726.078003 456.234100 500.000000
vn 0.000000 0.000000 0.645491
v 1781.143066 537.449036 500.000000
vn 0.000000 0.000000 0.623156
v 1827.104492 624.141541 500.000000
vn 0.000000 0.000000 0.601812
v 1863.423462 715.295105 500.000000
vn 0.000000 0.000000 0.581394
v 1889.673950 809.841064 500.000000
vn 0.000000 0.000000 1.087247
v 496.095703 1754.710571 500.000000
vn 0.000000 0.000000 1.044271
v 417.981018 1695.329346 500.000000
vn 0.000000 0.000000 1.003189
v 346.744537 1627.850464 500.000000
vn 0.000000 0.000000 0.963977
v 283.221313 1553.065186 500.000000
vn 0.000000 0.000000 0.926589
v 228.156204 1471.850220 500.000000
vn 0.000000 0.000000 0.890971
v 182.194763 1385.157715 500.000000
vn 0.000000 0.000000 0.857057
v 145.875870 1294.004150 500.000000
vn 0.000000 0.000000 0.824773
v 119.625328 1199.458252 500.000000
vn 0.000000 0.000000 0.794042
v 103.750885 1102.628296 500.000000
vn 0.000000 0.000000 0.764788
v 98.438622 1004.649658 500.000000
vn 0.000000 0.000000 0.736929
v 103.750885 906.671021 500.000000
vn 0.000000 0.000000 0.710389
v 119.625328 809.841064 500.000000
vn 0.000000 0.000000 0.685091
v 145.875870 715.295105 500.000000
vn 0.000000 0.000000 0.660963
v 182.194763 624.141541 500.000000
vn 0.000000 0.000000 0.637933
v 228.156204 537.449036 500.000000
vn 0.000000 0.000000 0.615935
v 283.221313 456.234100 500.000000
vn 0.000000 0.000000 0.594905
v 346.744537 381.448792 500.000000
vn 0.000000 0.000000 0.574785
v 417.981018 313.969971 500.000000
vn 0.000000 0.000000 0.555517
v 496.095703 254.588730 500.000000
vn 0.000000 0.000000 -1.116953
v 1910.860718 1004.649658 400.000000
vn 0.000000 0.000000 -1.072709
v 1905.548340 1102.628296 400.000000
vn 0.000000 0.000000 -1.101994
v 580.172729 204.001312 400.000000
vn 0.000000 0.000000 -1.087247
v 496.095703 254.588730 400.000000
vn 0.000000 0.000000 -1.044271
v 417.981018 313.969971 400.000000
vn 0.000000 0.000000 -1.003190
v 346.744537 381.448792 400.000000
vn 0.000000 0.000000 -0.963977
v 283.221313 456.234100 400.000000
vn 0.000000 0.000000 -0.926589
v 228.156204 537.449036 400.000000
vn 0.000000 0.000000 -0.890971
v 182.194763 624.141541 400.000000
vn 0.000000 0.000000 -0.857057
v 145.875870 715.295105 400.000000
vn 0.000000 0.000000 -0.824772
v 119.625328 809.841064 400.000000
vn 0.000000 0.000000 -0.794042
v 103.750885 906.671021 400.000000
vn 0.000000 0.000000 -0.764787
v 98.438622 1004.649658 400.000000
vn 0.000000 0.000000 -0.736929
v 103.750885 1102.628296 400.000000
vn 0.000000 0.000000 -0.710388
v 119.625328 1199.458252 400.000000
vn 0.000000 0.000000 -0.685091
v 145.875870 1294.004150 400.000000
vn 0.000000 0.000000 -0.660962
v 182.194763 1385.157715 400.000000
vn 0.000000 0.000000 -0.637933
v 228.156204 1471.850220 400.000000
vn 0.000000 0.000000 -0.615935
v 283.221313 1553.065186 400.000000
vn 0.000000 0.000000 -0.594906
v 346.744537 1627.850464 400.000000
vn 0.000000 0.000000 -0.574786
v 417.981018 1695.329346 400.000000
vn 0.000000 0.000000 -0.555517
v 496.095703 1754.710571 400.000000
vn 0.000000 0.000000 -0.537049
v 580.172729 1805.297974 400.000000
vn 0.000000 0.000000 -1.072709
v 1905.548340 906.671021 400.000000
vn 0.000000 0.000000 -1.030369
v 1889.673950 809.841064 400.000000
vn 0.000000 0.000000 -0.989914
v 1863.423462 715.295105 400.000000
vn 0.000000 0.000000 -0.951314
v 1827.104492 624.141541 400.000000
vn 0.000000 0.000000 -0.914523
v 1781.143066 537.449036 400.000000
vn 0.000000 0.000000 -0.879481
v 1726.078003 456.234100 400.000000
vn 0.000000 0.000000 -0.846117
v 1662.554688 381.448792 400.000000
vn 0.000000 0.000000 -0.814361
v 1591.318237 313.969971 400.000000
vn 0.000000 0.000000 -0.784131
v 1513.203613 254.588730 400.000000
vn 0.000000 0.000000 -0.755349
v 1429.126587 204.001312 400.000000
vn 0.000000 0.000000 -0.727939
v 1340.072876 162.800735 400.000000
vn 0.000000 0.000000 -0.701822
v 1247.086792 131.470032 400.000000
vn 0.000000 0.000000 -0.676922
v 1151.258301 110.376595 400.000000
vn 0.000000 0.000000 -0.653167
v 1053.710938 99.767685 400.000000
vn 0.000000 0.000000 -0.630489
v 955.588379 99.767685 400.000000
vn 0.000000 0.000000 -0.608821
v 858.041016 110.376595 400.000000
vn 0.000000 0.000000 -0.588101
v 762.212524 131.470032 400.000000
vn 0.000000 0.000000 -0.568271
v 669.226379 162.800735 400.000000
vn 0.000000 0.000000 -1.058385
v 669.226379 1846.498535 400.000000
vn 0.000000 0.000000 -1.016675
v 762.212524 1877.829224 400.000000
vn 0.000000 0.000000 -0.976844
v 858.041016 1898.922729 400.000000
vn 0.000000 0.000000 -0.938852
v 955.588379 1909.531616 400.000000
vn 0.000000 0.000000 -0.902651
v 1053.710938 1909.531616 400.000000
vn 0.000000 0.000000 -0.868176
v 1151.258301 1898.922729 400.000000
vn 0.000000 0.000000 -0.835357
v 1247.086792 1877.829224 400.000000
vn 0.000000 0.000000 -0.804118
v 1340.072876 1846.498535 400.000000
vn 0.000000 0.000000 -0.774381
v 1429.126587 1805.297974 400.000000
vn 0.000000 0.000000 -0.746064
v 1513.203613 1754.710571 400.000000
vn 0.000000 0.000000 -0.719094
v 1591.318237 1695.329346 400.000000
vn 0.000000 0.000000 -0.693389
v 1662.554688 1627.850464 400.000000
vn 0.000000 0.000000 -0.668881
v 1726.078003 1553.065186 400.000000
vn 0.000000 0.000000 -0.645490
v 1781.143066 1471.850220 400.000000
vn 0.000000 0.000000 -0.623156
v 1827.104492 1385.157715 400.000000
vn 0.000000 0.000000 -0.601812
v 1863.423462 1294.004150 400.000000
vn 0.000000 0.000000 -0.581394
v 1889.673950 1199.458252 400.000000
vn 1.094891 0.028201 0.000000
v 2003.323730 1056.128418 700.000000
vn 1.570276 0.040445 0.000000
v 2004.649658 1004.649658 700.000000
vn 0.475385 0.012244 0.000000
v 2004.649658 1004.649658 600.000000
vn 1.094891 -0.028201 0.000000
v 2003.323730 953.170898 600.000000
vn 1.570276 -0.040445 0.000000
v 2003.323730 953.170898 700.000000
vn 0.766741 -0.079257 0.000000
v 1992.737549 850.759033 700.000000
vn 1.562471 -0.161511 0.000000
v 1992.737549 850.759033 600.000000
vn 0.754529 -0.157674 0.000000
v 1971.677368 749.978516 700.000000
vn 1.537583 -0.321310 0.000000
v 1971.677368 749.978516 600.000000
vn 0.734317 -0.234420 0.000000
v 1940.366455 651.897522 700.000000
vn 1.496396 -0.477702 0.000000
v 1940.366455 651.897522 600.000000
vn 0.706322 -0.308681 0.000000
v 1899.136719 557.555847 700.000000
vn 1.439347 -0.629032 0.000000
v 1899.136719 557.555847 600.000000
vn 0.670839 -0.379669 0.000000
v 1848.425171 467.953430 700.000000
vn 1.367041 -0.773693 0.000000
v 1848.425171 467.953430 600.000000
vn 0.628246 -0.446634 0.000000
v 1788.769409 384.040192 700.000000
vn 1.280243 -0.910153 0.000000
v 1788.769409 384.040192 600.000000
vn 0.578993 -0.508863 0.000000
v 1720.801880 306.705475 700.000000
vn 1.179876 -1.036963 0.000000
v 1720.801880 306.705475 600.000000
vn 0.523602 -0.565699 0.000000
v 1645.242798 236.769196 700.000000
vn 1.066999 -1.152785 0.000000
v 1645.242798 236.769196 600.000000
vn 0.462662 -0.616538 0.000000
v 1562.893433 174.972656 700.000000
vn 0.942815 -1.256384 0.000000
v 1562.893433 174.972656 600.000000
vn 0.396816 -0.660841 0.000000
v 1474.626343 121.970833 700.000000
vn 0.808634 -1.346667 0.000000
v 1474.626343 121.970833 600.000000
vn 0.326765 -0.698140 0.000000
v 1381.377563 78.325691 700.000000
vn 0.665883 -1.422674 0.000000
v 1381.377563 78.325691 600.000000
vn 0.253249 -0.728038 0.000000
v 1284.135254 44.499756 700.000000
vn 0.516073 -1.483600 0.000000
v 1284.135254 44.499756 600.000000
vn 0.177050 -0.750219 0.000000
v 1183.930420 20.851671 700.000000
vn 0.360793 -1.528800 0.000000
v 1183.930420 20.851671 600.000000
vn 0.098973 -0.764447 0.000000
v 1081.825073 7.632136 700.000000
vn 0.201687 -1.557795 0.000000
v 1081.825073 7.632136 600.000000
vn 0.019847 -0.770572 0.000000
v 978.901733 4.981160 700.000000
vn 0.040445 -1.570276 0.000000
v 978.901733 4.981160 600.000000
vn -0.059489 -0.768528 0.000000
v 876.251282 12.926936 700.000000
vn -0.121227 -1.566112 0.000000
v 876.251282 12.926936 600.000000
vn -0.138195 -0.758338 0.000000
v 774.961914 31.385242 700.000000
vn -0.281614 -1.545346 0.000000
v 774.961914 31.385242 600.000000
vn -0.215435 -0.740109 0.000000
v 676.107239 60.160400 700.000000
vn -0.439015 -1.508200 0.000000
v 676.107239 60.160400 600.000000
vn -0.290392 -0.714035 0.000000
v 580.735229 98.947403 700.000000
vn -0.591763 -1.455066 0.000000
v 580.735229 98.947403 600.000000
vn -0.362271 -0.680393 0.000000
v 489.856842 147.334991 700.000000
vn -0.738237 -1.386509 0.000000
v 489.856842 147.334991 600.000000
vn -0.430309 -0.639538 0.000000
v 404.435333 204.810379 700.000000
vn -0.876887 -1.303254 0.000000
v 404.435333 204.810379 600.000000
vn -0.493787 -0.591903 0.000000
v 325.376282 270.764282 700.000000
vn -1.006242 -1.206184 0.000000
v 325.376282 270.764282 600.000000
vn -0.552029 -0.537994 0.000000
v 253.517685 344.497498 700.000000
vn -1.124929 -1.096328 0.000000
v 253.517685 344.497498 600.000000
vn -0.604421 -0.478382 0.000000
v 189.621323 425.228546 700.000000
vn -1.231693 -0.974850 0.000000
v 189.621323 425.228546 600.000000
vn -0.650405 -0.413700 0.000000
v 134.364426 512.101563 700.000000
vn -1.325400 -0.843040 0.000000
v 134.364426 512.101563 600.000000
vn -0.689495 -0.344632 0.000000
v 88.332710 604.195740 700.000000
vn -1.405057 -0.702294 0.000000
v 88.332710 604.195740 600.000000
vn -0.721276 -0.271911 0.000000
v 52.014233 700.534790 700.000000
vn -1.469821 -0.554102 0.000000
v 52.014233 700.534790 600.000000
vn -0.745411 -0.196307 0.000000
v 25.793970 800.097595 700.000000
vn -1.519004 -0.400036 0.000000
v 25.793970 800.097595 600.000000
vn -0.761645 -0.118623 0.000000
v 9.949743 901.828613 700.000000
vn -1.552085 -0.241731 0.000000
v 9.949743 901.828613 600.000000
vn -0.769805 -0.039681 0.000000
v 4.649639 1004.649658 700.000000
vn -1.568714 -0.080862 0.000000
v 4.649639 1004.649658 600.000000
vn -0.769805 0.039681 0.000000
v 9.949743 1107.470581 700.000000
vn -1.568714 0.080862 0.000000
v 9.949743 1107.470581 600.000000
vn -0.761645 0.118623 0.000000
v 25.793970 1209.201660 700.000000
vn -1.552085 0.241731 0.000000
v 25.793970 1209.201660 600.000000
vn -0.745411 0.196307 0.000000
v 52.014233 1308.764404 700.000000
vn -1.519004 0.400036 0.000000
v 52.014233 1308.764404 600.000000
vn -0.721276 0.271911 0.000000
v 88.332710 1405.103516 700.000000
vn -1.469821 0.554101 0.000000
v 88.332710 1405.103516 600.000000
vn -0.689495 0.344632 0.000000
v 134.364426 1497.197754 700.000000
vn -1.405057 0.702293 0.000000
v 134.364426 1497.197754 600.000000
vn -0.650405 0.413700 0.000000
v 189.621323 1584.070801 700.000000
vn -1.325400 0.843040 0.000000
v 189.621323 1584.070801 600.000000
vn -0.604421 0.478383 0.000000
v 253.517685 1664.801758 700.000000
vn -1.231693 0.974851 0.000000
v 253.517685 1664.801758 600.000000
vn -0.552030 0.537994 0.000000
v 325.376282 1738.535034 700.000000
vn -1.124929 1.096328 0.000000
v 325.376282 1738.535034 600.000000
vn -0.493787 0.591903 0.000000
v 404.435333 1804.488892 700.000000
vn -1.006241 1.206184 0.000000
v 404.435333 1804.488892 600.000000
vn -0.430309 0.639538 0.000000
v 489.856842 1861.964233 700.000000
vn -0.876887 1.303254 0.000000
v 489.856842 1861.964233 600.000000
vn -0.362271 0.680393 0.000000
v 580.735229 1910.351929 700.000000
vn -0.738239 1.386508 0.000000
v 580.735229 1910.351929 600.000000
vn -0.290392 0.714036 0.000000
v 676.107239 1949.138916 700.000000
vn -0.591763 1.455066 0.000000
v 676.107239 1949.138916 600.000000
vn -0.215435 0.740109 0.000000
v 774.961914 1977.914063 700.000000
vn -0.439015 1.508200 0.000000
v 774.961914 1977.914063 600.000000
vn -0.138194 0.758338 0.000000
v 876.251282 1996.372314 700.000000
vn -0.281613 1.545346 0.000000
v 876.251282 1996.372314 600.000000
vn -0.059489 0.768528 0.000000
v 978.901733 2004.318115 700.000000
vn -0.121227 1.566111 0.000000
v 978.901733 2004.318115 600.000000
vn 0.019848 0.770572 0.000000
v 1081.825073 2001.667114 700.000000
vn 0.040446 1.570276 0.000000
v 1081.825073 2001.667114 600.000000
vn 0.098972 0.764447 0.000000
v 1183.930420 1988.447632 700.000000
vn 0.201686 1.557795 0.000000
v 1183.930420 1988.447632 600.000000
vn 0.177050 0.750219 0.000000
v 1284.135254 1964.799561 700.000000
vn 0.360793 1.528800 0.000000
v 1284.135254 1964.799561 600.000000
vn 0.253249 0.728038 0.000000
v 1381.377563 1930.973633 700.000000
vn 0.516073 1.483600 0.000000
v 1381.377563 1930.973633 600.000000
vn 0.326765 0.698140 0.000000
v 1474.626343 1887.328491 700.000000
vn 0.665883 1.422674 0.000000
v 1474.626343 1887.328491 600.000000
vn 0.396816 0.660841 0.000000
v 1562.893433 1834.326660 700.000000
vn 0.808634 1.346667 0.000000
v 1562.893433 1834.326660 600.000000
vn 0.462662 0.616537 0.000000
v 1645.242798 1772.530029 700.000000
vn 0.942816 1.256384 0.000000
v 1645.242798 1772.530029 600.000000
vn 0.523602 0.565699 0.000000
v 1720.801880 1702.593750 700.000000
vn 1.066999 1.152785 0.000000
v 1720.801880 1702.593750 600.000000
vn 0.578993 0.508863 0.000000
v 1788.769409 1625.259155 700.000000
vn 1.179875 1.036964 0.000000
v 1788.769409 1625.259155 600.000000
vn 0.628246 0.446633 0.000000
v 1848.425171 1541.345825 700.000000
vn 1.280244 0.910152 0.000000
v 1848.425171 1541.345825 600.000000
vn 0.670839 0.379669 0.000000
v 1899.136719 1451.743408 700.000000
vn 1.367041 0.773693 0.000000
v 1899.136719 1451.743408 600.000000
vn 0.706322 0.308681 0.000000
v 1940.366455 1357.401733 700.000000
vn 1.439347 0.629032 0.000000
v 1940.366455 1357.401733 600.000000
vn 0.734317 0.234420 0.000000
v 1971.677368 1259.320801 700.000000
vn 1.496396 0.477703 0.000000
v 1971.677368 1259.320801 600.000000
vn 0.754528 0.157674 0.000000
v 1992.737549 1158.540161 700.000000
vn 1.537583 0.321309 0.000000
v 1992.737549 1158.540161 600.000000
vn 1.562471 0.161511 0.000000
v 2003.323730 1056.128418 600.000000
vn 0.000000 0.000000 1.116953
v 1910.860718 1004.649658 700.000000
vn 0.000000 0.000000 1.072709
v 1905.548340 906.671021 700.000000
vn 0.000000 0.000000 1.072709
v 1905.548340 1102.628296 700.000000
vn 0.000000 0.000000 1.030368
v 1889.673950 1199.458252 700.000000
vn 0.000000 0.000000 0.989914
v 1863.423462 1294.004150 700.000000
vn 0.000000 0.000000 0.951314
v 1827.104492 1385.157715 700.000000
vn 0.000000 0.000000 0.914523
v 1781.143066 1471.850220 700.000000
vn 0.000000 0.000000 0.879481
v 1726.078003 1553.065186 700.000000
vn 0.000000 0.000000 0.846117
v 1662.554688 1627.850464 700.000000
vn 0.000000 0.000000 0.814361
v 1591.318237 1695.329346 700.000000
vn 0.000000 0.000000 0.784130
v 1513.203613 1754.710571 700.000000
vn 0.000000 0.000000 0.755349
v 1429.126587 1805.297974 700.000000
vn 0.000000 0.000000 0.727939
v 1340.072876 1846.498535 700.000000
vn 0.000000 0.000000 0.701822
v 1247.086792 1877.829224 700.000000
vn 0.000000 0.000000 0.676923
v 1151.258301 1898.922729 700.000000
vn 0.000000 0.000000 0.653167
v 1053.710938 1909.531616 700.000000
vn 0.000000 0.000000 0.630488
v 955.588379 1909.531616 700.000000
vn 0.000000 0.000000 0.608821
v 858.041016 1898.922729 700.000000
vn 0.000000 0.000000 0.588100
v 762.212524 1877.829224 700.000000
vn 0.000000 0.000000 0.568271
v 669.226379 1846.498535 700.000000
vn 0.000000 0.000000 0.549276
v 580.172729 1805.297974 700.000000
vn 0.000000 0.000000 1.132119
v 580.172729 204.001312 700.000000
vn 0.000000 0.000000 1.058385
v 669.226379 162.800735 700.000000
vn 0.000000 0.000000 1.016675
v 762.212524 131.470032 700.000000
vn 0.000000 0.000000 0.976843
v 858.041016 110.376595 700.000000
vn 0.000000 0.000000 0.938853
v 955.588379 99.767685 700.000000
vn 0.000000 0.000000 0.902652
v 1053.710938 99.767685 700.000000
vn 0.000000 0.000000 0.868176
v 1151.258301 110.376595 700.000000
vn 0.000000 0.000000 0.835358
v 1247.086792 131.470032 700.000000
vn 0.000000 0.000000 0.804118
v 1340.072876 162.800735 700.000000
vn 0.000000 0.000000 0.774380
v 1429.126587 204.001312 700.000000
vn 0.000000 0.000000 0.746064
v 1513.203613 254.588730 700.000000
vn 0.000000 0.000000 0.719094
v 1591.318237 313.969971 700.000000
vn 0.000000 0.000000 0.693390
v 1662.554688 381.448792 700.000000
vn 0.000000 0.000000 0.668880
v 1726.078003 456.234100 700.000000
vn 0.000000 0.000000 0.645491
v 1781.143066 537.449036 700.000000
vn 0.000000 0.000000 0.623156
v 1827.104492 624.141541 700.000000
vn 0.000000 0.000000 0.601812
v 1863.423462 715.295105 700.000000
vn 0.000000 0.000000 0.581394
v 1889.673950 809.841064 700.000000
vn 0.000000 0.000000 1.087247
v 496.095703 1754.710571 700.000000
vn 0.000000 0.000000 1.044271
v 417.981018 1695.329346 700.000000
vn 0.000000 0.000000 1.003189
v 346.744537 1627.850464 700.000000
vn 0.000000 0.000000 0.963977
v 283.221313 1553.065186 700.000000
vn 0.000000 0.000000 0.926589
v 228.156204 1471.850220 700.000000
vn 0.000000 0.000000 0.890971
v 182.194763 1385.157715 700.000000
vn 0.000000 0.000000 0.857057
v 145.875870 1294.004150 700.000000
vn 0.000000 0.000000 0.824773
v 119.625328 1199.458252 700.000000
vn 0.000000 0.000000 0.794042
v 103.750885 1102.628296 700.000000
vn 0.000000 0.000000 0.764788
v 98.438622 1004.649658 700.000000
vn 0.000000 0.000000 0.736929
v 103.750885 906.671021 700.000000
vn 0.000000 0.000000 0.710389
v 119.625328 809.841064 700.000000
vn 0.000000 0.000000 0.685091
v 145.875870 715.295105 700.000000
vn 0.000000 0.000000 0.660963
v 182.194763 624.141541 700.000000
vn 0.000000 0.000000 0.637933
v 228.156204 537.449036 700.000000
vn 0.000000 0.000000 0.615935
v 283.221313 456.234100 700.000000
vn 0.000000 0.000000 0.594905
v 346.744537 381.448792 700.000000
vn 0.000000 0.000000 0.574785
v 417.981018 313.969971 700.000000
vn 0.000000 0.000000 0.555517
v 496.095703 254.588730 700.000000
vn 0.000000 0.000000 -1.116953
v 1910.860718 1004.649658 600.000000
vn 0.000000 0.000000 -1.072709
v 1905.548340 1102.628296 600.000000
vn 0.000000 0.000000 -1.101994
v 580.172729 204.001312 600.000000
vn 0.000000 0.000000 -1.087247
v 496.095703 254.588730 600.000000
vn 0.000000 0.000000 -1.044271
v 417.981018 313.969971 600.000000
vn 0.000000 0.000000 -1.003190
v 346.744537 381.448792 600.000000
vn 0.000000 0.000000 -0.963977
v 283.221313 456.234100 600.000000
vn 0.000000 0.000000 -0.926589
v 228.156204 537.449036 600.000000
vn 0.000000 0.000000 -0.890971
v 182.194763 624.141541 600.000000
vn 0.000000 0.000000 -0.857057
v 145.875870 715.295105 600.000000
vn 0.000000 0.000000 -0.824772
v 119.625328 809.841064 600.000000
vn 0.000000 0.000000 -0.794042
v 103.750885 906.671021 600.000000
vn 0.000000 0.000000 -0.764787
v 98.438622 1004.649658 600.000000
vn 0.000000 0.000000 -0.736929
v 103.750885 1102.628296 600.000000
vn 0.000000 0.000000 -0.710388
v 119.625328 1199.458252 600.000000
vn 0.000000 0.000000 -0.685091
v 145.875870 1294.004150 600.000000
vn 0.000000 0.000000 -0.660962
v 182.194763 1385.157715 600.000000
vn 0.000000 0.000000 -0.637933
v 228.156204 1471.850220 600.000000
vn 0.000000 0.000000 -0.615935
v 283.221313 1553.065186 600.000000
vn 0.000000 0.000000 -0.594906
v 346.744537 1627.850464 600.000000
vn 0.000000 0.000000 -0.574786
v 417.981018 1695.329346 600.000000
vn 0.000000 0.000000 -0.555517
v 496.095703 1754.710571 600.000000
vn 0.000000 0.000000 -0.537049
v 580.172729 1805.297974 600.000000
vn 0.000000 0.000000 -1.072709
v 1905.548340 906.671021 600.000000
vn 0.000000 0.000000 -1.030369
v 1889.673950 809.841064 600.000000
vn 0.000000 0.000000 -0.989914
v 1863.423462 715.295105 600.000000
vn 0.000000 0.000000 -0.951314
v 1827.104492 624.141541 600.000000
vn 0.000000 0.000000 -0.914523
v 1781.143066 537.449036 600.000000
vn 0.000000 0.000000 -0.879481
v 1726.078003 456.234100 600.000000
vn 0.000000 0.000000 -0.846117
v 1662.554688 381.448792 600.000000
vn 0.000000 0.000000 -0.814361
v 1591.318237 313.969971 600.000000
vn 0.000000 0.000000 -0.784131
v 1513.203613 254.588730 600.000000
vn 0.000000 0.000000 -0.755349
v 1429.126587 204.001312 600.000000
vn 0.000000 0.000000 -0.727939
v 1340.072876 162.800735 600.000000
vn 0.000000 0.000000 -0.701822
v 1247.086792 131.470032 600.000000
vn 0.000000 0.000000 -0.676922
v 1151.258301 110.376595 600.000000
vn 0.000000 0.000000 -0.653167
v 1053.710938 99.767685 600.000000
vn 0.000000 0.000000 -0.630489
v 955.588379 99.767685 600.000000
vn 0.000000 0.000000 -0.608821
v 858.041016 110.376595 600.000000
vn 0.000000 0.000000 -0.588101
v 762.212524 131.470032 600.000000
vn 0.000000 0.000000 -0.568271
v 669.226379 162.800735 600.000000
vn 0.000000 0.000000 -1.058385
v 669.226379 1846.498535 600.000000
vn 0.000000 0.000000 -1.016675
v 762.212524 1877.829224 600.000000
vn 0.000000 0.000000 -0.976844
v 858.041016 1898.922729 600.000000
vn 0.000000 0.000000 -0.938852
v 955.588379 1909.531616 600.000000
vn 0.000000 0.000000 -0.902651
v 1053.710938 1909.531616 600.000000
vn 0.000000 0.000000 -0.868176
v 1151.258301 1898.922729 600.000000
vn 0.000000 0.000000 -0.835357
v 1247.086792 1877.829224 600.000000
vn 0.000000 0.000000 -0.804118
v 1340.072876 1846.498535 600.000000
vn 0.000000 0.000000 -0.774381
v 1429.126587 1805.297974 600.000000
vn 0.000000 0.000000 -0.746064
v 1513.203613 1754.710571 600.000000
vn 0.000000 0.000000 -0.719094
v 1591.318237 1695.329346 600.000000
vn 0.000000 0.000000 -0.693389
v 1662.554688 1627.850464 600.000000
vn 0.000000 0.000000 -0.668881
v 1726.078003 1553.065186 600.000000
vn 0.000000 0.000000 -0.645490
v 1781.143066 1471.850220 600.000000
vn 0.000000 0.000000 -0.623156
v 1827.104492 1385.157715 600.000000
vn 0.000000 0.000000 -0.601812
v 1863.423462 1294.004150 600.000000
vn 0.000000 0.000000 -0.581394
v 1889.673950 1199.458252 600.000000
vn 1.094891 0.028201 0.000000
v 2003.323730 1056.128418 900.000000
vn 1.570276 0.040445 0.000000
v 2004.649658 1004.649658 900.000000
vn 0.475385 0.012244 0.000000
v 2004.649658 1004.649658 800.000000
vn 1.094891 -0.028201 0.000000
v 2003.323730 953.170898 800.000000
vn 1.570276 -0.040445 0.000000
v 2003.323730 953.170898 900.000000
vn 0.766741 -0.079257 0.000000
v 1992.737549 850.759033 900.000000
vn 1.562471 -0.161511 0.000000
v 1992.737549 850.759033 800.000000
vn 0.754529 -0.157674 0.000000
v 1971.677368 749.978516 900.000000
vn 1.537583 -0.321310 0.000000
v 1971.677368 749.978516 800.000000
vn 0.734317 -0.234420 0.000000
v 1940.366455 651.897522 900.000000
vn 1.496396 -0.477702 0.000000
v 1940.366455 651.897522 800.000000
vn 0.706322 -0.308681 0.000000
v 1899.136719 557.555847 900.000000
vn 1.439347 -0.629032 0.000000
v 1899.136719 557.555847 800.000000
vn 0.670839 -0.379669 0.000000
v 1848.425171 467.953430 900.000000
vn 1.367041 -0.773693 0.000000
v 1848.425171 467.953430 800.000000
vn 0.628246 -0.446634 0.000000
v 1788.769409 384.040192 900.000000
vn 1.280243 -0.910153 0.000000
v 1788.769409 384.040192 800.000000
vn 0.578993 -0.508863 0.000000
v 1720.801880 306.705475 900.000000
vn 1.179876 -1.036963 0.000000
v 1720.801880 306.705475 800.000000
vn 0.523602 -0.565699 0.000000
v 1645.242798 236.769196 900.000000
vn 1.066999 -1.152785 0.000000
v 1645.242798 236.769196 800.000000
vn 0.462662 -0.616538 0.000000
v 1562.893433 174.972656 900.000000
vn 0.942815 -1.256384 0.000000
v 1562.893433 174.972656 800.000000
vn 0.396816 -0.660841 0.000000
v 1474.626343 121.970833 900.000000
vn 0.808634 -1.346667 0.000000
v 1474.626343 121.970833 800.000000
vn 0.326765 -0.698140 0.000000
v 1381.377563 78.325691 900.000000
vn 0.665883 -1.422674 0.000000
v 1381.377563 78.325691 800.000000
vn 0.253249 -0.728038 0.000000
v 1284.135254 44.499756 900.000000
vn 0.516073 -1.483600 0.000000
v 1284.135254 44.499756 800.000000
vn 0.177050 -0.750219 0.000000
v 1183.930420 20.851671 900.000000
vn 0.360793 -1.528800 0.000000
v 1183.930420 20.851671 800.000000
vn 0.098973 -0.764447 0.000000
v 1081.825073 7.632136 900.000000
vn 0.201687 -1.557795 0.000000
v 1081.825073 7.632136 800.000000
vn 0.019847 -0.770572 0.000000
v 978.901733 4.981160 900.000000
vn 0.040445 -1.570276 0.000000
v 978.901733 4.981160 800.000000
vn -0.059489 -0.768528 0.000000
v 876.251282 12.926936 900.000000
vn -0.121227 -1.566112 0.000000
v 876.251282 12.926936 800.000000
vn -0.138195 -0.758338 0.000000
v 774.961914 31.385242 900.000000
vn -0.281614 -1.545346 0.000000
v 774.961914 31.385242 800.000000
vn -0.215435 -0.740109 0.000000
v 676.107239 60.160400 900.000000
vn -0.439015 -1.508200 0.000000
v 676.107239 60.160400 800.000000
vn -0.290392 -0.714035 0.000000
v 580.735229 98.947403 900.000000
vn -0.591763 -1.455066 0.000000
v 580.735229 98.947403 800.000000
vn -0.362271 -0.680393 0.000000
v 489.856842 147.334991 900.000000
vn -0.738237 -1.386509 0.000000
v 489.856842 147.334991 800.000000
vn -0.430309 -0.639538 0.000000
v 404.435333 204.810379 900.000000
vn -0.876887 -1.303254 0.000000
v 404.435333 204.810379 800.000000
vn -0.493787 -0.591903 0.000000
v 325.376282 270.764282 900.000000
vn -1.006242 -1.206184 0.000000
v 325.376282 270.764282 800.000000
vn -0.552029 -0.537994 0.000000
v 253.517685 344.497498 900.000000
vn -1.124929 -1.096328 0.000000
v 253.517685 344.497498 800.000000
vn -0.604421 -0.478382 0.000000
v 189.621323 425.228546 900.000000
vn -1.231693 -0.974850 0.000000
v 189.621323 425.228546 800.000000
vn -0.650405 -0.413700 0.000000
v 134.364426 512.101563 900.000000
vn -1.325400 -0.843040 0.000000
v 134.364426 512.101563 800.000000
vn -0.689495 -0.344632 0.000000
v 88.332710 604.195740 900.000000
vn -1.405057 -0.702294 0.000000
v 88.332710 604.195740 800.000000
vn -0.721276 -0.271911 0.000000
v 52.014233 700.534790 900.000000
vn -1.469821 -0.554102 0.000000
v 52.014233 700.534790 800.000000
vn -0.745411 -0.196307 0.000000
v 25.793970 800.097595 900.000000
vn -1.519004 -0.400036 0.000000
v 25.793970 800.097595 800.000000
vn -0.761645 -0.118623 0.000000
v 9.949743 901.828613 900.000000
vn -1.552085 -0.241731 0.000000
v 9.949743 901.828613 800.000000
vn -0.769805 -0.039681 0.000000
v 4.649639 1004.649658 900.000000
vn -1.568714 -0.080862 0.000000
v 4.649639 1004.649658 800.000000
vn -0.769805 0.039681 0.000000
v 9.949743 1107.470581 900.000000
vn -1.568714 0.080862 0.000000
v 9.949743 1107.470581 800.000000
vn -0.761645 0.118623 0.000000
v 25.793970 1209.201660 900.000000
vn -1.552085 0.241731 0.000000
v 25.793970 1209.201660 800.000000
vn -0.745411 0.196307 0.000000
v 52.014233 1308.764404 900.000000
vn -1.519004 0.400036 0.000000
v 52.014233 1308.764404 800.000000
vn -0.721276 0.271911 0.000000
v 88.332710 1405.103516 900.000000
vn -1.469821 0.554101 0.000000
v 88.332710 1405.103516 800.000000
vn -0.689495 0.344632 0.000000
v 134.364426 1497.197754 900.000000
vn -1.405057 0.702293 0.000000
v 134.364426 1497.197754 800.000000
vn -0.650405 0.413700 0.000000
v 189.621323 1584.070801 900.000000
vn -1.325400 0.843040 0.000000
v 189.621323 1584.070801 800.000000
vn -0.604421 0.478383 0.000000
v 253.517685 1664.801758 900.000000
vn -1.231693 0.974851 0.000000
v 253.517685 1664.801758 800.000000
vn -0.552030 0.537994 0.000000
v 325.376282 1738.535034 900.000000
vn -1.124929 1.096328 0.000000
v 325.376282 1738.535034 800.000000
vn -0.493787 0.591903 0.000000
v 404.435333 1804.488892 900.000000
vn -1.006241 1.206184 0.000000
v 404.435333 1804.488892 800.000000
vn -0.430309 0.639538 0.000000
v 489.856842 1861.964233 900.000000
vn -0.876887 1.303254 0.000000
v 489.856842 1861.964233 800.000000
vn -0.362271 0.680393 0.000000
v 580.735229 1910.351929 900.000000
vn -0.738239 1.386508 0.000000
v 580.735229 1910.351929 800.000000
vn -0.290392 0.714036 0.000000
v 676.107239 1949.138916 900.000000
vn -0.591763 1.455066 0.000000
v 676.107239 1949.138916 800.000000
vn -0.215435 0.740109 0.000000
v 774.961914 1977.914063 900.000000
vn -0.439015 1.508200 0.000000
v 774.961914 1977.914063 800.000000
vn -0.138194 0.758338 0.000000
v 876.251282 1996.372314 900.000000
vn -0.281613 1.545346 0.000000
v 876.251282 1996.372314 800.000000
vn -0.059489 0.768528 0.000000
v 978.901733 2004.318115 900.000000
vn -0.121227 1.566111 0.000000
v 978.901733 2004.318115 800.000000
vn 0.019848 0.770572 0.000000
v 1081.825073 2001.667114 900.000000
vn 0.040446 1.570276 0.000000
v 1081.825073 2001.667114 800.000000
vn 0.098972 0.764447 0.000000
v 1183.930420 1988.447632 900.000000
vn 0.201686 1.557795 0.000000
v 1183.930420 1988.447632 800.000000
vn 0.177050 0.750219 0.000000
v 1284.135254 1964.799561 900.000000
vn 0.360793 1.528800 0.000000
v 1284.135254 1964.799561 800.000000
vn 0.253249 0.728038 0.000000
v 1381.377563 1930.973633 900.000000
vn 0.516073 1.483600 0.000000
v 1381.377563 1930.973633 800.000000
vn 0.326765 0.698140 0.000000
v 1474.626343 1887.328491 900.000000
vn 0.665883 1.422674 0.000000
v 1474.626343 1887.328491 800.000000
vn 0.396816 0.660841 0.000000
v 1562.893433 1834.326660 900.000000
vn 0.808634 1.346667 0.000000
v 1562.893433 1834.326660 800.000000
vn 0.462662 0.616537 0.000000
v 1645.242798 1772.530029 900.000000
vn 0.942816 1.256384 0.000000
v 1645.242798 1772.530029 800.000000
vn 0.523602 0.565699 0.000000
v 1720.801880 1702.593750 900.000000
vn 1.066999 1.152785 0.000000
v 1720.801880 1702.593750 800.000000
vn 0.578993 0.508863 0.000000
v 1788.769409 1625.259155 900.000000
vn 1.179875 1.036964 0.000000
v 1788.769409 1625.259155 800.000000
vn 0.628246 0.446633 0.000000
v 1848.425171 1541.345825 900.000000
vn 1.280244 0.910152 0.000000
v 1848.425171 1541.345825 800.000000
vn 0.670839 0.379669 0.000000
v 1899.136719 1451.743408 900.000000
vn 1.367041 0.773693 0.000000
v 1899.136719 1451.743408 800.000000
vn 0.706322 0.308681 0.000000
v 1940.366455 1357.401733 900.000000
vn 1.439347 0.629032 0.000000
v 1940.366455 1357.401733 800.000000
vn 0.734317 0.234420 0.000000
v 1971.677368 1259.320801 900.000000
vn 1.496396 0.477703 0.000000
v 1971.677368 1259.320801 800.000000
vn 0.754528 0.157674 0.000000
v 1992.737549 1158.540161 900.000000
vn 1.537583 0.321309 0.000000
v 1992.737549 1158.540161 800.000000
vn 1.562471 0.161511 0.000000
v 2003.323730 1056.128418 800.000000
vn 0.000000 0.000000 1.116953
v 1910.860718 1004.649658 900.000000
vn 0.000000 0.000000 1.072709
v 1905.548340 906.671021 900.000000
vn 0.000000 0.000000 1.072709
v 1905.548340 1102.628296 900.000000
vn 0.000000 0.000000 1.030368
v 1889.673950 1199.458252 900.000000
vn 0.000000 0.000000 0.989914
v 1863.423462 1294.004150 900.000000
vn 0.000000 0.000000 0.951314
v 1827.104492 1385.157715 900.000000
vn 0.000000 0.000000 0.914523
v 1781.143066 1471.850220 900.000000
vn 0.000000 0.000000 0.879481
v 1726.078003 1553.065186 900.000000
vn 0.000000 0.000000 0.846117
v 1662.554688 1627.850464 900.000000
vn 0.000000 0.000000 0.814361
v 1591.318237 1695.329346 900.000000
vn 0.000000 0.000000 0.784130
v 1513.203613 1754.710571 900.000000
vn 0.000000 0.000000 0.755349
v 1429.126587 1805.297974 900.000000
vn 0.000000 0.000000 0.727939
v 1340.072876 1846.498535 900.000000
vn 0.000000 0.000000 0.701822
v 1247.086792 1877.829224 900.000000
vn 0.000000 0.000000 0.676923
v 1151.258301 1898.922729 900.000000
vn 0.000000 0.000000 0.653167
v 1053.710938 1909.531616 900.000000
vn 0.000000 0.000000 0.630488
v 955.588379 1909.531616 900.000000
vn 0.000000 0.000000 0.608821
v 858.041016 1898.922729 900.000000
vn 0.000000 0.000000 0.588100
v 762.212524 1877.829224 900.000000
vn 0.000000 0.000000 0.568271
v 669.226379 1846.498535 900.000000
vn 0.000000 0.000000 0.549276
v 580.172729 1805.297974 900.000000
vn 0.000000 0.000000 1.132119
v 580.172729 204.001312 900.000000
vn 0.000000 0.000000 1.058385
v 669.226379 162.800735 900.000000
vn 0.000000 0.000000 1.016675
v 762.212524 131.470032 900.000000
vn 0.000000 0.000000 0.976843
v 858.041016 110.376595 900.000000
vn 0.000000 0.000000 0.938853
v 955.588379 99.767685 900.000000
vn 0.000000 0.000000 0.902652
v 1053.710938 99.767685 900.000000
vn 0.000000 0.000000 0.868176
v 1151.258301 110.376595 900.000000
vn 0.000000 0.000000 0.835358
v 1247.086792 131.470032 900.000000
vn 0.000000 0.000000 0.804118
v 1340.072876 162.800735 900.000000
vn 0.000000 0.000000 0.774380
v 1429.126587 204.001312 900.000000
vn 0.000000 0.000000 0.746064
v 1513.203613 254.588730 900.000000
vn 0.000000 0.000000 0.719094
v 1591.318237 313.969971 900.000000
vn 0.000000 0.000000 0.693390
v 1662.554688 381.448792 900.000000
vn 0.000000 0.000000 0.668880
v 1726.078003 456.234100 900.000000
vn 0.000000 0.000000 0.645491
v 1781.143066 537.449036 900.000000
vn 0.000000 0.000000 0.623156
v 1827.104492 624.141541 900.000000
vn 0.000000 0.000000 0.601812
v 1863.423462 715.295105 900.000000
vn 0.000000 0.000000 0.581394
v 1889.673950 809.841064 900.000000
vn 0.000000 0.000000 1.087247
v 496.095703 1754.710571 900.000000
vn 0.000000 0.000000 1.044271
v 417.981018 1695.329346 900.000000
vn 0.000000 0.000000 1.003189
v 346.744537 1627.850464 900.000000
vn 0.000000 0.000000 0.963977
v 283.221313 1553.065186 900.000000
vn 0.000000 0.000000 0.926589
v 228.156204 1471.850220 900.000000
vn 0.000000 0.000000 0.890971
v 182.194763 1385.157715 900.000000
vn 0.000000 0.000000 0.857057
v 145.875870 1294.004150 900.000000
vn 0.000000 0.000000 0.824773
v 119.625328 1199.458252 900.000000
vn 0.000000 0.000000 0.794042
v 103.750885 1102.628296 900.000000
vn 0.000000 0.000000 0.764788
v 98.438622 1004.649658 900.000000
vn 0.000000 0.000000 0.736929
v 103.750885 906.671021 900.000000
vn 0.000000 0.000000 0.710389
v 119.625328 809.841064 900.000000
vn 0.000000 0.000000 0.685091
v 145.875870 715.295105 900.000000
vn 0.000000 0.000000 0.660963
v 182.194763 624.141541 900.000000
vn 0.000000 0.000000 0.637933
v 228.156204 537.449036 900.000000
vn 0.000000 0.000000 0.615935
v 283.221313 456.234100 900.000000
vn 0.000000 0.000000 0.594905
v 346.744537 381.448792 900.000000
vn 0.000000 0.000000 0.574785
v 417.981018 313.969971 900.000000
vn 0.000000 0.000000 0.555517
v 496.095703 254.588730 900.000000
vn 0.000000 0.000000 -1.116953
v 1910.860718 1004.649658 800.000000
vn 0.000000 0.000000 -1.072709
v 1905.548340 1102.628296 800.000000
vn 0.000000 0.000000 -1.101994
v 580.172729 204.001312 800.000000
vn 0.000000 0.000000 -1.087247
v 496.095703 254.588730 800.000000
vn 0.000000 0.000000 -1.044271
v 417.981018 313.969971 800.000000
vn 0.000000 0.000000 -1.003190
v 346.744537 381.448792 800.000000
vn 0.000000 0.000000 -0.963977
v 283.221313 456.234100 800.000000
vn 0.000000 0.000000 -0.926589
v 228.156204 537.449036 800.000000
vn 0.000000 0.000000 -0.890971
v 182.194763 624.141541 800.000000
vn 0.000000 0.000000 -0.857057
v 145.875870 715.295105 800.000000
vn 0.000000 0.000000 -0.824772
v 119.625328 809.841064 800.000000
vn 0.000000 0.000000 -0.794042
v 103.750885 906.671021 800.000000
vn 0.000000 0.000000 -0.764787
v 98.438622 1004.649658 800.000000
vn 0.000000 0.000000 -0.736929
v 103.750885 1102.628296 800.000000
vn 0.000000 0.000000 -0.710388
v 119.625328 1199.458252 800.000000
vn 0.000000 0.000000 -0.685091
v 145.875870 1294.004150 800.000000
vn 0.000000 0.000000 -0.660962
v 182.194763 1385.157715 800.000000
vn 0.000000 0.000000 -0.637933
v 228.156204 1471.850220 800.000000
vn 0.000000 0.000000 -0.615935
v 283.221313 1553.065186 800.000000
vn 0.000000 0.000000 -0.594906
v 346.744537 1627.850464 800.000000
vn 0.000000 0.000000 -0.574786
v 417.981018 1695.329346 800.000000
vn 0.000000 0.000000 -0.555517
v 496.095703 1754.710571 800.000000
vn 0.000000 0.000000 -0.537049
v 580.172729 1805.297974 800.000000
vn 0.000000 0.000000 -1.072709
v 1905.548340 906.671021 800.000000
vn 0.000000 0.000000 -1.030369
v 1889.673950 809.841064 800.000000
vn 0.000000 0.000000 -0.989914
v 1863.423462 715.295105 800.000000
vn 0.000000 0.000000 -0.951314
v 1827.104492 624.141541 800.000000
vn 0.000000 0.000000 -0.914523
v 1781.143066 537.449036 800.000000
vn 0.000000 0.000000 -0.879481
v 1726.078003 456.234100 800.000000
vn 0.000000 0.000000 -0.846117
v 1662.554688 381.448792 800.000000
vn 0.000000 0.000000 -0.814361
v 1591.318237 313.969971 800.000000
vn 0.000000 0.000000 -0.784131
v 1513.203613 254.588730 800.000000
vn 0.000000 0.000000 -0.755349
v 1429.126587 204.001312 800.000000
vn 0.000000 0.000000 -0.727939
v 1340.072876 162.800735 800.000000
vn 0.000000 0.000000 -0.701822
v 1247.086792 131.470032 800.000000
vn 0.000000 0.000000 -0.676922
v 1151.258301 110.376595 800.000000
vn 0.000000 0.000000 -0.653167
v 1053.710938 99.767685 800.000000
vn 0.000000 0.000000 -0.630489
v 955.588379 99.767685 800.000000
vn 0.000000 0.000000 -0.608821
v 858.041016 110.376595 800.000000
vn 0.000000 0.000000 -0.588101
v 762.212524 131.470032 800.000000
vn 0.000000 0.000000 -0.568271
v 669.226379 162.800735 800.000000
vn 0.000000 0.000000 -1.058385
v 669.226379 1846.498535 800.000000
vn 0.000000 0.000000 -1.016675
v 762.212524 1877.829224 800.000000
vn 0.000000 0.000000 -0.976844
v 858.041016 1898.922729 800.000000
vn 0.000000 0.000000 -0.938852
v 955.588379 1909.531616 800.000000
vn 0.000000 0.000000 -0.902651
v 1053.710938 1909.531616 800.000000
vn 0.000000 0.000000 -0.868176
v 1151.258301 1898.922729 800.000000
vn 0.000000 0.000000 -0.835357
v 1247.086792 1877.829224 800.000000
vn 0.000000 0.000000 -0.804118
v 1340.072876 1846.498535 800.000000
vn 0.000000 0.000000 -0.774381
v 1429.126587 1805.297974 800.000000
vn 0.000000 0.000000 -0.746064
v 1513.203613 1754.710571 800.000000
vn 0.000000 0.000000 -0.719094
v 1591.318237 1695.329346 800.000000
vn 0.000000 0.000000 -0.693389
v 1662.554688 1627.850464 800.000000
vn 0.000000 0.000000 -0.668881
v 1726.078003 1553.065186 800.000000
vn 0.000000 0.000000 -0.645490
v 1781.143066 1471.850220 800.000000
vn 0.000000 0.000000 -0.623156
v 1827.104492 1385.157715 800.000000
vn 0.000000 0.000000 -0.601812
v 1863.423462 1294.004150 800.000000
vn 0.000000 0.000000 -0.581394
v 1889.673950 1199.458252 800.000000
vn 1.093000 0.028151 0.000000
v 2007.967285 1056.367798 1100.000000
vn 1.570276 0.040443 0.000000
v 2009.299316 1004.649658 1100.000000
vn 0.477275 0.012293 0.000000
v 2009.299316 1004.649658 1000.000000
vn 1.093000 -0.028151 0.000000
v 2007.967285 952.931519 1000.000000
vn 1.570276 -0.040443 0.000000
v 2007.967285 952.931519 1100.000000
vn 0.764436 -0.079019 0.000000
v 1997.331787 850.043518 1100.000000
vn 1.562471 -0.161512 0.000000
v 1997.331787 850.043518 1000.000000
vn 0.752260 -0.157200 0.000000
v 1976.173706 748.794434 1100.000000
vn 1.537583 -0.321310 0.000000
v 1976.173706 748.794434 1000.000000
vn 0.732108 -0.233715 0.000000
v 1944.717163 650.257385 1100.000000
vn 1.496396 -0.477703 0.000000
v 1944.717163 650.257385 1000.000000
vn 0.704198 -0.307752 0.000000
v 1903.295776 555.477051 1100.000000
vn 1.439348 -0.629031 0.000000
v 1903.295776 555.477051 1000.000000
vn 0.668822 -0.378528 0.000000
v 1852.348389 465.458038 1100.000000
vn 1.367040 -0.773694 0.000000
v 1852.348389 465.458038 1000.000000
vn 0.626357 -0.445290 0.000000
v 1792.415283 381.154541 1100.000000
vn 1.280244 -0.910152 0.000000
v 1792.415283 381.154541 1000.000000
vn 0.577251 -0.507333 0.000000
v 1724.131592 303.460297 1100.000000
vn 1.179875 -1.036965 0.000000
v 1724.131592 303.460297 1000.000000
vn 0.522028 -0.563997 0.000000
v 1648.221313 233.198822 1100.000000
vn 1.067001 -1.152784 0.000000
v 1648.221313 233.198822 1000.000000
vn 0.461270 -0.614684 0.000000
v 1565.489014 171.114929 1100.000000
vn 0.942815 -1.256384 0.000000
v 1565.489014 171.114929 1000.000000
vn 0.395623 -0.658854 0.000000
v 1476.811646 117.866692 1100.000000
vn 0.808635 -1.346667 0.000000
v 1476.811646 117.866692 1000.000000
vn 0.325782 -0.696040 0.000000
v 1383.129150 74.018600 1100.000000
vn 0.665883 -1.422674 0.000000
v 1383.129150 74.018600 1000.000000
vn 0.252488 -0.725849 0.000000
v 1285.434814 40.035427 1100.000000
vn 0.516073 -1.483600 0.000000
v 1285.434814 40.035427 1000.000000
vn 0.176517 -0.747962 0.000000
v 1184.764038 16.277431 1100.000000
vn 0.360792 -1.528800 0.000000
v 1184.764038 16.277431 1000.000000
vn 0.098676 -0.762147 0.000000
v 1082.183960 2.996325 1100.000000
vn 0.201689 -1.557794 0.000000
v 1082.183960 2.996325 1000.000000
vn 0.019787 -0.768254 0.000000
v 978.781982 0.333071 1100.000000
vn 0.040445 -1.570276 0.000000
v 978.781982 0.333071 1000.000000
vn -0.059310 -0.766217 0.000000
v 875.654297 8.315861 1100.000000
vn -0.121228 -1.566111 0.000000
v 875.654297 8.315861 1000.000000
vn -0.137778 -0.756057 0.000000
v 773.893921 26.859940 1100.000000
vn -0.281613 -1.545346 0.000000
v 773.893921 26.859940 1000.000000
vn -0.214787 -0.737884 0.000000
v 674.579651 55.768906 1100.000000
vn -0.439015 -1.508200 0.000000
v 674.579651 55.768906 1000.000000
vn -0.289519 -0.711888 0.000000
v 578.764221 94.736221 1100.000000
vn -0.591763 -1.455066 0.000000
v 578.764221 94.736221 1000.000000
vn -0.361181 -0.678347 0.000000
v 487.463226 143.348816 1100.000000
vn -0.738237 -1.386509 0.000000
v 487.463226 143.348816 1000.000000
vn -0.429015 -0.637614 0.000000
v 401.644592 201.091461 1100.000000
vn -0.876888 -1.303253 0.000000
v 401.644592 201.091461 1000.000000
vn -0.492302 -0.590123 0.000000
v 322.217957 267.351990 1100.000000
vn -1.006242 -1.206184 0.000000
v 322.217957 267.351990 1000.000000
vn -0.550369 -0.536377 0.000000
v 250.025208 341.428040 1100.000000
vn -1.124929 -1.096329 0.000000
v 250.025208 341.428040 1000.000000
vn -0.602603 -0.476944 0.000000
v 185.831726 422.534454 1100.000000
vn -1.231693 -0.974851 0.000000
v 185.831726 422.534454 1000.000000
vn -0.648449 -0.412456 0.000000
v 130.317932 509.811401 1100.000000
vn -1.325400 -0.843040 0.000000
v 130.317932 509.811401 1000.000000
vn -0.687421 -0.343595 0.000000
v 84.072235 602.333801 1100.000000
vn -1.405057 -0.702293 0.000000
v 84.072235 602.333801 1000.000000
vn -0.719107 -0.271093 0.000000
v 47.584892 699.120789 1100.000000
vn -1.469821 -0.554102 0.000000
v 47.584892 699.120789 1000.000000
vn -0.743169 -0.195717 0.000000
v 21.242678 799.146484 1100.000000
vn -1.519004 -0.400036 0.000000
v 21.242678 799.146484 1000.000000
vn -0.759354 -0.118267 0.000000
v 5.324781 901.350586 1100.000000
vn -1.552085 -0.241731 0.000000
v 5.324781 901.350586 1000.000000
vn -0.767490 -0.039562 0.000000
v 0.000000 1004.649658 1100.000000
vn -1.568714 -0.080863 0.000000
v 0.000000 1004.649658 1000.000000
vn -0.767490 0.039562 0.000000
v 5.324781 1107.948730 1100.000000
vn -1.568714 0.080863 0.000000
v 5.324781 1107.948730 1000.000000
vn -0.759354 0.118267 0.000000
v 21.242678 1210.152832 1100.000000
vn -1.552085 0.241731 0.000000
v 21.242678 1210.152832 1000.000000
vn -0.743170 0.195717 0.000000
v 47.584892 1310.178467 1100.000000
vn -1.519004 0.400037 0.000000
v 47.584892 1310.178467 1000.000000
vn -0.719107 0.271093 0.000000
v 84.072235 1406.965454 1100.000000
vn -1.469821 0.554102 0.000000
v 84.072235 1406.965454 1000.000000
vn -0.687421 0.343595 0.000000
v 130.317932 1499.487915 1100.000000
vn -1.405057 0.702293 0.000000
v 130.317932 1499.487915 1000.000000
vn -0.648449 0.412456 0.000000
v 185.831726 1586.764771 1100.000000
vn -1.325399 0.843041 0.000000
v 185.831726 1586.764771 1000.000000
vn -0.602603 0.476943 0.000000
v 250.025208 1667.871216 1100.000000
vn -1.231693 0.974850 0.000000
v 250.025208 1667.871216 1000.000000
vn -0.550369 0.536377 0.000000
v 322.217957 1741.947266 1100.000000
vn -1.124929 1.096329 0.000000
v 322.217957 1741.947266 1000.000000
vn -0.492301 0.590123 0.000000
v 401.644592 1808.207764 1100.000000
vn -1.006241 1.206184 0.000000
v 401.644592 1808.207764 1000.000000
vn -0.429016 0.637614 0.000000
v 487.463226 1865.950439 1100.000000
vn -0.876888 1.303253 0.000000
v 487.463226 1865.950439 1000.000000
vn -0.361181 0.678346 0.000000
v 578.764221 1914.563110 1100.000000
vn -0.738238 1.386508 0.000000
v 578.764221 1914.563110 1000.000000
vn -0.289519 0.711888 0.000000
v 674.579651 1953.530396 1100.000000
vn -0.591763 1.455066 0.000000
v 674.579651 1953.530396 1000.000000
vn -0.214787 0.737884 0.000000
v 773.893921 1982.439331 1100.000000
vn -0.439015 1.508200 0.000000
v 773.893921 1982.439331 1000.000000
vn -0.137778 0.756057 0.000000
v 875.654297 2000.983398 1100.000000
vn -0.281613 1.545346 0.000000
v 875.654297 2000.983398 1000.000000
vn -0.059310 0.766217 0.000000
v 978.781982 2008.966187 1100.000000
vn -0.121228 1.566111 0.000000
v 978.781982 2008.966187 1000.000000
vn 0.019787 0.768254 0.000000
v 1082.183960 2006.302979 1100.000000
vn 0.040444 1.570276 0.000000
v 1082.183960 2006.302979 1000.000000
vn 0.098676 0.762148 0.000000
v 1184.764038 1993.021851 1100.000000
vn 0.201689 1.557794 0.000000
v 1184.764038 1993.021851 1000.000000
vn 0.176517 0.747962 0.000000
v 1285.434814 1969.263794 1100.000000
vn 0.360793 1.528800 0.000000
v 1285.434814 1969.263794 1000.000000
vn 0.252488 0.725849 0.000000
v 1383.129150 1935.280640 1100.000000
vn 0.516073 1.483600 0.000000
v 1383.129150 1935.280640 1000.000000
vn 0.325781 0.696040 0.000000
v 1476.811646 1891.432617 1100.000000
vn 0.665882 1.422675 0.000000
v 1476.811646 1891.432617 1000.000000
vn 0.395623 0.658854 0.000000
v 1565.489014 1838.184326 1100.000000
vn 0.808636 1.346666 0.000000
v 1565.489014 1838.184326 1000.000000
vn 0.461270 0.614684 0.000000
v 1648.221313 1776.100464 1100.000000
vn 0.942814 1.256385 0.000000
v 1648.221313 1776.100464 1000.000000
vn 0.522028 0.563997 0.000000
v 1724.131592 1705.838989 1100.000000
vn 1.067001 1.152784 0.000000
v 1724.131592 1705.838989 1000.000000
vn 0.577251 0.507333 0.000000
v 1792.415283 1628.144775 1100.000000
vn 1.179875 1.036965 0.000000
v 1792.415283 1628.144775 1000.000000
vn 0.626356 0.445289 0.000000
v 1852.348389 1543.841187 1100.000000
vn 1.280244 0.910151 0.000000
v 1852.348389 1543.841187 1000.000000
vn 0.668822 0.378528 0.000000
v 1903.295776 1453.822266 1100.000000
vn 1.367040 0.773694 0.000000
v 1903.295776 1453.822266 1000.000000
vn 0.704198 0.307752 0.000000
v 1944.717163 1359.041870 1100.000000
vn 1.439348 0.629031 0.000000
v 1944.717163 1359.041870 1000.000000
vn 0.732108 0.233715 0.000000
v 1976.173706 1260.504883 1100.000000
vn 1.496396 0.477703 0.000000
v 1976.173706 1260.504883 1000.000000
vn 0.752259 0.157200 0.000000
v 1997.331787 1159.255737 1100.000000
vn 1.537583 0.321309 0.000000
v 1997.331787 1159.255737 1000.000000
vn 1.562471 0.161512 0.000000
v 2007.967285 1056.367798 1000.000000
vn 0.000000 0.000000 1.135583
v 1910.860718 1004.649658 1100.000000
vn 0.000000 0.000000 1.092380
v 1905.548340 906.671021 1100.000000
vn 0.000000 0.000000 1.092380
v 1905.548340 1102.628296 1100.000000
vn 0.000000 0.000000 1.050909
v 1889.673950 1199.458252 1100.000000
vn 0.000000 0.000000 1.011166
v 1863.423462 1294.004150 1100.000000
vn 0.000000 0.000000 0.973133
v 1827.104492 1385.157715 1100.000000
vn 0.000000 0.000000 0.936780
v 1781.143066 1471.850220 1100.000000
vn 0.000000 0.000000 0.902057
v 1726.078003 1553.065186 1100.000000
vn 0.000000 0.000000 0.868912
v 1662.554688 1627.850464 1100.000000
vn 0.000000 0.000000 0.837283
v 1591.318237 1695.329346 1100.000000
vn 0.000000 0.000000 0.807102
v 1513.203613 1754.710571 1100.000000
vn 0.000000 0.000000 0.778303
v 1429.126587 1805.297974 1100.000000
vn 0.000000 0.000000 0.750818
v 1340.072876 1846.498535 1100.000000
vn 0.000000 0.000000 0.724579
v 1247.086792 1877.829224 1100.000000
vn 0.000000 0.000000 0.699515
v 1151.258301 1898.922729 1100.000000
vn 0.000000 0.000000 0.675564
v 1053.710938 1909.531616 1100.000000
vn 0.000000 0.000000 0.652662
v 955.588379 1909.531616 1100.000000
vn 0.000000 0.000000 0.630748
v 858.041016 1898.922729 1100.000000
vn 0.000000 0.000000 0.609764
v 762.212524 1877.829224 1100.000000
vn 0.000000 0.000000 0.589657
v 669.226379 1846.498535 1100.000000
vn 0.000000 0.000000 0.570374
v 580.172729 1805.297974 1100.000000
vn 0.000000 0.000000 1.106590
v 496.095703 254.588730 1100.000000
vn 0.000000 0.000000 1.120990
v 580.172729 204.001312 1100.000000
vn 0.000000 0.000000 1.078364
v 669.226379 162.800735 1100.000000
vn 0.000000 0.000000 1.037469
v 762.212524 131.470032 1100.000000
vn 0.000000 0.000000 0.998300
v 858.041016 110.376595 1100.000000
vn 0.000000 0.000000 0.960832
v 955.588379 99.767685 1100.000000
vn 0.000000 0.000000 0.925027
v 1053.710938 99.767685 1100.000000
vn 0.000000 0.000000 0.890837
v 1151.258301 110.376595 1100.000000
vn 0.000000 0.000000 0.858204
v 1247.086792 131.470032 1100.000000
vn 0.000000 0.000000 0.827065
v 1340.072876 162.800735 1100.000000
vn 0.000000 0.000000 0.797352
v 1429.126587 204.001312 1100.000000
vn 0.000000 0.000000 0.769000
v 1513.203613 254.588730 1100.000000
vn 0.000000 0.000000 0.741936
v 1591.318237 313.969971 1100.000000
vn 0.000000 0.000000 0.716096
v 1662.554688 381.448792 1100.000000
vn 0.000000 0.000000 0.691411
v 1726.078003 456.234100 1100.000000
vn 0.000000 0.000000 0.667816
v 1781.143066 537.449036 1100.000000
vn 0.000000 0.000000 0.645250
v 1827.104492 624.141541 1100.000000
vn 0.000000 0.000000 0.623653
v 1863.423462 715.295105 1100.000000
vn 0.000000 0.000000 0.602966
v 1889.673950 809.841064 1100.000000
vn 0.000000 0.000000 1.106590
v 496.095703 1754.710571 1100.000000
vn 0.000000 0.000000 1.064540
v 417.981018 1695.329346 1100.000000
vn 0.000000 0.000000 1.024221
v 346.744537 1627.850464 1100.000000
vn 0.000000 0.000000 0.985623
v 283.221313 1553.065186 1100.000000
vn 0.000000 0.000000 0.948714
v 228.156204 1471.850220 1100.000000
vn 0.000000 0.000000 0.913453
v 182.194763 1385.157715 1100.000000
vn 0.000000 0.000000 0.879789
v 145.875870 1294.004150 1100.000000
vn 0.000000 0.000000 0.847661
v 119.625328 1199.458252 1100.000000
vn 0.000000 0.000000 0.817005
v 103.750885 1102.628296 1100.000000
vn 0.000000 0.000000 0.787754
v 98.438622 1004.649658 1100.000000
vn 0.000000 0.000000 0.759839
v 103.750885 906.671021 1100.000000
vn 0.000000 0.000000 0.733191
v 119.625328 809.841064 1100.000000
vn 0.000000 0.000000 0.707743
v 145.875870 715.295105 1100.000000
vn 0.000000 0.000000 0.683428
v 182.194763 624.141541 1100.000000
vn 0.000000 0.000000 0.660183
v 228.156204 537.449036 1100.000000
vn 0.000000 0.000000 0.637946
v 283.221313 456.234100 1100.000000
vn 0.000000 0.000000 0.616659
v 346.744537 381.448792 1100.000000
vn 0.000000 0.000000 0.596265
v 417.981018 313.969971 1100.000000
vn 0.000000 0.000000 -1.135583
v 1910.860718 1004.649658 1000.000000
vn 0.000000 0.000000 -1.092380
v 1905.548340 1102.628296 1000.000000
vn 0.000000 0.000000 -1.120990
v 580.172729 204.001312 1000.000000
vn 0.000000 0.000000 -1.106590
v 496.095703 254.588730 1000.000000
vn 0.000000 0.000000 -1.064539
v 417.981018 313.969971 1000.000000
vn 0.000000 0.000000 -1.024221
v 346.744537 381.448792 1000.000000
vn 0.000000 0.000000 -0.985623
v 283.221313 456.234100 1000.000000
vn 0.000000 0.000000 -0.948714
v 228.156204 537.449036 1000.000000
vn 0.000000 0.000000 -0.913453
v 182.194763 624.141541 1000.000000
vn 0.000000 0.000000 -0.879789
v 145.875870 715.295105 1000.000000
vn 0.000000 0.000000 -0.847661
v 119.625328 809.841064 1000.000000
vn 0.000000 0.000000 -0.817005
v 103.750885 906.671021 1000.000000
vn 0.000000 0.000000 -0.787754
v 98.438622 1004.649658 1000.000000
vn 0.000000 0.000000 -0.759839
v 103.750885 1102.628296 1000.000000
vn 0.000000 0.000000 -0.733191
v 119.625328 1199.458252 1000.000000
vn 0.000000 0.000000 -0.707743
v 145.875870 1294.004150 1000.000000
vn 0.000000 0.000000 -0.683428
v 182.194763 1385.157715 1000.000000
vn 0.000000 0.000000 -0.660183
v 228.156204 1471.850220 1000.000000
vn 0.000000 0.000000 -0.637946
v 283.221313 1553.065186 1000.000000
vn 0.000000 0.000000 -0.616658
v 346.744537 1627.850464 1000.000000
vn 0.000000 0.000000 -0.596266
v 417.981018 1695.329346 1000.000000
vn 0.000000 0.000000 -0.576712
v 496.095703 1754.710571 1000.000000
vn 0.000000 0.000000 -1.092380
v 1905.548340 906.671021 1000.000000
vn 0.000000 0.000000 -1.050909
v 1889.673950 809.841064 1000.000000
vn 0.000000 0.000000 -1.011166
v 1863.423462 715.295105 1000.000000
vn 0.000000 0.000000 -0.973133
v 1827.104492 624.141541 1000.000000
vn 0.000000 0.000000 -0.936780
v 1781.143066 537.449036 1000.000000
vn 0.000000 0.000000 -0.902058
v 1726.078003 456.234100 1000.000000
vn 0.000000 0.000000 -0.868911
v 1662.554688 381.448792 1000.000000
vn 0.000000 0.000000 -0.837283
v 1591.318237 313.969971 1000.000000
vn 0.000000 0.000000 -0.807102
v 1513.203613 254.588730 1000.000000
vn 0.000000 0.000000 -0.778303
v 1429.126587 204.001312 1000.000000
vn 0.000000 0.000000 -0.750818
v 1340.072876 162.800735 1000.000000
vn 0.000000 0.000000 -0.724579
v 1247.086792 131.470032 1000.000000
vn 0.000000 0.000000 -0.699515
v 1151.258301 110.376595 1000.000000
vn 0.000000 0.000000 -0.675564
v 1053.710938 99.767685 1000.000000
vn 0.000000 0.000000 -0.652662
v 955.588379 99.767685 1000.000000
vn 0.000000 0.000000 -0.630748
v 858.041016 110.376595 1000.000000
vn 0.000000 0.000000 -0.609764
v 762.212524 131.470032 1000.000000
vn 0.000000 0.000000 -0.589657
v 669.226379 162.800735 1000.000000
vn 0.000000 0.000000 -1.120990
v 580.172729 1805.297974 1000.000000
vn 0.000000 0.000000 -1.078364
v 669.226379 1846.498535 1000.000000
vn 0.000000 0.000000 -1.037469
v 762.212524 1877.829224 1000.000000
vn 0.000000 0.000000 -0.998300
v 858.041016 1898.922729 1000.000000
vn 0.000000 0.000000 -0.960831
v 955.588379 1909.531616 1000.000000
vn 0.000000 0.000000 -0.925027
v 1053.710938 1909.531616 1000.000000
vn 0.000000 0.000000 -0.890837
v 1151.258301 1898.922729 1000.000000
vn 0.000000 0.000000 -0.858203
v 1247.086792 1877.829224 1000.000000
vn 0.000000 0.000000 -0.827065
v 1340.072876 1846.498535 1000.000000
vn 0.000000 0.000000 -0.797352
v 1429.126587 1805.297974 1000.000000
vn 0.000000 0.000000 -0.769000
v 1513.203613 1754.710571 1000.000000
vn 0.000000 0.000000 -0.741937
v 1591.318237 1695.329346 1000.000000
vn 0.000000 0.000000 -0.716096
v 1662.554688 1627.850464 1000.000000
vn 0.000000 0.000000 -0.691411
v 1726.078003 1553.065186 1000.000000
vn 0.000000 0.000000 -0.667816
v 1781.143066 1471.850220 1000.000000
vn 0.000000 0.000000 -0.645250
v 1827.104492 1385.157715 1000.000000
vn 0.000000 0.000000 -0.623653
v 1863.423462 1294.004150 1000.000000
vn 0.000000 0.000000 -0.602966
v 1889.673950 1199.458252 1000.000000
vn 1.094891 0.028201 0.000000
v 2003.323730 1056.128418 100.000000
vn 1.570276 0.040445 0.000000
v 2004.649658 1004.649658 100.000000
vn 0.475385 0.012244 0.000000
v 2004.649658 1004.649658 0.000000
vn 1.094891 -0.028201 0.000000
v 2003.323730 953.170898 0.000000
vn 1.570276 -0.040445 0.000000
v 2003.323730 953.170898 100.000000
vn 0.766741 -0.079257 0.000000
v 1992.737549 850.759033 100.000000
vn 1.562471 -0.161511 0.000000
v 1992.737549 850.759033 0.000000
vn 0.754529 -0.157674 0.000000
v 1971.677368 749.978516 100.000000
vn 1.537583 -0.321310 0.000000
v 1971.677368 749.978516 0.000000
vn 0.734317 -0.234420 0.000000
v 1940.366455 651.897522 100.000000
vn 1.496396 -0.477702 0.000000
v 1940.366455 651.897522 0.000000
vn 0.706322 -0.308681 0.000000
v 1899.136719 557.555847 100.000000
vn 1.439347 -0.629032 0.000000
v 1899.136719 557.555847 0.000000
vn 0.670839 -0.379669 0.000000
v 1848.425171 467.953430 100.000000
vn 1.367041 -0.773693 0.000000
v 1848.425171 467.953430 0.000000
vn 0.628246 -0.446634 0.000000
v 1788.769409 384.040192 100.000000
vn 1.280243 -0.910153 0.000000
v 1788.769409 384.040192 0.000000
vn 0.578993 -0.508863 0.000000
v 1720.801880 306.705475 100.000000
vn 1.179876 -1.036963 0.000000
v 1720.801880 306.705475 0.000000
vn 0.523602 -0.565699 0.000000
v 1645.242798 236.769196 100.000000
vn 1.066999 -1.152785 0.000000
v 1645.242798 236.769196 0.000000
vn 0.462662 -0.616538 0.000000
v 1562.893433 174.972656 100.000000
vn 0.942815 -1.256384 0.000000
v 1562.893433 174.972656 0.000000
vn 0.396816 -0.660841 0.000000
v 1474.626343 121.970833 100.000000
vn 0.808634 -1.346667 0.000000
v 1474.626343 121.970833 0.000000
vn 0.326765 -0.698140 0.000000
v 1381.377563 78.325691 100.000000
vn 0.665883 -1.422674 0.000000
v 1381.377563 78.325691 0.000000
vn 0.253249 -0.728038 0.000000
v 1284.135254 44.499756 100.000000
vn 0.516073 -1.483600 0.000000
v 1284.135254 44.499756 0.000000
vn 0.177050 -0.750219 0.000000
v 1183.930420 20.851671 100.000000
vn 0.360793 -1.528800 0.000000
v 1183.930420 20.851671 0.000000
vn 0.098973 -0.764447 0.000000
v 1081.825073 7.632136 100.000000
vn 0.201687 -1.557795 0.000000
v 1081.825073 7.632136 0.000000
vn 0.019847 -0.770572 0.000000
v 978.901733 4.981160 100.000000
vn 0.040445 -1.570276 0.000000
v 978.901733 4.981160 0.000000
vn -0.059489 -0.768528 0.000000
v 876.251282 12.926936 100.000000
vn -0.121227 -1.566112 0.000000
v 876.251282 12.926936 0.000000
vn -0.138195 -0.758338 0.000000
v 774.961914 31.385242 100.000000
vn -0.281614 -1.545346 0.000000
v 774.961914 31.385242 0.000000
vn -0.215435 -0.740109 0.000000
v 676.107239 60.160400 100.000000
vn -0.439015 -1.508200 0.000000
v 676.107239 60.160400 0.000000
vn -0.290392 -0.714035 0.000000
v 580.735229 98.947403 100.000000
vn -0.591763 -1.455066 0.000000
v 580.735229 98.947403 0.000000
vn -0.362271 -0.680393 0.000000
v 489.856842 147.334991 100.000000
vn -0.738237 -1.386509 0.000000
v 489.856842 147.334991 0.000000
vn -0.430309 -0.639538 0.000000
v 404.435333 204.810379 100.000000
vn -0.876887 -1.303254 0.000000
v 404.435333 204.810379 0.000000
vn -0.493787 -0.591903 0.000000
v 325.376282 270.764282 100.000000
vn -1.006242 -1.206184 0.000000
v 325.376282 270.764282 0.000000
vn -0.552029 -0.537994 0.000000
v 253.517685 344.497498 100.000000
vn -1.124929 -1.096328 0.000000
v 253.517685 344.497498 0.000000
vn -0.604421 -0.478382 0.000000
v 189.621323 425.228546 100.000000
vn -1.231693 -0.974850 0.000000
v 189.621323 425.228546 0.000000
vn -0.650405 -0.413700 0.000000
v 134.364426 512.101563 100.000000
vn -1.325400 -0.843040 0.000000
v 134.364426 512.101563 0.000000
vn -0.689495 -0.344632 0.000000
v 88.332710 604.195740 100.000000
vn -1.405057 -0.702294 0.000000
v 88.332710 604.195740 0.000000
vn -0.721276 -0.271911 0.000000
v 52.014233 700.534790 100.000000
vn -1.469821 -0.554102 0.000000
v 52.014233 700.534790 0.000000
vn -0.745411 -0.196307 0.000000
v 25.793970 800.097595 100.000000
vn -1.519004 -0.400036 0.000000
v 25.793970 800.097595 0.000000
vn -0.761645 -0.118623 0.000000
v 9.949743 901.828613 100.000000
vn -1.552085 -0.241731 0.000000
v 9.949743 901.828613 0.000000
vn -0.769805 -0.039681 0.000000
v 4.649639 1004.649658 100.000000
vn -1.568714 -0.080862 0.000000
v 4.649639 1004.649658 0.000000
vn -0.769805 0.039681 0.000000
v 9.949743 1107.470581 100.000000
vn -1.568714 0.080862 0.000000
v 9.949743 1107.470581 0.000000
vn -0.761645 0.118623 0.000000
v 25.793970 1209.201660 100.000000
vn -1.552085 0.241731 0.000000
v 25.793970 1209.201660 0.000000
vn -0.745411 0.196307 0.000000
v 52.014233 1308.764404 100.000000
vn -1.519004 0.400036 0.000000
v 52.014233 1308.764404 0.000000
vn -0.721276 0.271911 0.000000
v 88.332710 1405.103516 100.000000
vn -1.469821 0.554101 0.000000
v 88.332710 1405.103516 0.000000
vn -0.689495 0.344632 0.000000
v 134.364426 1497.197754 100.000000
vn -1.405057 0.702293 0.000000
v 134.364426 1497.197754 0.000000
vn -0.650405 0.413700 0.000000
v 189.621323 1584.070801 100.000000
vn -1.325400 0.843040 0.000000
v 189.621323 1584.070801 0.000000
vn -0.604421 0.478383 0.000000
v 253.517685 1664.801758 100.000000
vn -1.231693 0.974851 0.000000
v 253.517685 1664.801758 0.000000
vn -0.552030 0.537994 0.000000
v 325.376282 1738.535034 100.000000
vn -1.124929 1.096328 0.000000
v 325.376282 1738.535034 0.000000
vn -0.493787 0.591903 0.000000
v 404.435333 1804.488892 100.000000
vn -1.006241 1.206184 0.000000
v 404.435333 1804.488892 0.000000
vn -0.430309 0.639538 0.000000
v 489.856842 1861.964233 100.000000
vn -0.876887 1.303254 0.000000
v 489.856842 1861.964233 0.000000
vn -0.362271 0.680393 0.000000
v 580.735229 1910.351929 100.000000
vn -0.738239 1.386508 0.000000
v 580.735229 1910.351929 0.000000
vn -0.290392 0.714036 0.000000
v 676.107239 1949.138916 100.000000
vn -0.591763 1.455066 0.000000
v 676.107239 1949.138916 0.000000
vn -0.215435 0.740109 0.000000
v 774.961914 1977.914063 100.000000
vn -0.439015 1.508200 0.000000
v 774.961914 1977.914063 0.000000
vn -0.138194 0.758338 0.000000
v 876.251282 1996.372314 100.000000
vn -0.281613 1.545346 0.000000
v 876.251282 1996.372314 0.000000
vn -0.059489 0.768528 0.000000
v 978.901733 2004.318115 100.000000
vn -0.121227 1.566111 0.000000
v 978.901733 2004.318115 0.000000
vn 0.019848 0.770572 0.000000
v 1081.825073 2001.667114 100.000000
vn 0.040446 1.570276 0.000000
v 1081.825073 2001.667114 0.000000
vn 0.098972 0.764447 0.000000
v 1183.930420 1988.447632 100.000000
vn 0.201686 1.557795 0.000000
v 1183.930420 1988.447632 0.000000
vn 0.177050 0.750219 0.000000
v 1284.135254 1964.799561 100.000000
vn 0.360793 1.528800 0.000000
v 1284.135254 1964.799561 0.000000
vn 0.253249 0.728038 0.000000
v 1381.377563 1930.973633 100.000000
vn 0.516073 1.483600 0.000000
v 1381.377563 1930.973633 0.000000
vn 0.326765 0.698140 0.000000
v 1474.626343 1887.328491 100.000000
vn 0.665883 1.422674 0.000000
v 1474.626343 1887.328491 0.000000
vn 0.396816 0.660841 0.000000
v 1562.893433 1834.326660 100.000000
vn 0.808634 1.346667 0.000000
v 1562.893433 1834.326660 0.000000
vn 0.462662 0.616537 0.000000
v 1645.242798 1772.530029 100.000000
vn 0.942816 1.256384 0.000000
v 1645.242798 1772.530029 0.000000
vn 0.523602 0.565699 0.000000
v 1720.801880 1702.593750 100.000000
vn 1.066999 1.152785 0.000000
v 1720.801880 1702.593750 0.000000
vn 0.578993 0.508863 0.000000
v 1788.769409 1625.259155 100.000000
vn 1.179875 1.036964 0.000000
v 1788.769409 1625.259155 0.000000
vn 0.628246 0.446633 0.000000
v 1848.425171 1541.345825 100.000000
vn 1.280244 0.910152 0.000000
v 1848.425171 1541.345825 0.000000
vn 0.670839 0.379669 0.000000
v 1899.136719 1451.743408 100.000000
vn 1.367041 0.773693 0.000000
v 1899.136719 1451.743408 0.000000
vn 0.706322 0.308681 0.000000
v 1940.366455 1357.401733 100.000000
vn 1.439347 0.629032 0.000000
v 1940.366455 1357.401733 0.000000
vn 0.734317 0.234420 0.000000
v 1971.677368 1259.320801 100.000000
vn 1.496396 0.477703 0.000000
v 1971.677368 1259.320801 0.000000
vn 0.754528 0.157674 0.000000
v 1992.737549 1158.540161 100.000000
vn 1.537583 0.321309 0.000000
v 1992.737549 1158.540161 0.000000
vn 1.562471 0.161511 0.000000
v 2003.323730 1056.128418 0.000000
vn 0.000000 0.000000 1.116953
v 1910.860718 1004.649658 100.000000
vn 0.000000 0.000000 1.072709
v 1905.548340 906.671021 100.000000
vn 0.000000 0.000000 1.072709
v 1905.548340 1102.628296 100.000000
vn 0.000000 0.000000 1.030368
v 1889.673950 1199.458252 100.000000
vn 0.000000 0.000000 0.989914
v 1863.423462 1294.004150 100.000000
vn 0.000000 0.000000 0.951314
v 1827.104492 1385.157715 100.000000
vn 0.000000 0.000000 0.914523
v 1781.143066 1471.850220 100.000000
vn 0.000000 0.000000 0.879481
v 1726.078003 1553.065186 100.000000
vn 0.000000 0.000000 0.846117
v 1662.554688 1627.850464 100.000000
vn 0.000000 0.000000 0.814361
v 1591.318237 1695.329346 100.000000
vn 0.000000 0.000000 0.784130
v 1513.203613 1754.710571 100.000000
vn 0.000000 0.000000 0.755349
v 1429.126587 1805.297974 100.000000
vn 0.000000 0.000000 0.727939
v 1340.072876 1846.498535 100.000000
vn 0.000000 0.000000 0.701822
v 1247.086792 1877.829224 100.000000
vn 0.000000 0.000000 0.676923
v 1151.258301 1898.922729 100.000000
vn 0.000000 0.000000 0.653167
v 1053.710938 1909.531616 100.000000
vn 0.000000 0.000000 0.630488
v 955.588379 1909.531616 100.000000
vn 0.000000 0.000000 0.608821
v 858.041016 1898.922729 100.000000
vn 0.000000 0.000000 0.588100
v 762.212524 1877.829224 100.000000
vn 0.000000 0.000000 0.568271
v 669.226379 1846.498535 100.000000
vn 0.000000 0.000000 0.549276
v 580.172729 1805.297974 100.000000
vn 0.000000 0.000000 1.132119
v 580.172729 204.001312 100.000000
vn 0.000000 0.000000 1.058385
v 669.226379 162.800735 100.000000
vn 0.000000 0.000000 1.016675
v 762.212524 131.470032 100.000000
vn 0.000000 0.000000 0.976843
v 858.041016 110.376595 100.000000
vn 0.000000 0.000000 0.938853
v 955.588379 99.767685 100.000000
vn 0.000000 0.000000 0.902652
v 1053.710938 99.767685 100.000000
vn 0.000000 0.000000 0.868176
v 1151.258301 110.376595 100.000000
vn 0.000000 0.000000 0.835358
v 1247.086792 131.470032 100.000000
vn 0.000000 0.000000 0.804118
v 1340.072876 162.800735 100.000000
vn 0.000000 0.000000 0.774380
v 1429.126587 204.001312 100.000000
vn 0.000000 0.000000 0.746064
v 1513.203613 254.588730 100.000000
vn 0.000000 0.000000 0.719094
v 1591.318237 313.969971 100.000000
vn 0.000000 0.000000 0.693390
v 1662.554688 381.448792 100.000000
vn 0.000000 0.000000 0.668880
v 1726.078003 456.234100 100.000000
vn 0.000000 0.000000 0.645491
v 1781.143066 537.449036 100.000000
vn 0.000000 0.000000 0.623156
v 1827.104492 624.141541 100.000000
vn 0.000000 0.000000 0.601812
v 1863.423462 715.295105 100.000000
vn 0.000000 0.000000 0.581394
v 1889.673950 809.841064 100.000000
vn 0.000000 0.000000 1.087247
v 496.095703 1754.710571 100.000000
vn 0.000000 0.000000 1.044271
v 417.981018 1695.329346 100.000000
vn 0.000000 0.000000 1.003189
v 346.744537 1627.850464 100.000000
vn 0.000000 0.000000 0.963977
v 283.221313 1553.065186 100.000000
vn 0.000000 0.000000 0.926589
v 228.156204 1471.850220 100.000000
vn 0.000000 0.000000 0.890971
v 182.194763 1385.157715 100.000000
vn 0.000000 0.000000 0.857057
v 145.875870 1294.004150 100.000000
vn 0.000000 0.000000 0.824773
v 119.625328 1199.458252 100.000000
vn 0.000000 0.000000 0.794042
v 103.750885 1102.628296 100.000000
vn 0.000000 0.000000 0.764788
v 98.438622 1004.649658 100.000000
vn 0.000000 0.000000 0.736929
v 103.750885 906.671021 100.000000
vn 0.000000 0.000000 0.710389
v 119.625328 809.841064 100.000000
vn 0.000000 0.000000 0.685091
v 145.875870 715.295105 100.000000
vn 0.000000 0.000000 0.660963
v 182.194763 624.141541 100.000000
vn 0.000000 0.000000 0.637933
v 228.156204 537.449036 100.000000
vn 0.000000 0.000000 0.615935
v 283.221313 456.234100 100.000000
vn 0.000000 0.000000 0.594905
v 346.744537 381.448792 100.000000
vn 0.000000 0.000000 0.574785
v 417.981018 313.969971 100.000000
vn 0.000000 0.000000 0.555517
v 496.095703 254.588730 100.000000
vn 0.000000 0.000000 -1.116953
v 1910.860718 1004.649658 0.000000
vn 0.000000 0.000000 -1.072709
v 1905.548340 1102.628296 0.000000
vn 0.000000 0.000000 -1.101994
v 580.172729 204.001312 0.000000
vn 0.000000 0.000000 -1.087247
v 496.095703 254.588730 0.000000
vn 0.000000 0.000000 -1.044271
v 417.981018 313.969971 0.000000
vn 0.000000 0.000000 -1.003190
v 346.744537 381.448792 0.000000
vn 0.000000 0.000000 -0.963977
v 283.221313 456.234100 0.000000
vn 0.000000 0.000000 -0.926589
v 228.156204 537.449036 0.000000
vn 0.000000 0.000000 -0.890971
v 182.194763 624.141541 0.000000
vn 0.000000 0.000000 -0.857057
v 145.875870 715.295105 0.000000
vn 0.000000 0.000000 -0.824772
v 119.625328 809.841064 0.000000
vn 0.000000 0.000000 -0.794042
v 103.750885 906.671021 0.000000
vn 0.000000 0.000000 -0.764787
v 98.438622 1004.649658 0.000000
vn 0.000000 0.000000 -0.736929
v 103.750885 1102.628296 0.000000
vn 0.000000 0.000000 -0.710388
v 119.625328 1199.458252 0.000000
vn 0.000000 0.000000 -0.685091
v 145.875870 1294.004150 0.000000
vn 0.000000 0.000000 -0.660962
v 182.194763 1385.157715 0.000000
vn 0.000000 0.000000 -0.637933
v 228.156204 1471.850220 0.000000
vn 0.000000 0.000000 -0.615935
v 283.221313 1553.065186 0.000000
vn 0.000000 0.000000 -0.594906
v 346.744537 1627.850464 0.000000
vn 0.000000 0.000000 -0.574786
v 417.981018 1695.329346 0.000000
vn 0.000000 0.000000 -0.555517
v 496.095703 1754.710571 0.000000
vn 0.000000 0.000000 -0.537049
v 580.172729 1805.297974 0.000000
vn 0.000000 0.000000 -1.072709
v 1905.548340 906.671021 0.000000
vn 0.000000 0.000000 -1.030369
v 1889.673950 809.841064 0.000000
vn 0.000000 0.000000 -0.989914
v 1863.423462 715.295105 0.000000
vn 0.000000 0.000000 -0.951314
v 1827.104492 624.141541 0.000000
vn 0.000000 0.000000 -0.914523
v 1781.143066 537.449036 0.000000
vn 0.000000 0.000000 -0.879481
v 1726.078003 456.234100 0.000000
vn 0.000000 0.000000 -0.846117
v 1662.554688 381.448792 0.000000
vn 0.000000 0.000000 -0.814361
v 1591.318237 313.969971 0.000000
vn 0.000000 0.000000 -0.784131
v 1513.203613 254.588730 0.000000
vn 0.000000 0.000000 -0.755349
v 1429.126587 204.001312 0.000000
vn 0.000000 0.000000 -0.727939
v 1340.072876 162.800735 0.000000
vn 0.000000 0.000000 -0.701822
v 1247.086792 131.470032 0.000000
vn 0.000000 0.000000 -0.676922
v 1151.258301 110.376595 0.000000
vn 0.000000 0.000000 -0.653167
v 1053.710938 99.767685 0.000000
vn 0.000000 0.000000 -0.630489
v 955.588379 99.767685 0.000000
vn 0.000000 0.000000 -0.608821
v 858.041016 110.376595 0.000000
vn 0.000000 0.000000 -0.588101
v 762.212524 131.470032 0.000000
vn 0.000000 0.000000 -0.568271
v 669.226379 162.800735 0.000000
vn 0.000000 0.000000 -1.058385
v 669.226379 1846.498535 0.000000
vn 0.000000 0.000000 -1.016675
v 762.212524 1877.829224 0.000000
vn 0.000000 0.000000 -0.976844
v 858.041016 1898.922729 0.000000
vn 0.000000 0.000000 -0.938852
v 955.588379 1909.531616 0.000000
vn 0.000000 0.000000 -0.902651
v 1053.710938 1909.531616 0.000000
vn 0.000000 0.000000 -0.868176
v 1151.258301 1898.922729 0.000000
vn 0.000000 0.000000 -0.835357
v 1247.086792 1877.829224 0.000000
vn 0.000000 0.000000 -0.804118
v 1340.072876 1846.498535 0.000000
vn 0.000000 0.000000 -0.774381
v 1429.126587 1805.297974 0.000000
vn 0.000000 0.000000 -0.746064
v 1513.203613 1754.710571 0.000000
vn 0.000000 0.000000 -0.719094
v 1591.318237 1695.329346 0.000000
vn 0.000000 0.000000 -0.693389
v 1662.554688 1627.850464 0.000000
vn 0.000000 0.000000 -0.668881
v 1726.078003 1553.065186 0.000000
vn 0.000000 0.000000 -0.645490
v 1781.143066 1471.850220 0.000000
vn 0.000000 0.000000 -0.623156
v 1827.104492 1385.157715 0.000000
vn 0.000000 0.000000 -0.601812
v 1863.423462 1294.004150 0.000000
vn 0.000000 0.000000 -0.581394
v 1889.673950 1199.458252 0.000000
# 1440 vertices, 0 vertices normals

f 1//1 2//2 3//3
f 3//3 2//2 4//4
f 2//2 5//5 4//4
f 4//4 5//5 6//6
f 4//4 6//6 7//7
f 7//7 6//6 8//8
f 7//7 8//8 9//9
f 9//9 8//8 10//10
f 9//9 10//10 11//11
f 11//11 10//10 12//12
f 11//11 12//12 13//13
f 13//13 12//12 14//14
f 13//13 14//14 15//15
f 15//15 14//14 16//16
f 15//15 16//16 17//17
f 17//17 16//16 18//18
f 17//17 18//18 19//19
f 19//19 18//18 20//20
f 19//19 20//20 21//21
f 21//21 20//20 22//22
f 21//21 22//22 23//23
f 23//23 22//22 24//24
f 23//23 24//24 25//25
f 25//25 24//24 26//26
f 25//25 26//26 27//27
f 27//27 26//26 28//28
f 27//27 28//28 29//29
f 29//29 28//28 30//30
f 29//29 30//30 31//31
f 31//31 30//30 32//32
f 31//31 32//32 33//33
f 33//33 32//32 34//34
f 33//33 34//34 35//35
f 35//35 34//34 36//36
f 35//35 36//36 37//37
f 37//37 36//36 38//38
f 37//37 38//38 39//39
f 39//39 38//38 40//40
f 39//39 40//40 41//41
f 41//41 40//40 42//42
f 41//41 42//42 43//43
f 43//43 42//42 44//44
f 43//43 44//44 45//45
f 45//45 44//44 46//46
f 45//45 46//46 47//47
f 47//47 46//46 48//48
f 47//47 48//48 49//49
f 49//49 48//48 50//50
f 49//49 50//50 51//51
f 51//51 50//50 52//52
f 51//51 52//52 53//53
f 53//53 52//52 54//54
f 53//53 54//54 55//55
f 55//55 54//54 56//56
f 55//55 56//56 57//57
f 57//57 56//56 58//58
f 57//57 58//58 59//59
f 59//59 58//58 60//60
f 59//59 60//60 61//61
f 61//61 60//60 62//62
f 61//61 62//62 63//63
f 63//63 62//62 64//64
f 63//63 64//64 65//65
f 65//65 64//64 66//66
f 65//65 66//66 67//67
f 67//67 66//66 68//68
f 67//67 68//68 69//69
f 69//69 68//68 70//70
f 69//69 70//70 71//71
f 71//71 70//70 72//72
f 71//71 72//72 73//73
f 73//73 72//72 74//74
f 73//73 74//74 75//75
f 75//75 74//74 76//76
f 75//75 76//76 77//77
f 77//77 76//76 78//78
f 77//77 78//78 79//79
f 79//79 78//78 80//80
f 79//79 80//80 81//81
f 81//81 80//80 82//82
f 81//81 82//82 83//83
f 83//83 82//82 84//84
f 83//83 84//84 85//85
f 85//85 84//84 86//86
f 85//85 86//86 87//87
f 87//87 86//86 88//88
f 87//87 88//88 89//89
f 89//89 88//88 90//90
f 89//89 90//90 91//91
f 91//91 90//90 92//92
f 91//91 92//92 93//93
f 93//93 92//92 94//94
f 93//93 94//94 95//95
f 95//95 94//94 96//96
f 95//95 96//96 97//97
f 97//97 96//96 98//98
f 97//97 98//98 99//99
f 99//99 98//98 100//100
f 99//99 100//100 101//101
f 101//101 100//100 102//102
f 101//101 102//102 103//103
f 103//103 102//102 104//104
f 103//103 104//104 105//105
f 105//105 104//104 106//106
f 105//105 106//106 107//107
f 107//107 106//106 108//108
f 107//107 108//108 109//109
f 109//109 108//108 110//110
f 109//109 110//110 111//111
f 111//111 110//110 112//112
f 111//111 112//112 113//113
f 113//113 112//112 114//114
f 113//113 114//114 115//115
f 115//115 114//114 116//116
f 115//115 116//116 117//117
f 117//117 116//116 118//118
f 117//117 118//118 119//119
f 119//119 118//118 120//120
f 119//119 120//120 121//121
f 121//121 120//120 122//122
f 121//121 122//122 123//123
f 123//123 122//122 1//1
f 123//123 1//1 124//124
f 124//124 1//1 3//3
f 5//5 125//125 126//126
f 5//5 2//2 125//125
f 125//125 2//2 1//1
f 125//125 1//1 127//127
f 127//127 1//1 122//122
f 127//127 122//122 128//128
f 128//128 122//122 120//120
f 128//128 120//120 129//129
f 129//129 120//120 118//118
f 129//129 118//118 130//130
f 130//130 118//118 116//116
f 130//130 116//116 131//131
f 131//131 116//116 114//114
f 131//131 114//114 132//132
f 132//132 114//114 112//112
f 132//132 112//112 133//133
f 133//133 112//112 110//110
f 133//133 110//110 134//134
f 134//134 110//110 108//108
f 134//134 108//108 135//135
f 135//135 108//108 106//106
f 135//135 106//106 136//136
f 136//136 106//106 104//104
f 136//136 104//104 137//137
f 137//137 104//104 102//102
f 137//137 102//102 138//138
f 138//138 102//102 100//100
f 138//138 100//100 139//139
f 139//139 100//100 98//98
f 139//139 98//98 140//140
f 140//140 98//98 96//96
f 140//140 96//96 141//141
f 141//141 96//96 94//94
f 141//141 94//94 142//142
f 142//142 94//94 92//92
f 142//142 92//92 143//143
f 143//143 92//92 90//90
f 143//143 90//90 144//144
f 144//144 90//90 88//88
f 144//144 88//88 145//145
f 146//146 42//42 147//147
f 147//147 42//42 40//40
f 147//147 40//40 148//148
f 148//148 40//40 38//38
f 148//148 38//38 149//149
f 149//149 38//38 36//36
f 149//149 36//36 150//150
f 150//150 36//36 34//34
f 150//150 34//34 151//151
f 151//151 34//34 32//32
f 151//151 32//32 152//152
f 152//152 32//32 30//30
f 152//152 30//30 153//153
f 153//153 30//30 28//28
f 153//153 28//28 154//154
f 154//154 28//28 26//26
f 154//154 26//26 155//155
f 155//155 26//26 24//24
f 155//155 24//24 156//156
f 156//156 24//24 22//22
f 156//156 22//22 157//157
f 157//157 22//22 20//20
f 157//157 20//20 158//158
f 158//158 20//20 18//18
f 158//158 18//18 159//159
f 159//159 18//18 16//16
f 159//159 16//16 160//160
f 160//160 16//16 14//14
f 160//160 14//14 161//161
f 161//161 14//14 12//12
f 161//161 12//12 162//162
f 162//162 12//12 10//10
f 162//162 10//10 163//163
f 163//163 10//10 8//8
f 163//163 8//8 126//126
f 126//126 8//8 6//6
f 126//126 6//6 5//5
f 88//88 86//86 145//145
f 145//145 86//86 84//84
f 145//145 84//84 164//164
f 164//164 84//84 82//82
f 164//164 82//82 165//165
f 165//165 82//82 80//80
f 165//165 80//80 166//166
f 166//166 80//80 78//78
f 166//166 78//78 167//167
f 167//167 78//78 76//76
f 167//167 76//76 168//168
f 168//168 76//76 74//74
f 168//168 74//74 169//169
f 169//169 74//74 72//72
f 169//169 72//72 170//170
f 170//170 72//72 70//70
f 170//170 70//70 171//171
f 171//171 70//70 68//68
f 171//171 68//68 172//172
f 172//172 68//68 66//66
f 172//172 66//66 173//173
f 173//173 66//66 64//64
f 173//173 64//64 174//174
f 174//174 64//64 62//62
f 174//174 62//62 175//175
f 175//175 62//62 60//60
f 175//175 60//60 176//176
f 176//176 60//60 58//58
f 176//176 58//58 177//177
f 177//177 58//58 56//56
f 177//177 56//56 178//178
f 178//178 56//56 54//54
f 178//178 54//54 179//179
f 179//179 54//54 52//52
f 179//179 52//52 180//180
f 180//180 52//52 50//50
f 180//180 50//50 181//181
f 181//181 50//50 48//48
f 181//181 48//48 182//182
f 182//182 48//48 46//46
f 182//182 46//46 146//146
f 146//146 46//46 44//44
f 146//146 44//44 42//42
f 124//124 183//183 184//184
f 185//185 45//45 186//186
f 186//186 45//45 47//47
f 186//186 47//47 187//187
f 187//187 47//47 49//49
f 187//187 49//49 188//188
f 188//188 49//49 51//51
f 188//188 51//51 189//189
f 189//189 51//51 53//53
f 189//189 53//53 190//190
f 190//190 53//53 55//55
f 190//190 55//55 191//191
f 191//191 55//55 57//57
f 191//191 57//57 192//192
f 192//192 57//57 59//59
f 192//192 59//59 193//193
f 193//193 59//59 61//61
f 193//193 61//61 194//194
f 194//194 61//61 63//63
f 194//194 63//63 195//195
f 195//195 63//63 65//65
f 195//195 65//65 196//196
f 196//196 65//65 67//67
f 196//196 67//67 197//197
f 197//197 67//67 69//69
f 197//197 69//69 198//198
f 198//198 69//69 71//71
f 198//198 71//71 199//199
f 199//199 71//71 73//73
f 199//199 73//73 200//200
f 200//200 73//73 75//75
f 200//200 75//75 201//201
f 201//201 75//75 77//77
f 201//201 77//77 202//202
f 202//202 77//77 79//79
f 202//202 79//79 203//203
f 203//203 79//79 81//81
f 203//203 81//81 204//204
f 204//204 81//81 83//83
f 204//204 83//83 205//205
f 124//124 3//3 183//183
f 183//183 3//3 4//4
f 183//183 4//4 206//206
f 206//206 4//4 7//7
f 206//206 7//7 207//207
f 207//207 7//7 9//9
f 207//207 9//9 208//208
f 208//208 9//9 11//11
f 208//208 11//11 209//209
f 209//209 11//11 13//13
f 209//209 13//13 210//210
f 210//210 13//13 15//15
f 210//210 15//15 211//211
f 211//211 15//15 17//17
f 211//211 17//17 212//212
f 212//212 17//17 19//19
f 212//212 19//19 213//213
f 213//213 19//19 21//21
f 213//213 21//21 214//214
f 214//214 21//21 23//23
f 214//214 23//23 215//215
f 215//215 23//23 25//25
f 215//215 25//25 216//216
f 216//216 25//25 27//27
f 216//216 27//27 217//217
f 217//217 27//27 29//29
f 217//217 29//29 218//218
f 218//218 29//29 31//31
f 218//218 31//31 219//219
f 219//219 31//31 33//33
f 219//219 33//33 220//220
f 220//220 33//33 35//35
f 220//220 35//35 221//221
f 221//221 35//35 37//37
f 221//221 37//37 222//222
f 222//222 37//37 39//39
f 222//222 39//39 223//223
f 223//223 39//39 41//41
f 223//223 41//41 185//185
f 185//185 41//41 43//43
f 185//185 43//43 45//45
f 83//83 85//85 205//205
f 205//205 85//85 87//87
f 205//205 87//87 224//224
f 224//224 87//87 89//89
f 224//224 89//89 225//225
f 225//225 89//89 91//91
f 225//225 91//91 226//226
f 226//226 91//91 93//93
f 226//226 93//93 227//227
f 227//227 93//93 95//95
f 227//227 95//95 228//228
f 228//228 95//95 97//97
f 228//228 97//97 229//229
f 229//229 97//97 99//99
f 229//229 99//99 230//230
f 230//230 99//99 101//101
f 230//230 101//101 231//231
f 231//231 101//101 103//103
f 231//231 103//103 232//232
f 232//232 103//103 105//105
f 232//232 105//105 233//233
f 233//233 105//105 107//107
f 233//233 107//107 234//234
f 234//234 107//107 109//109
f 234//234 109//109 235//235
f 235//235 109//109 111//111
f 235//235 111//111 236//236
f 236//236 111//111 113//113
f 236//236 113//113 237//237
f 237//237 113//113 115//115
f 237//237 115//115 238//238
f 238//238 115//115 117//117
f 238//238 117//117 239//239
f 239//239 117//117 119//119
f 239//239 119//119 240//240
f 240//240 119//119 121//121
f 240//240 121//121 184//184
f 184//184 121//121 123//123
f 184//184 123//123 124//124
f 173//173 195//195 172//172
f 172//172 195//195 196//196
f 172//172 196//196 171//171
f 171//171 196//196 197//197
f 171//171 197//197 170//170
f 170//170 197//197 198//198
f 170//170 198//198 169//169
f 169//169 198//198 199//199
f 169//169 199//199 168//168
f 168//168 199//199 200//200
f 168//168 200//200 167//167
f 167//167 200//200 201//201
f 167//167 201//201 166//166
f 166//166 201//201 202//202
f 166//166 202//202 165//165
f 165//165 202//202 203//203
f 165//165 203//203 164//164
f 164//164 203//203 204//204
f 164//164 204//204 145//145
f 145//145 204//204 205//205
f 145//145 205//205 144//144
f 144//144 205//205 224//224
f 144//144 224//224 143//143
f 143//143 224//224 225//225
f 143//143 225//225 142//142
f 142//142 225//225 226//226
f 142//142 226//226 141//141
f 141//141 226//226 227//227
f 141//141 227//227 140//140
f 140//140 227//227 228//228
f 140//140 228//228 139//139
f 139//139 228//228 229//229
f 139//139 229//229 138//138
f 138//138 229//229 230//230
f 138//138 230//230 137//137
f 137//137 230//230 231//231
f 137//137 231//231 136//136
f 136//136 231//231 232//232
f 136//136 232//232 135//135
f 135//135 232//232 233//233
f 135//135 233//233 134//134
f 134//134 233//233 234//234
f 134//134 234//234 133//133
f 133//133 234//234 235//235
f 133//133 235//235 132//132
f 132//132 235//235 236//236
f 132//132 236//236 131//131
f 131//131 236//236 237//237
f 131//131 237//237 130//130
f 130//130 237//237 238//238
f 130//130 238//238 129//129
f 129//129 238//238 239//239
f 129//129 239//239 128//128
f 128//128 239//239 240//240
f 128//128 240//240 127//127
f 127//127 240//240 184//184
f 127//127 184//184 125//125
f 125//125 184//184 183//183
f 125//125 183//183 126//126
f 126//126 183//183 206//206
f 126//126 206//206 163//163
f 163//163 206//206 207//207
f 163//163 207//207 162//162
f 162//162 207//207 208//208
f 162//162 208//208 161//161
f 161//161 208//208 209//209
f 161//161 209//209 160//160
f 160//160 209//209 210//210
f 160//160 210//210 159//159
f 159//159 210//210 211//211
f 159//159 211//211 158//158
f 158//158 211//211 212//212
f 158//158 212//212 157//157
f 157//157 212//212 213//213
f 157//157 213//213 156//156
f 156//156 213//213 214//214
f 156//156 214//214 155//155
f 155//155 214//214 215//215
f 155//155 215//215 154//154
f 154//154 215//215 216//216
f 154//154 216//216 153//153
f 153//153 216//216 217//217
f 153//153 217//217 152//152
f 152//152 217//217 218//218
f 152//152 218//218 151//151
f 151//151 218//218 219//219
f 151//151 219//219 150//150
f 150//150 219//219 220//220
f 150//150 220//220 149//149
f 149//149 220//220 221//221
f 149//149 221//221 148//148
f 148//148 221//221 222//222
f 148//148 222//222 147//147
f 147//147 222//222 223//223
f 147//147 223//223 146//146
f 146//146 223//223 185//185
f 146//146 185//185 182//182
f 182//182 185//185 186//186
f 182//182 186//186 181//181
f 181//181 186//186 187//187
f 181//181 187//187 180//180
f 180//180 187//187 188//188
f 180//180 188//188 179//179
f 179//179 188//188 189//189
f 179//179 189//189 178//178
f 178//178 189//189 190//190
f 178//178 190//190 177//177
f 177//177 190//190 191//191
f 177//177 191//191 176//176
f 176//176 191//191 192//192
f 176//176 192//192 175//175
f 175//175 192//192 193//193
f 175//175 193//193 174//174
f 174//174 193//193 194//194
f 174//174 194//194 173//173
f 173//173 194//194 195//195
f 241//241 242//242 243//243
f 243//243 242//242 244//244
f 242//242 245//245 244//244
f 244//244 245//245 246//246
f 244//244 246//246 247//247
f 247//247 246//246 248//248
f 247//247 248//248 249//249
f 249//249 248//248 250//250
f 249//249 250//250 251//251
f 251//251 250//250 252//252
f 251//251 252//252 253//253
f 253//253 252//252 254//254
f 253//253 254//254 255//255
f 255//255 254//254 256//256
f 255//255 256//256 257//257
f 257//257 256//256 258//258
f 257//257 258//258 259//259
f 259//259 258//258 260//260
f 259//259 260//260 261//261
f 261//261 260//260 262//262
f 261//261 262//262 263//263
f 263//263 262//262 264//264
f 263//263 264//264 265//265
f 265//265 264//264 266//266
f 265//265 266//266 267//267
f 267//267 266//266 268//268
f 267//267 268//268 269//269
f 269//269 268//268 270//270
f 269//269 270//270 271//271
f 271//271 270//270 272//272
f 271//271 272//272 273//273
f 273//273 272//272 274//274
f 273//273 274//274 275//275
f 275//275 274//274 276//276
f 275//275 276//276 277//277
f 277//277 276//276 278//278
f 277//277 278//278 279//279
f 279//279 278//278 280//280
f 279//279 280//280 281//281
f 281//281 280//280 282//282
f 281//281 282//282 283//283
f 283//283 282//282 284//284
f 283//283 284//284 285//285
f 285//285 284//284 286//286
f 285//285 286//286 287//287
f 287//287 286//286 288//288
f 287//287 288//288 289//289
f 289//289 288//288 290//290
f 289//289 290//290 291//291
f 291//291 290//290 292//292
f 291//291 292//292 293//293
f 293//293 292//292 294//294
f 293//293 294//294 295//295
f 295//295 294//294 296//296
f 295//295 296//296 297//297
f 297//297 296//296 298//298
f 297//297 298//298 299//299
f 299//299 298//298 300//300
f 299//299 300//300 301//301
f 301//301 300//300 302//302
f 301//301 302//302 303//303
f 303//303 302//302 304//304
f 303//303 304//304 305//305
f 305//305 304//304 306//306
f 305//305 306//306 307//307
f 307//307 306//306 308//308
f 307//307 308//308 309//309
f 309//309 308//308 310//310
f 309//309 310//310 311//311
f 311//311 310//310 312//312
f 311//311 312//312 313//313
f 313//313 312//312 314//314
f 313//313 314//314 315//315
f 315//315 314//314 316//316
f 315//315 316//316 317//317
f 317//317 316//316 318//318
f 317//317 318//318 319//319
f 319//319 318//318 320//320
f 319//319 320//320 321//321
f 321//321 320//320 322//322
f 321//321 322//322 323//323
f 323//323 322//322 324//324
f 323//323 324//324 325//325
f 325//325 324//324 326//326
f 325//325 326//326 327//327
f 327//327 326//326 328//328
f 327//327 328//328 329//329
f 329//329 328//328 330//330
f 329//329 330//330 331//331
f 331//331 330//330 332//332
f 331//331 332//332 333//333
f 333//333 332//332 334//334
f 333//333 334//334 335//335
f 335//335 334//334 336//336
f 335//335 336//336 337//337
f 337//337 336//336 338//338
f 337//337 338//338 339//339
f 339//339 338//338 340//340
f 339//339 340//340 341//341
f 341//341 340//340 342//342
f 341//341 342//342 343//343
f 343//343 342//342 344//344
f 343//343 344//344 345//345
f 345//345 344//344 346//346
f 345//345 346//346 347//347
f 347//347 346//346 348//348
f 347//347 348//348 349//349
f 349//349 348//348 350//350
f 349//349 350//350 351//351
f 351//351 350//350 352//352
f 351//351 352//352 353//353
f 353//353 352//352 354//354
f 353//353 354//354 355//355
f 355//355 354//354 356//356
f 355//355 356//356 357//357
f 357//357 356//356 358//358
f 357//357 358//358 359//359
f 359//359 358//358 360//360
f 359//359 360//360 361//361
f 361//361 360//360 362//362
f 361//361 362//362 363//363
f 363//363 362//362 241//241
f 363//363 241//241 364//364
f 364//364 241//241 243//243
f 245//245 365//365 366//366
f 245//245 242//242 365//365
f 365//365 242//242 241//241
f 365//365 241//241 367//367
f 367//367 241//241 362//362
f 367//367 362//362 368//368
f 368//368 362//362 360//360
f 368//368 360//360 369//369
f 369//369 360//360 358//358
f 369//369 358//358 370//370
f 370//370 358//358 356//356
f 370//370 356//356 371//371
f 371//371 356//356 354//354
f 371//371 354//354 372//372
f 372//372 354//354 352//352
f 372//372 352//352 373//373
f 373//373 352//352 350//350
f 373//373 350//350 374//374
f 374//374 350//350 348//348
f 374//374 348//348 375//375
f 375//375 348//348 346//346
f 375//375 346//346 376//376
f 376//376 346//346 344//344
f 376//376 344//344 377//377
f 377//377 344//344 342//342
f 377//377 342//342 378//378
f 378//378 342//342 340//340
f 378//378 340//340 379//379
f 379//379 340//340 338//338
f 379//379 338//338 380//380
f 380//380 338//338 336//336
f 380//380 336//336 381//381
f 381//381 336//336 334//334
f 381//381 334//334 382//382
f 382//382 334//334 332//332
f 382//382 332//332 383//383
f 383//383 332//332 330//330
f 383//383 330//330 384//384
f 384//384 330//330 328//328
f 384//384 328//328 385//385
f 386//386 282//282 387//387
f 387//387 282//282 280//280
f 387//387 280//280 388//388
f 388//388 280//280 278//278
f 388//388 278//278 389//389
f 389//389 278//278 276//276
f 389//389 276//276 390//390
f 390//390 276//276 274//274
f 390//390 274//274 391//391
f 391//391 274//274 272//272
f 391//391 272//272 392//392
f 392//392 272//272 270//270
f 392//392 270//270 393//393
f 393//393 270//270 268//268
f 393//393 268//268 394//394
f 394//394 268//268 266//266
f 394//394 266//266 395//395
f 395//395 266//266 264//264
f 395//395 264//264 396//396
f 396//396 264//264 262//262
f 396//396 262//262 397//397
f 397//397 262//262 260//260
f 397//397 260//260 398//398
f 398//398 260//260 258//258
f 398//398 258//258 399//399
f 399//399 258//258 256//256
f 399//399 256//256 400//400
f 400//400 256//256 254//254
f 400//400 254//254 401//401
f 401//401 254//254 252//252
f 401//401 252//252 402//402
f 402//402 252//252 250//250
f 402//402 250//250 403//403
f 403//403 250//250 248//248
f 403//403 248//248 366//366
f 366//366 248//248 246//246
f 366//366 246//246 245//245
f 328//328 326//326 385//385
f 385//385 326//326 324//324
f 385//385 324//324 404//404
f 404//404 324//324 322//322
f 404//404 322//322 405//405
f 405//405 322//322 320//320
f 405//405 320//320 406//406
f 406//406 320//320 318//318
f 406//406 318//318 407//407
f 407//407 318//318 316//316
f 407//407 316//316 408//408
f 408//408 316//316 314//314
f 408//408 314//314 409//409
f 409//409 314//314 312//312
f 409//409 312//312 410//410
f 410//410 312//312 310//310
f 410//410 310//310 411//411
f 411//411 310//310 308//308
f 411//411 308//308 412//412
f 412//412 308//308 306//306
f 412//412 306//306 413//413
f 413//413 306//306 304//304
f 413//413 304//304 414//414
f 414//414 304//304 302//302
f 414//414 302//302 415//415
f 415//415 302//302 300//300
f 415//415 300//300 416//416
f 416//416 300//300 298//298
f 416//416 298//298 417//417
f 417//417 298//298 296//296
f 417//417 296//296 418//418
f 418//418 296//296 294//294
f 418//418 294//294 419//419
f 419//419 294//294 292//292
f 419//419 292//292 420//420
f 420//420 292//292 290//290
f 420//420 290//290 421//421
f 421//421 290//290 288//288
f 421//421 288//288 422//422
f 422//422 288//288 286//286
f 422//422 286//286 386//386
f 386//386 286//286 284//284
f 386//386 284//284 282//282
f 364//364 423//423 424//424
f 425//425 285//285 426//426
f 426//426 285//285 287//287
f 426//426 287//287 427//427
f 427//427 287//287 289//289
f 427//427 289//289 428//428
f 428//428 289//289 291//291
f 428//428 291//291 429//429
f 429//429 291//291 293//293
f 429//429 293//293 430//430
f 430//430 293//293 295//295
f 430//430 295//295 431//431
f 431//431 295//295 297//297
f 431//431 297//297 432//432
f 432//432 297//297 299//299
f 432//432 299//299 433//433
f 433//433 299//299 301//301
f 433//433 301//301 434//434
f 434//434 301//301 303//303
f 434//434 303//303 435//435
f 435//435 303//303 305//305
f 435//435 305//305 436//436
f 436//436 305//305 307//307
f 436//436 307//307 437//437
f 437//437 307//307 309//309
f 437//437 309//309 438//438
f 438//438 309//309 311//311
f 438//438 311//311 439//439
f 439//439 311//311 313//313
f 439//439 313//313 440//440
f 440//440 313//313 315//315
f 440//440 315//315 441//441
f 441//441 315//315 317//317
f 441//441 317//317 442//442
f 442//442 317//317 319//319
f 442//442 319//319 443//443
f 443//443 319//319 321//321
f 443//443 321//321 444//444
f 444//444 321//321 323//323
f 444//444 323//323 445//445
f 364//364 243//243 423//423
f 423//423 243//243 244//244
f 423//423 244//244 446//446
f 446//446 244//244 247//247
f 446//446 247//247 447//447
f 447//447 247//247 249//249
f 447//447 249//249 448//448
f 448//448 249//249 251//251
f 448//448 251//251 449//449
f 449//449 251//251 253//253
f 449//449 253//253 450//450
f 450//450 253//253 255//255
f 450//450 255//255 451//451
f 451//451 255//255 257//257
f 451//451 257//257 452//452
f 452//452 257//257 259//259
f 452//452 259//259 453//453
f 453//453 259//259 261//261
f 453//453 261//261 454//454
f 454//454 261//261 263//263
f 454//454 263//263 455//455
f 455//455 263//263 265//265
f 455//455 265//265 456//456
f 456//456 265//265 267//267
f 456//456 267//267 457//457
f 457//457 267//267 269//269
f 457//457 269//269 458//458
f 458//458 269//269 271//271
f 458//458 271//271 459//459
f 459//459 271//271 273//273
f 459//459 273//273 460//460
f 460//460 273//273 275//275
f 460//460 275//275 461//461
f 461//461 275//275 277//277
f 461//461 277//277 462//462
f 462//462 277//277 279//279
f 462//462 279//279 463//463
f 463//463 279//279 281//281
f 463//463 281//281 425//425
f 425//425 281//281 283//283
f 425//425 283//283 285//285
f 323//323 325//325 445//445
f 445//445 325//325 327//327
f 445//445 327//327 464//464
f 464//464 327//327 329//329
f 464//464 329//329 465//465
f 465//465 329//329 331//331
f 465//465 331//331 466//466
f 466//466 331//331 333//333
f 466//466 333//333 467//467
f 467//467 333//333 335//335
f 467//467 335//335 468//468
f 468//468 335//335 337//337
f 468//468 337//337 469//469
f 469//469 337//337 339//339
f 469//469 339//339 470//470
f 470//470 339//339 341//341
f 470//470 341//341 471//471
f 471//471 341//341 343//343
f 471//471 343//343 472//472
f 472//472 343//343 345//345
f 472//472 345//345 473//473
f 473//473 345//345 347//347
f 473//473 347//347 474//474
f 474//474 347//347 349//349
f 474//474 349//349 475//475
f 475//475 349//349 351//351
f 475//475 351//351 476//476
f 476//476 351//351 353//353
f 476//476 353//353 477//477
f 477//477 353//353 355//355
f 477//477 355//355 478//478
f 478//478 355//355 357//357
f 478//478 357//357 479//479
f 479//479 357//357 359//359
f 479//479 359//359 480//480
f 480//480 359//359 361//361
f 480//480 361//361 424//424
f 424//424 361//361 363//363
f 424//424 363//363 364//364
f 413//413 435//435 412//412
f 412//412 435//435 436//436
f 412//412 436//436 411//411
f 411//411 436//436 437//437
f 411//411 437//437 410//410
f 410//410 437//437 438//438
f 410//410 438//438 409//409
f 409//409 438//438 439//439
f 409//409 439//439 408//408
f 408//408 439//439 440//440
f 408//408 440//440 407//407
f 407//407 440//440 441//441
f 407//407 441//441 406//406
f 406//406 441//441 442//442
f 406//406 442//442 405//405
f 405//405 442//442 443//443
f 405//405 443//443 404//404
f 404//404 443//443 444//444
f 404//404 444//444 385//385
f 385//385 444//444 445//445
f 385//385 445//445 384//384
f 384//384 445//445 464//464
f 384//384 464//464 383//383
f 383//383 464//464 465//465
f 383//383 465//465 382//382
f 382//382 465//465 466//466
f 382//382 466//466 381//381
f 381//381 466//466 467//467
f 381//381 467//467 380//380
f 380//380 467//467 468//468
f 380//380 468//468 379//379
f 379//379 468//468 469//469
f 379//379 469//469 378//378
f 378//378 469//469 470//470
f 378//378 470//470 377//377
f 377//377 470//470 471//471
f 377//377 471//471 376//376
f 376//376 471//471 472//472
f 376//376 472//472 375//375
f 375//375 472//472 473//473
f 375//375 473//473 374//374
f 374//374 473//473 474//474
f 374//374 474//474 373//373
f 373//373 474//474 475//475
f 373//373 475//475 372//372
f 372//372 475//475 476//476
f 372//372 476//476 371//371
f 371//371 476//476 477//477
f 371//371 477//477 370//370
f 370//370 477//477 478//478
f 370//370 478//478 369//369
f 369//369 478//478 479//479
f 369//369 479//479 368//368
f 368//368 479//479 480//480
f 368//368 480//480 367//367
f 367//367 480//480 424//424
f 367//367 424//424 365//365
f 365//365 424//424 423//423
f 365//365 423//423 366//366
f 366//366 423//423 446//446
f 366//366 446//446 403//403
f 403//403 446//446 447//447
f 403//403 447//447 402//402
f 402//402 447//447 448//448
f 402//402 448//448 401//401
f 401//401 448//448 449//449
f 401//401 449//449 400//400
f 400//400 449//449 450//450
f 400//400 450//450 399//399
f 399//399 450//450 451//451
f 399//399 451//451 398//398
f 398//398 451//451 452//452
f 398//398 452//452 397//397
f 397//397 452//452 453//453
f 397//397 453//453 396//396
f 396//396 453//453 454//454
f 396//396 454//454 395//395
f 395//395 454//454 455//455
f 395//395 455//455 394//394
f 394//394 455//455 456//456
f 394//394 456//456 393//393
f 393//393 456//456 457//457
f 393//393 457//457 392//392
f 392//392 457//457 458//458
f 392//392 458//458 391//391
f 391//391 458//458 459//459
f 391//391 459//459 390//390
f 390//390 459//459 460//460
f 390//390 460//460 389//389
f 389//389 460//460 461//461
f 389//389 461//461 388//388
f 388//388 461//461 462//462
f 388//388 462//462 387//387
f 387//387 462//462 463//463
f 387//387 463//463 386//386
f 386//386 463//463 425//425
f 386//386 425//425 422//422
f 422//422 425//425 426//426
f 422//422 426//426 421//421
f 421//421 426//426 427//427
f 421//421 427//427 420//420
f 420//420 427//427 428//428
f 420//420 428//428 419//419
f 419//419 428//428 429//429
f 419//419 429//429 418//418
f 418//418 429//429 430//430
f 418//418 430//430 417//417
f 417//417 430//430 431//431
f 417//417 431//431 416//416
f 416//416 431//431 432//432
f 416//416 432//432 415//415
f 415//415 432//432 433//433
f 415//415 433//433 414//414
f 414//414 433//433 434//434
f 414//414 434//434 413//413
f 413//413 434//434 435//435
f 481//481 482//482 483//483
f 483//483 482//482 484//484
f 482//482 485//485 484//484
f 484//484 485//485 486//486
f 484//484 486//486 487//487
f 487//487 486//486 488//488
f 487//487 488//488 489//489
f 489//489 488//488 490//490
f 489//489 490//490 491//491
f 491//491 490//490 492//492
f 491//491 492//492 493//493
f 493//493 492//492 494//494
f 493//493 494//494 495//495
f 495//495 494//494 496//496
f 495//495 496//496 497//497
f 497//497 496//496 498//498
f 497//497 498//498 499//499
f 499//499 498//498 500//500
f 499//499 500//500 501//501
f 501//501 500//500 502//502
f 501//501 502//502 503//503
f 503//503 502//502 504//504
f 503//503 504//504 505//505
f 505//505 504//504 506//506
f 505//505 506//506 507//507
f 507//507 506//506 508//508
f 507//507 508//508 509//509
f 509//509 508//508 510//510
f 509//509 510//510 511//511
f 511//511 510//510 512//512
f 511//511 512//512 513//513
f 513//513 512//512 514//514
f 513//513 514//514 515//515
f 515//515 514//514 516//516
f 515//515 516//516 517//517
f 517//517 516//516 518//518
f 517//517 518//518 519//519
f 519//519 518//518 520//520
f 519//519 520//520 521//521
f 521//521 520//520 522//522
f 521//521 522//522 523//523
f 523//523 522//522 524//524
f 523//523 524//524 525//525
f 525//525 524//524 526//526
f 525//525 526//526 527//527
f 527//527 526//526 528//528
f 527//527 528//528 529//529
f 529//529 528//528 530//530
f 529//529 530//530 531//531
f 531//531 530//530 532//532
f 531//531 532//532 533//533
f 533//533 532//532 534//534
f 533//533 534//534 535//535
f 535//535 534//534 536//536
f 535//535 536//536 537//537
f 537//537 536//536 538//538
f 537//537 538//538 539//539
f 539//539 538//538 540//540
f 539//539 540//540 541//541
f 541//541 540//540 542//542
f 541//541 542//542 543//543
f 543//543 542//542 544//544
f 543//543 544//544 545//545
f 545//545 544//544 546//546
f 545//545 546//546 547//547
f 547//547 546//546 548//548
f 547//547 548//548 549//549
f 549//549 548//548 550//550
f 549//549 550//550 551//551
f 551//551 550//550 552//552
f 551//551 552//552 553//553
f 553//553 552//552 554//554
f 553//553 554//554 555//555
f 555//555 554//554 556//556
f 555//555 556//556 557//557
f 557//557 556//556 558//558
f 557//557 558//558 559//559
f 559//559 558//558 560//560
f 559//559 560//560 561//561
f 561//561 560//560 562//562
f 561//561 562//562 563//563
f 563//563 562//562 564//564
f 563//563 564//564 565//565
f 565//565 564//564 566//566
f 565//565 566//566 567//567
f 567//567 566//566 568//568
f 567//567 568//568 569//569
f 569//569 568//568 570//570
f 569//569 570//570 571//571
f 571//571 570//570 572//572
f 571//571 572//572 573//573
f 573//573 572//572 574//574
f 573//573 574//574 575//575
f 575//575 574//574 576//576
f 575//575 576//576 577//577
f 577//577 576//576 578//578
f 577//577 578//578 579//579
f 579//579 578//578 580//580
f 579//579 580//580 581//581
f 581//581 580//580 582//582
f 581//581 582//582 583//583
f 583//583 582//582 584//584
f 583//583 584//584 585//585
f 585//585 584//584 586//586
f 585//585 586//586 587//587
f 587//587 586//586 588//588
f 587//587 588//588 589//589
f 589//589 588//588 590//590
f 589//589 590//590 591//591
f 591//591 590//590 592//592
f 591//591 592//592 593//593
f 593//593 592//592 594//594
f 593//593 594//594 595//595
f 595//595 594//594 596//596
f 595//595 596//596 597//597
f 597//597 596//596 598//598
f 597//597 598//598 599//599
f 599//599 598//598 600//600
f 599//599 600//600 601//601
f 601//601 600//600 602//602
f 601//601 602//602 603//603
f 603//603 602//602 481//481
f 603//603 481//481 604//604
f 604//604 481//481 483//483
f 485//485 605//605 606//606
f 485//485 482//482 605//605
f 605//605 482//482 481//481
f 605//605 481//481 607//607
f 607//607 481//481 602//602
f 607//607 602//602 608//608
f 608//608 602//602 600//600
f 608//608 600//600 609//609
f 609//609 600//600 598//598
f 609//609 598//598 610//610
f 610//610 598//598 596//596
f 610//610 596//596 611//611
f 611//611 596//596 594//594
f 611//611 594//594 612//612
f 612//612 594//594 592//592
f 612//612 592//592 613//613
f 613//613 592//592 590//590
f 613//613 590//590 614//614
f 614//614 590//590 588//588
f 614//614 588//588 615//615
f 615//615 588//588 586//586
f 615//615 586//586 616//616
f 616//616 586//586 584//584
f 616//616 584//584 617//617
f 617//617 584//584 582//582
f 617//617 582//582 618//618
f 618//618 582//582 580//580
f 618//618 580//580 619//619
f 619//619 580//580 578//578
f 619//619 578//578 620//620
f 620//620 578//578 576//576
f 620//620 576//576 621//621
f 621//621 576//576 574//574
f 621//621 574//574 622//622
f 622//622 574//574 572//572
f 622//622 572//572 623//623
f 623//623 572//572 570//570
f 623//623 570//570 624//624
f 624//624 570//570 568//568
f 624//624 568//568 625//625
f 626//626 522//522 627//627
f 627//627 522//522 520//520
f 627//627 520//520 628//628
f 628//628 520//520 518//518
f 628//628 518//518 629//629
f 629//629 518//518 516//516
f 629//629 516//516 630//630
f 630//630 516//516 514//514
f 630//630 514//514 631//631
f 631//631 514//514 512//512
f 631//631 512//512 632//632
f 632//632 512//512 510//510
f 632//632 510//510 633//633
f 633//633 510//510 508//508
f 633//633 508//508 634//634
f 634//634 508//508 506//506
f 634//634 506//506 635//635
f 635//635 506//506 504//504
f 635//635 504//504 636//636
f 636//636 504//504 502//502
f 636//636 502//502 637//637
f 637//637 502//502 500//500
f 637//637 500//500 638//638
f 638//638 500//500 498//498
f 638//638 498//498 639//639
f 639//639 498//498 496//496
f 639//639 496//496 640//640
f 640//640 496//496 494//494
f 640//640 494//494 641//641
f 641//641 494//494 492//492
f 641//641 492//492 642//642
f 642//642 492//492 490//490
f 642//642 490//490 643//643
f 643//643 490//490 488//488
f 643//643 488//488 606//606
f 606//606 488//488 486//486
f 606//606 486//486 485//485
f 568//568 566//566 625//625
f 625//625 566//566 564//564
f 625//625 564//564 644//644
f 644//644 564//564 562//562
f 644//644 562//562 645//645
f 645//645 562//562 560//560
f 645//645 560//560 646//646
f 646//646 560//560 558//558
f 646//646 558//558 647//647
f 647//647 558//558 556//556
f 647//647 556//556 648//648
f 648//648 556//556 554//554
f 648//648 554//554 649//649
f 649//649 554//554 552//552
f 649//649 552//552 650//650
f 650//650 552//552 550//550
f 650//650 550//550 651//651
f 651//651 550//550 548//548
f 651//651 548//548 652//652
f 652//652 548//548 546//546
f 652//652 546//546 653//653
f 653//653 546//546 544//544
f 653//653 544//544 654//654
f 654//654 544//544 542//542
f 654//654 542//542 655//655
f 655//655 542//542 540//540
f 655//655 540//540 656//656
f 656//656 540//540 538//538
f 656//656 538//538 657//657
f 657//657 538//538 536//536
f 657//657 536//536 658//658
f 658//658 536//536 534//534
f 658//658 534//534 659//659
f 659//659 534//534 532//532
f 659//659 532//532 660//660
f 660//660 532//532 530//530
f 660//660 530//530 661//661
f 661//661 530//530 528//528
f 661//661 528//528 662//662
f 662//662 528//528 526//526
f 662//662 526//526 626//626
f 626//626 526//526 524//524
f 626//626 524//524 522//522
f 604//604 663//663 664//664
f 665//665 525//525 666//666
f 666//666 525//525 527//527
f 666//666 527//527 667//667
f 667//667 527//527 529//529
f 667//667 529//529 668//668
f 668//668 529//529 531//531
f 668//668 531//531 669//669
f 669//669 531//531 533//533
f 669//669 533//533 670//670
f 670//670 533//533 535//535
f 670//670 535//535 671//671
f 671//671 535//535 537//537
f 671//671 537//537 672//672
f 672//672 537//537 539//539
f 672//672 539//539 673//673
f 673//673 539//539 541//541
f 673//673 541//541 674//674
f 674//674 541//541 543//543
f 674//674 543//543 675//675
f 675//675 543//543 545//545
f 675//675 545//545 676//676
f 676//676 545//545 547//547
f 676//676 547//547 677//677
f 677//677 547//547 549//549
f 677//677 549//549 678//678
f 678//678 549//549 551//551
f 678//678 551//551 679//679
f 679//679 551//551 553//553
f 679//679 553//553 680//680
f 680//680 553//553 555//555
f 680//680 555//555 681//681
f 681//681 555//555 557//557
f 681//681 557//557 682//682
f 682//682 557//557 559//559
f 682//682 559//559 683//683
f 683//683 559//559 561//561
f 683//683 561//561 684//684
f 684//684 561//561 563//563
f 684//684 563//563 685//685
f 604//604 483//483 663//663
f 663//663 483//483 484//484
f 663//663 484//484 686//686
f 686//686 484//484 487//487
f 686//686 487//487 687//687
f 687//687 487//487 489//489
f 687//687 489//489 688//688
f 688//688 489//489 491//491
f 688//688 491//491 689//689
f 689//689 491//491 493//493
f 689//689 493//493 690//690
f 690//690 493//493 495//495
f 690//690 495//495 691//691
f 691//691 495//495 497//497
f 691//691 497//497 692//692
f 692//692 497//497 499//499
f 692//692 499//499 693//693
f 693//693 499//499 501//501
f 693//693 501//501 694//694
f 694//694 501//501 503//503
f 694//694 503//503 695//695
f 695//695 503//503 505//505
f 695//695 505//505 696//696
f 696//696 505//505 507//507
f 696//696 507//507 697//697
f 697//697 507//507 509//509
f 697//697 509//509 698//698
f 698//698 509//509 511//511
f 698//698 511//511 699//699
f 699//699 511//511 513//513
f 699//699 513//513 700//700
f 700//700 513//513 515//515
f 700//700 515//515 701//701
f 701//701 515//515 517//517
f 701//701 517//517 702//702
f 702//702 517//517 519//519
f 702//702 519//519 703//703
f 703//703 519//519 521//521
f 703//703 521//521 665//665
f 665//665 521//521 523//523
f 665//665 523//523 525//525
f 563//563 565//565 685//685
f 685//685 565//565 567//567
f 685//685 567//567 704//704
f 704//704 567//567 569//569
f 704//704 569//569 705//705
f 705//705 569//569 571//571
f 705//705 571//571 706//706
f 706//706 571//571 573//573
f 706//706 573//573 707//707
f 707//707 573//573 575//575
f 707//707 575//575 708//708
f 708//708 575//575 577//577
f 708//708 577//577 709//709
f 709//709 577//577 579//579
f 709//709 579//579 710//710
f 710//710 579//579 581//581
f 710//710 581//581 711//711
f 711//711 581//581 583//583
f 711//711 583//583 712//712
f 712//712 583//583 585//585
f 712//712 585//585 713//713
f 713//713 585//585 587//587
f 713//713 587//587 714//714
f 714//714 587//587 589//589
f 714//714 589//589 715//715
f 715//715 589//589 591//591
f 715//715 591//591 716//716
f 716//716 591//591 593//593
f 716//716 593//593 717//717
f 717//717 593//593 595//595
f 717//717 595//595 718//718
f 718//718 595//595 597//597
f 718//718 597//597 719//719
f 719//719 597//597 599//599
f 719//719 599//599 720//720
f 720//720 599//599 601//601
f 720//720 601//601 664//664
f 664//664 601//601 603//603
f 664//664 603//603 604//604
f 653//653 675//675 652//652
f 652//652 675//675 676//676
f 652//652 676//676 651//651
f 651//651 676//676 677//677
f 651//651 677//677 650//650
f 650//650 677//677 678//678
f 650//650 678//678 649//649
f 649//649 678//678 679//679
f 649//649 679//679 648//648
f 648//648 679//679 680//680
f 648//648 680//680 647//647
f 647//647 680//680 681//681
f 647//647 681//681 646//646
f 646//646 681//681 682//682
f 646//646 682//682 645//645
f 645//645 682//682 683//683
f 645//645 683//683 644//644
f 644//644 683//683 684//684
f 644//644 684//684 625//625
f 625//625 684//684 685//685
f 625//625 685//685 624//624
f 624//624 685//685 704//704
f 624//624 704//704 623//623
f 623//623 704//704 705//705
f 623//623 705//705 622//622
f 622//622 705//705 706//706
f 622//622 706//706 621//621
f 621//621 706//706 707//707
f 621//621 707//707 620//620
f 620//620 707//707 708//708
f 620//620 708//708 619//619
f 619//619 708//708 709//709
f 619//619 709//709 618//618
f 618//618 709//709 710//710
f 618//618 710//710 617//617
f 617//617 710//710 711//711
f 617//617 711//711 616//616
f 616//616 711//711 712//712
f 616//616 712//712 615//615
f 615//615 712//712 713//713
f 615//615 713//713 614//614
f 614//614 713//713 714//714
f 614//614 714//714 613//613
f 613//613 714//714 715//715
f 613//613 715//715 612//612
f 612//612 715//715 716//716
f 612//612 716//716 611//611
f 611//611 716//716 717//717
f 611//611 717//717 610//610
f 610//610 717//717 718//718
f 610//610 718//718 609//609
f 609//609 718//718 719//719
f 609//609 719//719 608//608
f 608//608 719//719 720//720
f 608//608 720//720 607//607
f 607//607 720//720 664//664
f 607//607 664//664 605//605
f 605//605 664//664 663//663
f 605//605 663//663 606//606
f 606//606 663//663 686//686
f 606//606 686//686 643//643
f 643//643 686//686 687//687
f 643//643 687//687 642//642
f 642//642 687//687 688//688
f 642//642 688//688 641//641
f 641//641 688//688 689//689
f 641//641 689//689 640//640
f 640//640 689//689 690//690
f 640//640 690//690 639//639
f 639//639 690//690 691//691
f 639//639 691//691 638//638
f 638//638 691//691 692//692
f 638//638 692//692 637//637
f 637//637 692//692 693//693
f 637//637 693//693 636//636
f 636//636 693//693 694//694
f 636//636 694//694 635//635
f 635//635 694//694 695//695
f 635//635 695//695 634//634
f 634//634 695//695 696//696
f 634//634 696//696 633//633
f 633//633 696//696 697//697
f 633//633 697//697 632//632
f 632//632 697//697 698//698
f 632//632 698//698 631//631
f 631//631 698//698 699//699
f 631//631 699//699 630//630
f 630//630 699//699 700//700
f 630//630 700//700 629//629
f 629//629 700//700 701//701
f 629//629 701//701 628//628
f 628//628 701//701 702//702
f 628//628 702//702 627//627
f 627//627 702//702 703//703
f 627//627 703//703 626//626
f 626//626 703//703 665//665
f 626//626 665//665 662//662
f 662//662 665//665 666//666
f 662//662 666//666 661//661
f 661//661 666//666 667//667
f 661//661 667//667 660//660
f 660//660 667//667 668//668
f 660//660 668//668 659//659
f 659//659 668//668 669//669
f 659//659 669//669 658//658
f 658//658 669//669 670//670
f 658//658 670//670 657//657
f 657//657 670//670 671//671
f 657//657 671//671 656//656
f 656//656 671//671 672//672
f 656//656 672//672 655//655
f 655//655 672//672 673//673
f 655//655 673//673 654//654
f 654//654 673//673 674//674
f 654//654 674//674 653//653
f 653//653 674//674 675//675
f 721//721 722//722 723//723
f 723//723 722//722 724//724
f 722//722 725//725 724//724
f 724//724 725//725 726//726
f 724//724 726//726 727//727
f 727//727 726//726 728//728
f 727//727 728//728 729//729
f 729//729 728//728 730//730
f 729//729 730//730 731//731
f 731//731 730//730 732//732
f 731//731 732//732 733//733
f 733//733 732//732 734//734
f 733//733 734//734 735//735
f 735//735 734//734 736//736
f 735//735 736//736 737//737
f 737//737 736//736 738//738
f 737//737 738//738 739//739
f 739//739 738//738 740//740
f 739//739 740//740 741//741
f 741//741 740//740 742//742
f 741//741 742//742 743//743
f 743//743 742//742 744//744
f 743//743 744//744 745//745
f 745//745 744//744 746//746
f 745//745 746//746 747//747
f 747//747 746//746 748//748
f 747//747 748//748 749//749
f 749//749 748//748 750//750
f 749//749 750//750 751//751
f 751//751 750//750 752//752
f 751//751 752//752 753//753
f 753//753 752//752 754//754
f 753//753 754//754 755//755
f 755//755 754//754 756//756
f 755//755 756//756 757//757
f 757//757 756//756 758//758
f 757//757 758//758 759//759
f 759//759 758//758 760//760
f 759//759 760//760 761//761
f 761//761 760//760 762//762
f 761//761 762//762 763//763
f 763//763 762//762 764//764
f 763//763 764//764 765//765
f 765//765 764//764 766//766
f 765//765 766//766 767//767
f 767//767 766//766 768//768
f 767//767 768//768 769//769
f 769//769 768//768 770//770
f 769//769 770//770 771//771
f 771//771 770//770 772//772
f 771//771 772//772 773//773
f 773//773 772//772 774//774
f 773//773 774//774 775//775
f 775//775 774//774 776//776
f 775//775 776//776 777//777
f 777//777 776//776 778//778
f 777//777 778//778 779//779
f 779//779 778//778 780//780
f 779//779 780//780 781//781
f 781//781 780//780 782//782
f 781//781 782//782 783//783
f 783//783 782//782 784//784
f 783//783 784//784 785//785
f 785//785 784//784 786//786
f 785//785 786//786 787//787
f 787//787 786//786 788//788
f 787//787 788//788 789//789
f 789//789 788//788 790//790
f 789//789 790//790 791//791
f 791//791 790//790 792//792
f 791//791 792//792 793//793
f 793//793 792//792 794//794
f 793//793 794//794 795//795
f 795//795 794//794 796//796
f 795//795 796//796 797//797
f 797//797 796//796 798//798
f 797//797 798//798 799//799
f 799//799 798//798 800//800
f 799//799 800//800 801//801
f 801//801 800//800 802//802
f 801//801 802//802 803//803
f 803//803 802//802 804//804
f 803//803 804//804 805//805
f 805//805 804//804 806//806
f 805//805 806//806 807//807
f 807//807 806//806 808//808
f 807//807 808//808 809//809
f 809//809 808//808 810//810
f 809//809 810//810 811//811
f 811//811 810//810 812//812
f 811//811 812//812 813//813
f 813//813 812//812 814//814
f 813//813 814//814 815//815
f 815//815 814//814 816//816
f 815//815 816//816 817//817
f 817//817 816//816 818//818
f 817//817 818//818 819//819
f 819//819 818//818 820//820
f 819//819 820//820 821//821
f 821//821 820//820 822//822
f 821//821 822//822 823//823
f 823//823 822//822 824//824
f 823//823 824//824 825//825
f 825//825 824//824 826//826
f 825//825 826//826 827//827
f 827//827 826//826 828//828
f 827//827 828//828 829//829
f 829//829 828//828 830//830
f 829//829 830//830 831//831
f 831//831 830//830 832//832
f 831//831 832//832 833//833
f 833//833 832//832 834//834
f 833//833 834//834 835//835
f 835//835 834//834 836//836
f 835//835 836//836 837//837
f 837//837 836//836 838//838
f 837//837 838//838 839//839
f 839//839 838//838 840//840
f 839//839 840//840 841//841
f 841//841 840//840 842//842
f 841//841 842//842 843//843
f 843//843 842//842 721//721
f 843//843 721//721 844//844
f 844//844 721//721 723//723
f 725//725 845//845 846//846
f 725//725 722//722 845//845
f 845//845 722//722 721//721
f 845//845 721//721 847//847
f 847//847 721//721 842//842
f 847//847 842//842 848//848
f 848//848 842//842 840//840
f 848//848 840//840 849//849
f 849//849 840//840 838//838
f 849//849 838//838 850//850
f 850//850 838//838 836//836
f 850//850 836//836 851//851
f 851//851 836//836 834//834
f 851//851 834//834 852//852
f 852//852 834//834 832//832
f 852//852 832//832 853//853
f 853//853 832//832 830//830
f 853//853 830//830 854//854
f 854//854 830//830 828//828
f 854//854 828//828 855//855
f 855//855 828//828 826//826
f 855//855 826//826 856//856
f 856//856 826//826 824//824
f 856//856 824//824 857//857
f 857//857 824//824 822//822
f 857//857 822//822 858//858
f 858//858 822//822 820//820
f 858//858 820//820 859//859
f 859//859 820//820 818//818
f 859//859 818//818 860//860
f 860//860 818//818 816//816
f 860//860 816//816 861//861
f 861//861 816//816 814//814
f 861//861 814//814 862//862
f 862//862 814//814 812//812
f 862//862 812//812 863//863
f 863//863 812//812 810//810
f 863//863 810//810 864//864
f 864//864 810//810 808//808
f 864//864 808//808 865//865
f 866//866 762//762 867//867
f 867//867 762//762 760//760
f 867//867 760//760 868//868
f 868//868 760//760 758//758
f 868//868 758//758 869//869
f 869//869 758//758 756//756
f 869//869 756//756 870//870
f 870//870 756//756 754//754
f 870//870 754//754 871//871
f 871//871 754//754 752//752
f 871//871 752//752 872//872
f 872//872 752//752 750//750
f 872//872 750//750 873//873
f 873//873 750//750 748//748
f 873//873 748//748 874//874
f 874//874 748//748 746//746
f 874//874 746//746 875//875
f 875//875 746//746 744//744
f 875//875 744//744 876//876
f 876//876 744//744 742//742
f 876//876 742//742 877//877
f 877//877 742//742 740//740
f 877//877 740//740 878//878
f 878//878 740//740 738//738
f 878//878 738//738 879//879
f 879//879 738//738 736//736
f 879//879 736//736 880//880
f 880//880 736//736 734//734
f 880//880 734//734 881//881
f 881//881 734//734 732//732
f 881//881 732//732 882//882
f 882//882 732//732 730//730
f 882//882 730//730 883//883
f 883//883 730//730 728//728
f 883//883 728//728 846//846
f 846//846 728//728 726//726
f 846//846 726//726 725//725
f 808//808 806//806 865//865
f 865//865 806//806 804//804
f 865//865 804//804 884//884
f 884//884 804//804 802//802
f 884//884 802//802 885//885
f 885//885 802//802 800//800
f 885//885 800//800 886//886
f 886//886 800//800 798//798
f 886//886 798//798 887//887
f 887//887 798//798 796//796
f 887//887 796//796 888//888
f 888//888 796//796 794//794
f 888//888 794//794 889//889
f 889//889 794//794 792//792
f 889//889 792//792 890//890
f 890//890 792//792 790//790
f 890//890 790//790 891//891
f 891//891 790//790 788//788
f 891//891 788//788 892//892
f 892//892 788//788 786//786
f 892//892 786//786 893//893
f 893//893 786//786 784//784
f 893//893 784//784 894//894
f 894//894 784//784 782//782
f 894//894 782//782 895//895
f 895//895 782//782 780//780
f 895//895 780//780 896//896
f 896//896 780//780 778//778
f 896//896 778//778 897//897
f 897//897 778//778 776//776
f 897//897 776//776 898//898
f 898//898 776//776 774//774
f 898//898 774//774 899//899
f 899//899 774//774 772//772
f 899//899 772//772 900//900
f 900//900 772//772 770//770
f 900//900 770//770 901//901
f 901//901 770//770 768//768
f 901//901 768//768 902//902
f 902//902 768//768 766//766
f 902//902 766//766 866//866
f 866//866 766//766 764//764
f 866//866 764//764 762//762
f 844//844 903//903 904//904
f 905//905 765//765 906//906
f 906//906 765//765 767//767
f 906//906 767//767 907//907
f 907//907 767//767 769//769
f 907//907 769//769 908//908
f 908//908 769//769 771//771
f 908//908 771//771 909//909
f 909//909 771//771 773//773
f 909//909 773//773 910//910
f 910//910 773//773 775//775
f 910//910 775//775 911//911
f 911//911 775//775 777//777
f 911//911 777//777 912//912
f 912//912 777//777 779//779
f 912//912 779//779 913//913
f 913//913 779//779 781//781
f 913//913 781//781 914//914
f 914//914 781//781 783//783
f 914//914 783//783 915//915
f 915//915 783//783 785//785
f 915//915 785//785 916//916
f 916//916 785//785 787//787
f 916//916 787//787 917//917
f 917//917 787//787 789//789
f 917//917 789//789 918//918
f 918//918 789//789 791//791
f 918//918 791//791 919//919
f 919//919 791//791 793//793
f 919//919 793//793 920//920
f 920//920 793//793 795//795
f 920//920 795//795 921//921
f 921//921 795//795 797//797
f 921//921 797//797 922//922
f 922//922 797//797 799//799
f 922//922 799//799 923//923
f 923//923 799//799 801//801
f 923//923 801//801 924//924
f 924//924 801//801 803//803
f 924//924 803//803 925//925
f 844//844 723//723 903//903
f 903//903 723//723 724//724
f 903//903 724//724 926//926
f 926//926 724//724 727//727
f 926//926 727//727 927//927
f 927//927 727//727 729//729
f 927//927 729//729 928//928
f 928//928 729//729 731//731
f 928//928 731//731 929//929
f 929//929 731//731 733//733
f 929//929 733//733 930//930
f 930//930 733//733 735//735
f 930//930 735//735 931//931
f 931//931 735//735 737//737
f 931//931 737//737 932//932
f 932//932 737//737 739//739
f 932//932 739//739 933//933
f 933//933 739//739 741//741
f 933//933 741//741 934//934
f 934//934 741//741 743//743
f 934//934 743//743 935//935
f 935//935 743//743 745//745
f 935//935 745//745 936//936
f 936//936 745//745 747//747
f 936//936 747//747 937//937
f 937//937 747//747 749//749
f 937//937 749//749 938//938
f 938//938 749//749 751//751
f 938//938 751//751 939//939
f 939//939 751//751 753//753
f 939//939 753//753 940//940
f 940//940 753//753 755//755
f 940//940 755//755 941//941
f 941//941 755//755 757//757
f 941//941 757//757 942//942
f 942//942 757//757 759//759
f 942//942 759//759 943//943
f 943//943 759//759 761//761
f 943//943 761//761 905//905
f 905//905 761//761 763//763
f 905//905 763//763 765//765
f 803//803 805//805 925//925
f 925//925 805//805 807//807
f 925//925 807//807 944//944
f 944//944 807//807 809//809
f 944//944 809//809 945//945
f 945//945 809//809 811//811
f 945//945 811//811 946//946
f 946//946 811//811 813//813
f 946//946 813//813 947//947
f 947//947 813//813 815//815
f 947//947 815//815 948//948
f 948//948 815//815 817//817
f 948//948 817//817 949//949
f 949//949 817//817 819//819
f 949//949 819//819 950//950
f 950//950 819//819 821//821
f 950//950 821//821 951//951
f 951//951 821//821 823//823
f 951//951 823//823 952//952
f 952//952 823//823 825//825
f 952//952 825//825 953//953
f 953//953 825//825 827//827
f 953//953 827//827 954//954
f 954//954 827//827 829//829
f 954//954 829//829 955//955
f 955//955 829//829 831//831
f 955//955 831//831 956//956
f 956//956 831//831 833//833
f 956//956 833//833 957//957
f 957//957 833//833 835//835
f 957//957 835//835 958//958
f 958//958 835//835 837//837
f 958//958 837//837 959//959
f 959//959 837//837 839//839
f 959//959 839//839 960//960
f 960//960 839//839 841//841
f 960//960 841//841 904//904
f 904//904 841//841 843//843
f 904//904 843//843 844//844
f 893//893 915//915 892//892
f 892//892 915//915 916//916
f 892//892 916//916 891//891
f 891//891 916//916 917//917
f 891//891 917//917 890//890
f 890//890 917//917 918//918
f 890//890 918//918 889//889
f 889//889 918//918 919//919
f 889//889 919//919 888//888
f 888//888 919//919 920//920
f 888//888 920//920 887//887
f 887//887 920//920 921//921
f 887//887 921//921 886//886
f 886//886 921//921 922//922
f 886//886 922//922 885//885
f 885//885 922//922 923//923
f 885//885 923//923 884//884
f 884//884 923//923 924//924
f 884//884 924//924 865//865
f 865//865 924//924 925//925
f 865//865 925//925 864//864
f 864//864 925//925 944//944
f 864//864 944//944 863//863
f 863//863 944//944 945//945
f 863//863 945//945 862//862
f 862//862 945//945 946//946
f 862//862 946//946 861//861
f 861//861 946//946 947//947
f 861//861 947//947 860//860
f 860//860 947//947 948//948
f 860//860 948//948 859//859
f 859//859 948//948 949//949
f 859//859 949//949 858//858
f 858//858 949//949 950//950
f 858//858 950//950 857//857
f 857//857 950//950 951//951
f 857//857 951//951 856//856
f 856//856 951//951 952//952
f 856//856 952//952 855//855
f 855//855 952//952 953//953
f 855//855 953//953 854//854
f 854//854 953//953 954//954
f 854//854 954//954 853//853
f 853//853 954//954 955//955
f 853//853 955//955 852//852
f 852//852 955//955 956//956
f 852//852 956//956 851//851
f 851//851 956//956 957//957
f 851//851 957//957 850//850
f 850//850 957//957 958//958
f 850//850 958//958 849//849
f 849//849 958//958 959//959
f 849//849 959//959 848//848
f 848//848 959//959 960//960
f 848//848 960//960 847//847
f 847//847 960//960 904//904
f 847//847 904//904 845//845
f 845//845 904//904 903//903
f 845//845 903//903 846//846
f 846//846 903//903 926//926
f 846//846 926//926 883//883
f 883//883 926//926 927//927
f 883//883 927//927 882//882
f 882//882 927//927 928//928
f 882//882 928//928 881//881
f 881//881 928//928 929//929
f 881//881 929//929 880//880
f 880//880 929//929 930//930
f 880//880 930//930 879//879
f 879//879 930//930 931//931
f 879//879 931//931 878//878
f 878//878 931//931 932//932
f 878//878 932//932 877//877
f 877//877 932//932 933//933
f 877//877 933//933 876//876
f 876//876 933//933 934//934
f 876//876 934//934 875//875
f 875//875 934//934 935//935
f 875//875 935//935 874//874
f 874//874 935//935 936//936
f 874//874 936//936 873//873
f 873//873 936//936 937//937
f 873//873 937//937 872//872
f 872//872 937//937 938//938
f 872//872 938//938 871//871
f 871//871 938//938 939//939
f 871//871 939//939 870//870
f 870//870 939//939 940//940
f 870//870 940//940 869//869
f 869//869 940//940 941//941
f 869//869 941//941 868//868
f 868//868 941//941 942//942
f 868//868 942//942 867//867
f 867//867 942//942 943//943
f 867//867 943//943 866//866
f 866//866 943//943 905//905
f 866//866 905//905 902//902
f 902//902 905//905 906//906
f 902//902 906//906 901//901
f 901//901 906//906 907//907
f 901//901 907//907 900//900
f 900//900 907//907 908//908
f 900//900 908//908 899//899
f 899//899 908//908 909//909
f 899//899 909//909 898//898
f 898//898 909//909 910//910
f 898//898 910//910 897//897
f 897//897 910//910 911//911
f 897//897 911//911 896//896
f 896//896 911//911 912//912
f 896//896 912//912 895//895
f 895//895 912//912 913//913
f 895//895 913//913 894//894
f 894//894 913//913 914//914
f 894//894 914//914 893//893
f 893//893 914//914 915//915
f 961//961 962//962 963//963
f 963//963 962//962 964//964
f 962//962 965//965 964//964
f 964//964 965//965 966//966
f 964//964 966//966 967//967
f 967//967 966//966 968//968
f 967//967 968//968 969//969
f 969//969 968//968 970//970
f 969//969 970//970 971//971
f 971//971 970//970 972//972
f 971//971 972//972 973//973
f 973//973 972//972 974//974
f 973//973 974//974 975//975
f 975//975 974//974 976//976
f 975//975 976//976 977//977
f 977//977 976//976 978//978
f 977//977 978//978 979//979
f 979//979 978//978 980//980
f 979//979 980//980 981//981
f 981//981 980//980 982//982
f 981//981 982//982 983//983
f 983//983 982//982 984//984
f 983//983 984//984 985//985
f 985//985 984//984 986//986
f 985//985 986//986 987//987
f 987//987 986//986 988//988
f 987//987 988//988 989//989
f 989//989 988//988 990//990
f 989//989 990//990 991//991
f 991//991 990//990 992//992
f 991//991 992//992 993//993
f 993//993 992//992 994//994
f 993//993 994//994 995//995
f 995//995 994//994 996//996
f 995//995 996//996 997//997
f 997//997 996//996 998//998
f 997//997 998//998 999//999
f 999//999 998//998 1000//1000
f 999//999 1000//1000 1001//1001
f 1001//1001 1000//1000 1002//1002
f 1001//1001 1002//1002 1003//1003
f 1003//1003 1002//1002 1004//1004
f 1003//1003 1004//1004 1005//1005
f 1005//1005 1004//1004 1006//1006
f 1005//1005 1006//1006 1007//1007
f 1007//1007 1006//1006 1008//1008
f 1007//1007 1008//1008 1009//1009
f 1009//1009 1008//1008 1010//1010
f 1009//1009 1010//1010 1011//1011
f 1011//1011 1010//1010 1012//1012
f 1011//1011 1012//1012 1013//1013
f 1013//1013 1012//1012 1014//1014
f 1013//1013 1014//1014 1015//1015
f 1015//1015 1014//1014 1016//1016
f 1015//1015 1016//1016 1017//1017
f 1017//1017 1016//1016 1018//1018
f 1017//1017 1018//1018 1019//1019
f 1019//1019 1018//1018 1020//1020
f 1019//1019 1020//1020 1021//1021
f 1021//1021 1020//1020 1022//1022
f 1021//1021 1022//1022 1023//1023
f 1023//1023 1022//1022 1024//1024
f 1023//1023 1024//1024 1025//1025
f 1025//1025 1024//1024 1026//1026
f 1025//1025 1026//1026 1027//1027
f 1027//1027 1026//1026 1028//1028
f 1027//1027 1028//1028 1029//1029
f 1029//1029 1028//1028 1030//1030
f 1029//1029 1030//1030 1031//1031
f 1031//1031 1030//1030 1032//1032
f 1031//1031 1032//1032 1033//1033
f 1033//1033 1032//1032 1034//1034
f 1033//1033 1034//1034 1035//1035
f 1035//1035 1034//1034 1036//1036
f 1035//1035 1036//1036 1037//1037
f 1037//1037 1036//1036 1038//1038
f 1037//1037 1038//1038 1039//1039
f 1039//1039 1038//1038 1040//1040
f 1039//1039 1040//1040 1041//1041
f 1041//1041 1040//1040 1042//1042
f 1041//1041 1042//1042 1043//1043
f 1043//1043 1042//1042 1044//1044
f 1043//1043 1044//1044 1045//1045
f 1045//1045 1044//1044 1046//1046
f 1045//1045 1046//1046 1047//1047
f 1047//1047 1046//1046 1048//1048
f 1047//1047 1048//1048 1049//1049
f 1049//1049 1048//1048 1050//1050
f 1049//1049 1050//1050 1051//1051
f 1051//1051 1050//1050 1052//1052
f 1051//1051 1052//1052 1053//1053
f 1053//1053 1052//1052 1054//1054
f 1053//1053 1054//1054 1055//1055
f 1055//1055 1054//1054 1056//1056
f 1055//1055 1056//1056 1057//1057
f 1057//1057 1056//1056 1058//1058
f 1057//1057 1058//1058 1059//1059
f 1059//1059 1058//1058 1060//1060
f 1059//1059 1060//1060 1061//1061
f 1061//1061 1060//1060 1062//1062
f 1061//1061 1062//1062 1063//1063
f 1063//1063 1062//1062 1064//1064
f 1063//1063 1064//1064 1065//1065
f 1065//1065 1064//1064 1066//1066
f 1065//1065 1066//1066 1067//1067
f 1067//1067 1066//1066 1068//1068
f 1067//1067 1068//1068 1069//1069
f 1069//1069 1068//1068 1070//1070
f 1069//1069 1070//1070 1071//1071
f 1071//1071 1070//1070 1072//1072
f 1071//1071 1072//1072 1073//1073
f 1073//1073 1072//1072 1074//1074
f 1073//1073 1074//1074 1075//1075
f 1075//1075 1074//1074 1076//1076
f 1075//1075 1076//1076 1077//1077
f 1077//1077 1076//1076 1078//1078
f 1077//1077 1078//1078 1079//1079
f 1079//1079 1078//1078 1080//1080
f 1079//1079 1080//1080 1081//1081
f 1081//1081 1080//1080 1082//1082
f 1081//1081 1082//1082 1083//1083
f 1083//1083 1082//1082 961//961
f 1083//1083 961//961 1084//1084
f 1084//1084 961//961 963//963
f 965//965 1085//1085 1086//1086
f 965//965 962//962 1085//1085
f 1085//1085 962//962 961//961
f 1085//1085 961//961 1087//1087
f 1087//1087 961//961 1082//1082
f 1087//1087 1082//1082 1088//1088
f 1088//1088 1082//1082 1080//1080
f 1088//1088 1080//1080 1089//1089
f 1089//1089 1080//1080 1078//1078
f 1089//1089 1078//1078 1090//1090
f 1090//1090 1078//1078 1076//1076
f 1090//1090 1076//1076 1091//1091
f 1091//1091 1076//1076 1074//1074
f 1091//1091 1074//1074 1092//1092
f 1092//1092 1074//1074 1072//1072
f 1092//1092 1072//1072 1093//1093
f 1093//1093 1072//1072 1070//1070
f 1093//1093 1070//1070 1094//1094
f 1094//1094 1070//1070 1068//1068
f 1094//1094 1068//1068 1095//1095
f 1095//1095 1068//1068 1066//1066
f 1095//1095 1066//1066 1096//1096
f 1096//1096 1066//1066 1064//1064
f 1096//1096 1064//1064 1097//1097
f 1097//1097 1064//1064 1062//1062
f 1097//1097 1062//1062 1098//1098
f 1098//1098 1062//1062 1060//1060
f 1098//1098 1060//1060 1099//1099
f 1099//1099 1060//1060 1058//1058
f 1099//1099 1058//1058 1100//1100
f 1100//1100 1058//1058 1056//1056
f 1100//1100 1056//1056 1101//1101
f 1101//1101 1056//1056 1054//1054
f 1101//1101 1054//1054 1102//1102
f 1102//1102 1054//1054 1052//1052
f 1102//1102 1052//1052 1103//1103
f 1103//1103 1052//1052 1050//1050
f 1103//1103 1050//1050 1104//1104
f 1104//1104 1050//1050 1048//1048
f 1104//1104 1048//1048 1105//1105
f 1106//1106 1004//1004 1107//1107
f 1107//1107 1004//1004 1002//1002
f 1107//1107 1002//1002 1108//1108
f 1108//1108 1002//1002 1000//1000
f 1108//1108 1000//1000 1109//1109
f 1109//1109 1000//1000 998//998
f 1109//1109 998//998 1110//1110
f 1110//1110 998//998 996//996
f 1110//1110 996//996 1111//1111
f 1111//1111 996//996 994//994
f 1111//1111 994//994 1112//1112
f 1112//1112 994//994 992//992
f 1112//1112 992//992 1113//1113
f 1113//1113 992//992 990//990
f 1113//1113 990//990 1114//1114
f 1114//1114 990//990 988//988
f 1114//1114 988//988 1115//1115
f 1115//1115 988//988 986//986
f 1115//1115 986//986 1116//1116
f 1116//1116 986//986 984//984
f 1116//1116 984//984 1117//1117
f 1117//1117 984//984 982//982
f 1117//1117 982//982 1118//1118
f 1118//1118 982//982 980//980
f 1118//1118 980//980 1119//1119
f 1119//1119 980//980 978//978
f 1119//1119 978//978 1120//1120
f 1120//1120 978//978 976//976
f 1120//1120 976//976 1121//1121
f 1121//1121 976//976 974//974
f 1121//1121 974//974 1122//1122
f 1122//1122 974//974 972//972
f 1122//1122 972//972 1123//1123
f 1123//1123 972//972 970//970
f 1123//1123 970//970 1124//1124
f 1124//1124 970//970 968//968
f 1124//1124 968//968 1086//1086
f 1086//1086 968//968 966//966
f 1086//1086 966//966 965//965
f 1048//1048 1046//1046 1105//1105
f 1105//1105 1046//1046 1044//1044
f 1105//1105 1044//1044 1125//1125
f 1125//1125 1044//1044 1042//1042
f 1125//1125 1042//1042 1126//1126
f 1126//1126 1042//1042 1040//1040
f 1126//1126 1040//1040 1127//1127
f 1127//1127 1040//1040 1038//1038
f 1127//1127 1038//1038 1128//1128
f 1128//1128 1038//1038 1036//1036
f 1128//1128 1036//1036 1129//1129
f 1129//1129 1036//1036 1034//1034
f 1129//1129 1034//1034 1130//1130
f 1130//1130 1034//1034 1032//1032
f 1130//1130 1032//1032 1131//1131
f 1131//1131 1032//1032 1030//1030
f 1131//1131 1030//1030 1132//1132
f 1132//1132 1030//1030 1028//1028
f 1132//1132 1028//1028 1133//1133
f 1133//1133 1028//1028 1026//1026
f 1133//1133 1026//1026 1134//1134
f 1134//1134 1026//1026 1024//1024
f 1134//1134 1024//1024 1135//1135
f 1135//1135 1024//1024 1022//1022
f 1135//1135 1022//1022 1136//1136
f 1136//1136 1022//1022 1020//1020
f 1136//1136 1020//1020 1137//1137
f 1137//1137 1020//1020 1018//1018
f 1137//1137 1018//1018 1138//1138
f 1138//1138 1018//1018 1016//1016
f 1138//1138 1016//1016 1139//1139
f 1139//1139 1016//1016 1014//1014
f 1139//1139 1014//1014 1140//1140
f 1140//1140 1014//1014 1012//1012
f 1140//1140 1012//1012 1141//1141
f 1141//1141 1012//1012 1010//1010
f 1141//1141 1010//1010 1142//1142
f 1142//1142 1010//1010 1008//1008
f 1142//1142 1008//1008 1106//1106
f 1106//1106 1008//1008 1006//1006
f 1106//1106 1006//1006 1004//1004
f 1084//1084 1143//1143 1144//1144
f 1145//1145 1005//1005 1146//1146
f 1146//1146 1005//1005 1007//1007
f 1146//1146 1007//1007 1147//1147
f 1147//1147 1007//1007 1009//1009
f 1147//1147 1009//1009 1148//1148
f 1148//1148 1009//1009 1011//1011
f 1148//1148 1011//1011 1149//1149
f 1149//1149 1011//1011 1013//1013
f 1149//1149 1013//1013 1150//1150
f 1150//1150 1013//1013 1015//1015
f 1150//1150 1015//1015 1151//1151
f 1151//1151 1015//1015 1017//1017
f 1151//1151 1017//1017 1152//1152
f 1152//1152 1017//1017 1019//1019
f 1152//1152 1019//1019 1153//1153
f 1153//1153 1019//1019 1021//1021
f 1153//1153 1021//1021 1154//1154
f 1154//1154 1021//1021 1023//1023
f 1154//1154 1023//1023 1155//1155
f 1155//1155 1023//1023 1025//1025
f 1155//1155 1025//1025 1156//1156
f 1156//1156 1025//1025 1027//1027
f 1156//1156 1027//1027 1157//1157
f 1157//1157 1027//1027 1029//1029
f 1157//1157 1029//1029 1158//1158
f 1158//1158 1029//1029 1031//1031
f 1158//1158 1031//1031 1159//1159
f 1159//1159 1031//1031 1033//1033
f 1159//1159 1033//1033 1160//1160
f 1160//1160 1033//1033 1035//1035
f 1160//1160 1035//1035 1161//1161
f 1161//1161 1035//1035 1037//1037
f 1161//1161 1037//1037 1162//1162
f 1162//1162 1037//1037 1039//1039
f 1162//1162 1039//1039 1163//1163
f 1163//1163 1039//1039 1041//1041
f 1163//1163 1041//1041 1164//1164
f 1084//1084 963//963 1143//1143
f 1143//1143 963//963 964//964
f 1143//1143 964//964 1165//1165
f 1165//1165 964//964 967//967
f 1165//1165 967//967 1166//1166
f 1166//1166 967//967 969//969
f 1166//1166 969//969 1167//1167
f 1167//1167 969//969 971//971
f 1167//1167 971//971 1168//1168
f 1168//1168 971//971 973//973
f 1168//1168 973//973 1169//1169
f 1169//1169 973//973 975//975
f 1169//1169 975//975 1170//1170
f 1170//1170 975//975 977//977
f 1170//1170 977//977 1171//1171
f 1171//1171 977//977 979//979
f 1171//1171 979//979 1172//1172
f 1172//1172 979//979 981//981
f 1172//1172 981//981 1173//1173
f 1173//1173 981//981 983//983
f 1173//1173 983//983 1174//1174
f 1174//1174 983//983 985//985
f 1174//1174 985//985 1175//1175
f 1175//1175 985//985 987//987
f 1175//1175 987//987 1176//1176
f 1176//1176 987//987 989//989
f 1176//1176 989//989 1177//1177
f 1177//1177 989//989 991//991
f 1177//1177 991//991 1178//1178
f 1178//1178 991//991 993//993
f 1178//1178 993//993 1179//1179
f 1179//1179 993//993 995//995
f 1179//1179 995//995 1180//1180
f 1180//1180 995//995 997//997
f 1180//1180 997//997 1181//1181
f 1181//1181 997//997 999//999
f 1181//1181 999//999 1182//1182
f 1182//1182 999//999 1001//1001
f 1182//1182 1001//1001 1145//1145
f 1145//1145 1001//1001 1003//1003
f 1145//1145 1003//1003 1005//1005
f 1041//1041 1043//1043 1164//1164
f 1164//1164 1043//1043 1045//1045
f 1164//1164 1045//1045 1183//1183
f 1183//1183 1045//1045 1047//1047
f 1183//1183 1047//1047 1184//1184
f 1184//1184 1047//1047 1049//1049
f 1184//1184 1049//1049 1185//1185
f 1185//1185 1049//1049 1051//1051
f 1185//1185 1051//1051 1186//1186
f 1186//1186 1051//1051 1053//1053
f 1186//1186 1053//1053 1187//1187
f 1187//1187 1053//1053 1055//1055
f 1187//1187 1055//1055 1188//1188
f 1188//1188 1055//1055 1057//1057
f 1188//1188 1057//1057 1189//1189
f 1189//1189 1057//1057 1059//1059
f 1189//1189 1059//1059 1190//1190
f 1190//1190 1059//1059 1061//1061
f 1190//1190 1061//1061 1191//1191
f 1191//1191 1061//1061 1063//1063
f 1191//1191 1063//1063 1192//1192
f 1192//1192 1063//1063 1065//1065
f 1192//1192 1065//1065 1193//1193
f 1193//1193 1065//1065 1067//1067
f 1193//1193 1067//1067 1194//1194
f 1194//1194 1067//1067 1069//1069
f 1194//1194 1069//1069 1195//1195
f 1195//1195 1069//1069 1071//1071
f 1195//1195 1071//1071 1196//1196
f 1196//1196 1071//1071 1073//1073
f 1196//1196 1073//1073 1197//1197
f 1197//1197 1073//1073 1075//1075
f 1197//1197 1075//1075 1198//1198
f 1198//1198 1075//1075 1077//1077
f 1198//1198 1077//1077 1199//1199
f 1199//1199 1077//1077 1079//1079
f 1199//1199 1079//1079 1200//1200
f 1200//1200 1079//1079 1081//1081
f 1200//1200 1081//1081 1144//1144
f 1144//1144 1081//1081 1083//1083
f 1144//1144 1083//1083 1084//1084
f 1134//1134 1155//1155 1133//1133
f 1133//1133 1155//1155 1156//1156
f 1133//1133 1156//1156 1132//1132
f 1132//1132 1156//1156 1157//1157
f 1132//1132 1157//1157 1131//1131
f 1131//1131 1157//1157 1158//1158
f 1131//1131 1158//1158 1130//1130
f 1130//1130 1158//1158 1159//1159
f 1130//1130 1159//1159 1129//1129
f 1129//1129 1159//1159 1160//1160
f 1129//1129 1160//1160 1128//1128
f 1128//1128 1160//1160 1161//1161
f 1128//1128 1161//1161 1127//1127
f 1127//1127 1161//1161 1162//1162
f 1127//1127 1162//1162 1126//1126
f 1126//1126 1162//1162 1163//1163
f 1126//1126 1163//1163 1125//1125
f 1125//1125 1163//1163 1164//1164
f 1125//1125 1164//1164 1105//1105
f 1105//1105 1164//1164 1183//1183
f 1105//1105 1183//1183 1104//1104
f 1104//1104 1183//1183 1184//1184
f 1104//1104 1184//1184 1103//1103
f 1103//1103 1184//1184 1185//1185
f 1103//1103 1185//1185 1102//1102
f 1102//1102 1185//1185 1186//1186
f 1102//1102 1186//1186 1101//1101
f 1101//1101 1186//1186 1187//1187
f 1101//1101 1187//1187 1100//1100
f 1100//1100 1187//1187 1188//1188
f 1100//1100 1188//1188 1099//1099
f 1099//1099 1188//1188 1189//1189
f 1099//1099 1189//1189 1098//1098
f 1098//1098 1189//1189 1190//1190
f 1098//1098 1190//1190 1097//1097
f 1097//1097 1190//1190 1191//1191
f 1097//1097 1191//1191 1096//1096
f 1096//1096 1191//1191 1192//1192
f 1096//1096 1192//1192 1095//1095
f 1095//1095 1192//1192 1193//1193
f 1095//1095 1193//1193 1094//1094
f 1094//1094 1193//1193 1194//1194
f 1094//1094 1194//1194 1093//1093
f 1093//1093 1194//1194 1195//1195
f 1093//1093 1195//1195 1092//1092
f 1092//1092 1195//1195 1196//1196
f 1092//1092 1196//1196 1091//1091
f 1091//1091 1196//1196 1197//1197
f 1091//1091 1197//1197 1090//1090
f 1090//1090 1197//1197 1198//1198
f 1090//1090 1198//1198 1089//1089
f 1089//1089 1198//1198 1199//1199
f 1089//1089 1199//1199 1088//1088
f 1088//1088 1199//1199 1200//1200
f 1088//1088 1200//1200 1087//1087
f 1087//1087 1200//1200 1144//1144
f 1087//1087 1144//1144 1085//1085
f 1085//1085 1144//1144 1143//1143
f 1085//1085 1143//1143 1086//1086
f 1086//1086 1143//1143 1165//1165
f 1086//1086 1165//1165 1124//1124
f 1124//1124 1165//1165 1166//1166
f 1124//1124 1166//1166 1123//1123
f 1123//1123 1166//1166 1167//1167
f 1123//1123 1167//1167 1122//1122
f 1122//1122 1167//1167 1168//1168
f 1122//1122 1168//1168 1121//1121
f 1121//1121 1168//1168 1169//1169
f 1121//1121 1169//1169 1120//1120
f 1120//1120 1169//1169 1170//1170
f 1120//1120 1170//1170 1119//1119
f 1119//1119 1170//1170 1171//1171
f 1119//1119 1171//1171 1118//1118
f 1118//1118 1171//1171 1172//1172
f 1118//1118 1172//1172 1117//1117
f 1117//1117 1172//1172 1173//1173
f 1117//1117 1173//1173 1116//1116
f 1116//1116 1173//1173 1174//1174
f 1116//1116 1174//1174 1115//1115
f 1115//1115 1174//1174 1175//1175
f 1115//1115 1175//1175 1114//1114
f 1114//1114 1175//1175 1176//1176
f 1114//1114 1176//1176 1113//1113
f 1113//1113 1176//1176 1177//1177
f 1113//1113 1177//1177 1112//1112
f 1112//1112 1177//1177 1178//1178
f 1112//1112 1178//1178 1111//1111
f 1111//1111 1178//1178 1179//1179
f 1111//1111 1179//1179 1110//1110
f 1110//1110 1179//1179 1180//1180
f 1110//1110 1180//1180 1109//1109
f 1109//1109 1180//1180 1181//1181
f 1109//1109 1181//1181 1108//1108
f 1108//1108 1181//1181 1182//1182
f 1108//1108 1182//1182 1107//1107
f 1107//1107 1182//1182 1145//1145
f 1107//1107 1145//1145 1106//1106
f 1106//1106 1145//1145 1146//1146
f 1106//1106 1146//1146 1142//1142
f 1142//1142 1146//1146 1147//1147
f 1142//1142 1147//1147 1141//1141
f 1141//1141 1147//1147 1148//1148
f 1141//1141 1148//1148 1140//1140
f 1140//1140 1148//1148 1149//1149
f 1140//1140 1149//1149 1139//1139
f 1139//1139 1149//1149 1150//1150
f 1139//1139 1150//1150 1138//1138
f 1138//1138 1150//1150 1151//1151
f 1138//1138 1151//1151 1137//1137
f 1137//1137 1151//1151 1152//1152
f 1137//1137 1152//1152 1136//1136
f 1136//1136 1152//1152 1153//1153
f 1136//1136 1153//1153 1135//1135
f 1135//1135 1153//1153 1154//1154
f 1135//1135 1154//1154 1134//1134
f 1134//1134 1154//1154 1155//1155
f 1201//1201 1202//1202 1203//1203
f 1203//1203 1202//1202 1204//1204
f 1202//1202 1205//1205 1204//1204
f 1204//1204 1205//1205 1206//1206
f 1204//1204 1206//1206 1207//1207
f 1207//1207 1206//1206 1208//1208
f 1207//1207 1208//1208 1209//1209
f 1209//1209 1208//1208 1210//1210
f 1209//1209 1210//1210 1211//1211
f 1211//1211 1210//1210 1212//1212
f 1211//1211 1212//1212 1213//1213
f 1213//1213 1212//1212 1214//1214
f 1213//1213 1214//1214 1215//1215
f 1215//1215 1214//1214 1216//1216
f 1215//1215 1216//1216 1217//1217
f 1217//1217 1216//1216 1218//1218
f 1217//1217 1218//1218 1219//1219
f 1219//1219 1218//1218 1220//1220
f 1219//1219 1220//1220 1221//1221
f 1221//1221 1220//1220 1222//1222
f 1221//1221 1222//1222 1223//1223
f 1223//1223 1222//1222 1224//1224
f 1223//1223 1224//1224 1225//1225
f 1225//1225 1224//1224 1226//1226
f 1225//1225 1226//1226 1227//1227
f 1227//1227 1226//1226 1228//1228
f 1227//1227 1228//1228 1229//1229
f 1229//1229 1228//1228 1230//1230
f 1229//1229 1230//1230 1231//1231
f 1231//1231 1230//1230 1232//1232
f 1231//1231 1232//1232 1233//1233
f 1233//1233 1232//1232 1234//1234
f 1233//1233 1234//1234 1235//1235
f 1235//1235 1234//1234 1236//1236
f 1235//1235 1236//1236 1237//1237
f 1237//1237 1236//1236 1238//1238
f 1237//1237 1238//1238 1239//1239
f 1239//1239 1238//1238 1240//1240
f 1239//1239 1240//1240 1241//1241
f 1241//1241 1240//1240 1242//1242
f 1241//1241 1242//1242 1243//1243
f 1243//1243 1242//1242 1244//1244
f 1243//1243 1244//1244 1245//1245
f 1245//1245 1244//1244 1246//1246
f 1245//1245 1246//1246 1247//1247
f 1247//1247 1246//1246 1248//1248
f 1247//1247 1248//1248 1249//1249
f 1249//1249 1248//1248 1250//1250
f 1249//1249 1250//1250 1251//1251
f 1251//1251 1250//1250 1252//1252
f 1251//1251 1252//1252 1253//1253
f 1253//1253 1252//1252 1254//1254
f 1253//1253 1254//1254 1255//1255
f 1255//1255 1254//1254 1256//1256
f 1255//1255 1256//1256 1257//1257
f 1257//1257 1256//1256 1258//1258
f 1257//1257 1258//1258 1259//1259
f 1259//1259 1258//1258 1260//1260
f 1259//1259 1260//1260 1261//1261
f 1261//1261 1260//1260 1262//1262
f 1261//1261 1262//1262 1263//1263
f 1263//1263 1262//1262 1264//1264
f 1263//1263 1264//1264 1265//1265
f 1265//1265 1264//1264 1266//1266
f 1265//1265 1266//1266 1267//1267
f 1267//1267 1266//1266 1268//1268
f 1267//1267 1268//1268 1269//1269
f 1269//1269 1268//1268 1270//1270
f 1269//1269 1270//1270 1271//1271
f 1271//1271 1270//1270 1272//1272
f 1271//1271 1272//1272 1273//1273
f 1273//1273 1272//1272 1274//1274
f 1273//1273 1274//1274 1275//1275
f 1275//1275 1274//1274 1276//1276
f 1275//1275 1276//1276 1277//1277
f 1277//1277 1276//1276 1278//1278
f 1277//1277 1278//1278 1279//1279
f 1279//1279 1278//1278 1280//1280
f 1279//1279 1280//1280 1281//1281
f 1281//1281 1280//1280 1282//1282
f 1281//1281 1282//1282 1283//1283
f 1283//1283 1282//1282 1284//1284
f 1283//1283 1284//1284 1285//1285
f 1285//1285 1284//1284 1286//1286
f 1285//1285 1286//1286 1287//1287
f 1287//1287 1286//1286 1288//1288
f 1287//1287 1288//1288 1289//1289
f 1289//1289 1288//1288 1290//1290
f 1289//1289 1290//1290 1291//1291
f 1291//1291 1290//1290 1292//1292
f 1291//1291 1292//1292 1293//1293
f 1293//1293 1292//1292 1294//1294
f 1293//1293 1294//1294 1295//1295
f 1295//1295 1294//1294 1296//1296
f 1295//1295 1296//1296 1297//1297
f 1297//1297 1296//1296 1298//1298
f 1297//1297 1298//1298 1299//1299
f 1299//1299 1298//1298 1300//1300
f 1299//1299 1300//1300 1301//1301
f 1301//1301 1300//1300 1302//1302
f 1301//1301 1302//1302 1303//1303
f 1303//1303 1302//1302 1304//1304
f 1303//1303 1304//1304 1305//1305
f 1305//1305 1304//1304 1306//1306
f 1305//1305 1306//1306 1307//1307
f 1307//1307 1306//1306 1308//1308
f 1307//1307 1308//1308 1309//1309
f 1309//1309 1308//1308 1310//1310
f 1309//1309 1310//1310 1311//1311
f 1311//1311 1310//1310 1312//1312
f 1311//1311 1312//1312 1313//1313
f 1313//1313 1312//1312 1314//1314
f 1313//1313 1314//1314 1315//1315
f 1315//1315 1314//1314 1316//1316
f 1315//1315 1316//1316 1317//1317
f 1317//1317 1316//1316 1318//1318
f 1317//1317 1318//1318 1319//1319
f 1319//1319 1318//1318 1320//1320
f 1319//1319 1320//1320 1321//1321
f 1321//1321 1320//1320 1322//1322
f 1321//1321 1322//1322 1323//1323
f 1323//1323 1322//1322 1201//1201
f 1323//1323 1201//1201 1324//1324
f 1324//1324 1201//1201 1203//1203
f 1205//1205 1325//1325 1326//1326
f 1205//1205 1202//1202 1325//1325
f 1325//1325 1202//1202 1201//1201
f 1325//1325 1201//1201 1327//1327
f 1327//1327 1201//1201 1322//1322
f 1327//1327 1322//1322 1328//1328
f 1328//1328 1322//1322 1320//1320
f 1328//1328 1320//1320 1329//1329
f 1329//1329 1320//1320 1318//1318
f 1329//1329 1318//1318 1330//1330
f 1330//1330 1318//1318 1316//1316
f 1330//1330 1316//1316 1331//1331
f 1331//1331 1316//1316 1314//1314
f 1331//1331 1314//1314 1332//1332
f 1332//1332 1314//1314 1312//1312
f 1332//1332 1312//1312 1333//1333
f 1333//1333 1312//1312 1310//1310
f 1333//1333 1310//1310 1334//1334
f 1334//1334 1310//1310 1308//1308
f 1334//1334 1308//1308 1335//1335
f 1335//1335 1308//1308 1306//1306
f 1335//1335 1306//1306 1336//1336
f 1336//1336 1306//1306 1304//1304
f 1336//1336 1304//1304 1337//1337
f 1337//1337 1304//1304 1302//1302
f 1337//1337 1302//1302 1338//1338
f 1338//1338 1302//1302 1300//1300
f 1338//1338 1300//1300 1339//1339
f 1339//1339 1300//1300 1298//1298
f 1339//1339 1298//1298 1340//1340
f 1340//1340 1298//1298 1296//1296
f 1340//1340 1296//1296 1341//1341
f 1341//1341 1296//1296 1294//1294
f 1341//1341 1294//1294 1342//1342
f 1342//1342 1294//1294 1292//1292
f 1342//1342 1292//1292 1343//1343
f 1343//1343 1292//1292 1290//1290
f 1343//1343 1290//1290 1344//1344
f 1344//1344 1290//1290 1288//1288
f 1344//1344 1288//1288 1345//1345
f 1346//1346 1242//1242 1347//1347
f 1347//1347 1242//1242 1240//1240
f 1347//1347 1240//1240 1348//1348
f 1348//1348 1240//1240 1238//1238
f 1348//1348 1238//1238 1349//1349
f 1349//1349 1238//1238 1236//1236
f 1349//1349 1236//1236 1350//1350
f 1350//1350 1236//1236 1234//1234
f 1350//1350 1234//1234 1351//1351
f 1351//1351 1234//1234 1232//1232
f 1351//1351 1232//1232 1352//1352
f 1352//1352 1232//1232 1230//1230
f 1352//1352 1230//1230 1353//1353
f 1353//1353 1230//1230 1228//1228
f 1353//1353 1228//1228 1354//1354
f 1354//1354 1228//1228 1226//1226
f 1354//1354 1226//1226 1355//1355
f 1355//1355 1226//1226 1224//1224
f 1355//1355 1224//1224 1356//1356
f 1356//1356 1224//1224 1222//1222
f 1356//1356 1222//1222 1357//1357
f 1357//1357 1222//1222 1220//1220
f 1357//1357 1220//1220 1358//1358
f 1358//1358 1220//1220 1218//1218
f 1358//1358 1218//1218 1359//1359
f 1359//1359 1218//1218 1216//1216
f 1359//1359 1216//1216 1360//1360
f 1360//1360 1216//1216 1214//1214
f 1360//1360 1214//1214 1361//1361
f 1361//1361 1214//1214 1212//1212
f 1361//1361 1212//1212 1362//1362
f 1362//1362 1212//1212 1210//1210
f 1362//1362 1210//1210 1363//1363
f 1363//1363 1210//1210 1208//1208
f 1363//1363 1208//1208 1326//1326
f 1326//1326 1208//1208 1206//1206
f 1326//1326 1206//1206 1205//1205
f 1288//1288 1286//1286 1345//1345
f 1345//1345 1286//1286 1284//1284
f 1345//1345 1284//1284 1364//1364
f 1364//1364 1284//1284 1282//1282
f 1364//1364 1282//1282 1365//1365
f 1365//1365 1282//1282 1280//1280
f 1365//1365 1280//1280 1366//1366
f 1366//1366 1280//1280 1278//1278
f 1366//1366 1278//1278 1367//1367
f 1367//1367 1278//1278 1276//1276
f 1367//1367 1276//1276 1368//1368
f 1368//1368 1276//1276 1274//1274
f 1368//1368 1274//1274 1369//1369
f 1369//1369 1274//1274 1272//1272
f 1369//1369 1272//1272 1370//1370
f 1370//1370 1272//1272 1270//1270
f 1370//1370 1270//1270 1371//1371
f 1371//1371 1270//1270 1268//1268
f 1371//1371 1268//1268 1372//1372
f 1372//1372 1268//1268 1266//1266
f 1372//1372 1266//1266 1373//1373
f 1373//1373 1266//1266 1264//1264
f 1373//1373 1264//1264 1374//1374
f 1374//1374 1264//1264 1262//1262
f 1374//1374 1262//1262 1375//1375
f 1375//1375 1262//1262 1260//1260
f 1375//1375 1260//1260 1376//1376
f 1376//1376 1260//1260 1258//1258
f 1376//1376 1258//1258 1377//1377
f 1377//1377 1258//1258 1256//1256
f 1377//1377 1256//1256 1378//1378
f 1378//1378 1256//1256 1254//1254
f 1378//1378 1254//1254 1379//1379
f 1379//1379 1254//1254 1252//1252
f 1379//1379 1252//1252 1380//1380
f 1380//1380 1252//1252 1250//1250
f 1380//1380 1250//1250 1381//1381
f 1381//1381 1250//1250 1248//1248
f 1381//1381 1248//1248 1382//1382
f 1382//1382 1248//1248 1246//1246
f 1382//1382 1246//1246 1346//1346
f 1346//1346 1246//1246 1244//1244
f 1346//1346 1244//1244 1242//1242
f 1324//1324 1383//1383 1384//1384
f 1385//1385 1245//1245 1386//1386
f 1386//1386 1245//1245 1247//1247
f 1386//1386 1247//1247 1387//1387
f 1387//1387 1247//1247 1249//1249
f 1387//1387 1249//1249 1388//1388
f 1388//1388 1249//1249 1251//1251
f 1388//1388 1251//1251 1389//1389
f 1389//1389 1251//1251 1253//1253
f 1389//1389 1253//1253 1390//1390
f 1390//1390 1253//1253 1255//1255
f 1390//1390 1255//1255 1391//1391
f 1391//1391 1255//1255 1257//1257
f 1391//1391 1257//1257 1392//1392
f 1392//1392 1257//1257 1259//1259
f 1392//1392 1259//1259 1393//1393
f 1393//1393 1259//1259 1261//1261
f 1393//1393 1261//1261 1394//1394
f 1394//1394 1261//1261 1263//1263
f 1394//1394 1263//1263 1395//1395
f 1395//1395 1263//1263 1265//1265
f 1395//1395 1265//1265 1396//1396
f 1396//1396 1265//1265 1267//1267
f 1396//1396 1267//1267 1397//1397
f 1397//1397 1267//1267 1269//1269
f 1397//1397 1269//1269 1398//1398
f 1398//1398 1269//1269 1271//1271
f 1398//1398 1271//1271 1399//1399
f 1399//1399 1271//1271 1273//1273
f 1399//1399 1273//1273 1400//1400
f 1400//1400 1273//1273 1275//1275
f 1400//1400 1275//1275 1401//1401
f 1401//1401 1275//1275 1277//1277
f 1401//1401 1277//1277 1402//1402
f 1402//1402 1277//1277 1279//1279
f 1402//1402 1279//1279 1403//1403
f 1403//1403 1279//1279 1281//1281
f 1403//1403 1281//1281 1404//1404
f 1404//1404 1281//1281 1283//1283
f 1404//1404 1283//1283 1405//1405
f 1324//1324 1203//1203 1383//1383
f 1383//1383 1203//1203 1204//1204
f 1383//1383 1204//1204 1406//1406
f 1406//1406 1204//1204 1207//1207
f 1406//1406 1207//1207 1407//1407
f 1407//1407 1207//1207 1209//1209
f 1407//1407 1209//1209 1408//1408
f 1408//1408 1209//1209 1211//1211
f 1408//1408 1211//1211 1409//1409
f 1409//1409 1211//1211 1213//1213
f 1409//1409 1213//1213 1410//1410
f 1410//1410 1213//1213 1215//1215
f 1410//1410 1215//1215 1411//1411
f 1411//1411 1215//1215 1217//1217
f 1411//1411 1217//1217 1412//1412
f 1412//1412 1217//1217 1219//1219
f 1412//1412 1219//1219 1413//1413
f 1413//1413 1219//1219 1221//1221
f 1413//1413 1221//1221 1414//1414
f 1414//1414 1221//1221 1223//1223
f 1414//1414 1223//1223 1415//1415
f 1415//1415 1223//1223 1225//1225
f 1415//1415 1225//1225 1416//1416
f 1416//1416 1225//1225 1227//1227
f 1416//1416 1227//1227 1417//1417
f 1417//1417 1227//1227 1229//1229
f 1417//1417 1229//1229 1418//1418
f 1418//1418 1229//1229 1231//1231
f 1418//1418 1231//1231 1419//1419
f 1419//1419 1231//1231 1233//1233
f 1419//1419 1233//1233 1420//1420
f 1420//1420 1233//1233 1235//1235
f 1420//1420 1235//1235 1421//1421
f 1421//1421 1235//1235 1237//1237
f 1421//1421 1237//1237 1422//1422
f 1422//1422 1237//1237 1239//1239
f 1422//1422 1239//1239 1423//1423
f 1423//1423 1239//1239 1241//1241
f 1423//1423 1241//1241 1385//1385
f 1385//1385 1241//1241 1243//1243
f 1385//1385 1243//1243 1245//1245
f 1283//1283 1285//1285 1405//1405
f 1405//1405 1285//1285 1287//1287
f 1405//1405 1287//1287 1424//1424
f 1424//1424 1287//1287 1289//1289
f 1424//1424 1289//1289 1425//1425
f 1425//1425 1289//1289 1291//1291
f 1425//1425 1291//1291 1426//1426
f 1426//1426 1291//1291 1293//1293
f 1426//1426 1293//1293 1427//1427
f 1427//1427 1293//1293 1295//1295
f 1427//1427 1295//1295 1428//1428
f 1428//1428 1295//1295 1297//1297
f 1428//1428 1297//1297 1429//1429
f 1429//1429 1297//1297 1299//1299
f 1429//1429 1299//1299 1430//1430
f 1430//1430 1299//1299 1301//1301
f 1430//1430 1301//1301 1431//1431
f 1431//1431 1301//1301 1303//1303
f 1431//1431 1303//1303 1432//1432
f 1432//1432 1303//1303 1305//1305
f 1432//1432 1305//1305 1433//1433
f 1433//1433 1305//1305 1307//1307
f 1433//1433 1307//1307 1434//1434
f 1434//1434 1307//1307 1309//1309
f 1434//1434 1309//1309 1435//1435
f 1435//1435 1309//1309 1311//1311
f 1435//1435 1311//1311 1436//1436
f 1436//1436 1311//1311 1313//1313
f 1436//1436 1313//1313 1437//1437
f 1437//1437 1313//1313 1315//1315
f 1437//1437 1315//1315 1438//1438
f 1438//1438 1315//1315 1317//1317
f 1438//1438 1317//1317 1439//1439
f 1439//1439 1317//1317 1319//1319
f 1439//1439 1319//1319 1440//1440
f 1440//1440 1319//1319 1321//1321
f 1440//1440 1321//1321 1384//1384
f 1384//1384 1321//1321 1323//1323
f 1384//1384 1323//1323 1324//1324
f 1373//1373 1395//1395 1372//1372
f 1372//1372 1395//1395 1396//1396
f 1372//1372 1396//1396 1371//1371
f 1371//1371 1396//1396 1397//1397
f 1371//1371 1397//1397 1370//1370
f 1370//1370 1397//1397 1398//1398
f 1370//1370 1398//1398 1369//1369
f 1369//1369 1398//1398 1399//1399
f 1369//1369 1399//1399 1368//1368
f 1368//1368 1399//1399 1400//1400
f 1368//1368 1400//1400 1367//1367
f 1367//1367 1400//1400 1401//1401
f 1367//1367 1401//1401 1366//1366
f 1366//1366 1401//1401 1402//1402
f 1366//1366 1402//1402 1365//1365
f 1365//1365 1402//1402 1403//1403
f 1365//1365 1403//1403 1364//1364
f 1364//1364 1403//1403 1404//1404
f 1364//1364 1404//1404 1345//1345
f 1345//1345 1404//1404 1405//1405
f 1345//1345 1405//1405 1344//1344
f 1344//1344 1405//1405 1424//1424
f 1344//1344 1424//1424 1343//1343
f 1343//1343 1424//1424 1425//1425
f 1343//1343 1425//1425 1342//1342
f 1342//1342 1425//1425 1426//1426
f 1342//1342 1426//1426 1341//1341
f 1341//1341 1426//1426 1427//1427
f 1341//1341 1427//1427 1340//1340
f 1340//1340 1427//1427 1428//1428
f 1340//1340 1428//1428 1339//1339
f 1339//1339 1428//1428 1429//1429
f 1339//1339 1429//1429 1338//1338
f 1338//1338 1429//1429 1430//1430
f 1338//1338 1430//1430 1337//1337
f 1337//1337 1430//1430 1431//1431
f 1337//1337 1431//1431 1336//1336
f 1336//1336 1431//1431 1432//1432
f 1336//1336 1432//1432 1335//1335
f 1335//1335 1432//1432 1433//1433
f 1335//1335 1433//1433 1334//1334
f 1334//1334 1433//1433 1434//1434
f 1334//1334 1434//1434 1333//1333
f 1333//1333 1434//1434 1435//1435
f 1333//1333 1435//1435 1332//1332
f 1332//1332 1435//1435 1436//1436
f 1332//1332 1436//1436 1331//1331
f 1331//1331 1436//1436 1437//1437
f 1331//1331 1437//1437 1330//1330
f 1330//1330 1437//1437 1438//1438
f 1330//1330 1438//1438 1329//1329
f 1329//1329 1438//1438 1439//1439
f 1329//1329 1439//1439 1328//1328
f 1328//1328 1439//1439 1440//1440
f 1328//1328 1440//1440 1327//1327
f 1327//1327 1440//1440 1384//1384
f 1327//1327 1384//1384 1325//1325
f 1325//1325 1384//1384 1383//1383
f 1325//1325 1383//1383 1326//1326
f 1326//1326 1383//1383 1406//1406
f 1326//1326 1406//1406 1363//1363
f 1363//1363 1406//1406 1407//1407
f 1363//1363 1407//1407 1362//1362
f 1362//1362 1407//1407 1408//1408
f 1362//1362 1408//1408 1361//1361
f 1361//1361 1408//1408 1409//1409
f 1361//1361 1409//1409 1360//1360
f 1360//1360 1409//1409 1410//1410
f 1360//1360 1410//1410 1359//1359
f 1359//1359 1410//1410 1411//1411
f 1359//1359 1411//1411 1358//1358
f 1358//1358 1411//1411 1412//1412
f 1358//1358 1412//1412 1357//1357
f 1357//1357 1412//1412 1413//1413
f 1357//1357 1413//1413 1356//1356
f 1356//1356 1413//1413 1414//1414
f 1356//1356 1414//1414 1355//1355
f 1355//1355 1414//1414 1415//1415
f 1355//1355 1415//1415 1354//1354
f 1354//1354 1415//1415 1416//1416
f 1354//1354 1416//1416 1353//1353
f 1353//1353 1416//1416 1417//1417
f 1353//1353 1417//1417 1352//1352
f 1352//1352 1417//1417 1418//1418
f 1352//1352 1418//1418 1351//1351
f 1351//1351 1418//1418 1419//1419
f 1351//1351 1419//1419 1350//1350
f 1350//1350 1419//1419 1420//1420
f 1350//1350 1420//1420 1349//1349
f 1349//1349 1420//1420 1421//1421
f 1349//1349 1421//1421 1348//1348
f 1348//1348 1421//1421 1422//1422
f 1348//1348 1422//1422 1347//1347
f 1347//1347 1422//1422 1423//1423
f 1347//1347 1423//1423 1346//1346
f 1346//1346 1423//1423 1385//1385
f 1346//1346 1385//1385 1382//1382
f 1382//1382 1385//1385 1386//1386
f 1382//1382 1386//1386 1381//1381
f 1381//1381 1386//1386 1387//1387
f 1381//1381 1387//1387 1380//1380
f 1380//1380 1387//1387 1388//1388
f 1380//1380 1388//1388 1379//1379
f 1379//1379 1388//1388 1389//1389
f 1379//1379 1389//1389 1378//1378
f 1378//1378 1389//1389 1390//1390
f 1378//1378 1390//1390 1377//1377
f 1377//1377 1390//1390 1391//1391
f 1377//1377 1391//1391 1376//1376
f 1376//1376 1391//1391 1392//1392
f 1376//1376 1392//1392 1375//1375
f 1375//1375 1392//1392 1393//1393
f 1375//1375 1393//1393 1374//1374
f 1374//1374 1393//1393 1394//1394
f 1374//1374 1394//1394 1373//1373
f 1373//1373 1394//1394 1395//1395
# 2880 faces, 0 coords texture

# End of File
