# Blender v2.82 (sub 7) OBJ File: ''
# www.blender.org
mtllib Propellant Injector.mtl
o Propellant_Injector
v 10.473541 47.928242 -0.823027
v 10.451019 47.670723 -0.823027
v 9.905067 47.564869 -0.823027
v 10.306673 47.366539 -0.823027
v 10.473541 47.413147 -0.823027
v 10.508039 47.263378 -0.823027
v 9.912854 47.877457 -0.823027
v 9.968513 48.185158 -0.823027
v 10.540462 48.177990 -0.823027
v 10.070742 48.480690 -0.823027
v 10.649734 48.412300 -0.823027
v 10.217079 48.757023 -0.823027
v 10.798023 48.624119 -0.823027
v 10.404108 49.007648 -0.823027
v 10.980835 48.806931 -0.823027
v 10.627364 49.226608 -0.823026
v 11.192624 48.955189 -0.823027
v 10.881574 49.408707 -0.823026
v 11.426949 49.064476 -0.823027
v 11.510637 49.092136 -0.823027
v 13.377036 48.014595 -0.823027
v 13.965711 47.628067 -0.823027
v 13.394917 47.928242 -0.823027
v 13.417452 47.670723 -0.823027
v 13.070449 46.717300 -0.823028
v 13.362630 46.225582 -0.823029
v 12.887636 46.534489 -0.823028
v 13.123980 46.023514 -0.823029
v 12.675847 46.386200 -0.823028
v 12.857149 45.860451 -0.823029
v 12.441523 46.276943 -0.823029
v 12.484603 46.109127 -0.823029
v 12.294580 46.231926 -0.823029
v 13.394917 47.413147 -0.823027
v 13.935114 47.316853 -0.823027
v 13.328010 47.163429 -0.823027
v 13.857125 47.014042 -0.823027
v 13.218737 46.929092 -0.823027
v 13.733598 46.726776 -0.823028
v 13.567456 46.461842 -0.823028
v -1.136220 49.915066 -0.823026
v -1.031465 49.802620 -0.823026
v -1.704378 49.762218 -0.823026
v -1.077566 51.887688 -0.823026
v -1.136220 51.821854 -0.823026
v -1.780637 51.847286 -0.823026
v -1.284508 51.610092 -0.823026
v -1.909726 51.562466 -0.823026
v -1.393781 51.375751 -0.823026
v -1.993607 51.261219 -0.823026
v -1.460687 51.126034 -0.823026
v -2.030260 50.950691 -0.823026
v -1.483223 50.868458 -0.823026
v -2.018834 50.638187 -0.823026
v -1.460687 50.610912 -0.823026
v -1.959590 50.331146 -0.823026
v -1.393781 50.361164 -0.823026
v -1.853943 50.036850 -0.823026
v -1.284508 50.126881 -0.823026
v 1.077566 51.887688 -0.823026
v 1.780623 51.847286 -0.823026
v 1.136206 51.821854 -0.823026
v 1.284508 51.610092 -0.823026
v 1.393767 51.375751 -0.823026
v 1.909726 51.562466 -0.823026
v 1.460687 51.126034 -0.823026
v 1.993593 51.261219 -0.823026
v 1.483223 50.868458 -0.823026
v 2.030260 50.950691 -0.823026
v 1.460687 50.610912 -0.823026
v 2.018821 50.638187 -0.823026
v 1.959590 50.331146 -0.823026
v 1.393767 50.361164 -0.823026
v 1.853929 50.036850 -0.823026
v 1.284508 50.126881 -0.823026
v 1.704378 49.762218 -0.823026
v 1.136206 49.915066 -0.823026
v 1.031451 49.802620 -0.823026
v -11.510651 49.092136 -0.823027
v -10.881574 49.408707 -0.823026
v -11.426949 49.064476 -0.823027
v -11.192638 48.955189 -0.823027
v -10.508053 47.263378 -0.823027
v -10.473556 47.413147 -0.823027
v -9.905082 47.564869 -0.823027
v -10.451019 47.670723 -0.823027
v -9.912868 47.877457 -0.823027
v -10.473556 47.928242 -0.823027
v -9.968528 48.185158 -0.823027
v -10.540476 48.177990 -0.823027
v -10.980849 48.806931 -0.823027
v -10.627364 49.226608 -0.823026
v -10.798023 48.624119 -0.823027
v -10.404108 49.007648 -0.823027
v -10.649734 48.412300 -0.823027
v -10.217093 48.757023 -0.823027
v -10.070742 48.480690 -0.823027
v 19.534489 39.887623 -0.823031
v 19.386200 39.675861 -0.823032
v 18.860477 39.857136 -0.823031
v 19.276928 39.441525 -0.823032
v 19.231926 39.294582 -0.823032
v 21.014580 40.377037 -0.823030
v 20.928255 40.394917 -0.823030
v 20.628067 40.965714 -0.823030
v 20.670708 40.417439 -0.823030
v 20.316866 40.935116 -0.823030
v 20.413147 40.394917 -0.823030
v 20.014042 40.857113 -0.823030
v 20.163414 40.328011 -0.823030
v 19.726776 40.733597 -0.823030
v 19.929090 40.218750 -0.823030
v 19.461855 40.567459 -0.823030
v 19.717300 40.070435 -0.823030
v 19.225580 40.362617 -0.823030
v 19.023514 40.123993 -0.823030
v 22.092148 38.510651 -0.823032
v 22.408691 37.881577 -0.823032
v 22.064476 38.426937 -0.823032
v 21.955202 38.192627 -0.823032
v 20.263376 37.508041 -0.823033
v 20.413147 37.473541 -0.823033
v 20.564856 36.905056 -0.823033
v 20.670708 37.451019 -0.823033
v 20.877457 36.912857 -0.823033
v 20.928255 37.473541 -0.823033
v 21.185158 36.968502 -0.823033
v 21.177988 37.540451 -0.823032
v 21.806915 37.980835 -0.823032
v 22.226593 37.627350 -0.823032
v 21.624102 37.798023 -0.823032
v 22.007648 37.404110 -0.823033
v 21.412313 37.649708 -0.823032
v 21.757023 37.217068 -0.823033
v 21.480690 37.070728 -0.823033
v -20.928268 40.394917 -0.823030
v -21.014595 40.377037 -0.823030
v -20.628075 40.965714 -0.823030
v -19.231932 39.294582 -0.823032
v -19.276941 39.441525 -0.823032
v -18.860477 39.857136 -0.823031
v -19.386208 39.675861 -0.823032
v -19.023529 40.123993 -0.823030
v -19.534496 39.887623 -0.823031
v -19.225580 40.362617 -0.823030
v -19.717316 40.070435 -0.823030
v -19.461868 40.567459 -0.823030
v -19.726776 40.733597 -0.823030
v -19.929104 40.218750 -0.823030
v -20.014050 40.857113 -0.823030
v -20.163422 40.328011 -0.823030
v -20.316866 40.935116 -0.823030
v -20.413155 40.394917 -0.823030
v -20.670708 40.417439 -0.823030
v -20.928268 37.473541 -0.823033
v -20.670708 37.451019 -0.823033
v -20.564856 36.905056 -0.823033
v -20.413155 37.473541 -0.823033
v -20.263390 37.508041 -0.823033
v -22.092161 38.510651 -0.823032
v -22.064482 38.426937 -0.823032
v -22.408697 37.881577 -0.823032
v -21.955215 38.192627 -0.823032
v -22.226599 37.627350 -0.823032
v -21.806921 37.980835 -0.823032
v -22.007648 37.404110 -0.823033
v -21.624109 37.798023 -0.823032
v -21.757036 37.217068 -0.823033
v -21.412319 37.649708 -0.823032
v -21.480696 37.070728 -0.823033
v -21.178001 37.540451 -0.823032
v -21.185171 36.968502 -0.823033
v -20.877464 36.912857 -0.823033
v -23.610918 28.460688 -0.823036
v -23.331158 28.959591 -0.823036
v -23.361191 28.393768 -0.823036
v -23.036848 28.853930 -0.823036
v -23.126867 28.284510 -0.823036
v -22.762230 28.704378 -0.823036
v -22.915085 28.136208 -0.823036
v -22.791290 28.257427 -0.823036
v -22.802633 28.031452 -0.823036
v -24.887693 28.077555 -0.823036
v -24.847292 28.780624 -0.823036
v -24.821878 28.136208 -0.823036
v -24.610090 28.284510 -0.823036
v -24.375772 28.393768 -0.823036
v -24.562485 28.909727 -0.823036
v -24.126040 28.460688 -0.823036
v -24.261240 28.993593 -0.823036
v -23.868479 28.483210 -0.823036
v -23.950691 29.030247 -0.823036
v -23.638199 29.018822 -0.823036
v -23.361191 25.606220 -0.823038
v -23.126867 25.715494 -0.823038
v -22.762230 25.295624 -0.823038
v -22.791290 25.742561 -0.823038
v -22.915085 25.863781 -0.823038
v -22.802633 25.968536 -0.823038
v -24.887693 25.922434 -0.823038
v -24.821878 25.863781 -0.823038
v -24.847292 25.219364 -0.823038
v -24.610090 25.715494 -0.823038
v -24.562485 25.090261 -0.823038
v -24.375772 25.606220 -0.823038
v -24.261240 25.006395 -0.823038
v -24.126040 25.539314 -0.823038
v -23.950691 24.969742 -0.823038
v -23.868479 25.516779 -0.823038
v -23.638199 24.981167 -0.823038
v -23.610918 25.539314 -0.823038
v -23.331158 25.040411 -0.823038
v -23.036848 25.146059 -0.823038
v -22.092161 15.489350 -0.823044
v -22.408697 16.118427 -0.823042
v -22.064482 15.573052 -0.823043
v -21.955215 15.807363 -0.823042
v -20.263390 16.491949 -0.823042
v -20.413155 16.526445 -0.823042
v -20.564856 17.094919 -0.823042
v -20.670708 16.548981 -0.823042
v -20.877464 17.087133 -0.823042
v -20.928268 16.526445 -0.823042
v -21.185171 17.031473 -0.823042
v -21.178001 16.459526 -0.823042
v -21.806921 16.019152 -0.823042
v -22.226599 16.372623 -0.823042
v -21.624109 16.201965 -0.823042
v -22.007648 16.595894 -0.823042
v -21.412319 16.350266 -0.823042
v -21.757036 16.782907 -0.823042
v -21.480696 16.929260 -0.823042
v -19.534496 14.112365 -0.823044
v -19.386208 14.324154 -0.823044
v -18.860477 14.142852 -0.823044
v -19.276941 14.558465 -0.823044
v -19.231932 14.705407 -0.823044
v -21.014595 13.622952 -0.823044
v -20.928268 13.605071 -0.823044
v -20.628075 13.034290 -0.823044
v -20.670708 13.582536 -0.823044
v -20.316866 13.064887 -0.823044
v -20.413155 13.605071 -0.823044
v -20.014050 13.142877 -0.823044
v -20.163422 13.671991 -0.823044
v -19.726776 13.266404 -0.823044
v -19.929104 13.781251 -0.823044
v -19.461868 13.432545 -0.823044
v -19.717316 13.929539 -0.823044
v -19.225580 13.637371 -0.823044
v -19.023529 13.876021 -0.823044
v -12.294595 7.768076 -0.823047
v -12.441537 7.723059 -0.823047
v -12.857149 8.139524 -0.823047
v -12.675847 7.613801 -0.823047
v -13.123980 7.976473 -0.823047
v -12.887636 7.465498 -0.823047
v -13.362630 7.774420 -0.823047
v -13.070449 7.282686 -0.823047
v -13.377049 5.985407 -0.823048
v -13.965711 6.371933 -0.823047
v -13.394930 6.071732 -0.823048
v -13.417466 6.329293 -0.823048
v -13.394930 6.586854 -0.823047
v -13.935114 6.683121 -0.823047
v -13.328010 6.836573 -0.823047
v -13.857125 6.985959 -0.823047
v -13.218751 7.070897 -0.823047
v -13.733598 7.273224 -0.823047
v -13.567456 7.538132 -0.823047
v -10.473556 6.071732 -0.823048
v -10.451019 6.329293 -0.823048
v -9.905082 6.435132 -0.823047
v -10.473556 6.586854 -0.823047
v -10.508053 6.736611 -0.823047
v -11.510651 4.907840 -0.823048
v -11.426949 4.935526 -0.823048
v -10.881574 4.591297 -0.823048
v -11.192638 5.044785 -0.823048
v -10.627364 4.773395 -0.823048
v -10.980849 5.193073 -0.823048
v -10.404108 4.992352 -0.823048
v -10.798023 5.375885 -0.823048
v -10.217093 5.242964 -0.823048
v -10.649734 5.587674 -0.823048
v -10.070742 5.519312 -0.823048
v -10.540476 5.821999 -0.823048
v -9.968528 5.814830 -0.823048
v -9.912868 6.122544 -0.823048
v 1.393767 3.638810 -0.823048
v 1.284508 3.873121 -0.823048
v 1.704378 4.237770 -0.823048
v 1.136206 4.084909 -0.823048
v 1.031451 4.197368 -0.823048
v 1.853929 3.963153 -0.823048
v 1.959590 3.668830 -0.823048
v 1.460687 3.389077 -0.823048
v 2.018821 3.361803 -0.823048
v 1.483223 3.131516 -0.823048
v 2.030260 3.049311 -0.823050
v 1.460687 2.873969 -0.823050
v 1.993593 2.738755 -0.823050
v 1.393767 2.624222 -0.823050
v 1.909726 2.437510 -0.823050
v 1.284508 2.389912 -0.823050
v 1.780623 2.152717 -0.823050
v 1.136206 2.178122 -0.823050
v 1.077566 2.112314 -0.823050
v 11.510637 4.907840 -0.823048
v 10.881574 4.591297 -0.823048
v 11.426949 4.935526 -0.823048
v 11.192624 5.044785 -0.823048
v 10.540462 5.821999 -0.823048
v 9.968513 5.814830 -0.823048
v 10.473541 6.071732 -0.823048
v 9.912854 6.122544 -0.823048
v 10.451019 6.329293 -0.823048
v 9.905067 6.435132 -0.823047
v 10.473541 6.586854 -0.823047
v 10.306673 6.633449 -0.823047
v 10.508039 6.736611 -0.823047
v 10.980835 5.193073 -0.823048
v 10.627364 4.773395 -0.823048
v 10.798023 5.375885 -0.823048
v 10.404108 4.992352 -0.823048
v 10.649734 5.587674 -0.823048
v 10.217079 5.242964 -0.823048
v 10.070742 5.519312 -0.823048
v 12.887636 7.465498 -0.823047
v 12.675847 7.613801 -0.823047
v 12.857149 8.139524 -0.823047
v 12.484603 7.890875 -0.823047
v 12.441523 7.723059 -0.823047
v 12.294580 7.768076 -0.823047
v 13.377036 5.985407 -0.823048
v 13.394917 6.071732 -0.823048
v 13.965711 6.371933 -0.823047
v 13.417452 6.329293 -0.823048
v 13.935114 6.683121 -0.823047
v 13.394917 6.586854 -0.823047
v 13.857125 6.985959 -0.823047
v 13.328010 6.836573 -0.823047
v 13.733598 7.273224 -0.823047
v 13.218737 7.070897 -0.823047
v 13.567456 7.538132 -0.823047
v 13.070449 7.282686 -0.823047
v 13.362630 7.774420 -0.823047
v 13.123980 7.976473 -0.823047
v 20.928255 16.526445 -0.823042
v 20.670708 16.548981 -0.823042
v 20.564856 17.094919 -0.823042
v 20.413147 16.526445 -0.823042
v 20.263376 16.491949 -0.823042
v 22.092148 15.489350 -0.823044
v 22.064476 15.573052 -0.823043
v 22.408691 16.118427 -0.823042
v 21.955202 15.807363 -0.823042
v 22.226593 16.372623 -0.823042
v 21.806915 16.019152 -0.823042
v 22.007648 16.595894 -0.823042
v 21.624102 16.201965 -0.823042
v 21.757023 16.782907 -0.823042
v 21.412313 16.350266 -0.823042
v 21.480690 16.929260 -0.823042
v 21.177988 16.459526 -0.823042
v 21.185158 17.031473 -0.823042
v 20.877457 17.087133 -0.823042
v 20.928255 13.605071 -0.823044
v 21.014580 13.622952 -0.823044
v 20.628067 13.034290 -0.823044
v 19.231926 14.705407 -0.823044
v 19.276928 14.558465 -0.823044
v 18.860477 14.142852 -0.823044
v 19.386200 14.324154 -0.823044
v 19.023514 13.876021 -0.823044
v 19.534489 14.112365 -0.823044
v 19.225580 13.637371 -0.823044
v 19.717300 13.929539 -0.823044
v 19.461855 13.432545 -0.823044
v 19.726776 13.266404 -0.823044
v 19.929090 13.781251 -0.823044
v 20.014042 13.142877 -0.823044
v 20.163414 13.671991 -0.823044
v 20.316866 13.064887 -0.823044
v 20.413147 13.605071 -0.823044
v 20.670708 13.582536 -0.823044
v 23.361177 28.393768 -0.823036
v 23.126867 28.284510 -0.823036
v 22.762217 28.704378 -0.823036
v 22.915077 28.136208 -0.823036
v 22.802620 28.031452 -0.823036
v 24.887688 28.077555 -0.823036
v 24.821865 28.136208 -0.823036
v 24.847284 28.780624 -0.823036
v 24.610077 28.284510 -0.823036
v 24.562479 28.909727 -0.823036
v 24.375765 28.393768 -0.823036
v 24.261232 28.993593 -0.823036
v 24.126032 28.460688 -0.823036
v 23.950691 29.030247 -0.823036
v 23.868471 28.483210 -0.823036
v 23.638184 29.018822 -0.823036
v 23.610910 28.460688 -0.823036
v 23.331158 28.959591 -0.823036
v 23.036835 28.853930 -0.823036
v 24.887688 25.922434 -0.823038
v 24.847284 25.219364 -0.823038
v 24.821865 25.863781 -0.823038
v 24.610077 25.715494 -0.823038
v 22.802620 25.968536 -0.823038
v 22.915077 25.863781 -0.823038
v 22.762217 25.295624 -0.823038
v 23.126867 25.715494 -0.823038
v 23.036835 25.146059 -0.823038
v 23.361177 25.606220 -0.823038
v 23.331158 25.040411 -0.823038
v 23.610910 25.539314 -0.823038
v 24.375765 25.606220 -0.823038
v 24.562479 25.090261 -0.823038
v 24.126032 25.539314 -0.823038
v 24.261232 25.006395 -0.823038
v 23.868471 25.516779 -0.823038
v 23.950691 24.969742 -0.823038
v 23.638184 24.981167 -0.823038
v -19.175442 38.389996 -0.274332
v -19.292665 38.138599 -0.274332
v -18.306952 39.693771 -0.274332
v -13.193372 44.950233 -0.274329
v -11.138626 46.292652 -0.274328
v -11.390007 46.175430 -0.274329
v -13.518334 45.392349 -0.274329
v -11.657923 46.103634 -0.274329
v -12.857149 45.860451 -0.274329
v -11.934242 46.079464 -0.274329
v -12.210563 46.103634 -0.274329
v -13.525476 47.670723 -0.274327
v -13.501306 47.947029 -0.274327
v -13.965711 47.628067 -0.274327
v -13.429509 48.214931 -0.274327
v -13.312285 48.466297 -0.274327
v -13.153190 48.693523 -0.274327
v -14.212725 48.123333 -0.274327
v -12.957070 48.889656 -0.274327
v -12.729859 49.048740 -0.274327
v -22.048758 39.729858 -0.274332
v -21.889662 39.957058 -0.274332
v -21.482283 40.664139 -0.274330
v -21.693535 40.153191 -0.274330
v -21.466324 40.312302 -0.274330
v -19.451756 39.957058 -0.274332
v -19.292665 39.729858 -0.274332
v -18.860477 39.857136 -0.274332
v -12.478478 46.175430 -0.274329
v -12.729859 46.292652 -0.274328
v -13.123980 46.023514 -0.274329
v -12.957070 46.451736 -0.274328
v -13.362630 46.225582 -0.274328
v -13.153190 46.647896 -0.274328
v -13.501306 47.394390 -0.274327
v -13.935114 47.316853 -0.274327
v -13.429509 47.126461 -0.274327
v -13.857125 47.014042 -0.274327
v -13.312285 46.875092 -0.274327
v -13.733598 46.726776 -0.274328
v -13.567456 46.461842 -0.274328
v -21.214943 40.429497 -0.274330
v -20.628075 40.965714 -0.274330
v -19.963463 42.800537 -0.274330
v -20.153431 41.642303 -0.274330
v -18.233028 44.769455 -0.274329
v -18.512493 43.668732 -0.274329
v -16.309315 46.550007 -0.274328
v -16.668718 45.512486 -0.274329
v -14.642331 47.153431 -0.274327
v -19.103653 38.657925 -0.274332
v -19.079475 38.934231 -0.274332
v -15.087978 43.389900 -0.274329
v -15.459591 43.793594 -0.274329
v -16.799416 41.630604 -0.274330
v -17.213202 41.990982 -0.274330
v -18.757858 40.006386 -0.274330
v -19.175442 39.478466 -0.274332
v -19.103653 39.210537 -0.274332
v -20.947021 40.501293 -0.274330
v -20.670708 40.525463 -0.274330
v -20.316866 40.935116 -0.274330
v -20.394396 40.501293 -0.274330
v -20.014050 40.857113 -0.274330
v -20.126472 40.429497 -0.274330
v -19.726776 40.733597 -0.274330
v -19.875092 40.312302 -0.274330
v -19.461868 40.567459 -0.274330
v -19.647888 40.153191 -0.274330
v -19.225580 40.362617 -0.274330
v -19.023529 40.123993 -0.274330
v -1.218961 51.891285 -0.274326
v -1.022827 52.087448 -0.274326
v -1.780637 51.847286 -0.274326
v -1.839647 49.201145 -0.274326
v 0.000000 49.277256 -0.274326
v -0.276320 49.301426 -0.274326
v -0.795616 52.246529 -0.274325
v -0.544235 52.363754 -0.274325
v -1.964864 52.383778 -0.274325
v -0.276320 52.435551 -0.274325
v 0.000000 52.459721 -0.274325
v -1.884952 49.747963 -0.274326
v -0.544235 49.373219 -0.274326
v -1.704378 49.762218 -0.274326
v -0.795616 49.490444 -0.274326
v -1.022827 49.649525 -0.274326
v -1.218961 49.845631 -0.274326
v -1.378056 50.072857 -0.274326
v -1.853943 50.036850 -0.274326
v -1.495267 50.324253 -0.274326
v -1.959590 50.331146 -0.274326
v -1.567062 50.592152 -0.274326
v -2.018834 50.638187 -0.274326
v -12.478478 49.165962 -0.274326
v -11.965471 49.472755 -0.274326
v -12.210563 49.237759 -0.274326
v -11.934242 49.261929 -0.274326
v -10.367180 47.947029 -0.274327
v -10.343010 47.670723 -0.274327
v -9.905082 47.564869 -0.274327
v -10.367180 47.394390 -0.274327
v -10.438976 47.126461 -0.274327
v -11.657923 49.237759 -0.274326
v -10.881574 49.408707 -0.274326
v -9.591381 50.583942 -0.274326
v -10.132224 49.757328 -0.274326
v -7.115625 51.445133 -0.274326
v -7.697928 50.691772 -0.274326
v -4.564435 52.047211 -0.274326
v -5.179298 51.366634 -0.274326
v -2.603911 51.774555 -0.274326
v -4.270784 48.864033 -0.274327
v -4.375978 49.402554 -0.274326
v -6.650094 48.261513 -0.274327
v -6.813886 48.785175 -0.274327
v -8.948667 47.400898 -0.274327
v -9.169080 47.903385 -0.274327
v -2.030260 50.950691 -0.274326
v -1.591233 50.868458 -0.274326
v -1.993607 51.261219 -0.274326
v -1.567062 51.144794 -0.274326
v -1.909726 51.562466 -0.274326
v -1.495267 51.412724 -0.274326
v -1.378056 51.664089 -0.274326
v -10.556200 46.875092 -0.274327
v -10.715282 46.647896 -0.274328
v -10.911415 46.451736 -0.274328
v -11.390007 49.165962 -0.274326
v -11.138626 49.048740 -0.274327
v -10.627364 49.226608 -0.274326
v -10.911415 48.889656 -0.274327
v -10.404108 49.007648 -0.274327
v -10.715282 48.693523 -0.274327
v -10.217093 48.757023 -0.274327
v -10.556200 48.466297 -0.274327
v -10.070742 48.480690 -0.274327
v -10.438976 48.214931 -0.274327
v -9.968528 48.185158 -0.274327
v -9.912868 47.877457 -0.274327
v 12.478464 49.165962 -0.274326
v 12.729845 49.048740 -0.274327
v 10.792736 50.058903 -0.274326
v 12.210549 49.237759 -0.274326
v 10.881574 49.408707 -0.274326
v 11.934229 49.261929 -0.274326
v 10.058918 46.876961 -0.274327
v 11.138613 46.292652 -0.274328
v 10.911415 46.451736 -0.274328
v 0.795616 49.490444 -0.274326
v 0.544235 49.373219 -0.274326
v 0.613834 49.268795 -0.274326
v 0.276306 49.301426 -0.274326
v 11.138613 49.048740 -0.274327
v 11.390007 49.165962 -0.274326
v 11.657923 49.237759 -0.274326
v 0.276306 52.435551 -0.274325
v 0.655527 52.451260 -0.274325
v 0.544235 52.363754 -0.274325
v 0.795616 52.246529 -0.274325
v 1.022813 52.087448 -0.274326
v 1.780623 51.847286 -0.274326
v 3.268982 52.248947 -0.274325
v 2.603911 51.774555 -0.274326
v 5.847775 51.779007 -0.274326
v 5.179285 51.366634 -0.274326
v 8.364593 51.046410 -0.274326
v 7.697915 50.691772 -0.274326
v 10.132210 49.757328 -0.274326
v 10.715282 46.647896 -0.274328
v 10.556187 46.875092 -0.274327
v 9.905067 47.564869 -0.274327
v 10.438962 47.126461 -0.274327
v 7.811238 47.862873 -0.274327
v 8.003623 48.376759 -0.274327
v 5.468733 48.595554 -0.274327
v 5.603439 49.127457 -0.274326
v 3.059857 49.066097 -0.274327
v 3.135224 49.609592 -0.274326
v 1.704378 49.762218 -0.274326
v 1.022813 49.649525 -0.274326
v 10.367180 47.394390 -0.274327
v 10.342997 47.670723 -0.274327
v 9.912854 47.877457 -0.274327
v 10.367180 47.947029 -0.274327
v 9.968513 48.185158 -0.274327
v 10.438962 48.214931 -0.274327
v 1.495267 50.324253 -0.274326
v 1.378042 50.072857 -0.274326
v 1.218947 49.845631 -0.274326
v 10.911415 48.889656 -0.274327
v 10.627364 49.226608 -0.274326
v 10.715282 48.693523 -0.274327
v 10.404108 49.007648 -0.274327
v 10.556187 48.466297 -0.274327
v 10.217079 48.757023 -0.274327
v 10.070742 48.480690 -0.274327
v 1.218947 51.891285 -0.274326
v 1.378042 51.664089 -0.274326
v 1.909726 51.562466 -0.274326
v 1.495267 51.412724 -0.274326
v 1.993593 51.261219 -0.274326
v 1.567049 51.144794 -0.274326
v 2.030260 50.950691 -0.274326
v 1.591233 50.868458 -0.274326
v 2.018821 50.638187 -0.274326
v 1.567049 50.592152 -0.274326
v 1.959590 50.331146 -0.274326
v 1.853929 50.036850 -0.274326
v 11.390007 46.175430 -0.274329
v 12.184498 45.649761 -0.274329
v 19.103645 38.657925 -0.274332
v 18.978416 38.666000 -0.274332
v 19.175428 38.389996 -0.274332
v 19.292652 38.138599 -0.274332
v 19.079475 38.934231 -0.274332
v 19.103645 39.210537 -0.274332
v 18.860477 39.857136 -0.274332
v 12.210549 46.103634 -0.274329
v 11.934229 46.079464 -0.274329
v 12.857149 45.860451 -0.274329
v 11.657923 46.103634 -0.274329
v 21.214930 40.429497 -0.274330
v 20.628067 40.965714 -0.274330
v 20.947014 40.501293 -0.274330
v 20.670708 40.525463 -0.274330
v 21.466324 40.312302 -0.274330
v 21.693521 40.153191 -0.274330
v 20.750374 41.751892 -0.274330
v 21.889656 39.957058 -0.274332
v 22.048752 39.729858 -0.274332
v 17.579870 40.682980 -0.274330
v 18.012869 41.019985 -0.274330
v 15.967928 42.533844 -0.274330
v 16.361238 42.916443 -0.274330
v 14.162174 44.196186 -0.274329
v 14.510990 44.619709 -0.274329
v 12.957056 48.889656 -0.274327
v 13.106470 48.826981 -0.274327
v 13.153190 48.693523 -0.274327
v 13.965711 47.628067 -0.274327
v 13.312285 48.466297 -0.274327
v 13.429509 48.214931 -0.274327
v 19.175428 39.478466 -0.274332
v 19.292652 39.729858 -0.274332
v 19.023514 40.123993 -0.274330
v 19.451748 39.957058 -0.274332
v 19.225580 40.362617 -0.274330
v 19.647881 40.153191 -0.274330
v 20.394388 40.501293 -0.274330
v 20.316866 40.935116 -0.274330
v 20.126472 40.429497 -0.274330
v 20.014042 40.857113 -0.274330
v 19.875092 40.312302 -0.274330
v 19.726776 40.733597 -0.274330
v 19.461855 40.567459 -0.274330
v 15.281269 47.363655 -0.274327
v 14.642318 47.153431 -0.274327
v 17.294102 45.684505 -0.274329
v 16.668718 45.512486 -0.274329
v 19.123600 43.807270 -0.274329
v 18.512486 43.668732 -0.274329
v 20.153431 41.642303 -0.274330
v 12.957056 46.451736 -0.274328
v 12.729845 46.292652 -0.274328
v 12.478464 46.175430 -0.274329
v 13.501291 47.947029 -0.274327
v 13.525461 47.670723 -0.274327
v 13.935114 47.316853 -0.274327
v 13.501291 47.394390 -0.274327
v 13.857125 47.014042 -0.274327
v 13.429509 47.126461 -0.274327
v 13.733598 46.726776 -0.274328
v 13.312285 46.875092 -0.274327
v 13.567456 46.461842 -0.274328
v 13.153190 46.647896 -0.274328
v 13.362630 46.225582 -0.274328
v 13.123980 46.023514 -0.274329
v 25.435534 27.276308 -0.274338
v 25.459703 27.000002 -0.274338
v 25.324764 29.617783 -0.274336
v 22.237757 38.657925 -0.274332
v 22.408691 37.881577 -0.274332
v 22.261940 38.934231 -0.274332
v 22.237757 39.210537 -0.274332
v 25.363739 27.544222 -0.274338
v 24.847284 28.780624 -0.274336
v 25.246515 27.795618 -0.274337
v 22.142038 29.450680 -0.274336
v 22.277239 27.000002 -0.274338
v 22.301409 27.276308 -0.274338
v 23.329153 37.195423 -0.274333
v 22.165976 39.478466 -0.274332
v 22.157200 39.540127 -0.274332
v 22.687401 29.511036 -0.274336
v 22.373205 27.544222 -0.274338
v 22.762217 28.704378 -0.274336
v 22.490429 27.795618 -0.274337
v 22.649525 28.022814 -0.274337
v 20.947014 37.367195 -0.274333
v 20.670708 37.342999 -0.274333
v 20.564856 36.905056 -0.274333
v 20.394388 37.367195 -0.274333
v 20.126472 37.438965 -0.274333
v 24.664087 28.378044 -0.274336
v 24.891298 28.218948 -0.274337
v 25.087433 28.022814 -0.274337
v 19.875092 37.556187 -0.274333
v 19.647881 37.715298 -0.274332
v 20.146578 36.507404 -0.274333
v 19.451748 37.911404 -0.274332
v 22.165976 38.389996 -0.274332
v 22.048752 38.138599 -0.274332
v 22.226593 37.627350 -0.274332
v 21.889656 37.911404 -0.274332
v 22.007648 37.404110 -0.274333
v 21.693521 37.715298 -0.274332
v 21.757023 37.217068 -0.274333
v 21.466324 37.556187 -0.274333
v 21.480690 37.070728 -0.274333
v 21.214930 37.438965 -0.274333
v 21.185158 36.968502 -0.274333
v 20.877457 36.912857 -0.274333
v 22.757328 37.132198 -0.274333
v 24.253817 34.742672 -0.274333
v 23.691771 34.697903 -0.274333
v 24.921373 32.207836 -0.274335
v 24.366632 32.179287 -0.274335
v 24.774542 29.603912 -0.274336
v 21.738045 31.871614 -0.274335
v 22.273476 31.991598 -0.274335
v 21.070198 34.233398 -0.274333
v 21.589165 34.411572 -0.274333
v 20.642803 36.741577 -0.274333
v 22.845644 28.218948 -0.274337
v 23.072855 28.378044 -0.274336
v 23.036835 28.853930 -0.274336
v 23.324236 28.495268 -0.274336
v 23.331158 28.959591 -0.274336
v 23.592152 28.567049 -0.274336
v 24.412706 28.495268 -0.274336
v 24.562479 28.909727 -0.274336
v 24.144793 28.567049 -0.274336
v 24.261232 28.993593 -0.274336
v 23.868471 28.591234 -0.274336
v 23.950691 29.030247 -0.274336
v 23.638184 29.018822 -0.274336
v 25.363739 26.455767 -0.274338
v 24.774542 24.396090 -0.274339
v 24.366632 21.820702 -0.274339
v 22.048752 14.270143 -0.274344
v 22.157200 14.459863 -0.274344
v 22.165976 14.521523 -0.274344
v 23.329153 16.804550 -0.274342
v 22.237757 14.789438 -0.274344
v 22.048752 15.861375 -0.274342
v 22.165976 15.609994 -0.274343
v 22.408691 16.118427 -0.274342
v 22.237757 15.342078 -0.274343
v 22.261940 15.065759 -0.274344
v 20.146578 17.492598 -0.274342
v 19.292652 15.861375 -0.274342
v 19.451748 16.088585 -0.274342
v 23.691771 19.302073 -0.274341
v 20.642803 17.258423 -0.274342
v 19.647881 16.284719 -0.274342
v 20.564856 17.094919 -0.274342
v 19.875092 16.443802 -0.274342
v 20.126472 16.561026 -0.274342
v 25.435534 26.723680 -0.274338
v 24.253817 19.257317 -0.274341
v 24.921373 21.792166 -0.274339
v 25.324764 24.382206 -0.274339
v 22.757328 16.867777 -0.274342
v 24.847284 25.219364 -0.274338
v 25.246515 26.204386 -0.274338
v 25.087433 25.977175 -0.274338
v 20.394388 16.632820 -0.274342
v 20.670708 16.656990 -0.274342
v 20.877457 17.087133 -0.274342
v 20.947014 16.632820 -0.274342
v 21.185158 17.031473 -0.274342
v 21.214930 16.561026 -0.274342
v 21.889656 16.088585 -0.274342
v 22.226593 16.372623 -0.274342
v 21.693521 16.284719 -0.274342
v 22.007648 16.595894 -0.274342
v 21.466324 16.443802 -0.274342
v 21.757023 16.782907 -0.274342
v 21.480690 16.929260 -0.274342
v 21.070198 19.766588 -0.274341
v 21.589165 19.588417 -0.274341
v 21.738045 22.128387 -0.274339
v 22.273476 22.008390 -0.274339
v 22.142038 24.549322 -0.274339
v 22.687401 24.488953 -0.274339
v 22.762217 25.295624 -0.274338
v 23.324236 25.504721 -0.274338
v 23.072855 25.621944 -0.274338
v 22.845644 25.781040 -0.274338
v 22.649525 25.977175 -0.274338
v 22.490429 26.204386 -0.274338
v 22.373205 26.455767 -0.274338
v 22.301409 26.723680 -0.274338
v 24.891298 25.781040 -0.274338
v 24.664087 25.621944 -0.274338
v 24.562479 25.090261 -0.274338
v 24.412706 25.504721 -0.274338
v 24.261232 25.006395 -0.274338
v 24.144793 25.432940 -0.274338
v 23.950691 24.969742 -0.274338
v 23.868471 25.408770 -0.274338
v 23.638184 24.981167 -0.274338
v 23.592152 25.432940 -0.274338
v 23.331158 25.040411 -0.274338
v 23.036835 25.146059 -0.274338
v 21.889656 14.042932 -0.274344
v 20.750374 12.248109 -0.274345
v 21.693521 13.846798 -0.274344
v 12.184498 8.350242 -0.274347
v 11.138613 7.707335 -0.274347
v 11.390007 7.824559 -0.274347
v 13.312285 5.533676 -0.274348
v 13.153190 5.306465 -0.274348
v 13.106470 5.173023 -0.274348
v 12.957056 5.110332 -0.274348
v 12.729845 4.951236 -0.274348
v 19.079475 15.065759 -0.274344
v 19.103645 15.342078 -0.274343
v 18.978416 15.334003 -0.274343
v 19.175428 15.609994 -0.274343
v 21.466324 13.687716 -0.274344
v 21.214930 13.570492 -0.274344
v 20.628067 13.034290 -0.274344
v 11.657923 7.896341 -0.274347
v 11.934229 7.920525 -0.274347
v 12.857149 8.139524 -0.274347
v 12.210549 7.896341 -0.274347
v 13.525461 6.329293 -0.274348
v 13.501291 6.052973 -0.274348
v 13.965711 6.371933 -0.274348
v 13.429509 5.785057 -0.274348
v 19.103645 14.789438 -0.274344
v 18.860477 14.142852 -0.274344
v 18.012869 12.980004 -0.274344
v 17.579870 13.317023 -0.274344
v 16.361238 11.083530 -0.274345
v 15.967928 11.466143 -0.274345
v 14.510990 9.380264 -0.274346
v 14.162174 9.803815 -0.274346
v 14.642318 6.846570 -0.274347
v 15.281269 6.636319 -0.274347
v 16.668718 8.487515 -0.274347
v 17.294102 8.315497 -0.274347
v 18.512486 10.331283 -0.274345
v 19.123600 10.192718 -0.274345
v 20.153431 12.357670 -0.274344
v 19.451748 14.042932 -0.274344
v 19.292652 14.270143 -0.274344
v 19.175428 14.521523 -0.274344
v 19.023514 13.876021 -0.274344
v 19.225580 13.637371 -0.274344
v 19.647881 13.846798 -0.274344
v 19.461855 13.432545 -0.274344
v 19.875092 13.687716 -0.274344
v 19.726776 13.266404 -0.274344
v 20.126472 13.570492 -0.274344
v 20.014042 13.142877 -0.274344
v 20.394388 13.498696 -0.274344
v 20.316866 13.064887 -0.274344
v 20.670708 13.474526 -0.274344
v 20.947014 13.498696 -0.274344
v 12.478464 7.824559 -0.274347
v 12.729845 7.707335 -0.274347
v 13.123980 7.976473 -0.274347
v 12.957056 7.548239 -0.274347
v 13.362630 7.774420 -0.274347
v 13.153190 7.352106 -0.274347
v 13.501291 6.605612 -0.274347
v 13.935114 6.683121 -0.274347
v 13.429509 6.873514 -0.274347
v 13.857125 6.985959 -0.274347
v 13.312285 7.124909 -0.274347
v 13.733598 7.273224 -0.274347
v 13.567456 7.538132 -0.274347
v -22.301422 27.276308 -0.274338
v -22.277246 27.000002 -0.274338
v -22.243422 28.227201 -0.274337
v -25.425955 28.310629 -0.274336
v -25.459711 27.000002 -0.274338
v -25.435534 27.276308 -0.274338
v -19.647888 37.715298 -0.274332
v -19.592257 37.602798 -0.274332
v -19.451756 37.911404 -0.274332
v -22.237764 38.657925 -0.274332
v -22.408697 37.881577 -0.274332
v -22.165981 38.389996 -0.274332
v -22.048758 38.138599 -0.274332
v -22.373211 27.544222 -0.274338
v -22.261940 38.934231 -0.274332
v -22.237764 39.210537 -0.274332
v -22.773382 38.382881 -0.274332
v -22.165981 39.478466 -0.274332
v -25.363752 27.544222 -0.274338
v -25.246529 27.795618 -0.274337
v -24.847292 28.780624 -0.274336
v -25.087433 28.022814 -0.274337
v -19.875092 37.556187 -0.274333
v -20.126472 37.438965 -0.274333
v -20.564856 36.905056 -0.274333
v -20.394396 37.367195 -0.274333
v -20.670708 37.342999 -0.274333
v -20.877464 36.912857 -0.274333
v -20.947021 37.367195 -0.274333
v -21.185171 36.968502 -0.274333
v -21.214943 37.438965 -0.274333
v -21.889662 37.911404 -0.274332
v -22.226599 37.627350 -0.274332
v -21.693535 37.715298 -0.274332
v -22.007648 37.404110 -0.274333
v -21.466324 37.556187 -0.274333
v -21.757036 37.217068 -0.274333
v -21.480696 37.070728 -0.274333
v -20.639740 35.383118 -0.274333
v -21.148106 35.589607 -0.274333
v -21.436682 33.061707 -0.274335
v -21.964678 33.211014 -0.274335
v -21.973412 30.666716 -0.274336
v -22.514633 30.757023 -0.274336
v -22.762230 28.704378 -0.274336
v -22.845657 28.218948 -0.274337
v -22.649525 28.022814 -0.274337
v -22.490437 27.795618 -0.274337
v -24.891306 28.218948 -0.274337
v -24.664095 28.378044 -0.274336
v -24.562485 28.909727 -0.274336
v -24.412714 28.495268 -0.274336
v -24.261240 28.993593 -0.274336
v -24.144793 28.567049 -0.274336
v -23.950691 29.030247 -0.274336
v -23.868479 28.591234 -0.274336
v -23.638199 29.018822 -0.274336
v -23.592165 28.567049 -0.274336
v -23.331158 28.959591 -0.274336
v -23.324244 28.495268 -0.274336
v -23.036848 28.853930 -0.274336
v -23.072863 28.378044 -0.274336
v -25.156433 30.918001 -0.274335
v -24.774549 29.603912 -0.274336
v -24.620245 33.483856 -0.274335
v -24.366648 32.179287 -0.274335
v -23.823078 35.980968 -0.274333
v -23.691776 34.697903 -0.274333
v -22.757341 37.132198 -0.274333
v -25.435534 26.723680 -0.274338
v -25.425955 25.689360 -0.274338
v -25.363752 26.455767 -0.274338
v -22.243422 25.772787 -0.274338
v -22.301422 26.723680 -0.274338
v -19.875092 16.443802 -0.274342
v -19.647888 16.284719 -0.274342
v -19.592257 16.397205 -0.274342
v -19.451756 16.088585 -0.274342
v -19.292665 15.861375 -0.274342
v -22.048758 14.270143 -0.274344
v -22.165981 14.521523 -0.274344
v -22.773382 15.617121 -0.274343
v -22.237764 14.789438 -0.274344
v -22.373211 26.455767 -0.274338
v -22.490437 26.204386 -0.274338
v -22.762230 25.295624 -0.274338
v -22.649525 25.977175 -0.274338
v -24.664095 25.621944 -0.274338
v -24.891306 25.781040 -0.274338
v -24.847292 25.219364 -0.274338
v -25.087433 25.977175 -0.274338
v -25.246529 26.204386 -0.274338
v -22.408697 16.118427 -0.274342
v -22.261940 15.065759 -0.274344
v -22.237764 15.342078 -0.274343
v -20.947021 16.632820 -0.274342
v -20.670708 16.656990 -0.274342
v -20.564856 17.094919 -0.274342
v -20.394396 16.632820 -0.274342
v -20.126472 16.561026 -0.274342
v -21.973412 23.333286 -0.274339
v -22.514633 23.242966 -0.274339
v -21.436682 20.938280 -0.274341
v -21.964678 20.788977 -0.274341
v -20.639740 18.616856 -0.274342
v -21.148106 18.410381 -0.274342
v -22.845657 25.781040 -0.274338
v -23.072863 25.621944 -0.274338
v -23.036848 25.146059 -0.274338
v -23.324244 25.504721 -0.274338
v -23.331158 25.040411 -0.274338
v -23.592165 25.432940 -0.274338
v -24.774549 24.396090 -0.274339
v -25.156433 23.081987 -0.274339
v -24.366648 21.820702 -0.274339
v -24.620245 20.516144 -0.274341
v -23.691776 19.302073 -0.274341
v -23.823078 18.019035 -0.274342
v -22.757341 16.867777 -0.274342
v -24.412714 25.504721 -0.274338
v -24.562485 25.090261 -0.274338
v -24.144793 25.432940 -0.274338
v -24.261240 25.006395 -0.274338
v -23.868479 25.408770 -0.274338
v -23.950691 24.969742 -0.274338
v -23.638199 24.981167 -0.274338
v -22.165981 15.609994 -0.274343
v -22.048758 15.861375 -0.274342
v -22.226599 16.372623 -0.274342
v -21.889662 16.088585 -0.274342
v -22.007648 16.595894 -0.274342
v -21.693535 16.284719 -0.274342
v -21.757036 16.782907 -0.274342
v -21.466324 16.443802 -0.274342
v -21.480696 16.929260 -0.274342
v -21.214943 16.561026 -0.274342
v -21.185171 17.031473 -0.274342
v -20.877464 17.087133 -0.274342
v -12.729859 4.951236 -0.274348
v -12.957070 5.110332 -0.274348
v -14.212725 5.876669 -0.274348
v -13.153190 5.306465 -0.274348
v -18.306952 14.306246 -0.274344
v -19.175442 15.609994 -0.274343
v -13.965711 6.371933 -0.274348
v -13.312285 5.533676 -0.274348
v -13.429509 5.785057 -0.274348
v -12.957070 7.548239 -0.274347
v -12.729859 7.707335 -0.274347
v -12.857149 8.139524 -0.274347
v -12.478478 7.824559 -0.274347
v -12.210563 7.896341 -0.274347
v -18.757858 13.993588 -0.274344
v -19.103653 15.342078 -0.274343
v -18.860477 14.142852 -0.274344
v -19.079475 15.065759 -0.274344
v -19.103653 14.789438 -0.274344
v -13.501306 6.052973 -0.274348
v -13.525476 6.329293 -0.274348
v -13.935114 6.683121 -0.274347
v -13.501306 6.605612 -0.274347
v -13.857125 6.985959 -0.274347
v -13.429509 6.873514 -0.274347
v -13.733598 7.273224 -0.274347
v -13.312285 7.124909 -0.274347
v -13.567456 7.538132 -0.274347
v -13.153190 7.352106 -0.274347
v -13.362630 7.774420 -0.274347
v -13.123980 7.976473 -0.274347
v -20.628075 13.034290 -0.274344
v -21.482283 13.335865 -0.274344
v -20.153431 12.357670 -0.274344
v -19.963463 11.199463 -0.274345
v -18.512493 10.331283 -0.274345
v -18.233028 9.230549 -0.274347
v -16.668718 8.487515 -0.274347
v -16.309315 7.449980 -0.274347
v -14.642331 6.846570 -0.274347
v -19.175442 14.521523 -0.274344
v -19.292665 14.270143 -0.274344
v -19.023529 13.876021 -0.274344
v -19.451756 14.042932 -0.274344
v -19.225580 13.637371 -0.274344
v -19.647888 13.846798 -0.274344
v -20.316866 13.064887 -0.274344
v -20.394396 13.498696 -0.274344
v -21.466324 13.687716 -0.274344
v -21.693535 13.846798 -0.274344
v -21.889662 14.042932 -0.274344
v -11.934242 7.920525 -0.274347
v -11.657923 7.896341 -0.274347
v -13.193372 9.049768 -0.274347
v -11.390007 7.824559 -0.274347
v -11.138626 7.707335 -0.274347
v -20.126472 13.570492 -0.274344
v -20.014050 13.142877 -0.274344
v -19.875092 13.687716 -0.274344
v -19.726776 13.266404 -0.274344
v -19.461868 13.432545 -0.274344
v -16.799416 12.369370 -0.274344
v -17.213202 12.009005 -0.274345
v -15.087978 10.610102 -0.274345
v -15.459591 10.206409 -0.274345
v -13.518334 8.607651 -0.274347
v -20.670708 13.474526 -0.274344
v -20.947021 13.498696 -0.274344
v -21.214943 13.570492 -0.274344
v -0.276320 4.698578 -0.274348
v 0.000000 4.722748 -0.274348
v -1.839647 4.798842 -0.274348
v 0.000000 1.540283 -0.274350
v -0.276320 1.564453 -0.274350
v -1.964864 1.616226 -0.274350
v -0.544235 1.636249 -0.274350
v -1.780637 2.152716 -0.274350
v -0.795616 1.753473 -0.274350
v -1.022827 1.912569 -0.274350
v -8.948667 6.599089 -0.274347
v -10.911415 7.548239 -0.274347
v -11.934242 4.738060 -0.274348
v -12.210563 4.762230 -0.274348
v -11.965471 4.527246 -0.274348
v -12.478478 4.834012 -0.274348
v -10.881574 4.591297 -0.274348
v -11.138626 4.951236 -0.274348
v -11.390007 4.834012 -0.274348
v -10.132224 4.242659 -0.274348
v -9.591381 3.416062 -0.274348
v -7.697928 3.308217 -0.274348
v -7.115625 2.554871 -0.274350
v -5.179298 2.633354 -0.274350
v -4.564435 1.952792 -0.274350
v -2.603911 2.225446 -0.274350
v -9.169080 6.096602 -0.274348
v -10.715282 7.352106 -0.274347
v -9.905082 6.435132 -0.274348
v -10.556200 7.124909 -0.274347
v -10.438976 6.873514 -0.274347
v -11.657923 4.762230 -0.274348
v -0.544235 4.626782 -0.274348
v -1.704378 4.237770 -0.274348
v -0.795616 4.509558 -0.274348
v -1.495267 3.675751 -0.274348
v -1.378056 3.927145 -0.274348
v -1.218961 4.154343 -0.274348
v -1.022827 4.350476 -0.274348
v -6.650094 5.738489 -0.274348
v -6.813886 5.214798 -0.274348
v -4.270784 5.135971 -0.274348
v -4.375978 4.597449 -0.274348
v -1.884952 4.252011 -0.274348
v -1.218961 2.108688 -0.274350
v -1.378056 2.335913 -0.274350
v -1.909726 2.437510 -0.274350
v -1.495267 2.587280 -0.274350
v -1.993607 2.738754 -0.274350
v -1.567062 2.855210 -0.274350
v -2.030260 3.049310 -0.274349
v -1.591233 3.131516 -0.274349
v -2.018834 3.361803 -0.274348
v -1.567062 3.407835 -0.274348
v -1.959590 3.668829 -0.274348
v -1.853943 3.963153 -0.274348
v -10.367180 6.605612 -0.274347
v -10.343010 6.329293 -0.274348
v -9.912868 6.122544 -0.274348
v -10.367180 6.052973 -0.274348
v -9.968528 5.814830 -0.274348
v -10.438976 5.785057 -0.274348
v -10.911415 5.110332 -0.274348
v -10.627364 4.773395 -0.274348
v -10.715282 5.306465 -0.274348
v -10.404108 4.992352 -0.274348
v -10.556200 5.533676 -0.274348
v -10.217093 5.242964 -0.274348
v -10.070742 5.519312 -0.274348
v 12.478464 4.834012 -0.274348
v 10.792736 3.941071 -0.274348
v 12.210549 4.762230 -0.274348
v 10.911415 7.548239 -0.274347
v 10.058918 7.123027 -0.274347
v 10.367180 6.605612 -0.274347
v 10.438962 6.873514 -0.274347
v 9.905067 6.435132 -0.274348
v 10.556187 7.124909 -0.274347
v 0.276306 4.698578 -0.274348
v 0.613834 4.731207 -0.274348
v 0.544235 4.626782 -0.274348
v 1.022813 1.912569 -0.274350
v 0.795616 1.753473 -0.274350
v 0.655527 1.548729 -0.274350
v 10.715282 7.352106 -0.274347
v 0.544235 1.636249 -0.274350
v 0.276306 1.564453 -0.274350
v 1.780623 2.152716 -0.274350
v 1.378042 2.335913 -0.274350
v 1.218947 2.108688 -0.274350
v 10.881574 4.591297 -0.274348
v 11.934229 4.738060 -0.274348
v 11.657923 4.762230 -0.274348
v 0.795616 4.509558 -0.274348
v 1.022813 4.350476 -0.274348
v 1.704378 4.237770 -0.274348
v 2.603911 2.225446 -0.274350
v 3.268982 1.751028 -0.274350
v 5.179285 2.633354 -0.274350
v 5.847775 2.220969 -0.274350
v 7.697915 3.308217 -0.274348
v 8.364593 2.953578 -0.274350
v 10.132210 4.242659 -0.274348
v 11.390007 4.834012 -0.274348
v 11.138613 4.951236 -0.274348
v 10.627364 4.773395 -0.274348
v 10.911415 5.110332 -0.274348
v 10.404108 4.992352 -0.274348
v 10.715282 5.306465 -0.274348
v 10.217079 5.242964 -0.274348
v 10.556187 5.533676 -0.274348
v 10.070742 5.519312 -0.274348
v 10.438962 5.785057 -0.274348
v 9.968513 5.814830 -0.274348
v 10.367180 6.052973 -0.274348
v 9.912854 6.122544 -0.274348
v 10.342997 6.329293 -0.274348
v 3.059857 4.933891 -0.274348
v 3.135224 4.390384 -0.274348
v 5.468733 5.404422 -0.274348
v 5.603439 4.872519 -0.274348
v 7.811238 6.137101 -0.274348
v 8.003623 5.623242 -0.274348
v 1.218947 4.154343 -0.274348
v 1.378042 3.927145 -0.274348
v 1.853929 3.963153 -0.274348
v 1.495267 3.675751 -0.274348
v 1.959590 3.668829 -0.274348
v 1.567049 3.407835 -0.274348
v 1.495267 2.587280 -0.274350
v 1.909726 2.437510 -0.274350
v 1.567049 2.855210 -0.274350
v 1.993593 2.738754 -0.274350
v 1.591233 3.131516 -0.274349
v 2.030260 3.049310 -0.274349
v 2.018821 3.361803 -0.274348
v 13.525461 6.329290 1.920455
v 13.501291 6.605610 1.920456
v 13.429509 6.873513 1.920456
v 13.312285 7.124907 1.920456
v 13.153190 7.352105 1.920456
v 12.957056 7.548237 1.920456
v 12.729845 7.707334 1.920456
v 12.478464 7.824557 1.920456
v 12.210549 7.896339 1.920456
v 11.934229 7.920524 1.920456
v 11.657923 7.896339 1.920456
v 11.390007 7.824557 1.920456
v 11.138613 7.707334 1.920456
v 10.911415 7.548237 1.920456
v 10.715282 7.352105 1.920456
v 10.556187 7.124907 1.920456
v 10.438962 6.873513 1.920456
v 10.367180 6.605610 1.920456
v 10.342997 6.329290 1.920455
v 10.367180 6.052971 1.920455
v 10.438962 5.785056 1.920455
v 10.556187 5.533675 1.920455
v 10.715282 5.306464 1.920455
v 10.911415 5.110331 1.920455
v 11.138613 4.951234 1.920455
v 11.390007 4.834011 1.920455
v 11.657923 4.762228 1.920455
v 11.934229 4.738060 1.920454
v 12.210549 4.762228 1.920455
v 12.478464 4.834011 1.920455
v 12.729845 4.951234 1.920455
v 12.957056 5.110331 1.920455
v 13.153190 5.306464 1.920455
v 13.312285 5.533675 1.920455
v 13.429509 5.785056 1.920455
v 13.501291 6.052971 1.920455
v 11.934229 4.846067 1.920455
v 12.191790 4.868604 1.920455
v 12.441523 4.935524 1.920455
v 12.675847 5.044784 1.920455
v 12.887636 5.193071 1.920455
v 13.070449 5.375884 1.920455
v 13.218737 5.587673 1.920455
v 13.328010 5.821998 1.920455
v 13.394917 6.071731 1.920455
v 13.417452 6.329290 1.920455
v 13.394917 6.586852 1.920456
v 13.328010 6.836572 1.920456
v 13.218737 7.070896 1.920456
v 13.070449 7.282684 1.920456
v 12.887636 7.465497 1.920456
v 12.675847 7.613799 1.920456
v 12.441523 7.723058 1.920456
v 12.191790 7.789965 1.920456
v 11.934229 7.812513 1.920456
v 11.676682 7.789965 1.920456
v 11.426949 7.723058 1.920456
v 11.192624 7.613799 1.920456
v 10.980835 7.465497 1.920456
v 10.798023 7.282684 1.920456
v 10.649734 7.070896 1.920456
v 10.540462 6.836572 1.920456
v 10.473541 6.586852 1.920456
v 10.451019 6.329290 1.920455
v 10.473541 6.071731 1.920455
v 10.540462 5.821998 1.920455
v 10.649734 5.587673 1.920455
v 10.798023 5.375884 1.920455
v 10.980835 5.193071 1.920455
v 11.192624 5.044784 1.920455
v 11.426949 4.935524 1.920455
v 11.676682 4.868604 1.920455
v 10.540462 6.836573 -0.823047
v 10.649734 7.070897 -0.823047
v 10.798023 7.282686 -0.823047
v 10.980835 7.465498 -0.823047
v 11.192624 7.613801 -0.823047
v 11.426949 7.723059 -0.823047
v 11.676682 7.789966 -0.823047
v 11.934229 7.812516 -0.823047
v 12.191790 7.789966 -0.823047
v 13.328010 5.821999 -0.823048
v 13.218737 5.587674 -0.823048
v 13.070449 5.375885 -0.823048
v 12.887636 5.193073 -0.823048
v 12.675847 5.044785 -0.823048
v 12.441523 4.935526 -0.823048
v 12.191790 4.868605 -0.823048
v 11.934229 4.846069 -0.823048
v 11.676682 4.868605 -0.823048
v -5.556871 5.426946 -1.591229
v -6.650094 5.738491 -1.591228
v -20.622581 18.574751 -1.591223
v -20.639740 18.616856 -1.591223
v 22.260485 27.863802 -1.591218
v 22.142038 29.450680 -1.591217
v 22.126617 29.586224 -1.591217
v 21.859663 31.293087 -1.591216
v 21.738045 31.871614 -1.591216
v 20.146578 36.507404 -1.591214
v 20.280378 36.218575 -1.591214
v 20.933762 34.619267 -1.591214
v 21.070198 34.233398 -1.591214
v 21.461243 32.974148 -1.591216
v 19.505018 37.762428 -1.591213
v 18.978416 38.666000 -1.591213
v 18.612366 39.241547 -1.591212
v 17.607761 40.647053 -1.591211
v 17.579870 40.682980 -1.591211
v 16.497276 41.970467 -1.591211
v 15.967928 42.533844 -1.591211
v 14.162174 44.196186 -1.591210
v 15.287572 43.203873 -1.591210
v 12.600165 45.371475 -1.591210
v 13.985926 44.339832 -1.591210
v 10.058918 46.876961 -1.591208
v 11.138613 46.292652 -1.591210
v 12.184498 45.649761 -1.591210
v 8.023769 47.782070 -1.591208
v 9.610085 47.097786 -1.591208
v 4.716170 48.772297 -1.591207
v 5.468733 48.595554 -1.591208
v 6.389182 48.341358 -1.591208
v 7.811238 47.862873 -1.591208
v 3.059857 49.066097 -1.591207
v 3.014800 49.072304 -1.591207
v 1.295302 49.239571 -1.591207
v -1.839647 49.201145 -1.591207
v -0.431996 49.273052 -1.591207
v 0.613834 49.268795 -1.591207
v -3.868410 48.938820 -1.591207
v -2.156685 49.172611 -1.591207
v -7.211907 48.077576 -1.591208
v -6.650094 48.261513 -1.591208
v -5.556871 48.573059 -1.591208
v -4.270784 48.864033 -1.591207
v -8.823574 47.455338 -1.591208
v -8.948667 47.400898 -1.591208
v -10.382163 46.710052 -1.591208
v -11.138626 46.292652 -1.591210
v -15.087978 43.389900 -1.591210
v -14.647770 43.784473 -1.591210
v -13.303057 44.869099 -1.591210
v -13.193372 44.950233 -1.591210
v -11.878336 45.846222 -1.591210
v -16.799416 41.630604 -1.591211
v -15.904386 42.598911 -1.591210
v -18.123699 39.954037 -1.591211
v -17.065367 41.319527 -1.591211
v -20.639740 35.383118 -1.591214
v -20.622581 35.425251 -1.591214
v -19.907673 36.998001 -1.591213
v -19.592257 37.602798 -1.591213
v -19.073042 38.510651 -1.591213
v -18.306952 39.693771 -1.591212
v -21.213461 33.801804 -1.591215
v -21.436682 33.061707 -1.591216
v -21.973412 30.666716 -1.591216
v -21.676762 32.137482 -1.591216
v -22.210257 28.726311 -1.591217
v -22.009695 30.442251 -1.591216
v -21.973412 23.333286 -1.591220
v -22.009695 23.557737 -1.591220
v -22.210257 25.273678 -1.591219
v -22.243422 25.772787 -1.591219
v -22.277246 27.000002 -1.591219
v -22.243422 28.227201 -1.591217
v -21.676762 21.862505 -1.591220
v -21.436682 20.938280 -1.591220
v -21.213461 20.198174 -1.591222
v -19.907673 17.001989 -1.591223
v -19.592257 16.397205 -1.591223
v -19.073042 15.489364 -1.591223
v -18.306952 14.306246 -1.591225
v -18.123699 14.045953 -1.591225
v -17.065367 12.680462 -1.591226
v -15.904386 11.401090 -1.591226
v -16.799416 12.369370 -1.591226
v -13.193372 9.049768 -1.591228
v -13.303057 9.130902 -1.591228
v -14.647770 10.215514 -1.591226
v -15.087978 10.610102 -1.591226
v -11.878336 8.153751 -1.591228
v -11.138626 7.707335 -1.591228
v -7.211907 5.922429 -1.591228
v -8.823574 6.544666 -1.591228
v -8.948667 6.599091 -1.591228
v -10.382163 7.289951 -1.591228
v -4.270784 5.135972 -1.591229
v -3.868410 5.061196 -1.591229
v -2.156685 4.827394 -1.591229
v 0.613834 4.731208 -1.591229
v -0.431996 4.726952 -1.591229
v -1.839647 4.798842 -1.591229
v 3.014800 4.927700 -1.591229
v 1.295302 4.760447 -1.591229
v 6.389182 5.658634 -1.591229
v 5.468733 5.404424 -1.591229
v 4.716170 5.227695 -1.591229
v 3.059857 4.933892 -1.591229
v 7.811238 6.137102 -1.591228
v 8.023769 6.217919 -1.591228
v 9.610085 6.902189 -1.591228
v 14.162174 9.803815 -1.591226
v 13.985926 9.660169 -1.591226
v 12.600165 8.628511 -1.591228
v 12.184498 8.350242 -1.591228
v 11.138613 7.707335 -1.591228
v 10.058918 7.123028 -1.591228
v 15.287572 10.796114 -1.591226
v 15.967928 11.466143 -1.591226
v 18.978416 15.334003 -1.591225
v 18.612366 14.758443 -1.591225
v 17.607761 13.352948 -1.591225
v 17.579870 13.317023 -1.591225
v 16.497276 12.029508 -1.591226
v 19.505018 16.237574 -1.591223
v 20.146578 17.492598 -1.591223
v 20.280378 17.781427 -1.591223
v 20.933762 19.380735 -1.591222
v 21.070198 19.766588 -1.591222
v 21.461243 21.025856 -1.591220
v 21.738045 22.128387 -1.591220
v 22.126617 24.413765 -1.591219
v 21.859663 22.706902 -1.591220
v 22.277239 27.000002 -1.591219
v 22.260485 26.136187 -1.591219
v 22.142038 24.549322 -1.591219
v 22.202120 39.460419 -1.591212
v 22.157200 39.540127 -1.591212
v 17.670919 45.328548 -1.591210
v 17.294102 45.684505 -1.591210
v 13.262984 48.732224 -1.591207
v 13.106470 48.826981 -1.591207
v -25.391794 28.858435 -1.591217
v -25.425955 28.310629 -1.591217
v 4.624420 1.963793 -1.591231
v 5.847775 2.220969 -1.591231
v 24.921373 21.792166 -1.591220
v 25.188383 23.293036 -1.591220
v 24.380228 19.665075 -1.591222
v 24.850609 21.464293 -1.591220
v 23.779770 17.904997 -1.591223
v 24.253817 19.257317 -1.591222
v 23.052448 16.193451 -1.591223
v 23.329153 16.804550 -1.591223
v 20.151260 11.439693 -1.591226
v 20.750374 12.248109 -1.591226
v 21.233332 12.952153 -1.591225
v 22.157200 14.459863 -1.591225
v 22.202120 14.539555 -1.591225
v 19.123600 10.192718 -1.591226
v 18.961676 10.010248 -1.591226
v 17.670919 8.671454 -1.591228
v 16.285887 7.430468 -1.591228
v 17.294102 8.315497 -1.591228
v 14.813951 6.293877 -1.591228
v 15.281269 6.636321 -1.591228
v 10.792736 3.941071 -1.591229
v 11.641251 4.357605 -1.591229
v 13.106470 5.173024 -1.591229
v 13.262984 5.267766 -1.591229
v 6.439609 2.368145 -1.591231
v 8.220438 2.903907 -1.591231
v 8.364593 2.953579 -1.591231
v 9.957404 3.568250 -1.591229
v 3.268982 1.751029 -1.591231
v 2.784554 1.693021 -1.591231
v 0.929842 1.557272 -1.591231
v -1.964864 1.616227 -1.591231
v -0.929842 1.557272 -1.591231
v 0.655527 1.548730 -1.591231
v -7.115625 2.554871 -1.591231
v -6.439609 2.368145 -1.591231
v -4.624420 1.963793 -1.591231
v -4.564435 1.952793 -1.591231
v -2.784567 1.693021 -1.591231
v -9.591381 3.416062 -1.591229
v -8.220438 2.903907 -1.591231
v -11.641265 4.357605 -1.591229
v -9.957417 3.568250 -1.591229
v -14.813966 6.293877 -1.591228
v -14.212725 5.876670 -1.591228
v -13.262998 5.267766 -1.591229
v -11.965471 4.527247 -1.591229
v -18.961689 10.010248 -1.591226
v -18.233028 9.230549 -1.591226
v -17.670933 8.671454 -1.591228
v -16.285887 7.430468 -1.591228
v -19.963463 11.199463 -1.591226
v -20.151276 11.439693 -1.591226
v -21.233345 12.952153 -1.591225
v -22.773382 15.617121 -1.591223
v -22.202127 14.539555 -1.591225
v -21.482283 13.335865 -1.591225
v -23.779778 17.904997 -1.591223
v -23.052448 16.193451 -1.591223
v -24.850609 21.464293 -1.591220
v -24.620245 20.516144 -1.591222
v -24.380236 19.665075 -1.591222
v -23.823078 18.019035 -1.591223
v -25.156433 23.081987 -1.591220
v -25.188396 23.293036 -1.591220
v -25.391794 25.141554 -1.591219
v -25.459711 27.000002 -1.591219
v -25.425955 25.689360 -1.591219
v -25.188396 30.706953 -1.591216
v -25.156433 30.918001 -1.591216
v -24.850609 32.535709 -1.591216
v -24.620245 33.483856 -1.591215
v -22.773382 38.382881 -1.591213
v -23.052448 37.806538 -1.591213
v -23.779778 36.094978 -1.591214
v -23.823078 35.980968 -1.591214
v -24.380236 34.334915 -1.591214
v -22.202127 39.460419 -1.591212
v -21.482283 40.664139 -1.591211
v -21.233345 41.047836 -1.591211
v -20.151276 42.560295 -1.591211
v -17.670933 45.328548 -1.591210
v -18.233028 44.769455 -1.591210
v -18.961689 43.989754 -1.591210
v -19.963463 42.800537 -1.591210
v -16.285887 46.569508 -1.591208
v -14.813966 47.706100 -1.591208
v -14.212725 48.123333 -1.591208
v -13.262998 48.732224 -1.591207
v -11.965471 49.472755 -1.591207
v -11.641265 49.642384 -1.591207
v -9.957417 50.431751 -1.591207
v -6.439609 51.631844 -1.591207
v -7.115625 51.445133 -1.591207
v -8.220438 51.096096 -1.591207
v -9.591381 50.583942 -1.591207
v -4.624420 52.036198 -1.591207
v -4.564435 52.047211 -1.591207
v -2.784567 52.306953 -1.591205
v -1.964864 52.383778 -1.591205
v -0.929842 52.442719 -1.591205
v 0.655527 52.451260 -1.591205
v 0.929842 52.442719 -1.591205
v 2.784554 52.306953 -1.591205
v 3.268982 52.248947 -1.591205
v 4.624420 52.036198 -1.591207
v 5.847775 51.779007 -1.591207
v 8.220438 51.096096 -1.591207
v 6.439609 51.631844 -1.591207
v 11.641251 49.642384 -1.591207
v 10.792736 50.058903 -1.591207
v 9.957404 50.431751 -1.591207
v 8.364593 51.046410 -1.591207
v 14.813951 47.706100 -1.591208
v 15.281269 47.363655 -1.591208
v 16.285887 46.569508 -1.591208
v 18.961676 43.989754 -1.591210
v 19.123600 43.807270 -1.591210
v 20.151260 42.560295 -1.591211
v 20.750374 41.751892 -1.591211
v 21.233332 41.047836 -1.591211
v 23.052448 37.806538 -1.591213
v 23.329153 37.195423 -1.591213
v 24.921373 32.207836 -1.591216
v 24.850609 32.535709 -1.591216
v 24.380228 34.334915 -1.591214
v 24.253817 34.742672 -1.591214
v 23.779770 36.094978 -1.591214
v 25.188383 30.706953 -1.591216
v 25.324764 29.617783 -1.591217
v 25.324764 24.382206 -1.591219
v 25.391781 25.141554 -1.591219
v 25.459703 27.000002 -1.591219
v 25.391781 28.858435 -1.591217
v -17.317558 12.468838 -1.920446
v -19.890699 11.640907 -1.920446
v -18.391541 13.854516 -1.920445
v -20.958776 13.133799 -1.920446
v -19.354910 15.319254 -1.920444
v -21.915033 14.700683 -1.920445
v -20.201881 16.854237 -1.920443
v -22.754362 16.333197 -1.920444
v -20.927349 18.450233 -1.920443
v -23.472284 18.022606 -1.920443
v -21.526962 20.097649 -1.920442
v -24.064976 19.759928 -1.920442
v -21.997108 21.786591 -1.920441
v -24.529264 21.535868 -1.920442
v -22.334959 23.506870 -1.920440
v -24.862686 23.340963 -1.920440
v -22.538486 25.248163 -1.920440
v -25.063448 25.165586 -1.920440
v -22.606472 27.000002 -1.920439
v -25.130491 27.000002 -1.920439
v -22.538486 28.751825 -1.920437
v -25.063448 28.834402 -1.920437
v -22.334959 30.493118 -1.920437
v -24.862686 30.659025 -1.920437
v -21.997108 32.213398 -1.920436
v -24.529264 32.464108 -1.920436
v -21.526962 33.902328 -1.920436
v -24.064976 34.240047 -1.920435
v -20.927349 35.549755 -1.920434
v -23.472284 35.977371 -1.920434
v -20.201881 37.145767 -1.920434
v -22.754362 37.666794 -1.920433
v -19.354910 38.680748 -1.920433
v -21.915033 39.299305 -1.920433
v -18.391541 40.145473 -1.920432
v 8.142339 5.910798 -1.920449
v 8.114132 3.215507 -1.920451
v 6.483609 5.343244 -1.920449
v 6.356333 2.686652 -1.920451
v 4.785878 4.905932 -1.920449
v 4.564613 2.287547 -1.920451
v 3.059363 4.601501 -1.920450
v 2.748546 2.020277 -1.920451
v 1.314445 4.431777 -1.920450
v 0.917812 1.886271 -1.920451
v -0.438368 4.397773 -1.920450
v -0.917825 1.886271 -1.920451
v -2.188559 4.499726 -1.920450
v -2.748560 2.020277 -1.920451
v -3.925580 4.736977 -1.920450
v -4.564627 2.287547 -1.920451
v -5.638980 5.108122 -1.920449
v -6.356347 2.686652 -1.920451
v -7.318488 5.610940 -1.920449
v -8.114145 3.215507 -1.920451
v -8.953968 6.242379 -1.920449
v -9.828658 3.871253 -1.920450
v -10.535601 6.998663 -1.920448
v -11.490725 4.650404 -1.920450
v -12.053870 7.875236 -1.920448
v -13.091488 5.548784 -1.920449
v -13.499643 8.866819 -1.920448
v -14.622405 6.561627 -1.920449
v -14.864242 9.967484 -1.920447
v -16.075293 7.683510 -1.920448
v -16.139425 11.170555 -1.920446
v -17.442425 8.908471 -1.920448
v -18.716496 10.229947 -1.920446
v -20.958776 40.866177 -1.920432
v -19.890699 42.359108 -1.920431
v -17.317558 41.531151 -1.920432
v -18.716496 43.770027 -1.920431
v -16.139425 42.829433 -1.920431
v -17.442425 45.091518 -1.920430
v -14.864242 44.032516 -1.920431
v -16.075293 46.316467 -1.920429
v -13.499643 45.133156 -1.920430
v -14.622405 47.438362 -1.920428
v -12.053870 46.124756 -1.920429
v -13.091488 48.451191 -1.920428
v -10.535601 47.001328 -1.920429
v -11.490725 49.349598 -1.920428
v -8.953968 47.757626 -1.920428
v -9.828658 50.128750 -1.920427
v -7.318488 48.389065 -1.920428
v -8.114145 50.784470 -1.920427
v -5.638980 48.891853 -1.920428
v -6.356347 51.313351 -1.920427
v -3.925580 49.263027 -1.920428
v -4.564627 51.712456 -1.920426
v -2.188559 49.500278 -1.920428
v -2.748560 51.979725 -1.920426
v -0.438368 49.602230 -1.920428
v -0.917825 52.113705 -1.920426
v 1.314445 49.568226 -1.920428
v 0.917812 52.113705 -1.920426
v 3.059363 49.398487 -1.920428
v 2.748546 51.979725 -1.920426
v 4.785878 49.094059 -1.920428
v 4.564613 51.712456 -1.920426
v 6.483609 48.656746 -1.920428
v 22.589457 27.876574 -1.920439
v 25.130486 27.000002 -1.920439
v 22.589457 26.123415 -1.920439
v 25.063440 25.165586 -1.920440
v 22.453598 24.375546 -1.920440
v 24.862680 23.340963 -1.920440
v 22.182716 22.643456 -1.920441
v 24.529259 21.535868 -1.920442
v 21.778404 20.937567 -1.920442
v 24.064962 19.759928 -1.920442
v 21.243124 19.268126 -1.920442
v 23.472277 18.022606 -1.920443
v 20.580086 17.645197 -1.920443
v 22.754349 16.333197 -1.920444
v 19.793272 16.078533 -1.920444
v 21.915020 14.700683 -1.920445
v 18.887421 14.577539 -1.920445
v 20.958771 13.133799 -1.920446
v 17.867987 13.151267 -1.920446
v 19.890694 11.640907 -1.920446
v 16.741077 11.808270 -1.920446
v 18.716488 10.229947 -1.920446
v 15.513493 10.556653 -1.920446
v 17.442417 8.908471 -1.920448
v 14.192606 9.403913 -1.920447
v 16.075293 7.683510 -1.920448
v 12.786370 8.357013 -1.920448
v 14.622392 6.561627 -1.920449
v 11.303229 7.422227 -1.920448
v 13.091474 5.548784 -1.920449
v 9.752110 6.605175 -1.920449
v 11.490725 4.650404 -1.920450
v 9.828644 3.871253 -1.920450
v 6.356333 51.313351 -1.920427
v 8.114132 50.784470 -1.920427
v 8.142339 48.089191 -1.920428
v 9.828644 50.128750 -1.920427
v 9.752110 47.394802 -1.920428
v 11.490725 49.349598 -1.920428
v 11.303229 46.577747 -1.920429
v 13.091474 48.451191 -1.920428
v 12.786370 45.642975 -1.920430
v 14.622392 47.438362 -1.920428
v 14.192606 44.596088 -1.920430
v 16.075293 46.316467 -1.920429
v 15.513493 43.443348 -1.920431
v 17.442417 45.091518 -1.920430
v 16.741077 42.191730 -1.920431
v 18.716488 43.770027 -1.920431
v 17.867987 40.848736 -1.920432
v 19.890694 42.359108 -1.920431
v 18.887421 39.422462 -1.920433
v 20.958771 40.866177 -1.920432
v 19.793272 37.921455 -1.920433
v 21.915020 39.299305 -1.920433
v 20.580086 36.354805 -1.920434
v 22.754349 37.666794 -1.920433
v 21.243124 34.731850 -1.920435
v 23.472277 35.977371 -1.920434
v 21.778404 33.062424 -1.920436
v 24.064962 34.240047 -1.920435
v 22.182716 31.356533 -1.920437
v 24.529259 32.464108 -1.920436
v 22.453598 29.624443 -1.920437
v 24.862680 30.659025 -1.920437
v 25.063440 28.834402 -1.920437
v 22.261940 15.065759 1.920460
v 22.237757 15.342078 1.920460
v 22.165976 15.609994 1.920460
v 22.048752 15.861375 1.920460
v 21.889656 16.088585 1.920460
v 21.693521 16.284719 1.920460
v 21.466324 16.443802 1.920460
v 21.214930 16.561026 1.920461
v 20.947014 16.632820 1.920461
v 20.670708 16.656990 1.920461
v 20.394388 16.632820 1.920461
v 20.126472 16.561026 1.920461
v 19.875092 16.443802 1.920460
v 19.647881 16.284719 1.920460
v 19.451748 16.088585 1.920460
v 19.292652 15.861375 1.920460
v 19.175428 15.609994 1.920460
v 19.103645 15.342078 1.920460
v 19.079475 15.065759 1.920460
v 19.103645 14.789438 1.920459
v 19.175428 14.521523 1.920459
v 19.292652 14.270143 1.920459
v 19.451748 14.042932 1.920459
v 19.647881 13.846798 1.920459
v 19.875092 13.687716 1.920459
v 20.126472 13.570492 1.920459
v 20.394388 13.498696 1.920458
v 20.670708 13.474526 1.920458
v 20.947014 13.498696 1.920458
v 21.214930 13.570492 1.920459
v 21.466324 13.687716 1.920459
v 21.693521 13.846798 1.920459
v 21.889656 14.042932 1.920459
v 22.048752 14.270143 1.920459
v 22.165976 14.521523 1.920459
v 22.237757 14.789438 1.920459
v 19.534489 16.019152 1.920460
v 19.386200 15.807363 1.920460
v 19.276928 15.573052 1.920460
v 19.210022 15.323319 1.920460
v 19.187485 15.065759 1.920460
v 19.210022 14.808198 1.920459
v 19.276928 14.558465 1.920459
v 19.386200 14.324154 1.920459
v 19.534489 14.112365 1.920459
v 19.717300 13.929539 1.920459
v 19.929090 13.781251 1.920459
v 20.163414 13.671991 1.920459
v 20.413147 13.605071 1.920459
v 20.670708 13.582536 1.920459
v 20.928255 13.605071 1.920459
v 21.177988 13.671991 1.920459
v 21.412313 13.781251 1.920459
v 21.624102 13.929539 1.920459
v 21.806915 14.112365 1.920459
v 21.955202 14.324154 1.920459
v 22.064476 14.558465 1.920459
v 22.131395 14.808198 1.920459
v 22.153917 15.065759 1.920460
v 22.131395 15.323319 1.920460
v 22.064476 15.573052 1.920460
v 21.955202 15.807363 1.920460
v 21.806915 16.019152 1.920460
v 21.624102 16.201965 1.920460
v 21.412313 16.350266 1.920460
v 21.177988 16.459526 1.920460
v 20.928255 16.526445 1.920461
v 20.670708 16.548981 1.920461
v 20.413147 16.526445 1.920461
v 20.163414 16.459526 1.920460
v 19.929090 16.350266 1.920460
v 19.717300 16.201965 1.920460
v 22.131395 15.323319 -0.823044
v 22.153917 15.065759 -0.823044
v 22.131395 14.808198 -0.823044
v 22.064476 14.558465 -0.823044
v 21.955202 14.324154 -0.823044
v 21.806915 14.112365 -0.823044
v 21.624102 13.929539 -0.823044
v 21.412313 13.781251 -0.823044
v 21.177988 13.671991 -0.823044
v 19.210022 14.808198 -0.823044
v 19.187485 15.065759 -0.823044
v 19.210022 15.323319 -0.823044
v 19.276928 15.573052 -0.823043
v 19.386200 15.807363 -0.823042
v 19.534489 16.019152 -0.823042
v 19.717300 16.201965 -0.823042
v 19.929090 16.350266 -0.823042
v 20.163414 16.459526 -0.823042
v 1.591233 3.131515 1.920453
v 1.567049 3.407835 1.920454
v 1.495267 3.675750 1.920454
v 1.378042 3.927145 1.920454
v 1.218947 4.154342 1.920454
v 1.022813 4.350474 1.920454
v 0.795616 4.509558 1.920454
v 0.544235 4.626781 1.920454
v 0.276306 4.698576 1.920454
v 0.000000 4.722746 1.920454
v -0.276320 4.698576 1.920454
v -0.544235 4.626781 1.920454
v -0.795616 4.509558 1.920454
v -1.022827 4.350474 1.920454
v -1.218961 4.154342 1.920454
v -1.378056 3.927145 1.920454
v -1.495267 3.675750 1.920454
v -1.567062 3.407835 1.920454
v -1.591233 3.131515 1.920453
v -1.567062 2.855210 1.920453
v -1.495267 2.587280 1.920453
v -1.378056 2.335913 1.920453
v -1.218961 2.108688 1.920453
v -1.022827 1.912568 1.920453
v -0.795616 1.753472 1.920453
v -0.544235 1.636248 1.920453
v -0.276320 1.564453 1.920453
v 0.000000 1.540282 1.920453
v 0.276306 1.564453 1.920453
v 0.544235 1.636248 1.920453
v 0.795616 1.753472 1.920453
v 1.022813 1.912568 1.920453
v 1.218947 2.108688 1.920453
v 1.378042 2.335913 1.920453
v 1.495267 2.587280 1.920453
v 1.567049 2.855210 1.920453
v 1.393767 3.638809 1.920454
v 1.284508 3.873120 1.920454
v 1.136206 4.084908 1.920454
v 0.953394 4.267721 1.920454
v 0.741605 4.416022 1.920454
v 0.507294 4.525294 1.920454
v 0.257561 4.592202 1.920454
v 0.000000 4.614738 1.920454
v -0.257561 4.592202 1.920454
v -0.507294 4.525294 1.920454
v -0.741618 4.416022 1.920454
v -0.953394 4.267721 1.920454
v -1.136220 4.084908 1.920454
v -1.284508 3.873120 1.920454
v -1.393781 3.638809 1.920454
v -1.460687 3.389076 1.920454
v -1.483223 3.131515 1.920453
v -1.460687 2.873968 1.920453
v -1.393781 2.624221 1.920453
v -1.284508 2.389911 1.920453
v -1.136220 2.178121 1.920453
v -0.953394 1.995309 1.920453
v -0.741618 1.847021 1.920453
v -0.507294 1.737748 1.920453
v -0.257561 1.670828 1.920453
v 0.000000 1.648306 1.920453
v 0.257561 1.670828 1.920453
v 0.507294 1.737748 1.920453
v 0.741605 1.847021 1.920453
v 0.953394 1.995309 1.920453
v 1.136206 2.178121 1.920453
v 1.284508 2.389911 1.920453
v 1.393767 2.624221 1.920453
v 1.460687 2.873968 1.920453
v 1.483223 3.131515 1.920453
v 1.460687 3.389076 1.920454
v -1.031465 4.197368 -0.823048
v -0.953394 4.267722 -0.823048
v -0.741618 4.416024 -0.823048
v -0.507294 4.525296 -0.823048
v -0.257561 4.592203 -0.823048
v 0.000000 4.614738 -0.823048
v 0.257561 4.592203 -0.823048
v 0.507294 4.525296 -0.823048
v 0.741605 4.416024 -0.823048
v 0.953394 4.267722 -0.823048
v 0.953394 1.995309 -0.823050
v 0.741605 1.847022 -0.823050
v 0.507294 1.737749 -0.823050
v 0.257561 1.670828 -0.823050
v 0.000000 1.648306 -0.823050
v -0.257561 1.670828 -0.823050
v -0.507294 1.737749 -0.823050
v -0.741618 1.847022 -0.823050
v -0.953394 1.995309 -0.823050
v -1.077566 2.112314 -0.823050
v -1.136220 2.178122 -0.823050
v -1.284508 2.389912 -0.823050
v -1.393781 2.624222 -0.823050
v -1.460687 2.873969 -0.823050
v -1.483223 3.131516 -0.823048
v -1.460687 3.389077 -0.823048
v -1.393781 3.638810 -0.823048
v -1.284508 3.873121 -0.823048
v -1.136220 4.084909 -0.823048
v 25.459703 27.000002 1.920465
v 25.435534 27.276308 1.920465
v 25.363739 27.544222 1.920466
v 25.246515 27.795618 1.920466
v 25.087433 28.022814 1.920466
v 24.891298 28.218948 1.920466
v 24.664087 28.378044 1.920466
v 24.412706 28.495268 1.920466
v 24.144793 28.567049 1.920467
v 23.868471 28.591234 1.920467
v 23.592152 28.567049 1.920467
v 23.324236 28.495268 1.920466
v 23.072855 28.378044 1.920466
v 22.845644 28.218948 1.920466
v 22.649525 28.022814 1.920466
v 22.490429 27.795618 1.920466
v 22.373205 27.544222 1.920466
v 22.301409 27.276308 1.920465
v 22.277239 27.000002 1.920465
v 22.301409 26.723680 1.920465
v 22.373205 26.455767 1.920465
v 22.490429 26.204386 1.920465
v 22.649525 25.977175 1.920465
v 22.845644 25.781040 1.920465
v 23.072855 25.621944 1.920465
v 23.324236 25.504721 1.920465
v 23.592152 25.432940 1.920465
v 23.868471 25.408770 1.920465
v 24.144793 25.432940 1.920465
v 24.412706 25.504721 1.920465
v 24.664087 25.621944 1.920465
v 24.891298 25.781040 1.920465
v 25.087433 25.977175 1.920465
v 25.246515 26.204386 1.920465
v 25.363739 26.455767 1.920465
v 25.435534 26.723680 1.920465
v 23.361177 28.393768 1.920466
v 23.126867 28.284510 1.920466
v 22.915077 28.136208 1.920466
v 22.732265 27.953394 1.920466
v 22.583963 27.741606 1.920466
v 22.474705 27.507280 1.920466
v 22.407784 27.257547 1.920465
v 22.385248 27.000002 1.920465
v 22.407784 26.742441 1.920465
v 22.474705 26.492708 1.920465
v 22.583963 26.258383 1.920465
v 22.732265 26.046595 1.920465
v 22.915077 25.863781 1.920465
v 23.126867 25.715494 1.920465
v 23.361177 25.606220 1.920465
v 23.610910 25.539314 1.920465
v 23.868471 25.516779 1.920465
v 24.126032 25.539314 1.920465
v 24.375765 25.606220 1.920465
v 24.610077 25.715494 1.920465
v 24.821865 25.863781 1.920465
v 25.004679 26.046595 1.920465
v 25.152979 26.258383 1.920465
v 25.262239 26.492708 1.920465
v 25.329159 26.742441 1.920465
v 25.351694 27.000002 1.920465
v 25.329159 27.257547 1.920465
v 25.262239 27.507280 1.920466
v 25.152979 27.741606 1.920466
v 25.004679 27.953394 1.920466
v 24.821865 28.136208 1.920466
v 24.610077 28.284510 1.920466
v 24.375765 28.393768 1.920466
v 24.126032 28.460688 1.920466
v 23.868471 28.483210 1.920466
v 23.610910 28.460688 1.920466
v 25.004679 27.953394 -0.823037
v 25.152979 27.741606 -0.823037
v 25.262239 27.507280 -0.823038
v 25.329159 27.257547 -0.823038
v 25.351694 27.000002 -0.823038
v 25.329159 26.742441 -0.823038
v 25.262239 26.492708 -0.823038
v 25.152979 26.258383 -0.823038
v 25.004679 26.046595 -0.823038
v 22.732265 26.046595 -0.823038
v 22.583963 26.258383 -0.823038
v 22.474705 26.492708 -0.823038
v 22.407784 26.742441 -0.823038
v 22.385248 27.000002 -0.823038
v 22.407784 27.257547 -0.823038
v 22.474705 27.507280 -0.823038
v 22.583963 27.741606 -0.823037
v 22.732265 27.953394 -0.823037
v -10.343010 6.329290 1.920455
v -10.367180 6.605610 1.920456
v -10.438976 6.873513 1.920456
v -10.556200 7.124907 1.920456
v -10.715282 7.352105 1.920456
v -10.911415 7.548237 1.920456
v -11.138626 7.707334 1.920456
v -11.390007 7.824557 1.920456
v -11.657923 7.896339 1.920456
v -11.934242 7.920524 1.920456
v -12.210563 7.896339 1.920456
v -12.478478 7.824557 1.920456
v -12.729859 7.707334 1.920456
v -12.957070 7.548237 1.920456
v -13.153190 7.352105 1.920456
v -13.312285 7.124907 1.920456
v -13.429509 6.873513 1.920456
v -13.501306 6.605610 1.920456
v -13.525476 6.329290 1.920455
v -13.501306 6.052971 1.920455
v -13.429509 5.785056 1.920455
v -13.312285 5.533675 1.920455
v -13.153190 5.306464 1.920455
v -12.957070 5.110331 1.920455
v -12.729859 4.951234 1.920455
v -12.478478 4.834011 1.920455
v -12.210563 4.762228 1.920455
v -11.934242 4.738060 1.920454
v -11.657923 4.762228 1.920455
v -11.390007 4.834011 1.920455
v -11.138626 4.951234 1.920455
v -10.911415 5.110331 1.920455
v -10.715282 5.306464 1.920455
v -10.556200 5.533675 1.920455
v -10.438976 5.785056 1.920455
v -10.367180 6.052971 1.920455
v -13.218751 7.070896 1.920456
v -13.328010 6.836572 1.920456
v -13.394930 6.586852 1.920456
v -13.417466 6.329290 1.920455
v -13.394930 6.071731 1.920455
v -13.328010 5.821998 1.920455
v -13.218751 5.587673 1.920455
v -13.070449 5.375884 1.920455
v -12.887636 5.193071 1.920455
v -12.675847 5.044784 1.920455
v -12.441537 4.935524 1.920455
v -12.191804 4.868604 1.920455
v -11.934242 4.846067 1.920455
v -11.676682 4.868604 1.920455
v -11.426949 4.935524 1.920455
v -11.192638 5.044784 1.920455
v -10.980849 5.193071 1.920455
v -10.798023 5.375884 1.920455
v -10.649734 5.587673 1.920455
v -10.540476 5.821998 1.920455
v -10.473556 6.071731 1.920455
v -10.451019 6.329290 1.920455
v -10.473556 6.586852 1.920456
v -10.540476 6.836572 1.920456
v -10.649734 7.070896 1.920456
v -10.798023 7.282684 1.920456
v -10.980849 7.465497 1.920456
v -11.192638 7.613799 1.920456
v -11.426949 7.723058 1.920456
v -11.676682 7.789965 1.920456
v -11.934242 7.812513 1.920456
v -12.191804 7.789965 1.920456
v -12.441537 7.723058 1.920456
v -12.675847 7.613799 1.920456
v -12.887636 7.465497 1.920456
v -13.070449 7.282684 1.920456
v -12.191804 7.789966 -0.823047
v -11.934242 7.812516 -0.823047
v -11.676682 7.789966 -0.823047
v -11.426949 7.723059 -0.823047
v -11.192638 7.613801 -0.823047
v -10.980849 7.465498 -0.823047
v -10.798023 7.282686 -0.823047
v -10.649734 7.070897 -0.823047
v -10.540476 6.836573 -0.823047
v -11.676682 4.868605 -0.823048
v -11.934242 4.846069 -0.823048
v -12.191804 4.868605 -0.823048
v -12.441537 4.935526 -0.823048
v -12.675847 5.044785 -0.823048
v -12.887636 5.193073 -0.823048
v -13.070449 5.375885 -0.823048
v -13.218751 5.587674 -0.823048
v -13.328010 5.821999 -0.823048
v -19.079475 15.065759 1.920460
v -19.103653 15.342078 1.920460
v -19.175442 15.609994 1.920460
v -19.292665 15.861375 1.920460
v -19.451756 16.088585 1.920460
v -19.647888 16.284719 1.920460
v -19.875092 16.443802 1.920460
v -20.126472 16.561026 1.920461
v -20.394396 16.632820 1.920461
v -20.670708 16.656990 1.920461
v -20.947021 16.632820 1.920461
v -21.214943 16.561026 1.920461
v -21.466324 16.443802 1.920460
v -21.693535 16.284719 1.920460
v -21.889662 16.088585 1.920460
v -22.048758 15.861375 1.920460
v -22.165981 15.609994 1.920460
v -22.237764 15.342078 1.920460
v -22.261940 15.065759 1.920460
v -22.237764 14.789438 1.920459
v -22.165981 14.521523 1.920459
v -22.048758 14.270143 1.920459
v -21.889662 14.042932 1.920459
v -21.693535 13.846798 1.920459
v -21.466324 13.687716 1.920459
v -21.214943 13.570492 1.920459
v -20.947021 13.498696 1.920458
v -20.670708 13.474526 1.920458
v -20.394396 13.498696 1.920458
v -20.126472 13.570492 1.920459
v -19.875092 13.687716 1.920459
v -19.647888 13.846798 1.920459
v -19.451756 14.042932 1.920459
v -19.292665 14.270143 1.920459
v -19.175442 14.521523 1.920459
v -19.103653 14.789438 1.920459
v -21.178001 16.459526 1.920460
v -21.412319 16.350266 1.920460
v -21.624109 16.201965 1.920460
v -21.806921 16.019152 1.920460
v -21.955215 15.807363 1.920460
v -22.064482 15.573052 1.920460
v -22.131395 15.323319 1.920460
v -22.153931 15.065759 1.920460
v -22.131395 14.808198 1.920459
v -22.064482 14.558465 1.920459
v -21.955215 14.324154 1.920459
v -21.806921 14.112365 1.920459
v -21.624109 13.929539 1.920459
v -21.412319 13.781251 1.920459
v -21.178001 13.671991 1.920459
v -20.928268 13.605071 1.920459
v -20.670708 13.582536 1.920459
v -20.413155 13.605071 1.920459
v -20.163422 13.671991 1.920459
v -19.929104 13.781251 1.920459
v -19.717316 13.929539 1.920459
v -19.534496 14.112365 1.920459
v -19.386208 14.324154 1.920459
v -19.276941 14.558465 1.920459
v -19.210022 14.808198 1.920459
v -19.187492 15.065759 1.920460
v -19.210022 15.323319 1.920460
v -19.276941 15.573052 1.920460
v -19.386208 15.807363 1.920460
v -19.534496 16.019152 1.920460
v -19.717316 16.201965 1.920460
v -19.929104 16.350266 1.920460
v -20.163422 16.459526 1.920460
v -20.413155 16.526445 1.920461
v -20.670708 16.548981 1.920461
v -20.928268 16.526445 1.920461
v -20.163422 16.459526 -0.823042
v -19.929104 16.350266 -0.823042
v -19.717316 16.201965 -0.823042
v -19.534496 16.019152 -0.823042
v -19.386208 15.807363 -0.823042
v -19.276941 15.573052 -0.823043
v -19.210022 15.323319 -0.823044
v -19.187492 15.065759 -0.823044
v -19.210022 14.808198 -0.823044
v -21.178001 13.671991 -0.823044
v -21.412319 13.781251 -0.823044
v -21.624109 13.929539 -0.823044
v -21.806921 14.112365 -0.823044
v -21.955215 14.324154 -0.823044
v -22.064482 14.558465 -0.823044
v -22.131395 14.808198 -0.823044
v -22.153931 15.065759 -0.823044
v -22.131395 15.323319 -0.823044
v 22.261940 38.934231 1.920471
v 22.237757 39.210537 1.920471
v 22.165976 39.478466 1.920471
v 22.048752 39.729858 1.920471
v 21.889656 39.957058 1.920472
v 21.693521 40.153191 1.920472
v 21.466324 40.312302 1.920472
v 21.214930 40.429497 1.920472
v 20.947014 40.501293 1.920472
v 20.670708 40.525463 1.920472
v 20.394388 40.501293 1.920472
v 20.126472 40.429497 1.920472
v 19.875092 40.312302 1.920472
v 19.647881 40.153191 1.920472
v 19.451748 39.957058 1.920472
v 19.292652 39.729858 1.920471
v 19.175428 39.478466 1.920471
v 19.103645 39.210537 1.920471
v 19.079475 38.934231 1.920471
v 19.103645 38.657925 1.920471
v 19.175428 38.389996 1.920471
v 19.292652 38.138599 1.920470
v 19.451748 37.911404 1.920470
v 19.647881 37.715298 1.920470
v 19.875092 37.556187 1.920470
v 20.126472 37.438965 1.920470
v 20.394388 37.367195 1.920470
v 20.670708 37.342999 1.920470
v 20.947014 37.367195 1.920470
v 21.214930 37.438965 1.920470
v 21.466324 37.556187 1.920470
v 21.693521 37.715298 1.920470
v 21.889656 37.911404 1.920470
v 22.048752 38.138599 1.920470
v 22.165976 38.389996 1.920471
v 22.237757 38.657925 1.920471
v 19.534489 39.887623 1.920472
v 19.386200 39.675861 1.920471
v 19.276928 39.441525 1.920471
v 19.210022 39.191803 1.920471
v 19.187485 38.934231 1.920471
v 19.210022 38.676655 1.920471
v 19.276928 38.426937 1.920471
v 19.386200 38.192627 1.920470
v 19.534489 37.980835 1.920470
v 19.717300 37.798023 1.920470
v 19.929090 37.649708 1.920470
v 20.163414 37.540451 1.920470
v 20.413147 37.473541 1.920470
v 20.670708 37.451019 1.920470
v 20.928255 37.473541 1.920470
v 21.177988 37.540451 1.920470
v 21.412313 37.649708 1.920470
v 21.624102 37.798023 1.920470
v 21.806915 37.980835 1.920470
v 21.955202 38.192627 1.920470
v 22.064476 38.426937 1.920471
v 22.131395 38.676655 1.920471
v 22.153917 38.934231 1.920471
v 22.131395 39.191803 1.920471
v 22.064476 39.441525 1.920471
v 21.955202 39.675861 1.920471
v 21.806915 39.887623 1.920472
v 21.624102 40.070435 1.920472
v 21.412313 40.218750 1.920472
v 21.177988 40.328011 1.920472
v 20.928255 40.394917 1.920472
v 20.670708 40.417439 1.920472
v 20.413147 40.394917 1.920472
v 20.163414 40.328011 1.920472
v 19.929090 40.218750 1.920472
v 19.717300 40.070435 1.920472
v 21.177988 40.328011 -0.823030
v 21.412313 40.218750 -0.823030
v 21.624102 40.070435 -0.823030
v 21.806915 39.887623 -0.823031
v 21.955202 39.675861 -0.823032
v 22.064476 39.441525 -0.823032
v 22.131395 39.191803 -0.823032
v 22.153917 38.934231 -0.823032
v 22.131395 38.676655 -0.823032
v 20.163414 37.540451 -0.823032
v 19.929090 37.649708 -0.823032
v 19.717300 37.798023 -0.823032
v 19.534489 37.980835 -0.823032
v 19.386200 38.192627 -0.823032
v 19.276928 38.426937 -0.823032
v 19.210022 38.676655 -0.823032
v 19.187485 38.934231 -0.823032
v 19.210022 39.191803 -0.823032
v 13.525461 47.670723 1.920476
v 13.501291 47.947029 1.920476
v 13.429509 48.214931 1.920476
v 13.312285 48.466297 1.920476
v 13.153190 48.693523 1.920476
v 12.957056 48.889656 1.920476
v 12.729845 49.048740 1.920476
v 12.478464 49.165962 1.920476
v 12.210549 49.237759 1.920476
v 11.934229 49.261929 1.920476
v 11.657923 49.237759 1.920476
v 11.390007 49.165962 1.920476
v 11.138613 49.048740 1.920476
v 10.911415 48.889656 1.920476
v 10.715282 48.693523 1.920476
v 10.556187 48.466297 1.920476
v 10.438962 48.214931 1.920476
v 10.367180 47.947029 1.920476
v 10.342997 47.670723 1.920476
v 10.367180 47.394390 1.920476
v 10.438962 47.126461 1.920476
v 10.556187 46.875092 1.920475
v 10.715282 46.647896 1.920475
v 10.911415 46.451736 1.920475
v 11.138613 46.292652 1.920475
v 11.390007 46.175430 1.920475
v 11.657923 46.103634 1.920475
v 11.934229 46.079464 1.920475
v 12.210549 46.103634 1.920475
v 12.478464 46.175430 1.920475
v 12.729845 46.292652 1.920475
v 12.957056 46.451736 1.920475
v 13.153190 46.647896 1.920475
v 13.312285 46.875092 1.920475
v 13.429509 47.126461 1.920476
v 13.501291 47.394390 1.920476
v 10.980835 48.806931 1.920476
v 10.798023 48.624119 1.920476
v 10.649734 48.412300 1.920476
v 10.540462 48.177990 1.920476
v 10.473541 47.928242 1.920476
v 10.451019 47.670723 1.920476
v 10.473541 47.413147 1.920476
v 10.540462 47.163429 1.920476
v 10.649734 46.929092 1.920475
v 10.798023 46.717300 1.920475
v 10.980835 46.534489 1.920475
v 11.192624 46.386200 1.920475
v 11.426949 46.276943 1.920475
v 11.676682 46.210037 1.920475
v 11.934229 46.187485 1.920475
v 12.191790 46.210037 1.920475
v 12.441523 46.276943 1.920475
v 12.675847 46.386200 1.920475
v 12.887636 46.534489 1.920475
v 13.070449 46.717300 1.920475
v 13.218737 46.929092 1.920475
v 13.328010 47.163429 1.920476
v 13.394917 47.413147 1.920476
v 13.417452 47.670723 1.920476
v 13.394917 47.928242 1.920476
v 13.328010 48.177990 1.920476
v 13.218737 48.412300 1.920476
v 13.070449 48.624119 1.920476
v 12.887636 48.806931 1.920476
v 12.675847 48.955189 1.920476
v 12.441523 49.064476 1.920476
v 12.191790 49.131382 1.920476
v 11.934229 49.153934 1.920476
v 11.676682 49.131382 1.920476
v 11.426949 49.064476 1.920476
v 11.192624 48.955189 1.920476
v 11.676682 49.131382 -0.823027
v 11.934229 49.153934 -0.823027
v 12.191790 49.131382 -0.823027
v 12.441523 49.064476 -0.823027
v 12.675847 48.955189 -0.823027
v 12.887636 48.806931 -0.823027
v 13.070449 48.624119 -0.823027
v 13.218737 48.412300 -0.823027
v 13.328010 48.177990 -0.823027
v 12.191790 46.210037 -0.823029
v 11.934229 46.187485 -0.823029
v 11.676682 46.210037 -0.823029
v 11.426949 46.276943 -0.823029
v 11.192624 46.386200 -0.823028
v 10.980835 46.534489 -0.823028
v 10.798023 46.717300 -0.823028
v 10.649734 46.929092 -0.823027
v 10.540462 47.163429 -0.823027
v 1.591233 50.868458 1.920477
v 1.567049 51.144794 1.920477
v 1.495267 51.412724 1.920477
v 1.378042 51.664089 1.920478
v 1.218947 51.891285 1.920478
v 1.022813 52.087448 1.920478
v 0.795616 52.246529 1.920478
v 0.544235 52.363754 1.920478
v 0.276306 52.435551 1.920478
v 0.000000 52.459721 1.920478
v -0.276320 52.435551 1.920478
v -0.544235 52.363754 1.920478
v -0.795616 52.246529 1.920478
v -1.022827 52.087448 1.920478
v -1.218961 51.891285 1.920478
v -1.378056 51.664089 1.920478
v -1.495267 51.412724 1.920477
v -1.567062 51.144794 1.920477
v -1.591233 50.868458 1.920477
v -1.567062 50.592152 1.920477
v -1.495267 50.324253 1.920477
v -1.378056 50.072857 1.920476
v -1.218961 49.845631 1.920476
v -1.022827 49.649525 1.920476
v -0.795616 49.490444 1.920476
v -0.544235 49.373219 1.920476
v -0.276320 49.301426 1.920476
v 0.000000 49.277256 1.920476
v 0.276306 49.301426 1.920476
v 0.544235 49.373219 1.920476
v 0.795616 49.490444 1.920476
v 1.022813 49.649525 1.920476
v 1.218947 49.845631 1.920476
v 1.378042 50.072857 1.920476
v 1.495267 50.324253 1.920477
v 1.567049 50.592152 1.920477
v 1.393767 51.375751 1.920477
v 1.284508 51.610092 1.920478
v 1.136206 51.821854 1.920478
v 0.953394 52.004665 1.920478
v 0.741605 52.152981 1.920478
v 0.507294 52.262241 1.920478
v 0.257561 52.329147 1.920478
v 0.000000 52.351696 1.920478
v -0.257561 52.329147 1.920478
v -0.507294 52.262241 1.920478
v -0.741618 52.152981 1.920478
v -0.953394 52.004665 1.920478
v -1.136220 51.821854 1.920478
v -1.284508 51.610092 1.920478
v -1.393781 51.375751 1.920477
v -1.460687 51.126034 1.920477
v -1.483223 50.868458 1.920477
v -1.460687 50.610912 1.920477
v -1.393781 50.361164 1.920477
v -1.284508 50.126881 1.920477
v -1.136220 49.915066 1.920476
v -0.953394 49.732254 1.920476
v -0.741618 49.583965 1.920476
v -0.507294 49.474705 1.920476
v -0.257561 49.407772 1.920476
v 0.000000 49.385250 1.920476
v 0.257561 49.407772 1.920476
v 0.507294 49.474705 1.920476
v 0.741605 49.583965 1.920476
v 0.953394 49.732254 1.920476
v 1.136206 49.915066 1.920476
v 1.284508 50.126881 1.920477
v 1.393767 50.361164 1.920477
v 1.460687 50.610912 1.920477
v 1.483223 50.868458 1.920477
v 1.460687 51.126034 1.920477
v -0.953394 52.004665 -0.823026
v -0.741618 52.152981 -0.823025
v -0.507294 52.262241 -0.823025
v -0.257561 52.329147 -0.823025
v 0.000000 52.351696 -0.823025
v 0.257561 52.329147 -0.823025
v 0.507294 52.262241 -0.823025
v 0.741605 52.152981 -0.823025
v 0.953394 52.004665 -0.823026
v 0.953394 49.732254 -0.823026
v 0.741605 49.583965 -0.823026
v 0.507294 49.474705 -0.823026
v 0.257561 49.407772 -0.823026
v 0.000000 49.385250 -0.823026
v -0.257561 49.407772 -0.823026
v -0.507294 49.474705 -0.823026
v -0.741618 49.583965 -0.823026
v -0.953394 49.732254 -0.823026
v -10.343010 47.670723 1.920476
v -10.367180 47.947029 1.920476
v -10.438976 48.214931 1.920476
v -10.556200 48.466297 1.920476
v -10.715282 48.693523 1.920476
v -10.911415 48.889656 1.920476
v -11.138626 49.048740 1.920476
v -11.390007 49.165962 1.920476
v -11.657923 49.237759 1.920476
v -11.934242 49.261929 1.920476
v -12.210563 49.237759 1.920476
v -12.478478 49.165962 1.920476
v -12.729859 49.048740 1.920476
v -12.957070 48.889656 1.920476
v -13.153190 48.693523 1.920476
v -13.312285 48.466297 1.920476
v -13.429509 48.214931 1.920476
v -13.501306 47.947029 1.920476
v -13.525476 47.670723 1.920476
v -13.501306 47.394390 1.920476
v -13.429509 47.126461 1.920476
v -13.312285 46.875092 1.920475
v -13.153190 46.647896 1.920475
v -12.957070 46.451736 1.920475
v -12.729859 46.292652 1.920475
v -12.478478 46.175430 1.920475
v -12.210563 46.103634 1.920475
v -11.934242 46.079464 1.920475
v -11.657923 46.103634 1.920475
v -11.390007 46.175430 1.920475
v -11.138626 46.292652 1.920475
v -10.911415 46.451736 1.920475
v -10.715282 46.647896 1.920475
v -10.556200 46.875092 1.920475
v -10.438976 47.126461 1.920476
v -10.367180 47.394390 1.920476
v -13.218751 48.412300 1.920476
v -13.328010 48.177990 1.920476
v -13.394930 47.928242 1.920476
v -13.417466 47.670723 1.920476
v -13.394930 47.413147 1.920476
v -13.328010 47.163429 1.920476
v -13.218751 46.929092 1.920475
v -13.070449 46.717300 1.920475
v -12.887636 46.534489 1.920475
v -12.675847 46.386200 1.920475
v -12.441537 46.276943 1.920475
v -12.191804 46.210037 1.920475
v -11.934242 46.187485 1.920475
v -11.676682 46.210037 1.920475
v -11.426949 46.276943 1.920475
v -11.192638 46.386200 1.920475
v -10.980849 46.534489 1.920475
v -10.798023 46.717300 1.920475
v -10.649734 46.929092 1.920475
v -10.540476 47.163429 1.920476
v -10.473556 47.413147 1.920476
v -10.451019 47.670723 1.920476
v -10.473556 47.928242 1.920476
v -10.540476 48.177990 1.920476
v -10.649734 48.412300 1.920476
v -10.798023 48.624119 1.920476
v -10.980849 48.806931 1.920476
v -11.192638 48.955189 1.920476
v -11.426949 49.064476 1.920476
v -11.676682 49.131382 1.920476
v -11.934242 49.153934 1.920476
v -12.191804 49.131382 1.920476
v -12.441537 49.064476 1.920476
v -12.675847 48.955189 1.920476
v -12.887636 48.806931 1.920476
v -13.070449 48.624119 1.920476
v -13.377049 48.014595 -0.823027
v -13.328010 48.177990 -0.823027
v -13.218751 48.412300 -0.823027
v -13.070449 48.624119 -0.823027
v -12.887636 48.806931 -0.823027
v -12.675847 48.955189 -0.823027
v -12.441537 49.064476 -0.823027
v -12.191804 49.131382 -0.823027
v -11.934242 49.153934 -0.823027
v -11.676682 49.131382 -0.823027
v -10.540476 47.163429 -0.823027
v -10.649734 46.929092 -0.823027
v -10.798023 46.717300 -0.823028
v -10.980849 46.534489 -0.823028
v -11.192638 46.386200 -0.823028
v -11.426949 46.276943 -0.823029
v -11.676682 46.210037 -0.823029
v -11.934242 46.187485 -0.823029
v -12.191804 46.210037 -0.823029
v -12.294595 46.231926 -0.823029
v -12.441537 46.276943 -0.823029
v -12.675847 46.386200 -0.823028
v -12.887636 46.534489 -0.823028
v -13.070449 46.717300 -0.823028
v -13.218751 46.929092 -0.823027
v -13.328010 47.163429 -0.823027
v -13.394930 47.413147 -0.823027
v -13.417466 47.670723 -0.823027
v -13.394930 47.928242 -0.823027
v -22.277246 27.000002 1.920465
v -22.301422 27.276308 1.920465
v -22.373211 27.544222 1.920466
v -22.490437 27.795618 1.920466
v -22.649525 28.022814 1.920466
v -22.845657 28.218948 1.920466
v -23.072863 28.378044 1.920466
v -23.324244 28.495268 1.920466
v -23.592165 28.567049 1.920467
v -23.868479 28.591234 1.920467
v -24.144793 28.567049 1.920467
v -24.412714 28.495268 1.920466
v -24.664095 28.378044 1.920466
v -24.891306 28.218948 1.920466
v -25.087433 28.022814 1.920466
v -25.246529 27.795618 1.920466
v -25.363752 27.544222 1.920466
v -25.435534 27.276308 1.920465
v -25.459711 27.000002 1.920465
v -25.435534 26.723680 1.920465
v -25.363752 26.455767 1.920465
v -25.246529 26.204386 1.920465
v -25.087433 25.977175 1.920465
v -24.891306 25.781040 1.920465
v -24.664095 25.621944 1.920465
v -24.412714 25.504721 1.920465
v -24.144793 25.432940 1.920465
v -23.868479 25.408770 1.920465
v -23.592165 25.432940 1.920465
v -23.324244 25.504721 1.920465
v -23.072863 25.621944 1.920465
v -22.845657 25.781040 1.920465
v -22.649525 25.977175 1.920465
v -22.490437 26.204386 1.920465
v -22.373211 26.455767 1.920465
v -22.301422 26.723680 1.920465
v -24.375772 28.393768 1.920466
v -24.610090 28.284510 1.920466
v -24.821878 28.136208 1.920466
v -25.004692 27.953394 1.920466
v -25.152987 27.741606 1.920466
v -25.262253 27.507280 1.920466
v -25.329166 27.257547 1.920465
v -25.351702 27.000002 1.920465
v -25.329166 26.742441 1.920465
v -25.262253 26.492708 1.920465
v -25.152987 26.258383 1.920465
v -25.004692 26.046595 1.920465
v -24.821878 25.863781 1.920465
v -24.610090 25.715494 1.920465
v -24.375772 25.606220 1.920465
v -24.126040 25.539314 1.920465
v -23.868479 25.516779 1.920465
v -23.610918 25.539314 1.920465
v -23.361191 25.606220 1.920465
v -23.126867 25.715494 1.920465
v -22.915085 25.863781 1.920465
v -22.732265 26.046595 1.920465
v -22.583971 26.258383 1.920465
v -22.474712 26.492708 1.920465
v -22.407791 26.742441 1.920465
v -22.385262 27.000002 1.920465
v -22.407791 27.257547 1.920465
v -22.474712 27.507280 1.920466
v -22.583971 27.741606 1.920466
v -22.732265 27.953394 1.920466
v -22.915085 28.136208 1.920466
v -23.126867 28.284510 1.920466
v -23.361191 28.393768 1.920466
v -23.610918 28.460688 1.920466
v -23.868479 28.483210 1.920466
v -24.126040 28.460688 1.920466
v -22.732265 27.953394 -0.823037
v -22.583971 27.741606 -0.823037
v -22.474712 27.507280 -0.823038
v -22.407791 27.257547 -0.823038
v -22.385262 27.000002 -0.823038
v -22.407791 26.742441 -0.823038
v -22.474712 26.492708 -0.823038
v -22.583971 26.258383 -0.823038
v -22.732265 26.046595 -0.823038
v -25.004692 26.046595 -0.823038
v -25.152987 26.258383 -0.823038
v -25.262253 26.492708 -0.823038
v -25.329166 26.742441 -0.823038
v -25.351702 27.000002 -0.823038
v -25.329166 27.257547 -0.823038
v -25.262253 27.507280 -0.823038
v -25.152987 27.741606 -0.823037
v -25.004692 27.953394 -0.823037
v -19.079475 38.934231 1.920471
v -19.103653 39.210537 1.920471
v -19.175442 39.478466 1.920471
v -19.292665 39.729858 1.920471
v -19.451756 39.957058 1.920472
v -19.647888 40.153191 1.920472
v -19.875092 40.312302 1.920472
v -20.126472 40.429497 1.920472
v -20.394396 40.501293 1.920472
v -20.670708 40.525463 1.920472
v -20.947021 40.501293 1.920472
v -21.214943 40.429497 1.920472
v -21.466324 40.312302 1.920472
v -21.693535 40.153191 1.920472
v -21.889662 39.957058 1.920472
v -22.048758 39.729858 1.920471
v -22.165981 39.478466 1.920471
v -22.237764 39.210537 1.920471
v -22.261940 38.934231 1.920471
v -22.237764 38.657925 1.920471
v -22.165981 38.389996 1.920471
v -22.048758 38.138599 1.920470
v -21.889662 37.911404 1.920470
v -21.693535 37.715298 1.920470
v -21.466324 37.556187 1.920470
v -21.214943 37.438965 1.920470
v -20.947021 37.367195 1.920470
v -20.670708 37.342999 1.920470
v -20.394396 37.367195 1.920470
v -20.126472 37.438965 1.920470
v -19.875092 37.556187 1.920470
v -19.647888 37.715298 1.920470
v -19.451756 37.911404 1.920470
v -19.292665 38.138599 1.920470
v -19.175442 38.389996 1.920471
v -19.103653 38.657925 1.920471
v -21.178001 40.328011 1.920472
v -21.412319 40.218750 1.920472
v -21.624109 40.070435 1.920472
v -21.806921 39.887623 1.920472
v -21.955215 39.675861 1.920471
v -22.064482 39.441525 1.920471
v -22.131395 39.191803 1.920471
v -22.153931 38.934231 1.920471
v -22.131395 38.676655 1.920471
v -22.064482 38.426937 1.920471
v -21.955215 38.192627 1.920470
v -21.806921 37.980835 1.920470
v -21.624109 37.798023 1.920470
v -21.412319 37.649708 1.920470
v -21.178001 37.540451 1.920470
v -20.928268 37.473541 1.920470
v -20.670708 37.451019 1.920470
v -20.413155 37.473541 1.920470
v -20.163422 37.540451 1.920470
v -19.929104 37.649708 1.920470
v -19.717316 37.798023 1.920470
v -19.534496 37.980835 1.920470
v -19.386208 38.192627 1.920470
v -19.276941 38.426937 1.920471
v -19.210022 38.676655 1.920471
v -19.187492 38.934231 1.920471
v -19.210022 39.191803 1.920471
v -19.276941 39.441525 1.920471
v -19.386208 39.675861 1.920471
v -19.534496 39.887623 1.920472
v -19.717316 40.070435 1.920472
v -19.929104 40.218750 1.920472
v -20.163422 40.328011 1.920472
v -20.413155 40.394917 1.920472
v -20.670708 40.417439 1.920472
v -20.928268 40.394917 1.920472
v -19.210022 39.191803 -0.823032
v -19.187492 38.934231 -0.823032
v -19.210022 38.676655 -0.823032
v -19.276941 38.426937 -0.823032
v -19.386208 38.192627 -0.823032
v -19.534496 37.980835 -0.823032
v -19.717316 37.798023 -0.823032
v -19.929104 37.649708 -0.823032
v -20.163422 37.540451 -0.823032
v -22.131395 38.676655 -0.823032
v -22.153931 38.934231 -0.823032
v -22.131395 39.191803 -0.823032
v -22.064482 39.441525 -0.823032
v -21.955215 39.675861 -0.823032
v -21.806921 39.887623 -0.823031
v -21.624109 40.070435 -0.823030
v -21.412319 40.218750 -0.823030
v -21.178001 40.328011 -0.823030
v -22.214302 25.273363 -1.642721
v -22.281303 27.000002 -1.642720
v -22.013699 23.557119 -1.642721
v -21.680710 21.861572 -1.642722
v -21.217319 20.196938 -1.642723
v -20.626337 18.573212 -1.642724
v -18.127003 14.043604 -1.642727
v -19.076517 15.487263 -1.642725
v -19.911299 17.000162 -1.642724
v -14.650434 10.212465 -1.642727
v -15.907284 11.398247 -1.642727
v -17.068470 12.677853 -1.642727
v -13.305474 9.127647 -1.642729
v -11.880492 8.150318 -1.642729
v -10.384058 7.286354 -1.642729
v -8.825180 6.540958 -1.642730
v -3.869110 5.057200 -1.642730
v -5.557874 5.423018 -1.642730
v -7.213212 5.918583 -1.642730
v 1.295535 4.756394 -1.642730
v -0.432065 4.722887 -1.642731
v -2.157069 4.823357 -1.642730
v 3.015349 4.923676 -1.642730
v 4.717035 5.223725 -1.642730
v 8.025225 6.214143 -1.642730
v 6.390349 5.654747 -1.642730
v 12.602445 8.625175 -1.642729
v 11.140645 7.703835 -1.642729
v 9.611843 6.898537 -1.642730
v 13.988466 9.657010 -1.642728
v 15.290346 10.793161 -1.642727
v 16.500284 12.026789 -1.642727
v 17.610975 13.350463 -1.642727
v 20.284058 17.779753 -1.642724
v 19.508575 16.235624 -1.642725
v 18.615744 14.756219 -1.642726
v 21.863632 22.706118 -1.642721
v 21.465143 21.024757 -1.642722
v 20.937567 19.379349 -1.642724
v 22.130640 24.413298 -1.642721
v 22.264536 26.136036 -1.642720
v 22.264536 27.863966 -1.642720
v 22.130640 29.586691 -1.642718
v 20.937567 34.620667 -1.642716
v 21.465143 32.975246 -1.642717
v 21.863632 31.293871 -1.642718
v 18.615744 39.243771 -1.642714
v 19.508575 37.764351 -1.642715
v 20.284058 36.220222 -1.642715
v 17.610975 40.649525 -1.642713
v 16.500284 41.973213 -1.642712
v 13.988466 44.342964 -1.642711
v 15.290346 43.206814 -1.642712
v 9.611843 47.101467 -1.642709
v 11.140645 46.296169 -1.642710
v 12.602445 45.374828 -1.642711
v 8.025225 47.785858 -1.642709
v 6.390349 48.345230 -1.642709
v 4.717035 48.776279 -1.642709
v 3.015349 49.076313 -1.642709
v -2.157069 49.176620 -1.642709
v -0.432065 49.277088 -1.642709
v 1.295535 49.243580 -1.642709
v -7.213212 48.081394 -1.642709
v -5.557874 48.576984 -1.642709
v -3.869110 48.942776 -1.642709
v -8.825180 47.459045 -1.642709
v -10.384058 46.713650 -1.642710
v -11.880492 45.849686 -1.642710
v -13.305474 44.872341 -1.642711
v -17.068470 41.322136 -1.642713
v -15.907284 42.601742 -1.642712
v -14.650434 43.787521 -1.642711
v -19.911299 36.999813 -1.642715
v -19.076517 38.512741 -1.642714
v -18.127003 39.956398 -1.642713
v -20.626337 35.426788 -1.642716
v -21.217319 33.803066 -1.642717
v -22.013699 30.442869 -1.642718
v -21.680710 32.138416 -1.642717
v -22.214302 28.726625 -1.642718
v -22.226324 28.727560 -1.692952
v -22.025612 30.444736 -1.692951
v -21.692444 32.141205 -1.692950
v -21.228807 33.806747 -1.692950
v -20.637503 35.431351 -1.692949
v -19.922073 37.005249 -1.692948
v -19.086838 38.518948 -1.692947
v -18.136808 39.963402 -1.692946
v -17.077705 41.329910 -1.692946
v -15.915895 42.610199 -1.692945
v -14.658358 43.796616 -1.692945
v -13.312670 44.882008 -1.692945
v -11.886919 45.859875 -1.692943
v -10.389675 46.724304 -1.692943
v -8.829946 47.470112 -1.692943
v -7.217125 48.092819 -1.692942
v -5.560881 48.588657 -1.692942
v -3.871211 48.954670 -1.692942
v -2.158237 49.188648 -1.692942
v -0.432298 49.289173 -1.692942
v 1.296236 49.255638 -1.692942
v 3.016983 49.088261 -1.692942
v 4.719589 48.788033 -1.692942
v 6.393810 48.356792 -1.692942
v 8.029564 47.797119 -1.692943
v 9.617034 47.112343 -1.692943
v 11.146674 46.306606 -1.692943
v 12.609270 45.384769 -1.692944
v 13.996034 44.352356 -1.692945
v 15.298627 43.215603 -1.692945
v 16.509211 41.981289 -1.692945
v 17.620506 40.656914 -1.692946
v 18.625824 39.250416 -1.692947
v 19.519135 37.770203 -1.692948
v 20.295044 36.225220 -1.692948
v 20.948896 34.624786 -1.692949
v 21.476761 32.978458 -1.692950
v 21.875469 31.296206 -1.692951
v 22.142616 29.588091 -1.692952
v 22.276594 27.864433 -1.692953
v 22.276594 26.135569 -1.692954
v 22.142616 24.411898 -1.692954
v 21.875469 22.703796 -1.692955
v 21.476761 21.021530 -1.692955
v 20.948896 19.375214 -1.692957
v 20.295044 17.774767 -1.692957
v 19.519135 16.229801 -1.692958
v 18.625824 14.749599 -1.692959
v 17.620506 13.343075 -1.692960
v 16.509211 12.018686 -1.692960
v 15.298627 10.784400 -1.692961
v 13.996034 9.647631 -1.692961
v 12.609270 8.615218 -1.692962
v 11.146674 7.693384 -1.692963
v 9.617034 6.887661 -1.692963
v 8.029564 6.202882 -1.692963
v 6.393810 5.643198 -1.692963
v 4.719589 5.211943 -1.692963
v 3.016983 4.911727 -1.692963
v 1.296236 4.744364 -1.692964
v -0.432298 4.710829 -1.692964
v -2.158237 4.811354 -1.692964
v -3.871211 5.045334 -1.692963
v -5.560881 5.411331 -1.692963
v -7.217125 5.907186 -1.692963
v -8.829946 6.529877 -1.692963
v -10.389675 7.275683 -1.692963
v -11.886919 8.140114 -1.692963
v -13.312670 9.117980 -1.692962
v -14.658358 10.203374 -1.692961
v -15.915895 11.389801 -1.692960
v -17.077705 12.670107 -1.692960
v -18.136808 14.036587 -1.692959
v -19.086838 15.481028 -1.692958
v -19.922073 16.994751 -1.692958
v -20.637503 18.568653 -1.692957
v -21.228807 20.193256 -1.692956
v -21.692444 21.858797 -1.692955
v -22.025612 23.555252 -1.692954
v -22.226324 25.272429 -1.692954
v -22.293362 27.000002 -1.692953
v -22.246031 28.729097 -1.740680
v -22.045147 30.447800 -1.740680
v -21.711678 32.145763 -1.740679
v -21.247627 33.812790 -1.740679
v -20.655802 35.438820 -1.740677
v -19.939739 37.014095 -1.740677
v -19.103764 38.529163 -1.740676
v -18.152897 39.974911 -1.740674
v -17.092854 41.342598 -1.740674
v -15.930012 42.624043 -1.740674
v -14.671363 43.811501 -1.740673
v -13.324480 44.897884 -1.740673
v -11.897466 45.876602 -1.740672
v -10.398890 46.741802 -1.740671
v -8.837788 47.488266 -1.740671
v -7.223525 48.111523 -1.740671
v -5.565811 48.607803 -1.740671
v -3.874645 48.974140 -1.740671
v -2.160159 49.208317 -1.740671
v -0.432683 49.308922 -1.740671
v 1.297389 49.275387 -1.740671
v 3.019661 49.107845 -1.740671
v 4.723778 48.807369 -1.740671
v 6.399468 48.375744 -1.740671
v 8.036692 47.815552 -1.740671
v 9.625562 47.130169 -1.740671
v 11.156562 46.323746 -1.740672
v 12.620449 45.401058 -1.740673
v 14.008448 44.367737 -1.740673
v 15.312196 43.229996 -1.740674
v 16.523849 41.994583 -1.740674
v 17.636133 40.669025 -1.740674
v 18.642344 39.261265 -1.740676
v 19.536438 37.779732 -1.740676
v 20.313034 36.233406 -1.740677
v 20.967476 34.631546 -1.740678
v 21.495810 32.983761 -1.740679
v 21.894875 31.300009 -1.740679
v 22.162254 29.590385 -1.740680
v 22.296341 27.865202 -1.740682
v 22.296341 26.134800 -1.740682
v 22.162254 24.409603 -1.740683
v 21.894875 22.699980 -1.740683
v 21.495810 21.016228 -1.740685
v 20.967476 19.368458 -1.740686
v 20.313034 17.766582 -1.740686
v 19.536438 16.220243 -1.740687
v 18.642344 14.738736 -1.740688
v 17.636133 13.330962 -1.740688
v 16.523849 12.005393 -1.740689
v 15.312196 10.770021 -1.740689
v 14.008448 9.632236 -1.740690
v 12.620449 8.598917 -1.740691
v 11.156562 7.676259 -1.740691
v 9.625562 6.869822 -1.740691
v 8.036692 6.184453 -1.740692
v 6.399468 5.624259 -1.740692
v 4.723778 5.192620 -1.740692
v 3.019661 4.892130 -1.740692
v 1.297389 4.724617 -1.740692
v -0.432683 4.691068 -1.740692
v -2.160159 4.791688 -1.740692
v -3.874645 5.025861 -1.740692
v -5.565811 5.392188 -1.740692
v -7.223525 5.888481 -1.740692
v -8.837788 6.511722 -1.740692
v -10.398890 7.258202 -1.740691
v -11.897466 8.123402 -1.740691
v -13.324480 9.102118 -1.740691
v -14.671363 10.188488 -1.740689
v -15.930012 11.375958 -1.740689
v -17.092854 12.657391 -1.740689
v -18.152897 14.025092 -1.740688
v -19.103764 15.470811 -1.740687
v -19.939739 16.985880 -1.740686
v -20.655802 18.561169 -1.740686
v -21.247627 20.187214 -1.740685
v -21.711678 21.854239 -1.740683
v -22.045147 23.552202 -1.740683
v -22.246031 25.270905 -1.740682
v -22.313129 27.000002 -1.740682
v -22.272947 28.731186 -1.784728
v -22.071815 30.451960 -1.784727
v -21.737942 32.151985 -1.784727
v -21.273336 33.821030 -1.784726
v -20.680788 35.449036 -1.784725
v -19.963861 37.026234 -1.784724
v -19.126875 38.543118 -1.784724
v -18.174854 39.990593 -1.784722
v -17.113527 41.359955 -1.784722
v -15.949279 42.642941 -1.784722
v -14.689106 43.831825 -1.784721
v -13.340603 44.919525 -1.784721
v -11.911858 45.899452 -1.784719
v -10.411469 46.765671 -1.784719
v -8.848472 47.513069 -1.784719
v -7.232259 48.137066 -1.784719
v -5.572554 48.633949 -1.784719
v -3.879328 49.000729 -1.784718
v -2.162769 49.235176 -1.784718
v -0.433205 49.335922 -1.784718
v 1.298955 49.302303 -1.784718
v 3.023314 49.134598 -1.784718
v 4.729491 48.833736 -1.784718
v 6.407213 48.401588 -1.784719
v 8.046414 47.840736 -1.784719
v 9.637207 47.154530 -1.784719
v 11.170061 46.347092 -1.784719
v 12.635720 45.423332 -1.784721
v 14.025394 44.388779 -1.784721
v 15.330721 43.249603 -1.784722
v 16.543846 42.012737 -1.784722
v 17.657461 40.685562 -1.784722
v 18.664894 39.276096 -1.784724
v 19.560074 37.792805 -1.784724
v 20.337616 36.244556 -1.784724
v 20.992842 34.640774 -1.784725
v 21.521820 32.991013 -1.784727
v 21.921350 31.305214 -1.784727
v 22.189060 29.593531 -1.784728
v 22.323313 27.866245 -1.784729
v 22.323313 26.133743 -1.784730
v 22.189060 24.406473 -1.784731
v 21.921350 22.694775 -1.784731
v 21.521820 21.008991 -1.784733
v 20.992842 19.359230 -1.784733
v 20.337616 17.755417 -1.784734
v 19.560074 16.207197 -1.784734
v 18.664894 14.723905 -1.784736
v 17.657461 13.314427 -1.784736
v 16.543846 11.987266 -1.784736
v 15.330721 10.750383 -1.784737
v 14.025394 9.611225 -1.784737
v 12.635720 8.576656 -1.784738
v 11.170061 7.652885 -1.784739
v 9.637207 6.845472 -1.784739
v 8.046414 6.159266 -1.784740
v 6.407213 5.598387 -1.784740
v 4.729491 5.166241 -1.784740
v 3.023314 4.865407 -1.784740
v 1.298955 4.697672 -1.784740
v -0.433205 4.664083 -1.784740
v -2.162769 4.764812 -1.784740
v -3.879328 4.999276 -1.784740
v -5.572554 5.366055 -1.784740
v -7.232259 5.862937 -1.784740
v -8.848472 6.486935 -1.784739
v -10.411469 7.234306 -1.784739
v -11.911858 8.100551 -1.784739
v -13.340603 9.080476 -1.784738
v -14.689106 10.168149 -1.784737
v -15.949279 11.357062 -1.784737
v -17.113527 12.640046 -1.784736
v -18.174854 14.009396 -1.784736
v -19.126875 15.456872 -1.784734
v -19.963861 16.973768 -1.784734
v -20.680788 18.550964 -1.784733
v -21.273336 20.178974 -1.784733
v -21.737942 21.848003 -1.784731
v -22.071815 23.548027 -1.784731
v -22.272947 25.268803 -1.784730
v -22.340122 27.000002 -1.784729
v -22.306395 28.733782 -1.824011
v -22.104959 30.457151 -1.824010
v -21.770592 32.159718 -1.824010
v -21.305286 33.831245 -1.824008
v -20.711845 35.461727 -1.824008
v -19.993847 37.041286 -1.824007
v -19.155598 38.560474 -1.824007
v -18.202148 40.010120 -1.824005
v -17.139229 41.381516 -1.824005
v -15.973229 42.666424 -1.824004
v -14.711175 43.857121 -1.824004
v -13.360639 44.946442 -1.824004
v -11.929738 45.927795 -1.824003
v -10.427111 46.795361 -1.824002
v -8.861765 47.543858 -1.824002
v -7.243122 48.168789 -1.824002
v -5.580917 48.666416 -1.824002
v -3.885150 49.033741 -1.824001
v -2.166023 49.268574 -1.824001
v -0.433864 49.369457 -1.824001
v 1.300905 49.335812 -1.824001
v 3.027860 49.167831 -1.824001
v 4.736591 48.866531 -1.824001
v 6.416840 48.433723 -1.824002
v 8.058499 47.872047 -1.824002
v 9.651682 47.184799 -1.824002
v 11.186829 46.376148 -1.824003
v 12.654698 45.450989 -1.824003
v 14.046460 44.414871 -1.824004
v 15.353738 43.273994 -1.824004
v 16.568687 42.035286 -1.824005
v 17.683979 40.706104 -1.824005
v 18.692923 39.294525 -1.824006
v 19.589447 37.809010 -1.824007
v 20.368158 36.258453 -1.824007
v 21.024372 34.652252 -1.824008
v 21.554132 33.000019 -1.824010
v 21.954283 31.311682 -1.824010
v 22.222389 29.597416 -1.824011
v 22.356834 27.867537 -1.824011
v 22.356834 26.132452 -1.824013
v 22.222389 24.402573 -1.824013
v 21.954283 22.688320 -1.824014
v 21.554132 20.999996 -1.824015
v 21.024372 19.347748 -1.824016
v 20.368158 17.741533 -1.824016
v 19.589447 16.190992 -1.824017
v 18.692923 14.705462 -1.824019
v 17.683979 13.293870 -1.824019
v 16.568687 11.964716 -1.824019
v 15.353738 10.725980 -1.824020
v 14.046460 9.585119 -1.824021
v 12.654698 8.548985 -1.824021
v 11.186829 7.623827 -1.824022
v 9.651682 6.815206 -1.824022
v 8.058499 6.127955 -1.824022
v 6.416840 5.566253 -1.824022
v 4.736591 5.133445 -1.824022
v 3.027860 4.832146 -1.824022
v 1.300905 4.664178 -1.824023
v -0.433864 4.630532 -1.824023
v -2.166023 4.731429 -1.824023
v -3.885150 4.966235 -1.824022
v -5.580917 5.333561 -1.824022
v -7.243122 5.831187 -1.824022
v -8.861765 6.456131 -1.824022
v -10.427111 7.204629 -1.824022
v -11.929738 8.072178 -1.824022
v -13.360639 9.053559 -1.824021
v -14.711175 10.142867 -1.824020
v -15.973229 11.333565 -1.824020
v -17.139229 12.618471 -1.824019
v -18.202148 13.989881 -1.824019
v -19.155598 15.439541 -1.824018
v -19.993847 16.958717 -1.824017
v -20.711845 18.538277 -1.824016
v -21.305286 20.168730 -1.824016
v -21.770592 21.840271 -1.824014
v -22.104959 23.542837 -1.824014
v -22.306395 25.266207 -1.824013
v -22.373672 27.000002 -1.824012
v -22.345560 28.736830 -1.857562
v -22.143776 30.463221 -1.857562
v -21.808817 32.168781 -1.857561
v -21.342693 33.843246 -1.857561
v -20.748211 35.476559 -1.857559
v -20.028950 37.058918 -1.857559
v -19.189236 38.580746 -1.857558
v -18.234112 40.032944 -1.857556
v -17.169325 41.406757 -1.857556
v -16.001272 42.693916 -1.857556
v -14.737006 43.886703 -1.857555
v -13.384095 44.977947 -1.857555
v -11.950695 45.961029 -1.857554
v -10.445416 46.830105 -1.857553
v -8.877324 47.579922 -1.857553
v -7.255838 48.205978 -1.857553
v -5.590723 48.704483 -1.857553
v -3.891976 49.072441 -1.857553
v -2.169827 49.307686 -1.857553
v -0.434619 49.408733 -1.857553
v 1.303198 49.375034 -1.857553
v 3.033174 49.206776 -1.857553
v 4.744899 48.904926 -1.857553
v 6.428101 48.471352 -1.857553
v 8.072644 47.908688 -1.857553
v 9.668629 47.220230 -1.857553
v 11.206467 46.410179 -1.857554
v 12.676919 45.483398 -1.857555
v 14.071125 44.445465 -1.857555
v 15.380695 43.302586 -1.857556
v 16.597775 42.061680 -1.857556
v 17.715029 40.730164 -1.857556
v 18.725744 39.316116 -1.857558
v 19.623848 37.827961 -1.857559
v 20.403919 36.274715 -1.857559
v 21.061287 34.665684 -1.857560
v 21.591980 33.010540 -1.857561
v 21.992830 31.319248 -1.857561
v 22.261406 29.601976 -1.857562
v 22.396097 27.869061 -1.857563
v 22.396097 26.130928 -1.857564
v 22.261406 24.398012 -1.857565
v 21.992830 22.680740 -1.857565
v 21.591980 20.989449 -1.857567
v 21.061287 19.334318 -1.857568
v 20.403919 17.725273 -1.857568
v 19.623848 16.172012 -1.857569
v 18.725744 14.683873 -1.857570
v 17.715029 13.269810 -1.857570
v 16.597775 11.938321 -1.857571
v 15.380695 10.697402 -1.857571
v 14.071125 9.554536 -1.857572
v 12.676919 8.516603 -1.857573
v 11.206467 7.589810 -1.857573
v 9.668629 6.779760 -1.857573
v 8.072644 6.091317 -1.857574
v 6.428101 5.528625 -1.857574
v 4.744899 5.095048 -1.857574
v 3.033174 4.793226 -1.857574
v 1.303198 4.624970 -1.857574
v -0.434619 4.591257 -1.857574
v -2.169827 4.692317 -1.857574
v -3.891976 4.927548 -1.857574
v -5.590723 5.295521 -1.857574
v -7.255838 5.794026 -1.857574
v -8.877324 6.420054 -1.857574
v -10.445416 7.169871 -1.857573
v -11.950695 8.038944 -1.857573
v -13.384095 9.022056 -1.857573
v -14.737006 10.113273 -1.857571
v -16.001272 11.306058 -1.857571
v -17.169325 12.593230 -1.857571
v -18.234112 13.967043 -1.857570
v -19.189236 15.419230 -1.857569
v -20.028950 16.941084 -1.857568
v -20.748211 18.523417 -1.857568
v -21.342693 20.156740 -1.857567
v -21.808817 21.831207 -1.857565
v -22.143776 23.536766 -1.857565
v -22.345560 25.263159 -1.857564
v -22.412954 27.000002 -1.857564
v -22.389479 28.740250 -1.884555
v -22.187296 30.470018 -1.884554
v -21.851677 32.178944 -1.884554
v -21.384634 33.856705 -1.884552
v -20.788990 35.493229 -1.884552
v -20.068314 37.078693 -1.884551
v -19.226948 38.603516 -1.884551
v -18.269941 40.058571 -1.884549
v -17.203066 41.435074 -1.884549
v -16.032721 42.724789 -1.884549
v -14.765969 43.919907 -1.884548
v -13.410394 45.013294 -1.884548
v -11.974178 45.998329 -1.884547
v -10.465947 46.869106 -1.884546
v -8.894765 47.620377 -1.884546
v -7.270093 48.247643 -1.884546
v -5.601709 48.747135 -1.884545
v -3.899625 49.115810 -1.884545
v -2.174084 49.351521 -1.884545
v -0.435471 49.452763 -1.884545
v 1.305753 49.419006 -1.884545
v 3.039134 49.250393 -1.884545
v 4.754224 48.947994 -1.884545
v 6.440735 48.513569 -1.884546
v 8.088506 47.949776 -1.884546
v 9.687634 47.259972 -1.884546
v 11.228495 46.448330 -1.884547
v 12.701830 45.519711 -1.884548
v 14.098769 44.479744 -1.884548
v 15.410921 43.334641 -1.884549
v 16.630390 42.091263 -1.884549
v 17.749842 40.757164 -1.884549
v 18.762548 39.340340 -1.884551
v 19.662411 37.849274 -1.884551
v 20.444019 36.292953 -1.884551
v 21.102676 34.680763 -1.884552
v 21.634415 33.022350 -1.884554
v 22.036049 31.327736 -1.884554
v 22.305159 29.607098 -1.884555
v 22.440111 27.870777 -1.884555
v 22.440111 26.129211 -1.884557
v 22.305159 24.392891 -1.884558
v 22.036049 22.672253 -1.884558
v 21.634415 20.977638 -1.884560
v 21.102676 19.319252 -1.884560
v 20.444019 17.707050 -1.884561
v 19.662411 16.150742 -1.884561
v 18.762548 14.659677 -1.884563
v 17.749842 13.242825 -1.884563
v 16.630390 11.908713 -1.884563
v 15.410921 10.665363 -1.884564
v 14.098769 9.520259 -1.884564
v 12.701830 8.480266 -1.884565
v 11.228495 7.551674 -1.884566
v 9.687634 6.740031 -1.884566
v 8.088506 6.050228 -1.884567
v 6.440735 5.486423 -1.884567
v 4.754224 5.052010 -1.884567
v 3.039134 4.749583 -1.884567
v 1.305753 4.580997 -1.884567
v -0.435471 4.547215 -1.884567
v -2.174084 4.648481 -1.884567
v -3.899625 4.884166 -1.884567
v -5.601709 5.252868 -1.884567
v -7.270093 5.752347 -1.884567
v -8.894765 6.379625 -1.884566
v -10.465947 7.130898 -1.884566
v -11.974178 8.001674 -1.884566
v -13.410394 8.986708 -1.884565
v -14.765969 10.080093 -1.884564
v -16.032721 11.275214 -1.884564
v -17.203066 12.564913 -1.884563
v -18.269941 13.941431 -1.884563
v -19.226948 15.396474 -1.884562
v -20.068314 16.921309 -1.884561
v -20.788990 18.506760 -1.884560
v -21.384634 20.143295 -1.884560
v -21.851677 21.821060 -1.884558
v -22.187296 23.529968 -1.884558
v -22.389479 25.259752 -1.884557
v -22.457003 27.000002 -1.884556
v -22.437063 28.743944 -1.904325
v -22.234447 30.477394 -1.904324
v -21.898115 32.189941 -1.904323
v -21.430084 33.871292 -1.904323
v -20.833168 35.511276 -1.904321
v -20.110962 37.100117 -1.904321
v -19.267809 38.628178 -1.904320
v -18.308771 40.086311 -1.904319
v -17.239624 41.465755 -1.904318
v -16.066805 42.758186 -1.904318
v -14.797349 43.955860 -1.904318
v -13.438903 45.051556 -1.904317
v -11.999625 46.038704 -1.904317
v -10.488181 46.911320 -1.904316
v -8.913675 47.664185 -1.904315
v -7.285542 48.292824 -1.904315
v -5.613616 48.793362 -1.904315
v -3.907906 49.162830 -1.904315
v -2.178713 49.399010 -1.904315
v -0.436404 49.500496 -1.904315
v 1.308527 49.466660 -1.904315
v 3.045589 49.297688 -1.904315
v 4.764331 48.994633 -1.904315
v 6.454427 48.559299 -1.904315
v 8.105700 47.994297 -1.904315
v 9.708220 47.303009 -1.904315
v 11.252362 46.489666 -1.904316
v 12.728829 45.559097 -1.904317
v 14.128735 44.516876 -1.904317
v 15.443674 43.369354 -1.904318
v 16.665739 42.123341 -1.904318
v 17.787567 40.786415 -1.904319
v 18.802429 39.366543 -1.904320
v 19.704201 37.872318 -1.904320
v 20.487471 36.312698 -1.904321
v 21.147530 34.697079 -1.904322
v 21.680393 33.035149 -1.904323
v 22.082878 31.336937 -1.904324
v 22.352564 29.612633 -1.904324
v 22.487806 27.872631 -1.904325
v 22.487806 26.127371 -1.904326
v 22.352564 24.387356 -1.904327
v 22.082878 22.663052 -1.904328
v 21.680393 20.964840 -1.904329
v 21.147530 19.302925 -1.904330
v 20.487471 17.687302 -1.904330
v 19.704201 16.127684 -1.904330
v 18.802429 14.633447 -1.904332
v 17.787567 13.213587 -1.904333
v 16.665739 11.876647 -1.904333
v 15.443674 10.630646 -1.904333
v 14.128735 9.483097 -1.904334
v 12.728829 8.440907 -1.904335
v 11.252362 7.510338 -1.904336
v 9.708220 6.696966 -1.904336
v 8.105700 6.005705 -1.904336
v 6.454427 5.440706 -1.904336
v 4.764331 5.005360 -1.904336
v 3.045589 4.702302 -1.904337
v 1.308527 4.533344 -1.904337
v -0.436404 4.499506 -1.904337
v -2.178713 4.600979 -1.904337
v -3.907906 4.837173 -1.904336
v -5.613616 5.206643 -1.904336
v -7.285542 5.707180 -1.904336
v -8.913675 6.335790 -1.904336
v -10.488181 7.088683 -1.904336
v -11.999625 7.961299 -1.904335
v -13.438903 8.948421 -1.904335
v -14.797349 10.044113 -1.904334
v -16.066805 11.241788 -1.904333
v -17.239624 12.534234 -1.904333
v -18.308771 13.913677 -1.904332
v -19.267809 15.371810 -1.904331
v -20.110962 16.899885 -1.904330
v -20.833168 18.488714 -1.904330
v -21.430084 20.128712 -1.904329
v -21.898115 21.810045 -1.904328
v -22.234447 23.522594 -1.904327
v -22.437063 25.256044 -1.904326
v -22.504732 27.000002 -1.904326
v -22.487141 28.747829 -1.916384
v -22.284079 30.485167 -1.916384
v -21.946997 32.201534 -1.916384
v -21.477922 33.886616 -1.916383
v -20.879675 35.530281 -1.916381
v -20.155855 37.122639 -1.916381
v -19.310814 38.654133 -1.916380
v -18.349640 40.115536 -1.916379
v -17.278111 41.498055 -1.916378
v -16.102661 42.793369 -1.916378
v -14.830377 43.993710 -1.916377
v -13.468896 45.091846 -1.916377
v -12.026404 46.081192 -1.916376
v -10.511596 46.955761 -1.916376
v -8.933575 47.710327 -1.916375
v -7.301816 48.340340 -1.916375
v -5.626140 48.841976 -1.916375
v -3.916626 49.212299 -1.916375
v -2.183574 49.449024 -1.916375
v -0.437380 49.550705 -1.916375
v 1.311452 49.516811 -1.916375
v 3.052387 49.347458 -1.916375
v 4.774974 49.043739 -1.916375
v 6.468832 48.607418 -1.916375
v 8.123786 48.041157 -1.916375
v 9.729891 47.348328 -1.916375
v 11.277480 46.533173 -1.916376
v 12.757242 45.600513 -1.916377
v 14.160279 44.555988 -1.916377
v 15.478158 43.405884 -1.916378
v 16.702942 42.157124 -1.916378
v 17.827269 40.817177 -1.916379
v 18.844397 39.394146 -1.916380
v 19.748186 37.896572 -1.916381
v 20.533201 36.333492 -1.916381
v 21.194729 34.714245 -1.916382
v 21.728788 33.048634 -1.916383
v 22.132179 31.346619 -1.916384
v 22.402456 29.618469 -1.916384
v 22.538000 27.874567 -1.916385
v 22.538000 26.125422 -1.916386
v 22.402456 24.381519 -1.916387
v 22.132179 22.653383 -1.916387
v 21.728788 20.951368 -1.916389
v 21.194729 19.285744 -1.916390
v 20.533201 17.666512 -1.916390
v 19.748186 16.103403 -1.916391
v 18.844397 14.605844 -1.916392
v 17.827269 13.182812 -1.916393
v 16.702942 11.842877 -1.916393
v 15.478158 10.594116 -1.916393
v 14.160279 9.444014 -1.916394
v 12.757242 8.399488 -1.916395
v 11.277480 7.466833 -1.916395
v 9.729891 6.651647 -1.916396
v 8.123786 5.958848 -1.916396
v 6.468832 5.392585 -1.916396
v 4.774974 4.956264 -1.916396
v 3.052387 4.652534 -1.916396
v 1.311452 4.483192 -1.916396
v -0.437380 4.449273 -1.916396
v -2.183574 4.550979 -1.916396
v -3.916626 4.787693 -1.916396
v -5.626140 5.158000 -1.916396
v -7.301816 5.659664 -1.916396
v -8.933575 6.289674 -1.916396
v -10.511596 7.044230 -1.916395
v -12.026404 7.918809 -1.916395
v -13.468896 8.908128 -1.916395
v -14.830377 10.006279 -1.916394
v -16.102661 11.206618 -1.916393
v -17.278111 12.501947 -1.916393
v -18.349640 13.884467 -1.916392
v -19.310814 15.345855 -1.916391
v -20.155855 16.877350 -1.916391
v -20.879675 18.469707 -1.916390
v -21.477922 20.113386 -1.916389
v -21.946997 21.798470 -1.916388
v -22.284079 23.514835 -1.916387
v -22.487141 25.252159 -1.916386
v -22.554966 27.000002 -1.916386
v -25.386803 28.858065 -1.648385
v -24.845726 32.534611 -1.648384
v -24.375443 34.333485 -1.648383
v -22.197767 39.458004 -1.648381
v -21.229172 41.045090 -1.648380
v -18.957960 43.986404 -1.648378
v -17.667458 45.324921 -1.648378
v -13.260388 48.727940 -1.648376
v -11.638971 49.637936 -1.648376
v -8.218831 51.091343 -1.648375
v -6.438345 51.627010 -1.648375
v -2.784018 52.302010 -1.648375
v -0.929663 52.437717 -1.648374
v 0.929649 52.437717 -1.648374
v 4.623514 52.031281 -1.648375
v 6.438345 51.627010 -1.648375
v 9.955454 50.427139 -1.648375
v 11.638971 49.637936 -1.648376
v 13.260375 48.727940 -1.648376
v 16.282686 46.565662 -1.648377
v 17.667444 45.324921 -1.648378
v 20.147306 42.557247 -1.648379
v 21.229172 41.045090 -1.648380
v 23.775101 36.093220 -1.648382
v 24.375437 34.333485 -1.648383
v 25.183439 30.706224 -1.648385
v 25.386797 28.858065 -1.648385
v 25.183439 23.293762 -1.648388
v 24.845720 21.465378 -1.648390
v 23.775101 17.906782 -1.648391
v 23.047916 16.195580 -1.648392
v 21.229172 12.954914 -1.648394
v 20.147306 11.442741 -1.648394
v 18.957954 10.013599 -1.648395
v 16.282686 7.434312 -1.648396
v 14.811040 6.297942 -1.648397
v 11.638971 4.362054 -1.648398
v 9.955454 3.572851 -1.648398
v 4.623514 1.968710 -1.648399
v 2.784004 1.697993 -1.648399
v -0.929663 1.562270 -1.648399
v -2.784018 1.697993 -1.648399
v -8.218831 2.908659 -1.648399
v -9.955454 3.572851 -1.648398
v -13.260388 5.272038 -1.648397
v -14.811054 6.297942 -1.648397
v -18.957960 10.013599 -1.648395
v -20.147312 11.442741 -1.648394
v -22.197767 14.542012 -1.648393
v -23.047924 16.195580 -1.648392
v -24.375443 19.666517 -1.648391
v -24.845726 21.465378 -1.648390
v -25.183447 23.293762 -1.648388
v -25.454712 27.000002 -1.648387
v -4.575010 2.231324 -1.915450
v -2.754808 1.963450 -1.915450
v -4.585075 2.176804 -1.900597
v -2.760864 1.908354 -1.900597
v -4.594524 2.125663 -1.876345
v -2.766563 1.856635 -1.876345
v -4.603065 2.079438 -1.843428
v -2.771700 1.809916 -1.843428
v -4.610440 2.039530 -1.802850
v -2.776135 1.769582 -1.802850
v -4.616414 2.007175 -1.755841
v -2.779733 1.736857 -1.755841
v -4.620822 1.983321 -1.703831
v -2.782398 1.712756 -1.703831
v -4.623514 1.968710 -1.648399
v 8.132603 3.161399 -1.915450
v 9.851002 3.818629 -1.915448
v 8.150496 3.108939 -1.900596
v 9.872685 3.767625 -1.900595
v 8.167292 3.059721 -1.876345
v 9.893024 3.719752 -1.876343
v 8.182467 3.015226 -1.843428
v 9.911412 3.676493 -1.843427
v 8.195568 2.976815 -1.802850
v 9.927288 3.639139 -1.802848
v 8.206197 2.945655 -1.755841
v 9.940155 3.608845 -1.755840
v 8.214025 2.922707 -1.703830
v 9.949645 3.586515 -1.703829
v 8.218818 2.908659 -1.648399
v 21.964870 39.327267 -1.915431
v 21.006451 40.897736 -1.915430
v 22.013210 39.354401 -1.900578
v 21.052675 40.928303 -1.900577
v 22.058571 39.379864 -1.876327
v 21.096058 40.957031 -1.876325
v 22.099564 39.402878 -1.843410
v 21.135252 40.982960 -1.843409
v 22.134953 39.422737 -1.802832
v 21.169104 41.005344 -1.802830
v 22.163654 39.438831 -1.755823
v 21.196556 41.023499 -1.755822
v 22.184803 39.450699 -1.703813
v 21.216784 41.036903 -1.703811
v 22.197754 39.458004 -1.648381
v -23.525677 35.997803 -1.915433
v -24.119722 34.256527 -1.915433
v -23.577450 36.017609 -1.900580
v -24.172800 34.272511 -1.900580
v -23.626030 36.036201 -1.876328
v -24.222603 34.287506 -1.876328
v -23.669941 36.052982 -1.843411
v -24.267618 34.301022 -1.843412
v -23.707838 36.067459 -1.802833
v -24.306477 34.312721 -1.802833
v -23.738586 36.079239 -1.755824
v -24.337999 34.322224 -1.755825
v -23.761238 36.087891 -1.703814
v -24.361223 34.329201 -1.703814
v -23.775108 36.093220 -1.648382
v -25.386803 25.141924 -1.648388
v -25.371992 25.143009 -1.703819
v -25.439859 27.000002 -1.703818
v -25.347801 25.144781 -1.755830
v -25.415607 27.000002 -1.755829
v -25.314974 25.147184 -1.802838
v -25.382690 27.000002 -1.802838
v -25.274502 25.150137 -1.843417
v -25.342110 27.000002 -1.843416
v -25.227617 25.153570 -1.876333
v -25.295101 27.000002 -1.876332
v -25.175749 25.157373 -1.900585
v -25.243095 27.000002 -1.900585
v -25.120466 25.161411 -1.915438
v -25.187662 27.000002 -1.915438
v -24.919245 23.332642 -1.915439
v -24.974089 23.324579 -1.900586
v -25.025537 23.316999 -1.876334
v -25.072052 23.310160 -1.843417
v -25.112192 23.304241 -1.802839
v -25.144760 23.299448 -1.755830
v -25.168753 23.295919 -1.703820
v -24.585070 21.523439 -1.915439
v -24.639170 21.511383 -1.900586
v -24.689939 21.500080 -1.876336
v -24.735823 21.489862 -1.843419
v -24.775427 21.481033 -1.802841
v -24.807556 21.473877 -1.755832
v -24.831232 21.468605 -1.703822
v -24.361223 19.670801 -1.703822
v -24.337999 19.677778 -1.755833
v -24.306477 19.687267 -1.802841
v -24.267618 19.698954 -1.843420
v -24.222603 19.712494 -1.876336
v -24.172800 19.727491 -1.900588
v -24.119722 19.743448 -1.915441
v -23.775108 17.906782 -1.648391
v -23.761238 17.912096 -1.703823
v -23.738586 17.920761 -1.755833
v -23.707838 17.932518 -1.802841
v -23.669941 17.947020 -1.843420
v -23.626030 17.963800 -1.876337
v -23.577450 17.982382 -1.900589
v -23.525677 18.002184 -1.915442
v -22.806122 16.308929 -1.915442
v -22.856316 16.285393 -1.900589
v -22.903404 16.263323 -1.876337
v -22.945971 16.243370 -1.843421
v -22.982712 16.226149 -1.802842
v -23.012512 16.212168 -1.755834
v -23.034472 16.201881 -1.703823
v -21.964884 14.672709 -1.915444
v -22.013224 14.645573 -1.900591
v -22.058577 14.620126 -1.876339
v -22.099569 14.597123 -1.843422
v -22.134960 14.577251 -1.802844
v -22.163662 14.561143 -1.755835
v -22.184816 14.549277 -1.703825
v -21.229172 12.954914 -1.648394
v -21.216784 12.963113 -1.703825
v -21.196562 12.976488 -1.755836
v -21.169109 12.994643 -1.802844
v -21.135265 13.017041 -1.843423
v -21.096058 13.042983 -1.876339
v -21.052683 13.071671 -1.900591
v -21.006451 13.102254 -1.915444
v -19.935944 11.605957 -1.915445
v -19.979820 11.572079 -1.900592
v -20.020985 11.540300 -1.876340
v -20.058193 11.511571 -1.843423
v -20.090307 11.486770 -1.802845
v -20.116365 11.466651 -1.755836
v -20.135557 11.451819 -1.703826
v -18.759068 10.191797 -1.915445
v -18.800354 10.154800 -1.900592
v -18.839088 10.120098 -1.876340
v -18.874100 10.088732 -1.843424
v -18.904320 10.061650 -1.802845
v -18.928841 10.039692 -1.755837
v -18.946899 10.023500 -1.703826
v -17.667458 8.675066 -1.648396
v -17.657152 8.685764 -1.703827
v -17.640316 8.703218 -1.755838
v -17.617470 8.726909 -1.802847
v -17.589304 8.756132 -1.843425
v -17.556683 8.789969 -1.876341
v -17.520578 8.827406 -1.900594
v -17.482105 8.867313 -1.915447
v -16.111862 7.639578 -1.915447
v -16.147322 7.596965 -1.900594
v -16.180595 7.557003 -1.876342
v -16.210670 7.520857 -1.843426
v -16.236626 7.489670 -1.802847
v -16.257679 7.464359 -1.755838
v -16.273197 7.445724 -1.703828
v -16.282686 7.434312 -1.648396
v -14.655666 6.515141 -1.915447
v -14.687924 6.470057 -1.900594
v -14.718179 6.427745 -1.876342
v -14.745534 6.389526 -1.843426
v -14.769141 6.356526 -1.802847
v -14.788299 6.329746 -1.755839
v -14.802402 6.310027 -1.703828
v -13.121274 5.499990 -1.915448
v -13.150141 5.452682 -1.900595
v -13.177236 5.408268 -1.876342
v -13.201735 5.368142 -1.843426
v -13.222871 5.333508 -1.802848
v -13.240009 5.305408 -1.755839
v -13.252644 5.284713 -1.703829
v -11.638971 4.362054 -1.648398
v -11.632187 4.375266 -1.703829
v -11.621091 4.396840 -1.755840
v -11.606040 4.426105 -1.802848
v -11.587486 4.462194 -1.843427
v -11.565994 4.503997 -1.876343
v -11.542210 4.550264 -1.900595
v -11.516872 4.599552 -1.915448
v -9.851015 3.818629 -1.915448
v -9.872700 3.767625 -1.900595
v -9.893038 3.719752 -1.876343
v -9.911427 3.676493 -1.843427
v -9.927288 3.639139 -1.802848
v -9.940169 3.608845 -1.755840
v -9.949645 3.586515 -1.703829
v -8.132603 3.161399 -1.915450
v -8.150496 3.108939 -1.900596
v -8.167292 3.059721 -1.876345
v -8.182480 3.015226 -1.843428
v -8.195581 2.976815 -1.802850
v -8.206197 2.945655 -1.755841
v -8.214039 2.922707 -1.703830
v -6.438345 2.372993 -1.648399
v -6.434597 2.387357 -1.703831
v -6.428458 2.410813 -1.755841
v -6.420136 2.442673 -1.802850
v -6.409863 2.481922 -1.843428
v -6.397985 2.527406 -1.876345
v -6.384829 2.577723 -1.900596
v -6.370807 2.631350 -1.915450
v -0.919913 1.829142 -1.915450
v -0.921932 1.773744 -1.900597
v -0.923827 1.721778 -1.876345
v -0.925543 1.674798 -1.843428
v -0.927026 1.634244 -1.802850
v -0.928235 1.601354 -1.755841
v -0.929114 1.577116 -1.703831
v 0.929649 1.562270 -1.648399
v 0.929114 1.577116 -1.703831
v 0.928221 1.601354 -1.755841
v 0.927026 1.634244 -1.802850
v 0.925543 1.674798 -1.843428
v 0.923827 1.721778 -1.876345
v 0.921932 1.773744 -1.900597
v 0.919899 1.829142 -1.915450
v 2.754794 1.963450 -1.915450
v 2.760864 1.908354 -1.900597
v 2.766550 1.856635 -1.876345
v 2.771700 1.809916 -1.843428
v 2.776135 1.769582 -1.802850
v 2.779733 1.736857 -1.755841
v 2.782384 1.712756 -1.703831
v 4.575010 2.231324 -1.915450
v 4.585075 2.176804 -1.900597
v 4.594524 2.125663 -1.876345
v 4.603052 2.079438 -1.843428
v 4.610426 2.039530 -1.802850
v 4.616400 2.007175 -1.755841
v 4.620809 1.983321 -1.703831
v 6.438345 2.372993 -1.648399
v 6.434583 2.387357 -1.703831
v 6.428444 2.410813 -1.755841
v 6.420122 2.442673 -1.802850
v 6.409863 2.481922 -1.843428
v 6.397971 2.527406 -1.876345
v 6.384815 2.577723 -1.900596
v 6.370793 2.631350 -1.915450
v 11.516858 4.599552 -1.915448
v 11.542210 4.550264 -1.900595
v 11.565981 4.503997 -1.876343
v 11.587473 4.462194 -1.843427
v 11.606040 4.426105 -1.802848
v 11.621091 4.396840 -1.755840
v 11.632174 4.375266 -1.703829
v 13.260375 5.272038 -1.648397
v 13.252644 5.284713 -1.703829
v 13.240009 5.305408 -1.755839
v 13.222857 5.333508 -1.802848
v 13.201722 5.368142 -1.843426
v 13.177236 5.408268 -1.876342
v 13.150141 5.452682 -1.900595
v 13.121261 5.499990 -1.915448
v 14.655652 6.515141 -1.915447
v 14.687911 6.470057 -1.900594
v 14.718179 6.427745 -1.876342
v 14.745521 6.389526 -1.843426
v 14.769141 6.356526 -1.802847
v 14.788285 6.329746 -1.755839
v 14.802402 6.310027 -1.703828
v 16.111862 7.639578 -1.915447
v 16.147322 7.596965 -1.900594
v 16.180582 7.557003 -1.876342
v 16.210657 7.520857 -1.843426
v 16.236612 7.489670 -1.802847
v 16.257666 7.464359 -1.755838
v 16.273184 7.445724 -1.703828
v 17.667444 8.675066 -1.648396
v 17.657145 8.685764 -1.703827
v 17.640308 8.703218 -1.755838
v 17.617456 8.726909 -1.802847
v 17.589304 8.756132 -1.843425
v 17.556675 8.789969 -1.876341
v 17.520571 8.827406 -1.900594
v 17.482105 8.867313 -1.915447
v 18.759060 10.191797 -1.915445
v 18.800341 10.154800 -1.900592
v 18.839081 10.120098 -1.876340
v 18.874086 10.088732 -1.843424
v 18.904312 10.061650 -1.802845
v 18.928825 10.039692 -1.755837
v 18.946884 10.023500 -1.703826
v 19.935944 11.605957 -1.915445
v 19.979805 11.572079 -1.900592
v 20.020977 11.540300 -1.876340
v 20.058180 11.511571 -1.843423
v 20.090302 11.486770 -1.802845
v 20.116352 11.466651 -1.755836
v 20.135551 11.451819 -1.703826
v 21.216784 12.963113 -1.703825
v 21.196556 12.976488 -1.755836
v 21.169104 12.994643 -1.802844
v 21.135252 13.017041 -1.843423
v 21.096058 13.042983 -1.876339
v 21.052675 13.071671 -1.900591
v 21.006451 13.102254 -1.915444
v 22.197754 14.542012 -1.648393
v 22.184803 14.549277 -1.703825
v 22.163654 14.561143 -1.755835
v 22.134953 14.577251 -1.802844
v 22.099564 14.597123 -1.843422
v 22.058571 14.620126 -1.876339
v 22.013210 14.645573 -1.900591
v 21.964870 14.672709 -1.915444
v 22.806122 16.308929 -1.915442
v 22.856300 16.285393 -1.900589
v 22.903391 16.263323 -1.876337
v 22.945963 16.243370 -1.843421
v 22.982698 16.226149 -1.802842
v 23.012512 16.212168 -1.755834
v 23.034472 16.201881 -1.703823
v 23.525671 18.002184 -1.915442
v 23.577444 17.982382 -1.900589
v 23.626030 17.963800 -1.876337
v 23.669935 17.947020 -1.843420
v 23.707838 17.932518 -1.802841
v 23.738571 17.920761 -1.755833
v 23.761230 17.912096 -1.703823
v 24.375437 19.666517 -1.648391
v 24.361223 19.670801 -1.703822
v 24.337986 19.677778 -1.755833
v 24.306469 19.687267 -1.802841
v 24.267605 19.698954 -1.843420
v 24.222603 19.712494 -1.876336
v 24.172792 19.727491 -1.900588
v 24.119715 19.743448 -1.915441
v 24.585054 21.523439 -1.915439
v 24.639162 21.511383 -1.900586
v 24.689934 21.500080 -1.876336
v 24.735815 21.489862 -1.843419
v 24.775421 21.481033 -1.802841
v 24.807556 21.473877 -1.755832
v 24.831217 21.468605 -1.703822
v 24.919231 23.332642 -1.915439
v 24.974081 23.324579 -1.900586
v 25.025537 23.316999 -1.876334
v 25.072039 23.310160 -1.843417
v 25.112192 23.304241 -1.802839
v 25.144754 23.299448 -1.755830
v 25.168745 23.295919 -1.703820
v 25.386797 25.141924 -1.648388
v 25.371979 25.143009 -1.703819
v 25.347795 25.144781 -1.755830
v 25.314974 25.147184 -1.802838
v 25.274502 25.150137 -1.843417
v 25.227617 25.153570 -1.876333
v 25.175749 25.157373 -1.900585
v 25.120461 25.161411 -1.915438
v 25.187654 27.000002 -1.915438
v 25.243082 27.000002 -1.900585
v 25.295088 27.000002 -1.876332
v 25.342110 27.000002 -1.843416
v 25.382677 27.000002 -1.802838
v 25.415594 27.000002 -1.755829
v 25.439846 27.000002 -1.703818
v 25.454706 27.000002 -1.648387
v 25.120461 28.838577 -1.915436
v 25.175749 28.842628 -1.900583
v 25.227617 28.846418 -1.876331
v 25.274502 28.849852 -1.843414
v 25.314974 28.852818 -1.802836
v 25.347795 28.855221 -1.755827
v 25.371979 28.856993 -1.703817
v 24.919231 30.667347 -1.915435
v 24.974081 30.675423 -1.900582
v 25.025537 30.682989 -1.876330
v 25.072039 30.689842 -1.843414
v 25.112192 30.695747 -1.802835
v 25.144754 30.700541 -1.755827
v 25.168745 30.704069 -1.703816
v 24.845720 32.534611 -1.648384
v 24.831217 32.531399 -1.703816
v 24.807556 32.526123 -1.755826
v 24.775421 32.518955 -1.802835
v 24.735815 32.510139 -1.843413
v 24.689934 32.499924 -1.876330
v 24.639162 32.488605 -1.900582
v 24.585054 32.476547 -1.915435
v 24.119715 34.256527 -1.915433
v 24.172792 34.272511 -1.900580
v 24.222603 34.287506 -1.876328
v 24.267605 34.301022 -1.843412
v 24.306469 34.312721 -1.802833
v 24.337986 34.322224 -1.755825
v 24.361223 34.329201 -1.703814
v 23.525671 35.997803 -1.915433
v 23.577444 36.017609 -1.900580
v 23.626030 36.036201 -1.876328
v 23.669935 36.052982 -1.843411
v 23.707838 36.067459 -1.802833
v 23.738571 36.079239 -1.755824
v 23.761230 36.087891 -1.703814
v 23.047916 37.804398 -1.648382
v 23.034472 37.798107 -1.703813
v 23.012512 37.787807 -1.755824
v 22.982698 37.773853 -1.802832
v 22.945963 37.756607 -1.843410
v 22.903391 37.736664 -1.876327
v 22.856300 37.714584 -1.900579
v 22.806122 37.691071 -1.915432
v 19.935944 42.394043 -1.915430
v 19.979805 42.427910 -1.900577
v 20.020977 42.459686 -1.876324
v 20.058180 42.488419 -1.843408
v 20.090302 42.513245 -1.802830
v 20.116352 42.533352 -1.755821
v 20.135551 42.548183 -1.703811
v 18.957954 43.986404 -1.648378
v 18.946884 43.976486 -1.703810
v 18.928825 43.960312 -1.755820
v 18.904312 43.938339 -1.802829
v 18.874086 43.911255 -1.843408
v 18.839081 43.879890 -1.876324
v 18.800341 43.845173 -1.900576
v 18.759060 43.808205 -1.915429
v 17.482105 45.132660 -1.915429
v 17.520571 45.172596 -1.900576
v 17.556675 45.210007 -1.876324
v 17.589304 45.243870 -1.843407
v 17.617456 45.273067 -1.802829
v 17.640308 45.296768 -1.755820
v 17.657145 45.314240 -1.703810
v 16.111862 46.360413 -1.915427
v 16.147322 46.403011 -1.900574
v 16.180582 46.443001 -1.876323
v 16.210657 46.479145 -1.843406
v 16.236612 46.510319 -1.802827
v 16.257666 46.535614 -1.755819
v 16.273184 46.554264 -1.703808
v 14.811040 47.702034 -1.648376
v 14.802402 47.689949 -1.703808
v 14.788285 47.670227 -1.755818
v 14.769141 47.643478 -1.802827
v 14.745521 47.610462 -1.843405
v 14.718179 47.572231 -1.876322
v 14.687911 47.529934 -1.900574
v 14.655652 47.484863 -1.915427
v 13.121261 48.500000 -1.915427
v 13.150141 48.547321 -1.900574
v 13.177236 48.591709 -1.876322
v 13.201722 48.631863 -1.843405
v 13.222857 48.666470 -1.802827
v 13.240009 48.694595 -1.755818
v 13.252644 48.715275 -1.703808
v 11.516858 49.400440 -1.915426
v 11.542210 49.449741 -1.900573
v 11.565981 49.495991 -1.876321
v 11.587473 49.537796 -1.843405
v 11.606040 49.573887 -1.802826
v 11.621091 49.603165 -1.755818
v 11.632174 49.624725 -1.703807
v 9.949645 50.413460 -1.703807
v 9.940155 50.391159 -1.755818
v 9.927288 50.360836 -1.802826
v 9.911412 50.323509 -1.843405
v 9.893024 50.280251 -1.876321
v 9.872685 50.232380 -1.900573
v 9.851002 50.181374 -1.915426
v 8.218818 51.091343 -1.648375
v 8.214025 51.077282 -1.703807
v 8.206197 51.054348 -1.755817
v 8.195568 51.023174 -1.802826
v 8.182467 50.984776 -1.843404
v 8.167292 50.940281 -1.876321
v 8.150496 50.891064 -1.900573
v 8.132603 50.838577 -1.915426
v 6.370793 51.368641 -1.915426
v 6.384815 51.422279 -1.900573
v 6.397971 51.472599 -1.876321
v 6.409863 51.518082 -1.843404
v 6.420122 51.557331 -1.802826
v 6.428444 51.589161 -1.755817
v 6.434583 51.612644 -1.703807
v 4.575010 51.768681 -1.915426
v 4.585075 51.823170 -1.900573
v 4.594524 51.874313 -1.876320
v 4.603052 51.920567 -1.843404
v 4.610426 51.960445 -1.802824
v 4.616400 51.992828 -1.755817
v 4.620809 52.016697 -1.703807
v 2.784004 52.302010 -1.648375
v 2.782384 52.287235 -1.703807
v 2.779733 52.263119 -1.755817
v 2.776135 52.230408 -1.802824
v 2.771700 52.190060 -1.843404
v 2.766550 52.143368 -1.876320
v 2.760864 52.091648 -1.900573
v 2.754794 52.036552 -1.915426
v 0.919899 52.170834 -1.915426
v 0.921932 52.226261 -1.900573
v 0.923827 52.278225 -1.876320
v 0.925543 52.325191 -1.843403
v 0.927026 52.365730 -1.802824
v 0.928221 52.398636 -1.755816
v 0.929114 52.422859 -1.703806
v -0.919913 52.170834 -1.915426
v -0.921932 52.226261 -1.900573
v -0.923827 52.278225 -1.876320
v -0.925543 52.325191 -1.843403
v -0.927026 52.365730 -1.802824
v -0.928235 52.398636 -1.755816
v -0.929114 52.422859 -1.703806
v -2.782398 52.287235 -1.703807
v -2.779733 52.263119 -1.755817
v -2.776135 52.230408 -1.802824
v -2.771700 52.190060 -1.843404
v -2.766563 52.143368 -1.876320
v -2.760864 52.091648 -1.900573
v -2.754808 52.036552 -1.915426
v -4.623514 52.031281 -1.648375
v -4.620822 52.016697 -1.703807
v -4.616414 51.992828 -1.755817
v -4.610440 51.960445 -1.802824
v -4.603065 51.920567 -1.843404
v -4.594524 51.874313 -1.876320
v -4.585075 51.823170 -1.900573
v -4.575010 51.768681 -1.915426
v -6.370807 51.368641 -1.915426
v -6.384829 51.422279 -1.900573
v -6.397985 51.472599 -1.876321
v -6.409863 51.518082 -1.843404
v -6.420136 51.557331 -1.802826
v -6.428458 51.589161 -1.755817
v -6.434597 51.612644 -1.703807
v -8.132603 50.838577 -1.915426
v -8.150496 50.891064 -1.900573
v -8.167292 50.940281 -1.876321
v -8.182480 50.984776 -1.843404
v -8.195581 51.023174 -1.802826
v -8.206197 51.054348 -1.755817
v -8.214039 51.077282 -1.703807
v -9.955454 50.427139 -1.648375
v -9.949645 50.413460 -1.703807
v -9.940169 50.391159 -1.755818
v -9.927288 50.360836 -1.802826
v -9.911427 50.323509 -1.843405
v -9.893038 50.280251 -1.876321
v -9.872700 50.232380 -1.900573
v -9.851015 50.181374 -1.915426
v -11.516872 49.400440 -1.915426
v -11.542210 49.449741 -1.900573
v -11.565994 49.495991 -1.876321
v -11.587486 49.537796 -1.843405
v -11.606040 49.573887 -1.802826
v -11.621091 49.603165 -1.755818
v -11.632187 49.624725 -1.703807
v -13.121274 48.500000 -1.915427
v -13.150141 48.547321 -1.900574
v -13.177236 48.591709 -1.876322
v -13.201735 48.631863 -1.843405
v -13.222871 48.666470 -1.802827
v -13.240009 48.694595 -1.755818
v -13.252644 48.715275 -1.703808
v -14.811054 47.702034 -1.648376
v -14.802402 47.689949 -1.703808
v -14.788299 47.670227 -1.755818
v -14.769141 47.643478 -1.802827
v -14.745534 47.610462 -1.843405
v -14.718179 47.572231 -1.876322
v -14.687924 47.529934 -1.900574
v -14.655666 47.484863 -1.915427
v -16.111862 46.360413 -1.915427
v -16.147322 46.403011 -1.900574
v -16.180595 46.443001 -1.876323
v -16.210670 46.479145 -1.843406
v -16.236626 46.510319 -1.802827
v -16.257679 46.535614 -1.755819
v -16.273197 46.554264 -1.703808
v -16.282686 46.565662 -1.648377
v -17.482105 45.132660 -1.915429
v -17.520578 45.172596 -1.900576
v -17.556683 45.210007 -1.876324
v -17.589304 45.243870 -1.843407
v -17.617470 45.273067 -1.802829
v -17.640316 45.296768 -1.755820
v -17.657152 45.314240 -1.703810
v -18.759068 43.808205 -1.915429
v -18.800354 43.845173 -1.900576
v -18.839088 43.879890 -1.876324
v -18.874100 43.911255 -1.843408
v -18.904320 43.938339 -1.802829
v -18.928841 43.960312 -1.755820
v -18.946899 43.976486 -1.703810
v -20.147312 42.557247 -1.648379
v -20.135557 42.548183 -1.703811
v -20.116365 42.533352 -1.755821
v -20.090307 42.513245 -1.802830
v -20.058193 42.488419 -1.843408
v -20.020985 42.459686 -1.876324
v -19.979820 42.427910 -1.900577
v -19.935944 42.394043 -1.915430
v -21.006451 40.897736 -1.915430
v -21.052683 40.928303 -1.900577
v -21.096058 40.957031 -1.876325
v -21.135265 40.982960 -1.843409
v -21.169109 41.005344 -1.802830
v -21.196562 41.023499 -1.755822
v -21.216784 41.036903 -1.703811
v -21.964884 39.327267 -1.915431
v -22.013224 39.354401 -1.900578
v -22.058577 39.379864 -1.876327
v -22.099569 39.402878 -1.843410
v -22.134960 39.422737 -1.802832
v -22.163662 39.438831 -1.755823
v -22.184816 39.450699 -1.703813
v -23.047924 37.804398 -1.648382
v -23.034472 37.798107 -1.703813
v -23.012512 37.787807 -1.755824
v -22.982712 37.773853 -1.802832
v -22.945971 37.756607 -1.843410
v -22.903404 37.736664 -1.876327
v -22.856316 37.714584 -1.900579
v -22.806122 37.691071 -1.915432
v -24.585070 32.476547 -1.915435
v -24.639170 32.488605 -1.900582
v -24.689939 32.499924 -1.876330
v -24.735823 32.510139 -1.843413
v -24.775427 32.518955 -1.802835
v -24.807556 32.526123 -1.755826
v -24.831232 32.531399 -1.703816
v -25.183447 30.706224 -1.648385
v -25.168753 30.704069 -1.703816
v -25.144760 30.700541 -1.755827
v -25.112192 30.695747 -1.802835
v -25.072052 30.689842 -1.843414
v -25.025537 30.682989 -1.876330
v -24.974089 30.675423 -1.900582
v -24.919245 30.667347 -1.915435
v -25.120466 28.838577 -1.915436
v -25.175749 28.842628 -1.900583
v -25.227617 28.846418 -1.876331
v -25.274502 28.849852 -1.843414
v -25.314974 28.852818 -1.802836
v -25.347801 28.855221 -1.755827
v -25.371992 28.856993 -1.703817
v -12.857149 45.860451 -0.823029
v -13.965711 47.628067 -0.823027
v -13.935114 47.316853 -0.823027
v -13.857125 47.014042 -0.823027
v -13.733598 46.726776 -0.823028
v -13.567456 46.461842 -0.823028
v -13.362630 46.225582 -0.823029
v -13.123980 46.023514 -0.823029
v -1.780637 2.152717 -0.823050
v -1.704378 4.237770 -0.823048
v -1.853943 3.963153 -0.823048
v -1.959590 3.668830 -0.823048
v -2.018834 3.361803 -0.823048
v -2.030260 3.049311 -0.823050
v -1.993607 2.738755 -0.823050
v -1.909726 2.437510 -0.823050
v -21.148106 35.589607 -1.371733
v -20.074823 37.863941 -1.371733
v -20.074823 37.863941 -0.823032
v -18.757858 40.006386 -1.371731
v -22.514633 30.757023 -1.371736
v -22.791290 28.257427 -1.371737
v -22.791290 25.742561 -1.371739
v -22.825951 27.000002 -1.371738
v -22.825951 27.000002 -0.823038
v -22.514633 23.242966 -1.371740
v -21.148106 18.410381 -1.371742
v -20.074823 16.136047 -1.371743
v -18.757858 13.993588 -1.371745
v -20.074823 16.136047 -0.823042
v -13.518334 8.607651 -1.371747
v -11.412983 7.232149 -1.371748
v -11.412983 7.232149 -0.823047
v -9.169080 6.096602 -1.371748
v 3.135224 4.390384 -1.371749
v 0.628954 4.182715 -1.371749
v 0.628954 4.182715 -0.823048
v -1.884952 4.252012 -1.371749
v 8.003623 5.623242 -1.371748
v 10.306673 6.633449 -1.371748
v 12.484603 7.890875 -1.371748
v 11.412969 7.232149 -0.823047
v 14.510990 9.380264 -1.371746
v 18.012869 12.980004 -1.371745
v 19.445856 15.046670 -1.371743
v 20.642803 17.258423 -1.371743
v 19.445856 15.046670 -0.823044
v 22.687401 24.488953 -1.371739
v 22.825937 27.000002 -1.371738
v 22.825937 27.000002 -0.823038
v 22.687401 29.511036 -1.371737
v 18.012869 41.019985 -1.371731
v 19.445856 38.953320 -1.371733
v 19.445856 38.953320 -0.823032
v 20.642803 36.741577 -1.371733
v 14.510990 44.619709 -1.371730
v 12.484603 46.109127 -1.371729
v 11.412969 46.767838 -0.823027
v 10.306673 47.366539 -1.371728
v 8.003623 48.376759 -1.371728
v 3.135224 49.609592 -1.371727
v 0.628954 49.817287 -1.371727
v -1.884952 49.747963 -1.371727
v 0.628954 49.817287 -0.823026
v -9.169080 47.903385 -1.371728
v -11.412983 46.767838 -1.371728
v -11.412983 46.767838 -0.823027
v -13.518334 45.392349 -1.371729
v 21.589165 19.588417 -1.371742
v 22.273476 22.008390 -1.371740
v 16.361238 11.083530 -1.371746
v 5.603439 4.872519 -1.371749
v -6.813886 5.214798 -1.371749
v -4.375978 4.597449 -1.371749
v -17.213202 12.009005 -1.371745
v -15.459591 10.206409 -1.371746
v -21.964678 20.788977 -1.371742
v -21.964678 33.211014 -1.371735
v -15.459591 43.793594 -1.371730
v -17.213202 41.990982 -1.371731
v -4.375978 49.402554 -1.371727
v -6.813886 48.785175 -1.371727
v 5.603439 49.127457 -1.371727
v 16.361238 42.916443 -1.371730
v 22.273476 31.991598 -1.371736
v 21.589165 34.411572 -1.371734
v -21.573572 39.455505 -1.371733
v -21.573572 39.455505 -0.823032
v -22.757341 37.132198 -1.371733
v -20.153431 41.642303 -1.371731
v -12.455503 48.573582 -1.371728
v -12.455503 48.573582 -0.823027
v -14.642331 47.153431 -1.371728
v -10.132224 49.757328 -1.371727
v 0.000000 51.911007 -1.371726
v 0.000000 51.911007 -0.823026
v -2.603911 51.774555 -1.371726
v 2.603911 51.774555 -1.371726
v 12.455503 48.573582 -1.371728
v 12.455503 48.573582 -0.823027
v 10.132210 49.757328 -1.371727
v 14.642318 47.153431 -1.371728
v 21.573565 39.455505 -1.371733
v 21.573565 39.455505 -0.823032
v 20.153431 41.642303 -1.371731
v 22.757328 37.132198 -1.371733
v 24.911005 27.000002 -1.371738
v 24.911005 27.000002 -0.823038
v 24.774542 29.603912 -1.371737
v 24.774542 24.396090 -1.371739
v 21.573565 14.544498 -1.371744
v 21.573565 14.544498 -0.823044
v 22.757328 16.867777 -1.371743
v 20.153431 12.357670 -1.371745
v 12.455503 5.426422 -1.371749
v 12.455503 5.426422 -0.823048
v 14.642318 6.846570 -1.371748
v 10.132210 4.242660 -1.371749
v 0.000000 2.088996 -1.371751
v 0.000000 2.088996 -0.823050
v 2.603911 2.225446 -1.371751
v -2.603911 2.225446 -1.371751
v -12.455503 5.426422 -1.371749
v -12.455503 5.426422 -0.823048
v -10.132224 4.242660 -1.371749
v -14.642331 6.846570 -1.371748
v -21.573572 14.544498 -1.371744
v -21.573572 14.544498 -0.823044
v -20.153431 12.357670 -1.371745
v -22.757341 16.867777 -1.371743
v -24.911013 27.000002 -1.371738
v -24.911013 27.000002 -0.823038
v -24.774549 24.396090 -1.371739
v -24.774549 29.603912 -1.371737
v 24.366632 32.179287 -1.371736
v 23.691771 34.697903 -1.371734
v 18.512486 43.668732 -1.371730
v 16.668718 45.512486 -1.371729
v 7.697915 50.691772 -1.371727
v 5.179285 51.366634 -1.371726
v -5.179298 51.366634 -1.371726
v -7.697928 50.691772 -1.371727
v -16.668718 45.512486 -1.371729
v -18.512493 43.668732 -1.371730
v -23.691776 34.697903 -1.371734
v -24.366648 32.179287 -1.371736
v -24.366648 21.820702 -1.371740
v -23.691776 19.302073 -1.371742
v -18.512493 10.331283 -1.371746
v -16.668718 8.487515 -1.371747
v -7.697928 3.308217 -1.371749
v -5.179298 2.633355 -1.371750
v 5.179285 2.633355 -1.371750
v 7.697915 3.308217 -1.371749
v 16.668718 8.487515 -1.371747
v 18.512486 10.331283 -1.371746
v 23.691771 19.302073 -1.371742
v 24.366632 21.820702 -1.371740
vn -0.0000 -0.0000 -1.0000
vn 0.0001 0.0000 -1.0000
vn -0.0000 -0.0001 -1.0000
vn -0.0000 0.0001 -1.0000
vn 0.0011 0.0009 -1.0000
vn 0.0001 -0.0001 -1.0000
vn -0.0001 -0.0000 -1.0000
vn 0.0002 0.0014 -1.0000
vn -0.0006 -0.0016 -1.0000
vn -0.0005 0.0013 -1.0000
vn -0.0011 0.0009 -1.0000
vn -0.0018 -0.0003 -1.0000
vn 0.0009 0.0011 -1.0000
vn 0.0018 -0.0003 -1.0000
vn 0.0011 -0.0014 -1.0000
vn -0.0013 -0.0005 -1.0000
vn 0.0016 -0.0006 -1.0000
vn -0.0009 -0.0011 -1.0000
vn 0.0001 0.0001 -1.0000
vn 0.0017 0.0003 -1.0000
vn -0.0001 0.0001 -1.0000
vn -0.0002 -0.0014 -1.0000
vn 0.0014 0.0011 -1.0000
vn -0.0005 -0.0013 -1.0000
vn -0.0001 -0.0001 -1.0000
vn 0.0011 -0.0009 -1.0000
vn -0.0003 0.0017 -1.0000
vn -0.0011 0.0014 -1.0000
vn -0.0017 0.0003 -1.0000
vn -0.0016 0.0006 -1.0000
vn 0.0013 0.0005 -1.0000
vn -0.0000 -0.0000 1.0000
vn -0.0000 0.0001 1.0000
vn 0.0001 -0.0000 1.0000
vn -0.0001 0.0000 1.0000
vn -0.0003 0.0019 1.0000
vn -0.0000 -0.0001 1.0000
vn -0.0047 0.0018 1.0000
vn 0.0014 0.0012 1.0000
vn 0.0001 -0.0001 1.0000
vn 0.0039 -0.0032 1.0000
vn 0.0018 0.0003 1.0000
vn 0.0018 -0.0006 1.0000
vn -0.0001 -0.0001 1.0000
vn 0.0012 -0.0014 1.0000
vn 0.0004 0.0004 1.0000
vn -0.0023 -0.0024 1.0000
vn 0.0011 0.0009 1.0000
vn 0.0019 -0.0003 1.0000
vn 0.0003 -0.0018 1.0000
vn -0.0012 0.0015 1.0000
vn 0.0008 0.0050 1.0000
vn 0.0008 -0.0050 1.0000
vn -0.0018 0.0006 1.0000
vn -0.0019 -0.0003 1.0000
vn -0.0014 -0.0012 1.0000
vn -0.0047 -0.0018 1.0000
vn -0.0007 -0.0018 1.0000
vn 0.9962 0.0871 -0.0000
vn 0.9962 0.0872 -0.0000
vn 0.9659 0.2589 -0.0000
vn 0.9063 0.4227 -0.0000
vn 0.8191 0.5736 -0.0000
vn 0.7071 0.7071 -0.0000
vn 0.5735 0.8192 -0.0000
vn 0.4226 0.9063 -0.0000
vn 0.2588 0.9659 -0.0000
vn 0.0871 0.9962 0.0000
vn -0.0872 0.9962 -0.0000
vn -0.2588 0.9659 -0.0000
vn -0.4227 0.9063 -0.0000
vn -0.5736 0.8191 -0.0000
vn -0.7071 0.7071 -0.0000
vn -0.8192 0.5736 -0.0000
vn -0.9063 0.4226 -0.0000
vn -0.9659 0.2588 -0.0000
vn -0.9962 0.0871 -0.0000
vn -0.9962 -0.0872 -0.0000
vn -0.9659 -0.2589 -0.0000
vn -0.9063 -0.4227 -0.0000
vn -0.8191 -0.5736 -0.0000
vn -0.7071 -0.7071 -0.0000
vn -0.5736 -0.8192 -0.0000
vn -0.4226 -0.9063 -0.0000
vn -0.2589 -0.9659 -0.0000
vn -0.0871 -0.9962 -0.0000
vn 0.0872 -0.9962 -0.0000
vn 0.2589 -0.9659 -0.0000
vn 0.4227 -0.9063 -0.0000
vn 0.5736 -0.8191 -0.0000
vn 0.7071 -0.7071 -0.0000
vn 0.8192 -0.5735 -0.0000
vn 0.9063 -0.4226 -0.0000
vn 0.9659 -0.2588 -0.0000
vn 0.9512 -0.3085 -0.0000
vn 0.8192 -0.5736 -0.0000
vn 0.5736 -0.8192 -0.0000
vn 0.4226 -0.9063 0.0000
vn 0.2588 -0.9659 -0.0000
vn 0.0871 -0.9962 -0.0000
vn -0.9578 0.2874 0.0000
vn -0.5735 0.8192 -0.0000
vn -0.4226 0.9063 0.0000
vn -0.0871 0.9962 -0.0000
vn 0.2741 0.9617 0.0000
vn 0.9260 0.3774 -0.0000
vn 0.9261 0.3774 -0.0000
vn -0.9966 -0.0744 -0.0361
vn -0.9936 -0.1130 0.0000
vn -0.9877 -0.1545 -0.0234
vn -0.9786 -0.2057 -0.0000
vn -0.9074 -0.4203 0.0000
vn -0.9257 -0.3782 -0.0111
vn -0.9428 -0.3334 -0.0000
vn -0.9539 -0.2962 -0.0475
vn -0.8904 -0.4552 0.0000
vn -0.8640 -0.5035 0.0045
vn -0.8438 -0.5366 0.0000
vn -0.8132 -0.5813 -0.0280
vn -0.7898 -0.6134 0.0000
vn -0.7654 -0.6436 -0.0000
vn -0.7288 -0.6848 -0.0000
vn -0.6773 -0.7357 0.0001
vn -0.6608 -0.7495 -0.0400
vn -0.5922 -0.8056 -0.0167
vn -0.5971 -0.8021 -0.0076
vn -0.4759 -0.8795 -0.0000
vn -0.4760 -0.8795 0.0000
vn -0.5237 -0.8519 0.0001
vn -0.4017 -0.9157 -0.0086
vn -0.3960 -0.9181 -0.0190
vn -0.2286 -0.9735 0.0000
vn -0.2662 -0.9639 0.0001
vn -0.3189 -0.9478 -0.0000
vn -0.1746 -0.9841 -0.0323
vn -0.1365 -0.9906 -0.0000
vn -0.0968 -0.9949 -0.0280
vn 0.0413 -0.9991 -0.0000
vn 0.0510 -0.9986 -0.0136
vn -0.0041 -1.0000 0.0000
vn 0.1373 -0.9904 -0.0143
vn 0.1353 -0.9907 -0.0110
vn 0.3111 -0.9504 0.0000
vn 0.2741 -0.9617 -0.0001
vn 0.2207 -0.9753 -0.0000
vn 0.3601 -0.9326 -0.0234
vn 0.3989 -0.9170 -0.0001
vn 0.4341 -0.9009 0.0000
vn 0.4831 -0.8756 -0.0001
vn 0.6675 -0.7446 -0.0001
vn 0.6675 -0.7446 0.0000
vn 0.6276 -0.7782 -0.0233
vn 0.5947 -0.8040 -0.0001
vn 0.5627 -0.8259 -0.0361
vn 0.7168 -0.6973 -0.0000
vn 0.7335 -0.6780 -0.0475
vn 0.7891 -0.6142 -0.0116
vn 0.7903 -0.6125 -0.0149
vn 0.9261 -0.3773 0.0000
vn 0.9104 -0.4138 -0.0014
vn 0.8867 -0.4624 -0.0000
vn 0.8680 -0.4965 0.0045
vn 0.8394 -0.5435 -0.0000
vn 0.9400 -0.3411 -0.0000
vn 0.9574 -0.2887 0.0000
vn 0.9758 -0.2187 -0.0000
vn 0.9795 -0.1976 -0.0399
vn 0.9938 -0.1100 -0.0167
vn 0.9932 -0.1161 -0.0076
vn 0.9872 0.1596 -0.0000
vn 0.9932 0.1161 -0.0076
vn 0.9978 0.0663 -0.0000
vn 0.9996 0.0276 -0.0000
vn 0.9996 -0.0275 -0.0000
vn 0.9803 0.1977 -0.0000
vn 0.9679 0.2514 0.0000
vn 0.9395 0.3409 -0.0323
vn 0.9104 0.4138 -0.0014
vn 0.8867 0.4624 0.0000
vn 0.8681 0.4965 0.0000
vn 0.8393 0.5435 -0.0135
vn 0.8177 0.5757 -0.0000
vn 0.7903 0.6125 -0.0149
vn 0.7166 0.6971 -0.0255
vn 0.7343 0.6788 0.0000
vn 0.5947 0.8040 -0.0000
vn 0.6278 0.7784 -0.0043
vn 0.6675 0.7446 0.0000
vn 0.5631 0.8264 0.0000
vn 0.5167 0.8562 -0.0000
vn 0.3112 0.9504 0.0000
vn 0.3601 0.9326 -0.0234
vn 0.3989 0.9170 -0.0000
vn 0.4339 0.9002 -0.0361
vn 0.2204 0.9743 -0.0475
vn 0.1827 0.9832 -0.0000
vn 0.1353 0.9907 -0.0111
vn -0.0138 0.9999 0.0000
vn -0.0041 1.0000 0.0045
vn 0.0510 0.9987 0.0000
vn -0.0826 0.9966 -0.0019
vn -0.0968 0.9949 -0.0280
vn -0.2662 0.9639 0.0000
vn -0.2286 0.9735 -0.0000
vn -0.1747 0.9846 -0.0000
vn -0.3186 0.9470 -0.0399
vn -0.3554 0.9347 -0.0000
vn -0.3960 0.9181 -0.0190
vn -0.6318 0.7751 0.0000
vn -0.5971 0.8021 -0.0076
vn -0.5563 0.8310 0.0000
vn -0.5237 0.8519 -0.0000
vn -0.4759 0.8795 0.0000
vn -0.6614 0.7501 0.0000
vn -0.7017 0.7125 0.0000
vn -0.8438 0.5367 0.0000
vn -0.8438 0.5366 0.0000
vn -0.8132 0.5813 -0.0280
vn -0.7899 0.6133 -0.0000
vn -0.7650 0.6432 -0.0323
vn -0.8640 0.5035 0.0000
vn -0.8903 0.4551 -0.0136
vn -0.9074 0.4203 0.0000
vn -0.9257 0.3782 -0.0111
vn -0.9428 0.3334 -0.0000
vn -0.9550 0.2966 0.0000
vn -0.9699 0.2435 -0.0000
vn -0.9863 0.1646 -0.0054
vn -0.9877 0.1545 -0.0234
vn -0.9998 -0.0194 -0.0000
vn -0.9998 0.0194 -0.0000
vn -0.9972 0.0744 0.0000
vn 0.8712 0.4910 0.0000
vn 0.6867 0.7269 -0.0000
vn 0.6867 0.7269 -0.0001
vn 0.5179 0.8554 -0.0000
vn -0.9981 0.0622 -0.0000
vn 0.2057 -0.9786 -0.0000
vn 0.9881 -0.1539 0.0000
vn 0.9836 -0.1750 0.0429
vn 0.9669 -0.2546 0.0140
vn 0.9674 -0.2529 0.0110
vn 0.9354 -0.3526 0.0254
vn 0.9437 -0.3308 -0.0000
vn 0.8943 -0.4470 0.0195
vn 0.9110 -0.4125 0.0000
vn 0.8034 -0.5954 0.0000
vn 0.8246 -0.5657 0.0000
vn 0.8526 -0.5225 -0.0051
vn 0.8711 -0.4910 -0.0000
vn 0.7711 -0.6355 0.0393
vn 0.7480 -0.6637 -0.0000
vn 0.7198 -0.6940 0.0184
vn 0.6404 -0.7676 0.0256
vn 0.6597 -0.7515 0.0000
vn 0.5582 -0.8295 0.0176
vn 0.5911 -0.8066 -0.0000
vn 0.4407 -0.8977 0.0000
vn 0.4863 -0.8738 -0.0081
vn 0.5179 -0.8555 0.0000
vn 0.2413 -0.9704 -0.0000
vn 0.2880 -0.9574 0.0224
vn 0.3257 -0.9455 0.0000
vn 0.3598 -0.9323 0.0357
vn 0.1549 -0.9867 0.0488
vn 0.1189 -0.9929 -0.0000
vn 0.0730 -0.9973 0.0087
vn -0.0386 -0.9993 -0.0000
vn -0.0568 -0.9980 0.0273
vn -0.0054 -1.0000 0.0000
vn -0.2662 -0.9639 0.0000
vn -0.2174 -0.9757 0.0268
vn -0.1805 -0.9836 -0.0000
vn -0.1443 -0.9890 0.0322
vn -0.3285 -0.9445 0.0000
vn -0.3496 -0.9358 0.0452
vn -0.4239 -0.9056 0.0123
vn -0.4244 -0.9054 0.0133
vn -0.6001 -0.7997 0.0206
vn -0.5701 -0.8216 0.0000
vn -0.5397 -0.8417 0.0162
vn -0.4957 -0.8685 0.0000
vn -0.7306 -0.6828 0.0000
vn -0.7052 -0.7090 0.0000
vn -0.6673 -0.7448 -0.0008
vn -0.7641 -0.6437 0.0417
vn -0.7878 -0.6159 0.0000
vn -0.8132 -0.5818 0.0158
vn -0.8806 -0.4738 -0.0000
vn -0.8835 -0.4684 0.0071
vn -0.8582 -0.5133 0.0000
vn -0.9163 -0.4004 0.0045
vn -0.9201 -0.3910 0.0239
vn -0.9717 -0.2361 -0.0000
vn -0.9625 -0.2714 0.0000
vn -0.9472 -0.3206 -0.0000
vn -0.9819 -0.1856 0.0381
vn -0.9887 -0.1497 -0.0000
vn -0.9938 -0.1093 0.0197
vn -0.9997 0.0257 0.0000
vn -0.9997 -0.0258 -0.0000
vn -0.9938 0.1094 0.0197
vn -0.9887 0.1497 0.0000
vn -0.9826 0.1858 -0.0000
vn -0.9717 0.2361 0.0000
vn -0.9000 0.4358 -0.0000
vn -0.9201 0.3910 0.0238
vn -0.9349 0.3550 0.0000
vn -0.9466 0.3204 0.0346
vn -0.8835 0.4684 -0.0000
vn -0.8582 0.5132 -0.0051
vn -0.8389 0.5443 -0.0000
vn -0.8133 0.5818 0.0098
vn -0.7052 0.7090 -0.0001
vn -0.7052 0.7090 0.0000
vn -0.7306 0.6828 -0.0000
vn -0.7648 0.6443 0.0000
vn -0.6670 0.7444 0.0313
vn -0.6112 0.7915 0.0008
vn -0.5701 0.8216 -0.0000
vn -0.5397 0.8418 -0.0000
vn -0.4957 0.8685 -0.0081
vn -0.4636 0.8860 -0.0000
vn -0.4244 0.9054 0.0133
vn -0.2662 0.9639 -0.0001
vn -0.3012 0.9536 -0.0000
vn -0.3499 0.9368 -0.0001
vn -0.2173 0.9757 0.0269
vn -0.1806 0.9836 -0.0000
vn -0.1444 0.9895 -0.0000
vn -0.0933 0.9956 -0.0000
vn -0.0568 0.9984 -0.0001
vn -0.0054 0.9999 -0.0091
vn 0.0311 0.9995 -0.0000
vn 0.0730 0.9973 0.0087
vn 0.1189 0.9929 0.0000
vn 0.1551 0.9879 -0.0000
vn 0.2057 0.9786 0.0000
vn 0.2795 0.9601 0.0056
vn 0.2880 0.9574 0.0225
vn 0.4407 0.8977 0.0001
vn 0.4407 0.8977 -0.0000
vn 0.4076 0.9132 -0.0001
vn 0.3600 0.9329 -0.0001
vn 0.5517 0.8340 0.0057
vn 0.5911 0.8066 -0.0000
vn 0.6589 0.7506 0.0500
vn 0.7198 0.6940 0.0184
vn 0.7480 0.6637 0.0000
vn 0.7717 0.6360 -0.0000
vn 0.8034 0.5954 0.0000
vn 0.8522 0.5222 0.0333
vn 0.8893 0.4572 0.0027
vn 0.9110 0.4125 -0.0000
vn 0.9775 0.2110 0.0000
vn 0.9674 0.2529 0.0110
vn 0.9552 0.2961 -0.0000
vn 0.9427 0.3304 0.0464
vn 0.9845 0.1751 0.0000
vn 0.9923 0.1242 -0.0000
vn 0.9923 -0.1242 -0.0000
vn 0.9961 -0.0879 0.0000
vn 0.9993 -0.0365 -0.0000
vn 0.9989 0.0365 0.0298
vn -0.0003 0.0001 -1.0000
vn -0.0003 -0.0001 -1.0000
vn 0.9659 0.2588 -0.0000
vn -0.2589 0.9659 -0.0000
vn -0.8192 0.5735 -0.0000
vn -0.5735 -0.8192 -0.0000
vn -0.2588 -0.9659 -0.0000
vn -0.9732 -0.2300 0.0000
vn -0.9962 -0.0871 0.0000
vn -0.9962 0.0872 -0.0000
vn -0.9659 0.2589 0.0000
vn 0.9780 0.2084 0.0000
vn 0.9962 -0.0872 -0.0000
vn -0.9063 0.4225 -0.0000
vn -0.9063 -0.4226 -0.0000
vn -0.7071 -0.7072 -0.0000
vn 0.2587 -0.9659 -0.0000
vn 0.7071 -0.7071 -0.0020
vn 0.6695 -0.7428 -0.0000
vn -0.0872 -0.9962 -0.0000
vn -0.4227 -0.9063 0.0000
vn -0.5736 -0.8191 0.0000
vn -0.6858 0.7278 -0.0000
vn -0.5736 0.8192 0.0000
vn 0.0872 0.9962 0.0000
vn 0.2589 0.9659 -0.0000
vn 0.5736 0.8192 -0.0000
vn 0.6858 0.7278 0.0000
vn 0.7466 0.6653 0.0000
vn 0.8192 0.5735 -0.0000
vn 0.9659 -0.2587 -0.0000
vn 0.9063 -0.4227 -0.0000
vn 0.9063 0.4226 -0.0000
vn -0.7072 0.7071 -0.0000
vn -0.7278 -0.6858 -0.0000
vn -0.8192 -0.5736 -0.0000
vn -0.9659 -0.2588 0.0000
vn 0.7428 0.6695 -0.0000
vn 0.8192 0.5736 -0.0000
vn 0.8191 -0.5736 -0.0000
vn 0.2084 -0.9781 0.0000
vn -0.8192 -0.5735 0.0000
vn -0.2300 0.9732 -0.0000
vn -0.3085 -0.9512 0.0000
vn 0.2874 0.9578 -0.0000
vn 0.5736 0.8191 -0.0000
vn 0.9962 -0.0871 -0.0000
vn 0.4225 0.9064 0.0000
vn -0.9063 0.4227 -0.0000
vn -0.2873 -0.9578 -0.0000
vn 0.3085 0.9512 0.0000
vn 0.9659 0.2587 -0.0000
vn 0.2299 -0.9732 0.0000
vn -0.2587 -0.9660 0.0000
vn -0.2084 0.9781 0.0000
vn -0.0001 0.0002 1.0000
vn 0.6857 -0.7279 -0.0000
vn -0.6696 0.7427 0.0000
vn 0.9659 -0.2589 -0.0000
vn 0.9659 -0.2589 -0.0019
vn 0.9578 -0.2874 -0.0000
vn -0.9512 0.3085 -0.0000
vn -0.8191 0.5736 -0.0000
vn 0.2084 0.9780 -0.0000
vn 0.2929 0.9562 0.0000
vn -0.7428 -0.6695 -0.0000
vn 0.7278 0.6858 -0.0000
vn 0.4225 0.9063 0.0000
vn -0.2587 -0.9659 0.0000
vn 0.0005 0.0002 1.0000
vn -0.9780 -0.2084 0.0000
vn 0.9732 0.2300 -0.0000
vn 0.9819 0.0381 0.1857
vn 0.9902 0.1157 -0.0784
vn 0.9789 0.1922 0.0698
vn 0.9361 0.2606 0.2361
vn 0.9368 0.3410 -0.0784
vn 0.8298 0.5458 0.1161
vn 0.9076 0.4125 -0.0785
vn 0.6710 0.7112 0.2095
vn 0.6710 0.7113 0.2094
vn 0.7880 0.6107 -0.0784
vn 0.6259 0.7760 -0.0784
vn 0.5655 0.8246 0.0159
vn 0.4854 0.8408 0.2395
vn 0.4301 0.8994 -0.0785
vn 0.2091 0.9656 0.1546
vn 0.2092 0.9656 0.1545
vn 0.3591 0.9300 -0.0783
vn -0.0189 0.9739 0.2263
vn -0.0189 0.9739 0.2262
vn 0.1349 0.9878 -0.0784
vn -0.0965 0.9922 -0.0784
vn -0.1735 0.9838 -0.0453
vn -0.3229 0.9439 0.0698
vn -0.3229 0.9438 0.0699
vn -0.5239 0.8313 0.1858
vn -0.3949 0.9154 -0.0785
vn -0.5953 0.7997 -0.0783
vn -0.6559 0.7516 0.0699
vn -0.6938 0.6804 0.2360
vn -0.7637 0.6408 -0.0784
vn -0.8876 0.4458 0.1161
vn -0.8876 0.4457 0.1160
vn -0.8111 0.5797 -0.0782
vn -0.9515 0.2255 0.2094
vn -0.9515 0.2255 0.2095
vn -0.9229 0.3770 -0.0783
vn -0.9850 0.1540 -0.0783
vn -0.9969 0.0775 0.0160
vn -0.9709 -0.0000 0.2395
vn -0.9939 -0.0773 -0.0784
vn -0.9408 -0.3017 0.1546
vn -0.9408 -0.3016 0.1547
vn -0.9850 -0.1541 -0.0782
vn -0.8340 -0.5033 0.2263
vn -0.9229 -0.3770 -0.0782
vn -0.8111 -0.5797 -0.0784
vn -0.7653 -0.6421 -0.0452
vn -0.6559 -0.7516 0.0698
vn -0.4579 -0.8694 0.1858
vn -0.4579 -0.8694 0.1857
vn -0.5953 -0.7997 -0.0784
vn -0.3949 -0.9154 -0.0785
vn -0.3229 -0.9438 0.0699
vn -0.2424 -0.9410 0.2362
vn -0.1731 -0.9818 -0.0786
vn 0.0578 -0.9916 0.1161
vn 0.0577 -0.9916 0.1161
vn -0.0965 -0.9922 -0.0783
vn 0.2804 -0.9367 0.2095
vn 0.2805 -0.9367 0.2094
vn 0.1349 -0.9878 -0.0782
vn 0.3591 -0.9300 -0.0783
vn 0.4313 -0.9021 0.0159
vn 0.4855 -0.8408 0.2395
vn 0.5639 -0.8221 -0.0784
vn 0.7316 -0.6639 0.1545
vn 0.7316 -0.6639 0.1546
vn 0.6259 -0.7760 -0.0783
vn 0.8529 -0.4706 0.2262
vn 0.7879 -0.6107 -0.0785
vn 0.9076 -0.4125 -0.0784
vn 0.9387 -0.3417 -0.0452
vn 0.9788 -0.1923 0.0699
vn 0.9789 -0.1922 0.0699
vn 0.9902 -0.1157 -0.0785
vn 0.9717 -0.0377 -0.2333
vn 0.9658 -0.1129 -0.2333
vn 0.9542 -0.1874 -0.2332
vn 0.9368 -0.2608 -0.2333
vn 0.9138 -0.3326 -0.2333
vn 0.8852 -0.4024 -0.2333
vn 0.8514 -0.4698 -0.2332
vn 0.8124 -0.5344 -0.2332
vn 0.7686 -0.5957 -0.2331
vn 0.7201 -0.6535 -0.2333
vn 0.6673 -0.7073 -0.2333
vn 0.6105 -0.7569 -0.2333
vn 0.5500 -0.8019 -0.2331
vn 0.4862 -0.8422 -0.2331
vn 0.4195 -0.8773 -0.2332
vn 0.3503 -0.9072 -0.2331
vn 0.2789 -0.9315 -0.2334
vn 0.2059 -0.9504 -0.2331
vn 0.1316 -0.9634 -0.2334
vn 0.0565 -0.9708 -0.2333
vn -0.0189 -0.9722 -0.2334
vn -0.0941 -0.9679 -0.2332
vn -0.1689 -0.9576 -0.2333
vn -0.2426 -0.9417 -0.2333
vn -0.3148 -0.9201 -0.2332
vn -0.3852 -0.8929 -0.2331
vn -0.4532 -0.8603 -0.2335
vn -0.5185 -0.8227 -0.2331
vn -0.5807 -0.7800 -0.2333
vn -0.6394 -0.7327 -0.2331
vn -0.6942 -0.6809 -0.2334
vn -0.7449 -0.6251 -0.2332
vn -0.7911 -0.5655 -0.2333
vn -0.8325 -0.5024 -0.2334
vn -0.8690 -0.4364 -0.2333
vn -0.9001 -0.3678 -0.2334
vn -0.9260 -0.2969 -0.2332
vn -0.9462 -0.2243 -0.2333
vn -0.9607 -0.1502 -0.2334
vn -0.9695 -0.0754 -0.2332
vn -0.9724 0.0000 -0.2334
vn -0.9695 0.0754 -0.2334
vn -0.9607 0.1503 -0.2332
vn -0.9462 0.2243 -0.2334
vn -0.9260 0.2969 -0.2332
vn -0.9002 0.3678 -0.2333
vn -0.8690 0.4364 -0.2333
vn -0.8325 0.5025 -0.2333
vn -0.7911 0.5655 -0.2333
vn -0.7449 0.6251 -0.2333
vn -0.6942 0.6809 -0.2332
vn -0.6394 0.7327 -0.2332
vn -0.5807 0.7800 -0.2332
vn -0.5185 0.8226 -0.2334
vn -0.4532 0.8604 -0.2333
vn -0.3852 0.8929 -0.2332
vn -0.3148 0.9201 -0.2332
vn -0.2426 0.9417 -0.2332
vn -0.1689 0.9576 -0.2333
vn -0.0941 0.9678 -0.2333
vn -0.0189 0.9722 -0.2332
vn 0.0565 0.9708 -0.2333
vn 0.1316 0.9635 -0.2332
vn 0.2059 0.9504 -0.2332
vn 0.2789 0.9316 -0.2333
vn 0.3502 0.9071 -0.2334
vn 0.4195 0.8773 -0.2332
vn 0.4862 0.8421 -0.2332
vn 0.5500 0.8019 -0.2333
vn 0.6105 0.7569 -0.2331
vn 0.6673 0.7073 -0.2333
vn 0.7201 0.6535 -0.2333
vn 0.7686 0.5957 -0.2332
vn 0.8125 0.5343 -0.2332
vn 0.8514 0.4698 -0.2332
vn 0.8853 0.4024 -0.2332
vn 0.9138 0.3326 -0.2333
vn 0.9368 0.2608 -0.2333
vn 0.9542 0.1874 -0.2333
vn 0.9658 0.1129 -0.2333
vn 0.9717 0.0377 -0.2333
vn 0.9233 -0.0358 -0.3824
vn 0.9177 -0.1073 -0.3824
vn 0.9066 -0.1781 -0.3825
vn 0.8902 -0.2478 -0.3824
vn 0.8683 -0.3160 -0.3824
vn 0.8411 -0.3824 -0.3825
vn 0.8090 -0.4464 -0.3824
vn 0.7720 -0.5077 -0.3825
vn 0.7303 -0.5660 -0.3826
vn 0.6843 -0.6209 -0.3824
vn 0.6341 -0.6721 -0.3825
vn 0.5801 -0.7192 -0.3825
vn 0.5226 -0.7619 -0.3825
vn 0.4620 -0.8001 -0.3826
vn 0.3986 -0.8336 -0.3824
vn 0.3328 -0.8619 -0.3826
vn 0.2650 -0.8852 -0.3823
vn 0.1956 -0.9031 -0.3824
vn 0.1250 -0.9154 -0.3826
vn 0.0537 -0.9224 -0.3825
vn -0.0179 -0.9238 -0.3824
vn -0.0895 -0.9197 -0.3824
vn -0.1605 -0.9100 -0.3824
vn -0.2305 -0.8947 -0.3826
vn -0.2991 -0.8742 -0.3826
vn -0.3660 -0.8484 -0.3825
vn -0.4306 -0.8175 -0.3824
vn -0.4927 -0.7816 -0.3825
vn -0.5518 -0.7412 -0.3824
vn -0.6075 -0.6961 -0.3825
vn -0.6597 -0.6470 -0.3824
vn -0.7078 -0.5939 -0.3825
vn -0.7517 -0.5373 -0.3825
vn -0.7911 -0.4774 -0.3825
vn -0.8257 -0.4147 -0.3823
vn -0.8554 -0.3495 -0.3824
vn -0.8799 -0.2821 -0.3825
vn -0.8991 -0.2131 -0.3824
vn -0.9129 -0.1428 -0.3825
vn -0.9212 -0.0716 -0.3825
vn -0.9240 0.0000 -0.3823
vn -0.9213 0.0716 -0.3823
vn -0.9129 0.1428 -0.3825
vn -0.8990 0.2131 -0.3826
vn -0.8798 0.2821 -0.3825
vn -0.8553 0.3495 -0.3825
vn -0.8257 0.4147 -0.3823
vn -0.7911 0.4774 -0.3824
vn -0.7517 0.5373 -0.3825
vn -0.7078 0.5939 -0.3825
vn -0.6596 0.6470 -0.3825
vn -0.6075 0.6962 -0.3824
vn -0.5518 0.7411 -0.3825
vn -0.4927 0.7817 -0.3824
vn -0.4306 0.8175 -0.3824
vn -0.3660 0.8484 -0.3824
vn -0.2991 0.8742 -0.3825
vn -0.2305 0.8948 -0.3825
vn -0.1604 0.9100 -0.3824
vn -0.0894 0.9196 -0.3825
vn -0.0179 0.9238 -0.3824
vn 0.0537 0.9224 -0.3824
vn 0.1250 0.9155 -0.3824
vn 0.1956 0.9030 -0.3825
vn 0.2650 0.8852 -0.3824
vn 0.3328 0.8620 -0.3824
vn 0.3986 0.8335 -0.3825
vn 0.4620 0.8002 -0.3824
vn 0.5226 0.7620 -0.3824
vn 0.5801 0.7192 -0.3825
vn 0.6341 0.6721 -0.3824
vn 0.6842 0.6209 -0.3825
vn 0.7303 0.5660 -0.3825
vn 0.7720 0.5077 -0.3825
vn 0.8090 0.4464 -0.3825
vn 0.8412 0.3824 -0.3824
vn 0.8683 0.3160 -0.3824
vn 0.8901 0.2478 -0.3824
vn 0.9067 0.1781 -0.3824
vn 0.9177 0.1073 -0.3825
vn 0.9233 0.0358 -0.3824
vn 0.8521 -0.0331 -0.5223
vn 0.8470 -0.0990 -0.5223
vn 0.8368 -0.1643 -0.5222
vn 0.8216 -0.2287 -0.5222
vn 0.8013 -0.2917 -0.5223
vn 0.7764 -0.3529 -0.5222
vn 0.7467 -0.4120 -0.5222
vn 0.7125 -0.4686 -0.5222
vn 0.6740 -0.5224 -0.5223
vn 0.6316 -0.5731 -0.5221
vn 0.5852 -0.6203 -0.5223
vn 0.5354 -0.6638 -0.5222
vn 0.4823 -0.7032 -0.5223
vn 0.4264 -0.7385 -0.5223
vn 0.3679 -0.7694 -0.5221
vn 0.3072 -0.7956 -0.5221
vn 0.2446 -0.8170 -0.5222
vn 0.1805 -0.8334 -0.5223
vn 0.1154 -0.8450 -0.5221
vn 0.0496 -0.8514 -0.5222
vn -0.0165 -0.8526 -0.5224
vn -0.0826 -0.8488 -0.5223
vn -0.1481 -0.8399 -0.5222
vn -0.2127 -0.8259 -0.5222
vn -0.2761 -0.8069 -0.5222
vn -0.3378 -0.7830 -0.5223
vn -0.3974 -0.7546 -0.5222
vn -0.4547 -0.7215 -0.5222
vn -0.5093 -0.6840 -0.5222
vn -0.5607 -0.6426 -0.5222
vn -0.6089 -0.5971 -0.5222
vn -0.6533 -0.5481 -0.5223
vn -0.6939 -0.4959 -0.5221
vn -0.7302 -0.4407 -0.5221
vn -0.7621 -0.3827 -0.5223
vn -0.7894 -0.3225 -0.5223
vn -0.8121 -0.2604 -0.5223
vn -0.8298 -0.1967 -0.5223
vn -0.8427 -0.1318 -0.5221
vn -0.8503 -0.0661 -0.5222
vn -0.8528 -0.0000 -0.5222
vn -0.8503 0.0661 -0.5222
vn -0.8426 0.1318 -0.5222
vn -0.8299 0.1967 -0.5221
vn -0.8120 0.2604 -0.5223
vn -0.7895 0.3225 -0.5222
vn -0.7621 0.3827 -0.5223
vn -0.7301 0.4406 -0.5223
vn -0.6938 0.4959 -0.5222
vn -0.6533 0.5482 -0.5221
vn -0.6089 0.5972 -0.5221
vn -0.5607 0.6425 -0.5223
vn -0.5093 0.6841 -0.5222
vn -0.4547 0.7214 -0.5223
vn -0.3974 0.7545 -0.5223
vn -0.3378 0.7830 -0.5222
vn -0.2761 0.8069 -0.5222
vn -0.2127 0.8259 -0.5222
vn -0.1481 0.8399 -0.5222
vn -0.0826 0.8489 -0.5221
vn -0.0165 0.8526 -0.5222
vn 0.0496 0.8513 -0.5223
vn 0.1154 0.8449 -0.5223
vn 0.1805 0.8335 -0.5222
vn 0.2446 0.8170 -0.5222
vn 0.3072 0.7955 -0.5223
vn 0.3679 0.7694 -0.5221
vn 0.4264 0.7386 -0.5222
vn 0.4824 0.7033 -0.5222
vn 0.5354 0.6638 -0.5222
vn 0.5853 0.6203 -0.5222
vn 0.6316 0.5731 -0.5221
vn 0.6741 0.5225 -0.5221
vn 0.7125 0.4686 -0.5222
vn 0.7467 0.4120 -0.5222
vn 0.7764 0.3529 -0.5222
vn 0.8014 0.2917 -0.5222
vn 0.8216 0.2287 -0.5223
vn 0.8368 0.1644 -0.5222
vn 0.8470 0.0990 -0.5222
vn 0.8521 0.0331 -0.5223
vn 0.7601 -0.0295 -0.6491
vn 0.7555 -0.0883 -0.6491
vn 0.7464 -0.1466 -0.6491
vn 0.7328 -0.2040 -0.6492
vn 0.7147 -0.2602 -0.6492
vn 0.6925 -0.3148 -0.6492
vn 0.6659 -0.3675 -0.6492
vn 0.6355 -0.4180 -0.6492
vn 0.6012 -0.4660 -0.6492
vn 0.5633 -0.5112 -0.6492
vn 0.5221 -0.5533 -0.6491
vn 0.4775 -0.5920 -0.6493
vn 0.4303 -0.6273 -0.6491
vn 0.3804 -0.6589 -0.6490
vn 0.3281 -0.6863 -0.6492
vn 0.2740 -0.7097 -0.6490
vn 0.2182 -0.7287 -0.6492
vn 0.1611 -0.7435 -0.6490
vn 0.1029 -0.7537 -0.6491
vn 0.0442 -0.7594 -0.6491
vn -0.0148 -0.7605 -0.6491
vn -0.0736 -0.7571 -0.6492
vn -0.1321 -0.7491 -0.6492
vn -0.1897 -0.7366 -0.6492
vn -0.2463 -0.7197 -0.6491
vn -0.3013 -0.6984 -0.6492
vn -0.3544 -0.6729 -0.6493
vn -0.4056 -0.6435 -0.6492
vn -0.4542 -0.6101 -0.6492
vn -0.5001 -0.5731 -0.6492
vn -0.5431 -0.5327 -0.6491
vn -0.5828 -0.4890 -0.6490
vn -0.6188 -0.4423 -0.6492
vn -0.6513 -0.3931 -0.6491
vn -0.6798 -0.3414 -0.6491
vn -0.7042 -0.2877 -0.6491
vn -0.7243 -0.2323 -0.6492
vn -0.7402 -0.1754 -0.6491
vn -0.7514 -0.1175 -0.6493
vn -0.7583 -0.0589 -0.6492
vn -0.7607 -0.0000 -0.6491
vn -0.7584 0.0589 -0.6491
vn -0.7514 0.1175 -0.6493
vn -0.7401 0.1754 -0.6493
vn -0.7244 0.2323 -0.6491
vn -0.7041 0.2877 -0.6492
vn -0.6798 0.3414 -0.6491
vn -0.6513 0.3930 -0.6491
vn -0.6188 0.4423 -0.6492
vn -0.5827 0.4889 -0.6492
vn -0.5430 0.5326 -0.6492
vn -0.5002 0.5731 -0.6491
vn -0.4542 0.6101 -0.6492
vn -0.4056 0.6435 -0.6491
vn -0.3545 0.6730 -0.6491
vn -0.3013 0.6985 -0.6491
vn -0.2462 0.7196 -0.6493
vn -0.1897 0.7366 -0.6491
vn -0.1321 0.7491 -0.6491
vn -0.0736 0.7570 -0.6492
vn -0.0147 0.7605 -0.6492
vn 0.0442 0.7594 -0.6491
vn 0.1029 0.7537 -0.6492
vn 0.1610 0.7434 -0.6492
vn 0.2182 0.7288 -0.6491
vn 0.2740 0.7096 -0.6492
vn 0.3281 0.6862 -0.6492
vn 0.3803 0.6587 -0.6492
vn 0.4303 0.6273 -0.6491
vn 0.4775 0.5921 -0.6492
vn 0.5219 0.5532 -0.6493
vn 0.5633 0.5112 -0.6492
vn 0.6012 0.4660 -0.6492
vn 0.6355 0.4180 -0.6492
vn 0.6660 0.3675 -0.6491
vn 0.6924 0.3148 -0.6492
vn 0.7148 0.2601 -0.6492
vn 0.7328 0.2040 -0.6492
vn 0.7464 0.1466 -0.6492
vn 0.7555 0.0883 -0.6491
vn 0.7601 0.0295 -0.6491
vn 0.6492 -0.0252 -0.7602
vn 0.6453 -0.0754 -0.7602
vn 0.6375 -0.1252 -0.7602
vn 0.6259 -0.1742 -0.7602
vn 0.6105 -0.2222 -0.7602
vn 0.5915 -0.2689 -0.7601
vn 0.5689 -0.3139 -0.7601
vn 0.5428 -0.3570 -0.7602
vn 0.5135 -0.3980 -0.7602
vn 0.4812 -0.4367 -0.7600
vn 0.4459 -0.4726 -0.7602
vn 0.4079 -0.5057 -0.7602
vn 0.3675 -0.5358 -0.7602
vn 0.3248 -0.5626 -0.7602
vn 0.2803 -0.5862 -0.7602
vn 0.2340 -0.6061 -0.7602
vn 0.1863 -0.6224 -0.7602
vn 0.1375 -0.6348 -0.7603
vn 0.0879 -0.6438 -0.7601
vn 0.0378 -0.6486 -0.7602
vn -0.0126 -0.6495 -0.7602
vn -0.0629 -0.6466 -0.7602
vn -0.1128 -0.6399 -0.7601
vn -0.1621 -0.6292 -0.7602
vn -0.2104 -0.6148 -0.7601
vn -0.2574 -0.5967 -0.7601
vn -0.3028 -0.5749 -0.7602
vn -0.3465 -0.5497 -0.7601
vn -0.3880 -0.5211 -0.7602
vn -0.4272 -0.4896 -0.7601
vn -0.4638 -0.4549 -0.7602
vn -0.4977 -0.4176 -0.7602
vn -0.5286 -0.3778 -0.7602
vn -0.5563 -0.3357 -0.7602
vn -0.5806 -0.2916 -0.7602
vn -0.6015 -0.2457 -0.7602
vn -0.6187 -0.1984 -0.7602
vn -0.6322 -0.1498 -0.7602
vn -0.6419 -0.1004 -0.7602
vn -0.6478 -0.0503 -0.7601
vn -0.6496 0.0000 -0.7602
vn -0.6477 0.0503 -0.7602
vn -0.6420 0.1004 -0.7601
vn -0.6322 0.1498 -0.7602
vn -0.6187 0.1984 -0.7602
vn -0.6015 0.2457 -0.7601
vn -0.5806 0.2916 -0.7602
vn -0.5562 0.3357 -0.7602
vn -0.5286 0.3778 -0.7602
vn -0.4977 0.4177 -0.7601
vn -0.4639 0.4550 -0.7601
vn -0.4272 0.4895 -0.7602
vn -0.3880 0.5211 -0.7602
vn -0.3464 0.5497 -0.7602
vn -0.3028 0.5748 -0.7602
vn -0.2574 0.5966 -0.7601
vn -0.2103 0.6148 -0.7601
vn -0.1621 0.6292 -0.7602
vn -0.1128 0.6398 -0.7602
vn -0.0629 0.6467 -0.7601
vn -0.0126 0.6496 -0.7602
vn 0.0378 0.6486 -0.7602
vn 0.0879 0.6438 -0.7602
vn 0.1375 0.6350 -0.7602
vn 0.1863 0.6224 -0.7602
vn 0.2340 0.6061 -0.7602
vn 0.2803 0.5862 -0.7602
vn 0.3249 0.5627 -0.7602
vn 0.3675 0.5358 -0.7602
vn 0.4079 0.5057 -0.7602
vn 0.4459 0.4726 -0.7601
vn 0.4812 0.4367 -0.7601
vn 0.5136 0.3980 -0.7601
vn 0.5428 0.3570 -0.7602
vn 0.5688 0.3138 -0.7603
vn 0.5915 0.2689 -0.7602
vn 0.6106 0.2222 -0.7602
vn 0.6260 0.1742 -0.7601
vn 0.6375 0.1252 -0.7602
vn 0.6453 0.0754 -0.7602
vn 0.6492 0.0252 -0.7602
vn 0.5224 -0.0203 -0.8525
vn 0.5192 -0.0607 -0.8525
vn 0.5130 -0.1007 -0.8525
vn 0.5036 -0.1402 -0.8525
vn 0.4913 -0.1788 -0.8524
vn 0.4759 -0.2163 -0.8525
vn 0.4577 -0.2526 -0.8525
vn 0.4368 -0.2873 -0.8524
vn 0.4132 -0.3202 -0.8525
vn 0.3871 -0.3513 -0.8525
vn 0.3587 -0.3803 -0.8525
vn 0.3282 -0.4069 -0.8525
vn 0.2957 -0.4311 -0.8525
vn 0.2614 -0.4527 -0.8525
vn 0.2255 -0.4716 -0.8525
vn 0.1883 -0.4877 -0.8525
vn 0.1500 -0.5009 -0.8524
vn 0.1107 -0.5108 -0.8525
vn 0.0707 -0.5179 -0.8525
vn 0.0304 -0.5220 -0.8524
vn -0.0101 -0.5226 -0.8525
vn -0.0506 -0.5204 -0.8524
vn -0.0908 -0.5148 -0.8525
vn -0.1304 -0.5064 -0.8524
vn -0.1692 -0.4946 -0.8525
vn -0.2071 -0.4801 -0.8524
vn -0.2436 -0.4625 -0.8525
vn -0.2787 -0.4422 -0.8525
vn -0.3122 -0.4194 -0.8524
vn -0.3438 -0.3939 -0.8524
vn -0.3733 -0.3661 -0.8524
vn -0.4005 -0.3361 -0.8524
vn -0.4253 -0.3040 -0.8525
vn -0.4476 -0.2701 -0.8525
vn -0.4672 -0.2346 -0.8525
vn -0.4840 -0.1977 -0.8524
vn -0.4978 -0.1596 -0.8525
vn -0.5087 -0.1206 -0.8525
vn -0.5166 -0.0808 -0.8524
vn -0.5212 -0.0405 -0.8525
vn -0.5228 0.0000 -0.8525
vn -0.5212 0.0405 -0.8525
vn -0.5165 0.0808 -0.8525
vn -0.5087 0.1206 -0.8524
vn -0.4978 0.1596 -0.8525
vn -0.4839 0.1977 -0.8525
vn -0.4672 0.2346 -0.8525
vn -0.4476 0.2702 -0.8524
vn -0.4253 0.3040 -0.8524
vn -0.4005 0.3360 -0.8525
vn -0.3732 0.3661 -0.8525
vn -0.3437 0.3939 -0.8525
vn -0.3122 0.4194 -0.8524
vn -0.2788 0.4423 -0.8524
vn -0.2436 0.4625 -0.8525
vn -0.2071 0.4800 -0.8525
vn -0.1692 0.4947 -0.8524
vn -0.1304 0.5062 -0.8525
vn -0.0908 0.5149 -0.8524
vn -0.0506 0.5203 -0.8525
vn -0.0101 0.5227 -0.8525
vn 0.0304 0.5219 -0.8525
vn 0.0708 0.5180 -0.8525
vn 0.1107 0.5109 -0.8525
vn 0.1499 0.5008 -0.8525
vn 0.1883 0.4878 -0.8524
vn 0.2255 0.4717 -0.8524
vn 0.2614 0.4527 -0.8525
vn 0.2957 0.4311 -0.8525
vn 0.3282 0.4069 -0.8525
vn 0.3588 0.3803 -0.8524
vn 0.3871 0.3513 -0.8525
vn 0.4132 0.3202 -0.8525
vn 0.4368 0.2873 -0.8524
vn 0.4577 0.2526 -0.8525
vn 0.4759 0.2163 -0.8525
vn 0.4912 0.1788 -0.8525
vn 0.5037 0.1402 -0.8524
vn 0.5130 0.1007 -0.8525
vn 0.5193 0.0607 -0.8525
vn 0.5224 0.0203 -0.8525
vn 0.3826 -0.0148 -0.9238
vn 0.3804 -0.0445 -0.9237
vn 0.3758 -0.0738 -0.9238
vn 0.3689 -0.1027 -0.9238
vn 0.3599 -0.1310 -0.9238
vn 0.3486 -0.1585 -0.9238
vn 0.3353 -0.1850 -0.9238
vn 0.3199 -0.2104 -0.9238
vn 0.3027 -0.2346 -0.9238
vn 0.2836 -0.2573 -0.9238
vn 0.2627 -0.2785 -0.9238
vn 0.2405 -0.2981 -0.9238
vn 0.2166 -0.3158 -0.9238
vn 0.1915 -0.3316 -0.9238
vn 0.1652 -0.3455 -0.9238
vn 0.1379 -0.3572 -0.9238
vn 0.1098 -0.3668 -0.9238
vn 0.0811 -0.3743 -0.9238
vn 0.0518 -0.3794 -0.9238
vn 0.0223 -0.3823 -0.9238
vn -0.0074 -0.3828 -0.9238
vn -0.0371 -0.3811 -0.9238
vn -0.0665 -0.3771 -0.9238
vn -0.0955 -0.3708 -0.9238
vn -0.1240 -0.3623 -0.9238
vn -0.1516 -0.3515 -0.9238
vn -0.1785 -0.3388 -0.9238
vn -0.2042 -0.3239 -0.9238
vn -0.2287 -0.3071 -0.9238
vn -0.2518 -0.2885 -0.9238
vn -0.2734 -0.2681 -0.9238
vn -0.2933 -0.2461 -0.9238
vn -0.3115 -0.2227 -0.9238
vn -0.3279 -0.1979 -0.9238
vn -0.3422 -0.1719 -0.9238
vn -0.3544 -0.1448 -0.9238
vn -0.3647 -0.1169 -0.9238
vn -0.3726 -0.0883 -0.9238
vn -0.3783 -0.0592 -0.9238
vn -0.3818 -0.0297 -0.9238
vn -0.3829 0.0000 -0.9238
vn -0.3817 0.0297 -0.9238
vn -0.3783 0.0592 -0.9238
vn -0.3726 0.0883 -0.9238
vn -0.3647 0.1169 -0.9238
vn -0.3545 0.1448 -0.9238
vn -0.3422 0.1719 -0.9238
vn -0.3278 0.1979 -0.9238
vn -0.3115 0.2227 -0.9238
vn -0.2933 0.2461 -0.9238
vn -0.2734 0.2681 -0.9238
vn -0.2518 0.2885 -0.9238
vn -0.2287 0.3072 -0.9238
vn -0.2041 0.3239 -0.9238
vn -0.1785 0.3388 -0.9238
vn -0.1517 0.3516 -0.9238
vn -0.1240 0.3623 -0.9238
vn -0.0955 0.3708 -0.9238
vn -0.0665 0.3771 -0.9238
vn -0.0371 0.3811 -0.9238
vn -0.0074 0.3829 -0.9238
vn 0.0223 0.3823 -0.9238
vn 0.0518 0.3794 -0.9238
vn 0.0811 0.3743 -0.9238
vn 0.1098 0.3668 -0.9238
vn 0.1379 0.3572 -0.9238
vn 0.1652 0.3454 -0.9238
vn 0.1915 0.3317 -0.9237
vn 0.2166 0.3158 -0.9238
vn 0.2404 0.2980 -0.9238
vn 0.2628 0.2785 -0.9238
vn 0.2835 0.2573 -0.9238
vn 0.3027 0.2346 -0.9238
vn 0.3199 0.2104 -0.9238
vn 0.3353 0.1850 -0.9238
vn 0.3486 0.1585 -0.9238
vn 0.3599 0.1310 -0.9238
vn 0.3689 0.1027 -0.9238
vn 0.3758 0.0738 -0.9238
vn 0.3804 0.0445 -0.9238
vn 0.3826 0.0148 -0.9238
vn 0.2335 -0.0091 -0.9723
vn 0.2321 -0.0271 -0.9723
vn 0.2292 -0.0450 -0.9723
vn 0.2250 -0.0626 -0.9723
vn 0.2195 -0.0799 -0.9723
vn 0.2127 -0.0967 -0.9723
vn 0.2046 -0.1129 -0.9723
vn 0.1952 -0.1284 -0.9723
vn 0.1846 -0.1431 -0.9723
vn 0.1730 -0.1570 -0.9723
vn 0.1603 -0.1699 -0.9723
vn 0.1467 -0.1819 -0.9723
vn 0.1321 -0.1926 -0.9723
vn 0.1168 -0.2023 -0.9723
vn 0.1008 -0.2108 -0.9723
vn 0.0841 -0.2179 -0.9723
vn 0.0670 -0.2238 -0.9723
vn 0.0495 -0.2283 -0.9723
vn 0.0316 -0.2315 -0.9723
vn 0.0136 -0.2332 -0.9723
vn -0.0045 -0.2336 -0.9723
vn -0.0226 -0.2326 -0.9723
vn -0.0406 -0.2301 -0.9723
vn -0.0583 -0.2262 -0.9723
vn -0.0756 -0.2210 -0.9723
vn -0.0925 -0.2145 -0.9723
vn -0.1089 -0.2067 -0.9723
vn -0.1246 -0.1976 -0.9723
vn -0.1395 -0.1874 -0.9723
vn -0.1536 -0.1760 -0.9723
vn -0.1667 -0.1635 -0.9724
vn -0.1789 -0.1502 -0.9723
vn -0.1901 -0.1359 -0.9723
vn -0.2000 -0.1207 -0.9723
vn -0.2088 -0.1049 -0.9723
vn -0.2163 -0.0884 -0.9723
vn -0.2225 -0.0713 -0.9723
vn -0.2273 -0.0539 -0.9723
vn -0.2307 -0.0361 -0.9724
vn -0.2329 -0.0181 -0.9723
vn -0.2336 -0.0000 -0.9723
vn -0.2329 0.0181 -0.9723
vn -0.2308 0.0361 -0.9723
vn -0.2273 0.0539 -0.9723
vn -0.2224 0.0713 -0.9723
vn -0.2163 0.0884 -0.9723
vn -0.2088 0.1048 -0.9723
vn -0.2000 0.1207 -0.9723
vn -0.1901 0.1358 -0.9723
vn -0.1790 0.1502 -0.9723
vn -0.1668 0.1636 -0.9723
vn -0.1536 0.1760 -0.9723
vn -0.1395 0.1874 -0.9723
vn -0.1246 0.1976 -0.9723
vn -0.1089 0.2067 -0.9723
vn -0.0925 0.2145 -0.9723
vn -0.0756 0.2211 -0.9723
vn -0.0583 0.2262 -0.9723
vn -0.0406 0.2301 -0.9723
vn -0.0226 0.2325 -0.9723
vn -0.0045 0.2336 -0.9723
vn 0.0136 0.2332 -0.9723
vn 0.0316 0.2315 -0.9723
vn 0.0494 0.2283 -0.9723
vn 0.0670 0.2238 -0.9723
vn 0.0841 0.2179 -0.9723
vn 0.1008 0.2108 -0.9723
vn 0.1168 0.2023 -0.9723
vn 0.1321 0.1927 -0.9723
vn 0.1467 0.1818 -0.9723
vn 0.1603 0.1700 -0.9723
vn 0.1730 0.1570 -0.9723
vn 0.1847 0.1431 -0.9723
vn 0.1952 0.1284 -0.9723
vn 0.2046 0.1129 -0.9723
vn 0.2127 0.0967 -0.9723
vn 0.2195 0.0799 -0.9723
vn 0.2251 0.0627 -0.9723
vn 0.2292 0.0450 -0.9723
vn 0.2320 0.0271 -0.9723
vn 0.2334 0.0091 -0.9723
vn -0.9943 0.0620 -0.0872
vn -0.9789 0.1851 -0.0871
vn -0.9588 0.2704 -0.0872
vn -0.8802 0.4666 -0.0871
vn -0.8357 0.5422 -0.0871
vn -0.7619 0.6418 -0.0872
vn -0.7025 0.7063 -0.0873
vn -0.5377 0.8386 -0.0872
vn -0.4619 0.8826 -0.0872
vn -0.3486 0.9332 -0.0871
vn -0.2652 0.9602 -0.0872
vn -0.1439 0.9857 -0.0871
vn -0.0566 0.9946 -0.0872
vn 0.0310 0.9957 -0.0871
vn 0.1545 0.9841 -0.0871
vn 0.2404 0.9668 -0.0870
vn 0.3586 0.9294 -0.0871
vn 0.4390 0.8943 -0.0870
vn 0.5159 0.8522 -0.0872
vn 0.6178 0.7815 -0.0871
vn 0.6841 0.7242 -0.0873
vn 0.7688 0.6336 -0.0870
vn 0.8215 0.5635 -0.0869
vn 0.9219 0.3775 -0.0871
vn 0.9515 0.2950 -0.0872
vn 0.9808 0.1745 -0.0871
vn 0.9923 0.0876 -0.0871
vn 0.9885 -0.1238 -0.0871
vn 0.9738 -0.2102 -0.0872
vn 0.9401 -0.3295 -0.0871
vn 0.9075 -0.4109 -0.0872
vn 0.8494 -0.5205 -0.0869
vn 0.8004 -0.5932 -0.0870
vn 0.7451 -0.6612 -0.0871
vn 0.6572 -0.7487 -0.0872
vn 0.5888 -0.8035 -0.0872
vn 0.4844 -0.8705 -0.0871
vn 0.4060 -0.9097 -0.0870
vn 0.2049 -0.9749 -0.0871
vn 0.1184 -0.9891 -0.0872
vn -0.0054 -0.9962 -0.0871
vn -0.0929 -0.9919 -0.0871
vn -0.3001 -0.9499 -0.0872
vn -0.3825 -0.9198 -0.0872
vn -0.4938 -0.8652 -0.0872
vn -0.5679 -0.8184 -0.0872
vn -0.7278 -0.6802 -0.0872
vn -0.7848 -0.6136 -0.0871
vn -0.8550 -0.5113 -0.0872
vn -0.8966 -0.4342 -0.0871
vn -0.9436 -0.3194 -0.0871
vn -0.9680 -0.2352 -0.0871
vn -0.9850 -0.1492 -0.0872
vn -0.9959 -0.0257 -0.0871
vn -0.0127 -0.0863 -0.9962
vn -0.0377 -0.2562 -0.9659
vn -0.0616 -0.4184 -0.9062
vn -0.0616 -0.4183 -0.9062
vn -0.0836 -0.5677 -0.8190
vn -0.1030 -0.6998 -0.7068
vn -0.1193 -0.8106 -0.5733
vn -0.1320 -0.8968 -0.4223
vn -0.1320 -0.8967 -0.4224
vn -0.1407 -0.9557 -0.2587
vn 0.0311 -0.0814 -0.9962
vn 0.0925 -0.2419 -0.9659
vn 0.1511 -0.3950 -0.9062
vn 0.2050 -0.5360 -0.8190
vn 0.2527 -0.6607 -0.7069
vn 0.2927 -0.7653 -0.5733
vn 0.3238 -0.8466 -0.4224
vn 0.3451 -0.9022 -0.2586
vn 0.0745 0.0454 -0.9962
vn 0.0744 0.0454 -0.9962
vn 0.2211 0.1349 -0.9659
vn 0.3610 0.2203 -0.9062
vn 0.3609 0.2203 -0.9062
vn 0.4898 0.2989 -0.8190
vn 0.4899 0.2990 -0.8189
vn 0.6038 0.3685 -0.7069
vn 0.6037 0.3684 -0.7070
vn 0.6994 0.4268 -0.5733
vn 0.6994 0.4269 -0.5733
vn 0.7737 0.4722 -0.4223
vn 0.7737 0.4722 -0.4225
vn 0.8245 0.5032 -0.2587
vn -0.0826 0.0282 -0.9962
vn -0.0825 0.0281 -0.9962
vn -0.2451 0.0836 -0.9659
vn -0.4002 0.1365 -0.9062
vn -0.5431 0.1853 -0.8190
vn -0.6695 0.2284 -0.7068
vn -0.7754 0.2645 -0.5734
vn -0.8579 0.2927 -0.4223
vn -0.8579 0.2927 -0.4224
vn -0.9142 0.3119 -0.2587
vn -0.9943 -0.0620 -0.0872
vn -0.9653 -0.0353 -0.2586
vn -0.9653 -0.0353 -0.2587
vn -0.9058 -0.0331 -0.4224
vn -0.8188 -0.0299 -0.5733
vn -0.7069 -0.0258 -0.7069
vn -0.7068 -0.0258 -0.7069
vn -0.5734 -0.0210 -0.8190
vn -0.4226 -0.0154 -0.9062
vn -0.2588 -0.0095 -0.9659
vn -0.2588 -0.0094 -0.9659
vn -0.0867 -0.0095 -0.9962
vn -0.2574 -0.0283 -0.9659
vn -0.4203 -0.0462 -0.9062
vn -0.5703 -0.0627 -0.8190
vn -0.7031 -0.0774 -0.7068
vn -0.8144 -0.0896 -0.5734
vn -0.9010 -0.0991 -0.4223
vn -0.0857 -0.0158 -0.9962
vn -0.2547 -0.0471 -0.9659
vn -0.4158 -0.0768 -0.9062
vn -0.5643 -0.1042 -0.8189
vn -0.6956 -0.1285 -0.7069
vn -0.8057 -0.1488 -0.5733
vn -0.8913 -0.1646 -0.4224
vn -0.9346 -0.2443 -0.2586
vn -0.8770 -0.2293 -0.4223
vn -0.7927 -0.2072 -0.5734
vn -0.6844 -0.1789 -0.7068
vn -0.5552 -0.1451 -0.8190
vn -0.4091 -0.1069 -0.9062
vn -0.2506 -0.0655 -0.9659
vn -0.9313 -0.3536 -0.0871
vn -0.9142 -0.3119 -0.2587
vn -0.8579 -0.2927 -0.4224
vn -0.7754 -0.2645 -0.5734
vn -0.6695 -0.2284 -0.7068
vn -0.5431 -0.1853 -0.8190
vn -0.4002 -0.1365 -0.9062
vn -0.2451 -0.0836 -0.9659
vn -0.0803 -0.0341 -0.9962
vn -0.2383 -0.1013 -0.9659
vn -0.3892 -0.1654 -0.9062
vn -0.5281 -0.2244 -0.8190
vn -0.6510 -0.2767 -0.7069
vn -0.7541 -0.3205 -0.5733
vn -0.8342 -0.3545 -0.4223
vn -0.0776 -0.0399 -0.9962
vn -0.2303 -0.1184 -0.9659
vn -0.3761 -0.1934 -0.9062
vn -0.5104 -0.2624 -0.8189
vn -0.6290 -0.3234 -0.7070
vn -0.7287 -0.3747 -0.5733
vn -0.8061 -0.4144 -0.4224
vn -0.8357 -0.5422 -0.0872
vn -0.8245 -0.5032 -0.2587
vn -0.7737 -0.4722 -0.4223
vn -0.6994 -0.4268 -0.5733
vn -0.6038 -0.3684 -0.7069
vn -0.4898 -0.2989 -0.8190
vn -0.3610 -0.2203 -0.9062
vn -0.2211 -0.1349 -0.9659
vn -0.0709 -0.0508 -0.9962
vn -0.2106 -0.1507 -0.9659
vn -0.3439 -0.2461 -0.9062
vn -0.4667 -0.3339 -0.8190
vn -0.5753 -0.4116 -0.7069
vn -0.6663 -0.4767 -0.5734
vn -0.7372 -0.5274 -0.4224
vn -0.0670 -0.0558 -0.9962
vn -0.1991 -0.1657 -0.9659
vn -0.3250 -0.2705 -0.9062
vn -0.4411 -0.3671 -0.8189
vn -0.5437 -0.4525 -0.7069
vn -0.6298 -0.5241 -0.5734
vn -0.6967 -0.5798 -0.4223
vn -0.7025 -0.7063 -0.0872
vn -0.6954 -0.6705 -0.2586
vn -0.6525 -0.6291 -0.4225
vn -0.5898 -0.5687 -0.5734
vn -0.5092 -0.4910 -0.7069
vn -0.4131 -0.3983 -0.8190
vn -0.3044 -0.2935 -0.9062
vn -0.1865 -0.1798 -0.9659
vn -0.0582 -0.0650 -0.9962
vn -0.1728 -0.1929 -0.9659
vn -0.2822 -0.3149 -0.9062
vn -0.3829 -0.4273 -0.8190
vn -0.4720 -0.5268 -0.7068
vn -0.5468 -0.6102 -0.5733
vn -0.6049 -0.6751 -0.4224
vn -0.6446 -0.7195 -0.2585
vn -0.0533 -0.0690 -0.9962
vn -0.1583 -0.2050 -0.9659
vn -0.2584 -0.3347 -0.9062
vn -0.3507 -0.4542 -0.8189
vn -0.4323 -0.5598 -0.7069
vn -0.5007 -0.6485 -0.5734
vn -0.5540 -0.7175 -0.4223
vn -0.0481 -0.0727 -0.9962
vn -0.1429 -0.2160 -0.9659
vn -0.2333 -0.3526 -0.9062
vn -0.3166 -0.4785 -0.8190
vn -0.3903 -0.5900 -0.7068
vn -0.4521 -0.6834 -0.5733
vn -0.5001 -0.7559 -0.4224
vn -0.4619 -0.8826 -0.0872
vn -0.4728 -0.8424 -0.2586
vn -0.4436 -0.7904 -0.4224
vn -0.4010 -0.7145 -0.5733
vn -0.3462 -0.6168 -0.7069
vn -0.2809 -0.5005 -0.8189
vn -0.2069 -0.3687 -0.9062
vn -0.1268 -0.2259 -0.9659
vn -0.0370 -0.0790 -0.9962
vn -0.1099 -0.2345 -0.9659
vn -0.1795 -0.3829 -0.9062
vn -0.2436 -0.5196 -0.8190
vn -0.3003 -0.6405 -0.7068
vn -0.3478 -0.7418 -0.5734
vn -0.3847 -0.8207 -0.4224
vn -0.0311 -0.0814 -0.9962
vn -0.0925 -0.2419 -0.9659
vn -0.1511 -0.3950 -0.9062
vn -0.2050 -0.5359 -0.8190
vn -0.2527 -0.6607 -0.7069
vn -0.2927 -0.7653 -0.5733
vn -0.3238 -0.8466 -0.4224
vn -0.2652 -0.9602 -0.0872
vn -0.2783 -0.9250 -0.2586
vn -0.2611 -0.8679 -0.4225
vn -0.2360 -0.7846 -0.5733
vn -0.2038 -0.6774 -0.7069
vn -0.1653 -0.5495 -0.8190
vn -0.1218 -0.4049 -0.9062
vn -0.0746 -0.2480 -0.9659
vn -0.0064 -0.0870 -0.9962
vn -0.0189 -0.2583 -0.9659
vn -0.0309 -0.4217 -0.9062
vn -0.0419 -0.5724 -0.8189
vn -0.0516 -0.7054 -0.7069
vn -0.0598 -0.8172 -0.5733
vn -0.0662 -0.9040 -0.4224
vn 0.0310 -0.9957 -0.0872
vn 0.0000 -0.9660 -0.2587
vn -0.0000 -0.9064 -0.4224
vn 0.0000 -0.8194 -0.5733
vn 0.0000 -0.7073 -0.7069
vn 0.0000 -0.5739 -0.8189
vn -0.0000 -0.4228 -0.9062
vn 0.0000 -0.2590 -0.9659
vn 0.0064 -0.0870 -0.9962
vn 0.0189 -0.2583 -0.9659
vn 0.0309 -0.4217 -0.9062
vn 0.0419 -0.5723 -0.8190
vn 0.0516 -0.7055 -0.7068
vn 0.0598 -0.8171 -0.5733
vn 0.0661 -0.9040 -0.4224
vn 0.0127 -0.0863 -0.9962
vn 0.0377 -0.2562 -0.9659
vn 0.0616 -0.4183 -0.9062
vn 0.0835 -0.5677 -0.8190
vn 0.1030 -0.6998 -0.7068
vn 0.1193 -0.8106 -0.5733
vn 0.1320 -0.8968 -0.4224
vn 0.2404 -0.9667 -0.0872
vn 0.2100 -0.9429 -0.2586
vn 0.1971 -0.8847 -0.4225
vn 0.1782 -0.7997 -0.5733
vn 0.1538 -0.6905 -0.7068
vn 0.1248 -0.5601 -0.8190
vn 0.0919 -0.4127 -0.9062
vn 0.0563 -0.2528 -0.9659
vn 0.0370 -0.0790 -0.9962
vn 0.1099 -0.2345 -0.9659
vn 0.1795 -0.3829 -0.9062
vn 0.2436 -0.5196 -0.8189
vn 0.3002 -0.6404 -0.7069
vn 0.3478 -0.7419 -0.5733
vn 0.3847 -0.8207 -0.4223
vn 0.5159 -0.8522 -0.0872
vn 0.4728 -0.8424 -0.2586
vn 0.4436 -0.7904 -0.4224
vn 0.4010 -0.7145 -0.5733
vn 0.3462 -0.6169 -0.7068
vn 0.2809 -0.5004 -0.8190
vn 0.2069 -0.3687 -0.9062
vn 0.1267 -0.2258 -0.9659
vn 0.0481 -0.0727 -0.9962
vn 0.1429 -0.2160 -0.9659
vn 0.2333 -0.3526 -0.9062
vn 0.3167 -0.4786 -0.8189
vn 0.3902 -0.5899 -0.7070
vn 0.4521 -0.6833 -0.5733
vn 0.5001 -0.7559 -0.4224
vn 0.0533 -0.0690 -0.9962
vn 0.1583 -0.2050 -0.9659
vn 0.2584 -0.3347 -0.9062
vn 0.3507 -0.4542 -0.8190
vn 0.4323 -0.5599 -0.7068
vn 0.5007 -0.6485 -0.5733
vn 0.5540 -0.7174 -0.4224
vn 0.6841 -0.7242 -0.0872
vn 0.6446 -0.7195 -0.2585
vn 0.6049 -0.6751 -0.4224
vn 0.5467 -0.6102 -0.5734
vn 0.4721 -0.5269 -0.7068
vn 0.3829 -0.4274 -0.8190
vn 0.2822 -0.3149 -0.9062
vn 0.1728 -0.1929 -0.9659
vn 0.0628 -0.0605 -0.9962
vn 0.1865 -0.1798 -0.9659
vn 0.3044 -0.2935 -0.9062
vn 0.4131 -0.3983 -0.8189
vn 0.5092 -0.4909 -0.7069
vn 0.5899 -0.5687 -0.5733
vn 0.6526 -0.6291 -0.4223
vn 0.0670 -0.0558 -0.9962
vn 0.1991 -0.1657 -0.9659
vn 0.3250 -0.2705 -0.9062
vn 0.4411 -0.3671 -0.8189
vn 0.5437 -0.4525 -0.7069
vn 0.6298 -0.5241 -0.5733
vn 0.6967 -0.5798 -0.4225
vn 0.7856 -0.5621 -0.2587
vn 0.7372 -0.5274 -0.4224
vn 0.6664 -0.4767 -0.5733
vn 0.5752 -0.4115 -0.7070
vn 0.4667 -0.3339 -0.8189
vn 0.3439 -0.2460 -0.9062
vn 0.2106 -0.1507 -0.9659
vn 0.8678 -0.4892 -0.0873
vn 0.8246 -0.5032 -0.2586
vn 0.7737 -0.4722 -0.4224
vn 0.6994 -0.4268 -0.5733
vn 0.6037 -0.3684 -0.7070
vn 0.4899 -0.2989 -0.8189
vn 0.3610 -0.2203 -0.9062
vn 0.2210 -0.1349 -0.9659
vn 0.0775 -0.0399 -0.9962
vn 0.2303 -0.1184 -0.9659
vn 0.3761 -0.1934 -0.9062
vn 0.5103 -0.2624 -0.8190
vn 0.6291 -0.3235 -0.7068
vn 0.7286 -0.3746 -0.5735
vn 0.8061 -0.4145 -0.4223
vn 0.0803 -0.0341 -0.9962
vn 0.2384 -0.1013 -0.9659
vn 0.3891 -0.1653 -0.9062
vn 0.5282 -0.2244 -0.8189
vn 0.6510 -0.2766 -0.7069
vn 0.7541 -0.3205 -0.5732
vn 0.8342 -0.3545 -0.4225
vn 0.9515 -0.2950 -0.0872
vn 0.9143 -0.3119 -0.2585
vn 0.8578 -0.2926 -0.4225
vn 0.7755 -0.2645 -0.5733
vn 0.6694 -0.2284 -0.7069
vn 0.5432 -0.1853 -0.8189
vn 0.4001 -0.1365 -0.9062
vn 0.2451 -0.0836 -0.9659
vn 0.0844 -0.0221 -0.9962
vn 0.2505 -0.0655 -0.9659
vn 0.4091 -0.1070 -0.9062
vn 0.5552 -0.1452 -0.8189
vn 0.6843 -0.1789 -0.7069
vn 0.7927 -0.2072 -0.5734
vn 0.8770 -0.2293 -0.4222
vn 0.0858 -0.0158 -0.9962
vn 0.2546 -0.0470 -0.9659
vn 0.4158 -0.0768 -0.9062
vn 0.5643 -0.1042 -0.8189
vn 0.6955 -0.1285 -0.7070
vn 0.8057 -0.1488 -0.5733
vn 0.8914 -0.1646 -0.4223
vn 0.9923 -0.0876 -0.0871
vn 0.9602 -0.1056 -0.2587
vn 0.9010 -0.0991 -0.4223
vn 0.8145 -0.0896 -0.5733
vn 0.7031 -0.0774 -0.7069
vn 0.5704 -0.0628 -0.8190
vn 0.4203 -0.0463 -0.9062
vn 0.2574 -0.0283 -0.9659
vn 0.0871 -0.0032 -0.9962
vn 0.2588 -0.0095 -0.9659
vn 0.4226 -0.0154 -0.9062
vn 0.5734 -0.0209 -0.8190
vn 0.7070 -0.0258 -0.7068
vn 0.8188 -0.0299 -0.5733
vn 0.9058 -0.0331 -0.4224
vn 0.9653 -0.0353 -0.2588
vn 0.0872 0.0032 -0.9962
vn 0.2588 0.0095 -0.9659
vn 0.4226 0.0154 -0.9062
vn 0.5734 0.0210 -0.8190
vn 0.7069 0.0258 -0.7069
vn 0.8188 0.0299 -0.5733
vn 0.9058 0.0331 -0.4223
vn 0.0867 0.0095 -0.9962
vn 0.2574 0.0283 -0.9659
vn 0.4203 0.0462 -0.9062
vn 0.5705 0.0628 -0.8189
vn 0.7030 0.0774 -0.7070
vn 0.8144 0.0896 -0.5733
vn 0.9010 0.0991 -0.4223
vn 0.9738 0.2102 -0.0873
vn 0.9499 0.1754 -0.2587
vn 0.8914 0.1647 -0.4222
vn 0.8057 0.1488 -0.5734
vn 0.6956 0.1285 -0.7069
vn 0.5643 0.1042 -0.8190
vn 0.4158 0.0768 -0.9062
vn 0.2546 0.0470 -0.9659
vn 0.0843 0.0220 -0.9962
vn 0.2506 0.0655 -0.9659
vn 0.4091 0.1069 -0.9062
vn 0.5553 0.1452 -0.8189
vn 0.6843 0.1789 -0.7069
vn 0.7927 0.2073 -0.5733
vn 0.8769 0.2292 -0.4226
vn 0.0826 0.0282 -0.9962
vn 0.2451 0.0836 -0.9659
vn 0.4002 0.1365 -0.9062
vn 0.5431 0.1853 -0.8190
vn 0.6695 0.2284 -0.7069
vn 0.7755 0.2646 -0.5732
vn 0.8579 0.2927 -0.4224
vn 0.9075 0.4109 -0.0871
vn 0.8890 0.3778 -0.2586
vn 0.8342 0.3545 -0.4223
vn 0.7540 0.3204 -0.5735
vn 0.6511 0.2767 -0.7068
vn 0.5281 0.2244 -0.8190
vn 0.3892 0.1654 -0.9062
vn 0.2384 0.1013 -0.9659
vn 0.0709 0.0507 -0.9962
vn 0.2107 0.1507 -0.9659
vn 0.3439 0.2460 -0.9062
vn 0.4667 0.3339 -0.8190
vn 0.5752 0.4116 -0.7069
vn 0.6664 0.4768 -0.5732
vn 0.7371 0.5274 -0.4225
vn 0.7451 0.6612 -0.0871
vn 0.7424 0.6179 -0.2588
vn 0.6967 0.5799 -0.4223
vn 0.6298 0.5241 -0.5733
vn 0.5437 0.4524 -0.7069
vn 0.4411 0.3671 -0.8189
vn 0.3250 0.2705 -0.9062
vn 0.1991 0.1657 -0.9659
vn 0.0628 0.0605 -0.9962
vn 0.1865 0.1798 -0.9659
vn 0.3044 0.2935 -0.9062
vn 0.4131 0.3982 -0.8190
vn 0.5093 0.4910 -0.7068
vn 0.5898 0.5687 -0.5733
vn 0.6525 0.6291 -0.4225
vn 0.0582 0.0649 -0.9962
vn 0.1728 0.1929 -0.9659
vn 0.2822 0.3150 -0.9062
vn 0.3829 0.4274 -0.8190
vn 0.4721 0.5268 -0.7068
vn 0.5467 0.6102 -0.5734
vn 0.6049 0.6751 -0.4224
vn 0.5888 0.8035 -0.0871
vn 0.5904 0.7645 -0.2588
vn 0.5540 0.7174 -0.4224
vn 0.5008 0.6485 -0.5732
vn 0.4323 0.5598 -0.7069
vn 0.3508 0.4542 -0.8189
vn 0.2584 0.3347 -0.9062
vn 0.1583 0.2050 -0.9659
vn 0.0481 0.0727 -0.9962
vn 0.1429 0.2160 -0.9659
vn 0.2333 0.3526 -0.9062
vn 0.3166 0.4786 -0.8190
vn 0.3903 0.5900 -0.7068
vn 0.4521 0.6833 -0.5734
vn 0.5002 0.7560 -0.4223
vn 0.0427 0.0761 -0.9962
vn 0.1267 0.2258 -0.9659
vn 0.2070 0.3688 -0.9062
vn 0.2809 0.5005 -0.8189
vn 0.3462 0.6168 -0.7069
vn 0.4010 0.7144 -0.5734
vn 0.4437 0.7905 -0.4222
vn 0.4100 0.8746 -0.2587
vn 0.3847 0.8207 -0.4225
vn 0.3478 0.7419 -0.5733
vn 0.3003 0.6405 -0.7068
vn 0.2435 0.5195 -0.8190
vn 0.1795 0.3829 -0.9062
vn 0.1099 0.2345 -0.9659
vn 0.3245 0.9418 -0.0873
vn 0.3451 0.9022 -0.2586
vn 0.3238 0.8467 -0.4223
vn 0.2927 0.7652 -0.5734
vn 0.2527 0.6607 -0.7069
vn 0.2050 0.5359 -0.8190
vn 0.1511 0.3950 -0.9062
vn 0.0925 0.2419 -0.9659
vn 0.0251 0.0835 -0.9962
vn 0.0746 0.2480 -0.9659
vn 0.1218 0.4049 -0.9062
vn 0.1653 0.5496 -0.8189
vn 0.2038 0.6773 -0.7069
vn 0.2361 0.7846 -0.5733
vn 0.2611 0.8680 -0.4224
vn 0.0190 0.0851 -0.9962
vn 0.0563 0.2528 -0.9659
vn 0.0919 0.4127 -0.9062
vn 0.1248 0.5601 -0.8190
vn 0.1538 0.6904 -0.7069
vn 0.1781 0.7997 -0.5733
vn 0.1971 0.8847 -0.4225
vn 0.1184 0.9891 -0.0871
vn 0.1406 0.9557 -0.2586
vn 0.1320 0.8968 -0.4224
vn 0.1193 0.8105 -0.5735
vn 0.1030 0.6998 -0.7068
vn 0.0835 0.5679 -0.8189
vn 0.0616 0.4183 -0.9062
vn 0.0377 0.2562 -0.9659
vn 0.0064 0.0870 -0.9962
vn 0.0189 0.2583 -0.9659
vn 0.0309 0.4217 -0.9062
vn 0.0419 0.5724 -0.8189
vn 0.0516 0.7054 -0.7069
vn 0.0598 0.8172 -0.5732
vn 0.0662 0.9040 -0.4224
vn -0.0000 0.0872 -0.9962
vn -0.0000 0.2590 -0.9659
vn -0.0000 0.4228 -0.9062
vn 0.0000 0.5739 -0.8189
vn 0.0000 0.7073 -0.7070
vn -0.0000 0.8194 -0.5733
vn -0.0000 0.9065 -0.4223
vn -0.0705 0.9634 -0.2586
vn -0.0662 0.9040 -0.4224
vn -0.0598 0.8170 -0.5735
vn -0.0516 0.7055 -0.7069
vn -0.0419 0.5724 -0.8189
vn -0.0309 0.4217 -0.9062
vn -0.0189 0.2583 -0.9659
vn -0.1799 0.9798 -0.0870
vn -0.1407 0.9557 -0.2584
vn -0.1320 0.8967 -0.4224
vn -0.1193 0.8106 -0.5733
vn -0.1030 0.6997 -0.7069
vn -0.0836 0.5677 -0.8190
vn -0.0616 0.4184 -0.9062
vn -0.0377 0.2562 -0.9659
vn -0.0190 0.0851 -0.9962
vn -0.0563 0.2528 -0.9659
vn -0.0919 0.4126 -0.9063
vn -0.1248 0.5603 -0.8188
vn -0.1538 0.6904 -0.7069
vn -0.1781 0.7997 -0.5733
vn -0.1971 0.8846 -0.4226
vn -0.0251 0.0835 -0.9962
vn -0.0746 0.2480 -0.9659
vn -0.1218 0.4050 -0.9062
vn -0.1653 0.5495 -0.8190
vn -0.2038 0.6774 -0.7068
vn -0.2360 0.7846 -0.5734
vn -0.2612 0.8680 -0.4223
vn -0.3825 0.9198 -0.0871
vn -0.3451 0.9023 -0.2585
vn -0.3238 0.8466 -0.4224
vn -0.2927 0.7652 -0.5734
vn -0.2527 0.6607 -0.7068
vn -0.2050 0.5359 -0.8190
vn -0.1511 0.3950 -0.9062
vn -0.0925 0.2419 -0.9659
vn -0.0370 0.0789 -0.9962
vn -0.1099 0.2345 -0.9659
vn -0.1795 0.3829 -0.9062
vn -0.2436 0.5196 -0.8190
vn -0.3002 0.6405 -0.7069
vn -0.3478 0.7418 -0.5734
vn -0.3848 0.8207 -0.4223
vn -0.0427 0.0761 -0.9962
vn -0.1268 0.2259 -0.9659
vn -0.2070 0.3687 -0.9062
vn -0.2808 0.5004 -0.8190
vn -0.3462 0.6169 -0.7068
vn -0.4010 0.7145 -0.5732
vn -0.4436 0.7905 -0.4223
vn -0.5680 0.8184 -0.0871
vn -0.5330 0.8055 -0.2589
vn -0.5002 0.7560 -0.4223
vn -0.4521 0.6833 -0.5733
vn -0.3903 0.5900 -0.7068
vn -0.3166 0.4786 -0.8190
vn -0.2333 0.3527 -0.9062
vn -0.1429 0.2160 -0.9659
vn -0.0533 0.0690 -0.9962
vn -0.1583 0.2050 -0.9659
vn -0.2584 0.3347 -0.9062
vn -0.3507 0.4542 -0.8190
vn -0.4323 0.5599 -0.7068
vn -0.5007 0.6485 -0.5734
vn -0.5540 0.7174 -0.4223
vn -0.5904 0.7646 -0.2585
vn -0.0582 0.0649 -0.9962
vn -0.1728 0.1929 -0.9659
vn -0.2822 0.3149 -0.9062
vn -0.3829 0.4274 -0.8190
vn -0.4720 0.5268 -0.7069
vn -0.5468 0.6103 -0.5732
vn -0.6048 0.6750 -0.4225
vn -0.0628 0.0605 -0.9962
vn -0.1864 0.1797 -0.9659
vn -0.3044 0.2935 -0.9062
vn -0.4131 0.3983 -0.8190
vn -0.5092 0.4909 -0.7069
vn -0.5898 0.5686 -0.5734
vn -0.6526 0.6291 -0.4223
vn -0.7849 0.6135 -0.0871
vn -0.7425 0.6179 -0.2587
vn -0.6967 0.5798 -0.4224
vn -0.6298 0.5241 -0.5733
vn -0.5437 0.4525 -0.7068
vn -0.4410 0.3670 -0.8190
vn -0.3251 0.2705 -0.9062
vn -0.1991 0.1657 -0.9659
vn -0.0709 0.0507 -0.9962
vn -0.2106 0.1507 -0.9659
vn -0.3439 0.2460 -0.9062
vn -0.4667 0.3339 -0.8189
vn -0.5752 0.4115 -0.7069
vn -0.6664 0.4768 -0.5733
vn -0.7372 0.5274 -0.4224
vn -0.0745 0.0454 -0.9962
vn -0.2210 0.1349 -0.9659
vn -0.3610 0.2203 -0.9062
vn -0.4898 0.2989 -0.8190
vn -0.6038 0.3685 -0.7069
vn -0.6994 0.4268 -0.5733
vn -0.7737 0.4722 -0.4224
vn -0.8966 0.4342 -0.0871
vn -0.8591 0.4417 -0.2587
vn -0.8061 0.4145 -0.4223
vn -0.7287 0.3746 -0.5733
vn -0.6291 0.3234 -0.7069
vn -0.5103 0.2624 -0.8190
vn -0.3761 0.1934 -0.9062
vn -0.2303 0.1184 -0.9659
vn -0.0844 0.0221 -0.9962
vn -0.2506 0.0655 -0.9659
vn -0.4091 0.1069 -0.9062
vn -0.5552 0.1451 -0.8190
vn -0.6844 0.1789 -0.7068
vn -0.7927 0.2072 -0.5733
vn -0.8769 0.2293 -0.4224
vn -0.9850 0.1492 -0.0872
vn -0.9499 0.1755 -0.2586
vn -0.8914 0.1646 -0.4223
vn -0.8057 0.1488 -0.5733
vn -0.6956 0.1285 -0.7068
vn -0.5642 0.1042 -0.8190
vn -0.4159 0.0768 -0.9062
vn -0.2546 0.0470 -0.9659
vn -0.0867 0.0095 -0.9962
vn -0.2574 0.0283 -0.9659
vn -0.4203 0.0462 -0.9062
vn -0.5704 0.0628 -0.8190
vn -0.7031 0.0774 -0.7069
vn -0.8144 0.0896 -0.5733
vn -0.9010 0.0991 -0.4224
vn -0.9142 0.4054 -0.0000
vn -0.9027 0.4259 -0.0617
vn -0.8837 0.4681 0.0000
vn -0.8519 0.5237 0.0000
vn -0.9933 0.1099 -0.0370
vn -0.9933 0.1099 -0.0369
vn -0.9987 -0.0502 0.0000
vn -0.9996 -0.0276 -0.0093
vn -0.9997 -0.0227 0.0000
vn -0.9933 -0.1099 -0.0369
vn -0.8879 -0.4440 -0.1205
vn -0.9038 -0.4266 -0.0340
vn -0.8240 -0.5666 -0.0000
vn -0.8616 -0.5076 0.0000
vn -0.5503 -0.8336 -0.0479
vn -0.5459 -0.8356 -0.0610
vn -0.5194 -0.8545 0.0000
vn -0.4178 -0.9085 -0.0000
vn 0.1060 -0.9944 -0.0000
vn 0.0825 -0.9947 -0.0617
vn 0.0364 -0.9993 0.0000
vn -0.0276 -0.9996 0.0000
vn 0.4015 -0.9151 -0.0370
vn 0.4014 -0.9152 -0.0370
vn 0.5428 -0.8399 0.0000
vn 0.5194 -0.8545 -0.0114
vn 0.5918 -0.8052 -0.0369
vn 0.8284 -0.5470 -0.1205
vn 0.8213 -0.5694 -0.0340
vn 0.9027 -0.4303 -0.0000
vn 0.8704 -0.4923 0.0000
vn 0.9971 -0.0598 -0.0479
vn 0.9966 -0.0550 -0.0610
vn 0.9997 -0.0226 0.0000
vn 0.9957 0.0924 -0.0000
vn 0.8081 0.5890 -0.0000
vn 0.8202 0.5688 -0.0618
vn 0.8473 0.5311 0.0000
vn 0.8795 0.4759 0.0000
vn 0.5918 0.8052 -0.0370
vn 0.5918 0.8052 -0.0369
vn 0.5194 0.8544 -0.0114
vn 0.4999 0.8659 -0.0207
vn 0.4014 0.9151 -0.0369
vn 0.0595 0.9909 -0.1205
vn 0.0825 0.9960 -0.0340
vn -0.0787 0.9969 -0.0000
vn -0.0088 1.0000 -0.0000
vn -0.4467 0.8934 -0.0480
vn -0.4507 0.8906 -0.0610
vn -0.4803 0.8771 0.0000
vn -0.5779 0.8161 0.0000
vn 0.9265 -0.3762 -0.0000
vn 0.9622 -0.2722 -0.0000
vn 0.6772 -0.7358 -0.0000
vn 0.1916 -0.9815 -0.0000
vn -0.3507 -0.9365 -0.0000
vn -0.2454 -0.9694 0.0000
vn -0.7891 -0.6143 -0.0000
vn -0.7167 -0.6973 -0.0000
vn -0.9758 -0.2187 -0.0000
vn -0.9458 0.3246 0.0000
vn -0.6358 0.7719 -0.0000
vn -0.7167 0.6973 -0.0000
vn -0.1374 0.9905 -0.0000
vn -0.2454 0.9694 -0.0000
vn 0.2986 0.9544 -0.0000
vn 0.7542 0.6567 -0.0000
vn 0.9864 0.1647 -0.0000
vn 0.9622 0.2722 0.0000
vn 0.8766 -0.4812 0.0000
vn 0.8766 -0.4811 0.0000
vn 0.8894 -0.4532 0.0602
vn 0.8186 -0.5743 0.0000
vn 0.5186 -0.8550 -0.0000
vn 0.5437 -0.8371 0.0602
vn 0.4218 -0.9067 -0.0000
vn 0.0216 -0.9998 0.0000
vn 0.0217 -0.9998 -0.0000
vn 0.0522 -0.9968 0.0602
vn -0.0880 -0.9961 0.0000
vn -0.4812 -0.8766 -0.0000
vn -0.4811 -0.8767 -0.0000
vn -0.4532 -0.8894 0.0602
vn -0.5743 -0.8187 0.0000
vn -0.8550 -0.5186 0.0000
vn -0.8371 -0.5437 0.0602
vn -0.9067 -0.4218 0.0000
vn -0.9998 -0.0216 0.0000
vn -0.9998 -0.0217 0.0000
vn -0.9968 -0.0522 0.0602
vn -0.9961 0.0880 -0.0000
vn -0.8766 0.4812 0.0000
vn -0.8766 0.4811 0.0000
vn -0.8894 0.4532 0.0602
vn -0.8187 0.5743 0.0000
vn -0.5186 0.8550 -0.0000
vn -0.5437 0.8371 0.0602
vn -0.4218 0.9067 0.0000
vn -0.0216 0.9998 0.0000
vn -0.0217 0.9998 0.0000
vn -0.0522 0.9968 0.0602
vn 0.0880 0.9961 0.0000
vn 0.4812 0.8766 0.0000
vn 0.4811 0.8766 0.0000
vn 0.4532 0.8894 0.0602
vn 0.5743 0.8187 -0.0000
vn 0.8550 0.5186 -0.0000
vn 0.8371 0.5437 0.0602
vn 0.9067 0.4218 0.0000
vn 0.9998 0.0216 -0.0000
vn 0.9998 0.0217 0.0000
vn 0.9968 0.0522 0.0602
vn 0.9961 -0.0880 -0.0000
vn -0.9877 -0.1564 0.0000
vn -0.7772 -0.6293 0.0000
vn -0.3584 -0.9336 -0.0000
vn 0.1564 -0.9877 -0.0000
vn 0.6293 -0.7771 0.0000
vn 0.9336 -0.3584 0.0000
vn 0.9877 0.1564 -0.0000
vn 0.7771 0.6293 -0.0000
vn 0.3584 0.9336 0.0000
vn -0.1564 0.9877 0.0000
vn -0.6293 0.7771 -0.0000
vn -0.9336 0.3584 -0.0000
g Propellant_Injector_Propellant_Injector_Default_OBJ
usemtl Default_OBJ
s 1
f 1//1 2//1 3//1
f 3//1 2//1 4//2
f 4//2 2//1 5//1
f 4//2 5//1 6//3
f 3//1 7//3 1//1
f 1//1 7//3 8//1
f 1//1 8//1 9//1
f 9//1 8//1 10//4
f 9//1 10//4 11//1
f 11//1 10//4 12//1
f 11//1 12//1 13//1
f 13//1 12//1 14//1
f 13//1 14//1 15//3
f 15//3 14//1 16//5
f 15//3 16//5 17//1
f 17//1 16//5 18//1
f 17//1 18//1 19//1
f 19//1 18//1 20//1
f 21//6 22//1 23//4
f 23//4 22//1 24//1
f 25//1 26//1 27//1
f 27//1 26//1 28//1
f 27//1 28//1 29//1
f 29//1 28//1 30//1
f 29//1 30//1 31//1
f 31//1 30//1 32//1
f 31//1 32//1 33//7
f 24//1 22//1 34//1
f 34//1 22//1 35//8
f 34//1 35//8 36//1
f 36//1 35//8 37//1
f 36//1 37//1 38//1
f 38//1 37//1 39//1
f 38//1 39//1 25//1
f 25//1 39//1 40//7
f 25//1 40//7 26//1
f 41//3 42//7 43//1
f 44//7 45//1 46//7
f 46//7 45//1 47//1
f 46//7 47//1 48//1
f 48//1 47//1 49//9
f 48//1 49//9 50//1
f 50//1 49//9 51//1
f 50//1 51//1 52//1
f 52//1 51//1 53//1
f 52//1 53//1 54//1
f 54//1 53//1 55//1
f 54//1 55//1 56//1
f 56//1 55//1 57//1
f 56//1 57//1 58//1
f 58//1 57//1 43//1
f 43//1 57//1 59//1
f 43//1 59//1 41//3
f 60//2 61//1 62//1
f 62//1 61//1 63//1
f 63//1 61//1 64//1
f 64//1 61//1 65//10
f 64//1 65//10 66//1
f 66//1 65//10 67//1
f 66//1 67//1 68//1
f 68//1 67//1 69//1
f 68//1 69//1 70//1
f 69//1 71//4 70//1
f 70//1 71//4 72//1
f 70//1 72//1 73//1
f 73//1 72//1 74//3
f 73//1 74//3 75//1
f 75//1 74//3 76//1
f 75//1 76//1 77//4
f 77//4 76//1 78//1
f 79//2 80//1 81//1
f 81//1 80//1 82//1
f 83//3 84//4 85//2
f 85//2 84//4 86//1
f 85//2 86//1 87//1
f 87//1 86//1 88//1
f 87//1 88//1 89//1
f 89//1 88//1 90//1
f 82//1 80//1 91//1
f 91//1 80//1 92//11
f 91//1 92//11 93//1
f 93//1 92//11 94//1
f 93//1 94//1 95//1
f 95//1 94//1 96//1
f 95//1 96//1 90//1
f 90//1 96//1 97//7
f 90//1 97//7 89//1
f 98//1 99//1 100//1
f 100//1 99//1 101//4
f 100//1 101//4 102//2
f 103//4 104//1 105//4
f 105//4 104//1 106//2
f 105//4 106//2 107//1
f 107//1 106//2 108//12
f 107//1 108//12 109//1
f 109//1 108//12 110//1
f 109//1 110//1 111//1
f 111//1 110//1 112//1
f 111//1 112//1 113//1
f 113//1 112//1 114//1
f 113//1 114//1 115//4
f 115//4 114//1 98//1
f 115//4 98//1 116//1
f 116//1 98//1 100//1
f 117//3 118//1 119//1
f 119//1 118//1 120//1
f 121//2 122//1 123//1
f 123//1 122//1 124//1
f 123//1 124//1 125//7
f 125//7 124//1 126//2
f 125//7 126//2 127//1
f 127//1 126//2 128//1
f 120//1 118//1 129//1
f 129//1 118//1 130//13
f 129//1 130//13 131//1
f 131//1 130//13 132//1
f 131//1 132//1 133//1
f 133//1 132//1 134//2
f 133//1 134//2 128//1
f 128//1 134//2 135//2
f 128//1 135//2 127//1
f 136//1 137//4 138//1
f 139//4 140//1 141//1
f 141//1 140//1 142//1
f 141//1 142//1 143//1
f 143//1 142//1 144//1
f 143//1 144//1 145//1
f 145//1 144//1 146//1
f 145//1 146//1 147//1
f 147//1 146//1 148//1
f 148//1 146//1 149//1
f 148//1 149//1 150//2
f 150//2 149//1 151//1
f 150//2 151//1 152//1
f 152//1 151//1 153//14
f 152//1 153//14 138//1
f 138//1 153//14 154//2
f 138//1 154//2 136//1
f 155//1 156//1 157//3
f 157//3 156//1 158//1
f 157//3 158//1 159//1
f 160//1 161//4 162//7
f 162//7 161//4 163//4
f 162//7 163//4 164//1
f 164//1 163//4 165//15
f 164//1 165//15 166//1
f 166//1 165//15 167//1
f 166//1 167//1 168//1
f 168//1 167//1 169//2
f 168//1 169//2 170//7
f 170//7 169//2 171//1
f 170//7 171//1 172//1
f 172//1 171//1 155//1
f 172//1 155//1 173//7
f 173//7 155//1 157//3
f 174//1 175//1 176//1
f 176//1 175//1 177//1
f 176//1 177//1 178//1
f 178//1 177//1 179//3
f 178//1 179//3 180//1
f 180//1 179//3 181//3
f 180//1 181//3 182//4
f 183//4 184//1 185//1
f 185//1 184//1 186//1
f 186//1 184//1 187//1
f 187//1 184//1 188//16
f 187//1 188//16 189//1
f 189//1 188//16 190//1
f 189//1 190//1 191//1
f 191//1 190//1 192//1
f 191//1 192//1 174//1
f 174//1 192//1 193//2
f 174//1 193//2 175//1
f 194//1 195//1 196//1
f 196//1 195//1 197//3
f 197//3 195//1 198//7
f 197//3 198//7 199//1
f 200//1 201//1 202//3
f 202//3 201//1 203//1
f 202//3 203//1 204//1
f 204//1 203//1 205//17
f 204//1 205//17 206//1
f 206//1 205//17 207//1
f 206//1 207//1 208//1
f 208//1 207//1 209//1
f 208//1 209//1 210//1
f 210//1 209//1 211//1
f 210//1 211//1 212//1
f 212//1 211//1 194//1
f 212//1 194//1 213//1
f 213//1 194//1 196//1
f 214//4 215//1 216//1
f 216//1 215//1 217//1
f 218//1 219//1 220//3
f 220//3 219//1 221//1
f 220//3 221//1 222//1
f 222//1 221//1 223//1
f 222//1 223//1 224//1
f 224//1 223//1 225//1
f 217//1 215//1 226//1
f 226//1 215//1 227//18
f 226//1 227//18 228//1
f 228//1 227//18 229//1
f 228//1 229//1 230//1
f 230//1 229//1 231//1
f 230//1 231//1 225//1
f 225//1 231//1 232//19
f 225//1 232//19 224//1
f 233//1 234//1 235//1
f 235//1 234//1 236//1
f 235//1 236//1 237//1
f 238//1 239//7 240//3
f 240//3 239//7 241//7
f 240//3 241//7 242//1
f 242//1 241//7 243//20
f 242//1 243//20 244//1
f 244//1 243//20 245//1
f 244//1 245//1 246//1
f 246//1 245//1 247//7
f 246//1 247//7 248//1
f 248//1 247//7 249//1
f 248//1 249//1 250//1
f 250//1 249//1 233//1
f 250//1 233//1 251//1
f 251//1 233//1 235//1
f 252//2 253//1 254//1
f 254//1 253//1 255//1
f 254//1 255//1 256//1
f 256//1 255//1 257//1
f 256//1 257//1 258//1
f 258//1 257//1 259//1
f 260//21 261//1 262//1
f 262//1 261//1 263//1
f 263//1 261//1 264//1
f 264//1 261//1 265//22
f 264//1 265//22 266//1
f 266//1 265//22 267//1
f 266//1 267//1 268//1
f 268//1 267//1 269//1
f 268//1 269//1 259//1
f 259//1 269//1 270//7
f 259//1 270//7 258//1
f 271//1 272//3 273//1
f 273//1 272//3 274//3
f 273//1 274//3 275//3
f 276//2 277//1 278//3
f 278//3 277//1 279//1
f 278//3 279//1 280//1
f 280//1 279//1 281//23
f 280//1 281//23 282//1
f 282//1 281//23 283//1
f 282//1 283//1 284//1
f 284//1 283//1 285//1
f 284//1 285//1 286//1
f 286//1 285//1 287//1
f 286//1 287//1 288//1
f 288//1 287//1 271//1
f 288//1 271//1 289//1
f 289//1 271//1 273//1
f 290//1 291//1 292//2
f 292//2 291//1 293//1
f 292//2 293//1 294//1
f 292//2 295//1 290//1
f 290//1 295//1 296//1
f 290//1 296//1 297//1
f 297//1 296//1 298//3
f 297//1 298//3 299//1
f 299//1 298//3 300//1
f 299//1 300//1 301//1
f 301//1 300//1 302//1
f 301//1 302//1 303//1
f 303//1 302//1 304//24
f 303//1 304//24 305//1
f 305//1 304//24 306//1
f 305//1 306//1 307//1
f 307//1 306//1 308//2
f 309//25 310//1 311//1
f 311//1 310//1 312//1
f 313//1 314//1 315//1
f 315//1 314//1 316//1
f 315//1 316//1 317//1
f 317//1 316//1 318//1
f 317//1 318//1 319//1
f 319//1 318//1 320//1
f 319//1 320//1 321//25
f 312//1 310//1 322//1
f 322//1 310//1 323//26
f 322//1 323//26 324//1
f 324//1 323//26 325//1
f 324//1 325//1 326//1
f 326//1 325//1 327//3
f 326//1 327//3 313//1
f 313//1 327//3 328//3
f 313//1 328//3 314//1
f 329//1 330//1 331//1
f 331//1 330//1 332//1
f 332//1 330//1 333//1
f 332//1 333//1 334//1
f 335//1 336//3 337//2
f 337//2 336//3 338//3
f 337//2 338//3 339//1
f 339//1 338//3 340//27
f 339//1 340//27 341//1
f 341//1 340//27 342//1
f 341//1 342//1 343//1
f 343//1 342//1 344//1
f 343//1 344//1 345//1
f 345//1 344//1 346//1
f 345//1 346//1 347//1
f 347//1 346//1 329//1
f 347//1 329//1 348//1
f 348//1 329//1 331//1
f 349//1 350//1 351//1
f 351//1 350//1 352//1
f 351//1 352//1 353//1
f 354//1 355//4 356//19
f 356//19 355//4 357//3
f 356//19 357//3 358//3
f 358//3 357//3 359//28
f 358//3 359//28 360//1
f 360//1 359//28 361//1
f 360//1 361//1 362//1
f 362//1 361//1 363//1
f 362//1 363//1 364//1
f 364//1 363//1 365//1
f 364//1 365//1 366//1
f 366//1 365//1 349//1
f 366//1 349//1 367//1
f 367//1 349//1 351//1
f 368//7 369//3 370//1
f 371//1 372//1 373//2
f 373//2 372//1 374//1
f 373//2 374//1 375//1
f 375//1 374//1 376//1
f 375//1 376//1 377//1
f 377//1 376//1 378//1
f 377//1 378//1 379//1
f 379//1 378//1 380//1
f 380//1 378//1 381//7
f 380//1 381//7 382//1
f 382//1 381//7 383//1
f 382//1 383//1 384//1
f 384//1 383//1 385//29
f 384//1 385//29 370//1
f 370//1 385//29 386//1
f 370//1 386//1 368//7
f 387//1 388//1 389//1
f 389//1 388//1 390//1
f 389//1 390//1 391//1
f 392//4 393//3 394//4
f 394//4 393//3 395//7
f 394//4 395//7 396//1
f 396//1 395//7 397//30
f 396//1 397//30 398//1
f 398//1 397//30 399//2
f 398//1 399//2 400//1
f 400//1 399//2 401//1
f 400//1 401//1 402//1
f 402//1 401//1 403//1
f 402//1 403//1 404//1
f 404//1 403//1 387//1
f 404//1 387//1 405//1
f 405//1 387//1 389//1
f 406//3 407//1 408//1
f 408//1 407//1 409//1
f 410//21 411//1 412//1
f 412//1 411//1 413//1
f 412//1 413//1 414//1
f 414//1 413//1 415//1
f 414//1 415//1 416//1
f 416//1 415//1 417//1
f 409//1 407//1 418//1
f 418//1 407//1 419//31
f 418//1 419//31 420//1
f 420//1 419//31 421//1
f 420//1 421//1 422//1
f 422//1 421//1 423//1
f 422//1 423//1 417//1
f 417//1 423//1 424//2
f 417//1 424//2 416//1
f 425//32 426//33 427//32
f 428//32 429//34 430//32
f 431//35 432//32 433//32
f 433//32 432//32 434//32
f 433//32 434//32 435//32
f 436//33 437//32 438//32
f 438//32 437//32 439//32
f 439//32 440//32 438//32
f 438//32 440//32 441//32
f 438//32 441//32 442//32
f 442//32 441//32 443//32
f 442//32 443//32 444//35
f 445//34 446//32 447//32
f 447//32 446//32 448//32
f 447//32 448//32 449//32
f 450//32 451//32 452//32
f 435//32 453//32 433//32
f 433//32 453//32 454//32
f 433//32 454//32 455//32
f 455//32 454//32 456//32
f 455//32 456//32 457//32
f 457//32 456//32 458//32
f 436//33 438//32 459//32
f 459//32 438//32 460//36
f 459//32 460//36 461//32
f 461//32 460//36 462//32
f 461//32 462//32 463//33
f 463//33 462//32 464//35
f 463//33 464//35 458//32
f 458//32 464//35 465//33
f 458//32 465//33 457//32
f 449//32 466//32 447//32
f 447//32 466//32 467//32
f 447//32 467//32 468//32
f 468//32 467//32 469//32
f 468//32 469//32 470//32
f 470//32 469//32 471//32
f 470//32 471//32 472//32
f 472//32 471//32 473//32
f 472//32 473//32 442//32
f 442//32 473//32 474//32
f 442//32 474//32 438//32
f 425//32 427//32 475//37
f 475//37 427//32 452//32
f 475//37 452//32 476//32
f 430//32 432//32 428//32
f 428//32 432//32 431//35
f 428//32 431//35 477//32
f 477//32 431//35 478//32
f 477//32 478//32 479//32
f 479//32 478//32 480//32
f 479//32 480//32 427//32
f 427//32 480//32 481//32
f 427//32 481//32 452//32
f 451//32 482//32 452//32
f 452//32 482//32 483//32
f 452//32 483//32 476//32
f 466//32 484//32 467//32
f 467//32 484//32 485//32
f 467//32 485//32 486//32
f 486//32 485//32 487//32
f 486//32 487//32 488//32
f 488//32 487//32 489//32
f 488//32 489//32 490//32
f 490//32 489//32 491//32
f 490//32 491//32 492//32
f 492//32 491//32 493//32
f 492//32 493//32 494//32
f 494//32 493//32 450//32
f 494//32 450//32 495//32
f 495//32 450//32 452//32
f 496//32 497//32 498//32
f 499//35 500//34 501//32
f 497//32 502//32 498//32
f 498//32 502//32 503//32
f 498//32 503//32 504//32
f 504//32 503//32 505//32
f 504//32 505//32 506//32
f 507//32 508//32 509//32
f 509//32 508//32 510//32
f 509//32 510//32 511//32
f 511//32 512//32 509//32
f 509//32 512//32 513//32
f 509//32 513//32 514//32
f 514//32 513//32 515//32
f 514//32 515//32 516//32
f 516//32 515//32 517//32
f 516//32 517//32 518//32
f 444//35 519//32 520//32
f 520//32 519//32 521//32
f 520//32 521//32 522//32
f 523//32 524//32 525//32
f 525//32 524//32 526//32
f 525//32 526//32 527//37
f 522//32 528//34 520//32
f 520//32 528//34 529//32
f 520//32 529//32 530//32
f 530//32 529//32 531//35
f 530//32 531//35 532//32
f 532//32 531//35 533//32
f 532//32 533//32 534//32
f 534//32 533//32 535//32
f 534//32 535//32 504//32
f 504//32 535//32 536//32
f 504//32 536//32 498//32
f 501//32 508//32 499//35
f 499//35 508//32 507//32
f 499//35 507//32 537//32
f 537//32 507//32 538//32
f 537//32 538//32 539//32
f 539//32 538//32 540//32
f 539//32 540//32 541//32
f 541//32 540//32 542//35
f 541//32 542//35 525//32
f 518//32 517//32 543//32
f 543//32 517//32 544//32
f 543//32 544//32 545//32
f 545//32 544//32 546//32
f 545//32 546//32 547//37
f 547//37 546//32 548//33
f 547//37 548//33 498//32
f 498//32 548//33 549//32
f 498//32 549//32 496//32
f 527//37 550//32 525//32
f 525//32 550//32 551//32
f 525//32 551//32 541//32
f 541//32 551//32 552//32
f 541//32 552//32 429//34
f 528//34 553//32 529//32
f 529//32 553//32 554//32
f 529//32 554//32 555//32
f 555//32 554//32 556//32
f 555//32 556//32 557//32
f 557//32 556//32 558//32
f 557//32 558//32 559//32
f 559//32 558//32 560//32
f 559//32 560//32 561//32
f 561//32 560//32 562//33
f 561//32 562//33 563//32
f 563//32 562//33 523//32
f 563//32 523//32 564//32
f 564//32 523//32 525//32
f 565//34 566//35 567//32
f 565//34 567//32 568//32
f 568//32 567//32 569//32
f 568//32 569//32 570//34
f 571//32 572//32 573//32
f 574//32 575//32 576//32
f 576//32 575//32 577//32
f 576//32 577//32 500//34
f 578//32 579//32 569//32
f 569//32 579//32 580//32
f 569//32 580//32 570//34
f 506//32 581//32 582//32
f 582//32 581//32 583//32
f 582//32 583//32 584//34
f 584//34 585//32 582//32
f 582//32 585//32 586//32
f 582//32 586//32 587//32
f 587//32 586//32 588//32
f 587//32 588//32 589//32
f 589//32 588//32 590//35
f 589//32 590//35 591//32
f 591//32 590//35 592//32
f 591//32 592//32 567//32
f 567//32 592//32 593//32
f 567//32 593//32 569//32
f 594//34 595//32 596//32
f 596//32 595//32 597//32
f 573//32 594//34 571//32
f 571//32 594//34 596//32
f 571//32 596//32 598//32
f 598//32 596//32 599//38
f 598//32 599//38 600//32
f 600//32 599//38 601//32
f 600//32 601//32 602//34
f 602//34 601//32 603//32
f 602//34 603//32 576//32
f 576//32 603//32 604//32
f 576//32 604//32 574//32
f 574//32 604//32 605//32
f 597//32 606//32 596//32
f 596//32 606//32 607//32
f 596//32 607//32 608//32
f 608//32 607//32 609//32
f 608//32 609//32 610//32
f 610//32 609//32 611//32
f 612//37 613//32 604//32
f 604//32 613//32 614//32
f 604//32 614//32 605//32
f 578//32 569//32 615//32
f 615//32 569//32 616//39
f 615//32 616//39 617//32
f 617//32 616//39 618//32
f 617//32 618//32 619//33
f 619//33 618//32 620//32
f 619//33 620//32 611//32
f 611//32 620//32 621//32
f 611//32 621//32 610//32
f 585//32 622//32 586//32
f 586//32 622//32 623//32
f 586//32 623//32 624//32
f 624//32 623//32 625//37
f 624//32 625//37 626//32
f 626//32 625//37 627//32
f 626//32 627//32 628//32
f 628//32 627//32 629//32
f 628//32 629//32 630//32
f 630//32 629//32 631//32
f 630//32 631//32 632//32
f 632//32 631//32 612//37
f 632//32 612//37 633//32
f 633//32 612//37 604//32
f 634//35 572//32 635//34
f 636//32 637//32 638//32
f 638//32 637//32 639//37
f 640//33 641//32 642//32
f 643//32 644//32 645//32
f 634//35 635//34 646//32
f 647//32 648//32 649//32
f 649//32 648//32 650//34
f 647//32 651//32 648//32
f 648//32 651//32 652//32
f 648//32 652//32 653//32
f 653//32 652//32 654//32
f 653//32 654//32 655//40
f 636//32 640//33 637//32
f 637//32 640//33 642//32
f 637//32 642//32 656//32
f 656//32 642//32 657//32
f 656//32 657//32 658//35
f 658//35 657//32 659//32
f 658//35 659//32 660//32
f 660//32 659//32 661//41
f 660//32 661//41 635//34
f 635//34 661//41 645//32
f 635//34 645//32 646//32
f 646//32 645//32 644//32
f 566//35 662//32 663//32
f 663//32 662//32 664//32
f 665//32 666//37 667//32
f 641//32 668//32 642//32
f 642//32 668//32 669//32
f 642//32 669//32 670//32
f 670//32 669//32 671//32
f 670//32 671//32 672//37
f 672//37 671//32 673//32
f 650//34 648//32 674//32
f 674//32 648//32 675//42
f 674//32 675//42 676//35
f 676//35 675//42 677//32
f 676//35 677//32 678//32
f 678//32 677//32 679//35
f 678//32 679//35 673//32
f 673//32 679//35 680//32
f 673//32 680//32 672//37
f 664//32 666//37 663//32
f 663//32 666//37 665//32
f 663//32 665//32 681//32
f 681//32 665//32 682//32
f 681//32 682//32 683//32
f 683//32 682//32 684//32
f 683//32 684//32 685//32
f 685//32 684//32 686//32
f 685//32 686//32 653//32
f 653//32 686//32 687//32
f 653//32 687//32 648//32
f 688//32 689//32 645//32
f 645//32 689//32 690//32
f 645//32 690//32 643//32
f 667//32 691//32 665//32
f 665//32 691//32 692//32
f 665//32 692//32 693//32
f 693//32 692//32 694//33
f 693//32 694//33 695//32
f 695//32 694//33 696//37
f 695//32 696//37 697//32
f 697//32 696//37 698//32
f 697//32 698//32 699//32
f 699//32 698//32 700//32
f 699//32 700//32 701//32
f 701//32 700//32 688//32
f 701//32 688//32 702//32
f 702//32 688//32 645//32
f 703//32 704//33 705//32
f 706//32 707//32 708//32
f 708//32 707//32 709//33
f 703//32 705//32 710//37
f 710//37 705//32 711//32
f 710//37 711//32 712//32
f 713//32 714//37 715//32
f 709//33 716//33 717//32
f 717//32 716//33 718//33
f 717//32 718//33 655//40
f 719//37 720//32 721//32
f 721//32 720//32 722//32
f 721//32 722//32 723//32
f 724//32 725//32 726//32
f 726//32 725//32 727//32
f 726//32 727//32 728//32
f 729//32 730//32 711//32
f 711//32 730//32 731//32
f 711//32 731//32 712//32
f 728//32 732//32 726//32
f 726//32 732//32 733//32
f 726//32 733//32 734//32
f 734//32 733//32 735//32
f 734//32 735//32 639//37
f 706//32 736//32 707//32
f 707//32 736//32 737//37
f 707//32 737//37 738//32
f 738//32 737//37 739//32
f 738//32 739//32 740//32
f 740//32 739//32 741//32
f 740//32 741//32 742//32
f 742//32 741//32 743//32
f 742//32 743//32 744//32
f 744//32 743//32 745//32
f 744//32 745//32 746//32
f 746//32 745//32 724//32
f 746//32 724//32 747//34
f 747//34 724//32 726//32
f 709//33 707//32 716//33
f 716//33 707//32 748//32
f 716//33 748//32 749//32
f 749//32 748//32 750//32
f 749//32 750//32 751//32
f 751//32 750//32 752//32
f 751//32 752//32 705//32
f 705//32 752//32 753//32
f 705//32 753//32 711//32
f 715//32 720//32 713//32
f 713//32 720//32 719//37
f 713//32 719//37 754//32
f 754//32 719//37 755//32
f 754//32 755//32 756//33
f 756//33 755//32 757//32
f 756//33 757//32 734//32
f 734//32 757//32 758//32
f 734//32 758//32 726//32
f 723//32 759//32 721//32
f 721//32 759//32 760//32
f 721//32 760//32 761//32
f 761//32 760//32 762//32
f 761//32 762//32 763//32
f 763//32 762//32 764//32
f 729//32 711//32 765//32
f 765//32 711//32 766//43
f 765//32 766//43 767//34
f 767//34 766//43 768//32
f 767//34 768//32 769//32
f 769//32 768//32 770//32
f 769//32 770//32 764//32
f 764//32 770//32 771//32
f 764//32 771//32 763//32
f 772//32 773//32 774//37
f 775//33 776//34 777//32
f 777//32 776//34 778//37
f 777//32 778//37 779//37
f 780//32 781//32 782//32
f 782//32 781//32 783//32
f 782//32 783//32 784//32
f 785//33 786//44 787//32
f 774//37 788//32 778//37
f 789//32 790//32 791//32
f 791//32 790//32 792//32
f 791//32 792//32 793//32
f 772//32 774//37 794//32
f 794//32 774//37 778//37
f 794//32 778//37 795//37
f 795//37 796//32 794//32
f 794//32 796//32 797//32
f 794//32 797//32 704//33
f 788//32 798//32 778//37
f 778//37 798//32 782//32
f 778//37 782//32 779//37
f 779//37 782//32 784//32
f 773//32 772//32 799//32
f 799//32 772//32 800//32
f 799//32 800//32 801//32
f 793//32 802//32 791//32
f 791//32 802//32 803//32
f 791//32 803//32 804//32
f 804//32 803//32 805//32
f 804//32 805//32 806//32
f 806//32 805//32 807//32
f 780//32 782//32 808//32
f 808//32 782//32 809//45
f 808//32 809//45 810//32
f 810//32 809//45 811//32
f 810//32 811//32 812//32
f 812//32 811//32 813//34
f 812//32 813//34 807//32
f 807//32 813//34 814//32
f 807//32 814//32 806//32
f 787//32 790//32 785//33
f 785//33 790//32 789//32
f 785//33 789//32 815//32
f 815//32 789//32 816//32
f 815//32 816//32 817//32
f 817//32 816//32 818//32
f 817//32 818//32 819//32
f 819//32 818//32 820//32
f 819//32 820//32 821//32
f 822//32 823//32 821//32
f 821//32 823//32 824//32
f 821//32 824//32 825//32
f 825//32 826//32 821//32
f 821//32 826//32 827//32
f 821//32 827//32 819//32
f 819//32 827//32 828//32
f 819//32 828//32 714//37
f 801//32 829//32 799//32
f 799//32 829//32 830//32
f 799//32 830//32 831//32
f 831//32 830//32 832//32
f 831//32 832//32 833//32
f 833//32 832//32 834//35
f 833//32 834//35 835//32
f 835//32 834//35 836//32
f 835//32 836//32 837//32
f 837//32 836//32 838//34
f 837//32 838//34 839//32
f 839//32 838//34 822//32
f 839//32 822//32 840//32
f 840//32 822//32 821//32
f 775//33 841//32 842//32
f 842//32 841//32 843//34
f 844//32 845//32 846//32
f 847//37 848//32 849//32
f 849//32 848//32 850//32
f 849//32 850//32 851//32
f 852//33 853//32 854//32
f 854//32 853//32 855//32
f 854//32 855//32 786//44
f 856//32 857//32 858//32
f 859//34 860//32 861//32
f 861//32 860//32 862//32
f 863//37 864//32 865//32
f 865//32 864//32 866//32
f 867//33 852//33 868//32
f 868//32 852//33 854//32
f 868//32 854//32 869//32
f 869//32 854//32 870//46
f 869//32 870//46 871//32
f 871//32 870//46 872//47
f 871//32 872//47 873//32
f 873//32 872//47 874//48
f 873//32 874//48 861//32
f 861//32 874//48 844//32
f 861//32 844//32 859//34
f 859//34 844//32 846//32
f 866//32 847//37 865//32
f 865//32 847//37 849//32
f 865//32 849//32 875//32
f 875//32 849//32 876//32
f 875//32 876//32 877//32
f 877//32 876//32 878//32
f 877//32 878//32 879//32
f 879//32 878//32 880//35
f 879//32 880//35 881//32
f 881//32 880//35 842//32
f 881//32 842//32 858//32
f 858//32 842//32 843//34
f 858//32 843//34 856//32
f 882//32 883//32 868//32
f 868//32 883//32 884//32
f 868//32 884//32 867//33
f 868//32 885//37 882//32
f 882//32 885//37 886//32
f 882//32 886//32 887//32
f 887//32 886//32 888//32
f 887//32 888//32 889//32
f 889//32 888//32 890//34
f 889//32 890//34 891//35
f 891//35 890//34 892//32
f 891//35 892//32 893//32
f 893//32 892//32 894//49
f 893//32 894//49 895//35
f 895//35 894//49 858//32
f 895//35 858//32 896//32
f 896//32 858//32 857//32
f 862//32 897//32 861//32
f 861//32 897//32 898//32
f 861//32 898//32 899//32
f 899//32 898//32 900//32
f 899//32 900//32 901//32
f 901//32 900//32 902//32
f 863//37 865//32 903//37
f 903//37 865//32 904//50
f 903//37 904//50 905//37
f 905//37 904//50 906//32
f 905//37 906//32 907//32
f 907//32 906//32 908//32
f 907//32 908//32 902//32
f 902//32 908//32 909//32
f 902//32 909//32 901//32
f 910//37 911//32 912//33
f 913//32 914//32 915//32
f 916//32 917//32 918//32
f 918//32 917//32 426//33
f 919//32 920//32 921//32
f 921//32 920//32 922//32
f 910//37 912//33 923//37
f 919//32 924//32 920//32
f 920//32 924//32 925//32
f 920//32 925//32 926//37
f 926//37 925//32 927//32
f 926//37 927//32 445//34
f 928//33 929//32 930//32
f 930//32 929//32 931//32
f 932//32 933//32 934//32
f 933//32 935//32 934//32
f 934//32 935//32 936//32
f 934//32 936//32 937//34
f 937//34 936//32 938//32
f 937//34 938//32 939//32
f 939//32 938//32 940//32
f 922//32 920//32 941//32
f 941//32 920//32 942//51
f 941//32 942//51 943//32
f 943//32 942//51 944//35
f 943//32 944//35 945//32
f 945//32 944//35 946//34
f 945//32 946//34 940//32
f 940//32 946//34 947//32
f 940//32 947//32 939//32
f 916//32 932//32 917//32
f 917//32 932//32 934//32
f 917//32 934//32 948//37
f 948//37 934//32 949//32
f 948//37 949//32 950//37
f 950//37 949//32 951//32
f 950//37 951//32 952//32
f 952//32 951//32 953//52
f 952//32 953//52 912//33
f 912//33 953//52 954//32
f 912//33 954//32 923//37
f 955//34 956//32 954//32
f 954//32 956//32 957//32
f 954//32 957//32 923//37
f 931//32 958//32 930//32
f 930//32 958//32 959//32
f 930//32 959//32 960//32
f 960//32 959//32 961//32
f 960//32 961//32 962//32
f 962//32 961//32 963//32
f 962//32 963//32 964//32
f 964//32 963//32 965//32
f 964//32 965//32 966//32
f 966//32 965//32 967//32
f 966//32 967//32 968//32
f 968//32 967//32 969//32
f 968//32 969//32 970//32
f 970//32 969//32 954//32
f 954//32 969//32 971//32
f 954//32 971//32 955//34
f 915//32 928//33 913//32
f 913//32 928//33 930//32
f 913//32 930//32 972//32
f 972//32 930//32 973//32
f 972//32 973//32 974//32
f 974//32 973//32 975//32
f 974//32 975//32 976//32
f 976//32 975//32 977//32
f 976//32 977//32 926//37
f 926//37 977//32 978//32
f 926//37 978//32 920//32
f 979//33 914//32 980//32
f 979//33 980//32 981//32
f 982//32 911//32 983//33
f 984//34 985//32 986//32
f 986//32 985//32 987//32
f 986//32 987//32 988//33
f 989//33 990//32 991//32
f 991//32 990//32 992//32
f 993//32 994//32 995//32
f 995//32 994//32 996//32
f 997//32 998//32 999//32
f 999//32 998//32 1000//32
f 999//32 1000//32 1001//32
f 1002//32 1003//32 1004//32
f 1005//32 1006//32 1007//32
f 1007//32 1006//32 1008//32
f 1007//32 1008//32 1009//32
f 983//33 993//32 982//32
f 982//32 993//32 995//32
f 982//32 995//32 1010//32
f 1010//32 995//32 1011//53
f 1010//32 1011//53 1012//32
f 1012//32 1011//53 1013//32
f 1012//32 1013//32 1014//32
f 1014//32 1013//32 1015//32
f 1014//32 1015//32 986//32
f 986//32 1015//32 1007//32
f 986//32 1007//32 984//34
f 984//34 1007//32 1009//32
f 996//32 1016//32 995//32
f 995//32 1016//32 1017//32
f 995//32 1017//32 1018//32
f 1018//32 1017//32 1019//32
f 1018//32 1019//32 1020//32
f 1020//32 1019//32 1021//32
f 1001//32 981//32 999//32
f 999//32 981//32 980//32
f 999//32 980//32 1022//32
f 1022//32 980//32 1023//33
f 1022//32 1023//33 1024//32
f 1024//32 1023//33 1025//37
f 1024//32 1025//37 1026//32
f 1026//32 1025//37 1027//32
f 1026//32 1027//32 1028//32
f 1028//32 1027//32 991//32
f 1028//32 991//32 1002//32
f 1002//32 991//32 992//32
f 1002//32 992//32 1003//32
f 997//32 999//32 1029//32
f 1029//32 999//32 1030//54
f 1029//32 1030//54 1031//35
f 1031//35 1030//54 1032//32
f 1031//35 1032//32 1033//35
f 1033//35 1032//32 1034//32
f 1033//35 1034//32 1021//32
f 1021//32 1034//32 1035//32
f 1021//32 1035//32 1020//32
f 1004//32 1036//32 1002//32
f 1002//32 1036//32 1037//32
f 1002//32 1037//32 1038//32
f 1038//32 1037//32 1039//32
f 1038//32 1039//32 1040//32
f 1040//32 1039//32 1041//32
f 1040//32 1041//32 1042//32
f 1042//32 1041//32 1043//32
f 1042//32 1043//32 1044//32
f 1044//32 1043//32 1045//35
f 1044//32 1045//35 1046//32
f 1046//32 1045//35 1005//32
f 1046//32 1005//32 1047//32
f 1047//32 1005//32 1007//32
f 1048//35 1049//32 1050//32
f 1050//32 1049//32 1051//32
f 1052//33 988//33 1053//32
f 1054//32 1055//32 1056//32
f 1057//32 1058//32 1059//32
f 1059//32 1058//32 1060//32
f 1059//32 1060//32 1061//32
f 1062//32 1063//33 1064//32
f 1064//32 1063//33 1065//32
f 1064//32 1065//32 1066//32
f 1056//32 1067//32 1054//32
f 1054//32 1067//32 1068//32
f 1054//32 1068//32 1069//32
f 1069//32 1068//32 1070//32
f 1069//32 1070//32 1071//32
f 1071//32 1070//32 1072//32
f 1071//32 1072//32 1073//32
f 1073//32 1072//32 1074//32
f 1073//32 1074//32 1075//32
f 1075//32 1074//32 1076//32
f 1075//32 1076//32 1077//32
f 1077//32 1076//32 1057//32
f 1077//32 1057//32 1078//32
f 1078//32 1057//32 1059//32
f 1079//32 1080//32 1081//32
f 1081//32 1080//32 1082//32
f 1081//32 1082//32 1083//32
f 1083//32 1082//32 1084//32
f 1083//32 1084//32 1085//32
f 1085//32 1084//32 1086//35
f 1085//32 1086//35 1087//32
f 1087//32 1086//35 1050//32
f 1087//32 1050//32 1054//32
f 1054//32 1050//32 1051//32
f 1054//32 1051//32 1055//32
f 1066//32 1088//32 1064//32
f 1064//32 1088//32 1089//32
f 1064//32 1089//32 1090//32
f 1090//32 1089//32 1091//32
f 1090//32 1091//32 1092//32
f 1092//32 1091//32 1093//32
f 1079//32 1094//55 1095//35
f 1096//32 1097//32 1080//32
f 1080//32 1097//32 1098//32
f 1080//32 1098//32 989//33
f 1061//32 1099//32 1059//32
f 1059//32 1099//32 1100//34
f 1059//32 1100//34 1101//32
f 1101//32 1100//34 1102//32
f 1101//32 1102//32 1103//32
f 1095//35 1094//55 1104//35
f 1104//35 1094//55 1105//32
f 1104//35 1105//32 1106//35
f 1106//35 1105//32 1107//32
f 1106//35 1107//32 1093//32
f 1093//32 1107//32 1108//32
f 1093//32 1108//32 1092//32
f 1053//32 1063//33 1052//33
f 1052//33 1063//33 1062//32
f 1052//33 1062//32 1109//32
f 1109//32 1062//32 1110//32
f 1109//32 1110//32 1111//32
f 1111//32 1110//32 1112//32
f 1111//32 1112//32 1101//32
f 1101//32 1112//32 1113//32
f 1101//32 1113//32 1059//32
f 1095//35 1114//32 1079//32
f 1079//32 1114//32 1115//32
f 1079//32 1115//32 1080//32
f 1080//32 1115//32 1116//32
f 1080//32 1116//32 1096//32
f 1117//32 1118//35 1119//32
f 1120//32 1121//32 1122//32
f 1122//32 1121//32 1123//32
f 1124//32 1125//32 1126//32
f 1127//32 1103//32 1128//32
f 1129//35 1130//32 1131//32
f 1131//32 1130//32 1132//32
f 1131//32 1132//32 1048//35
f 1133//32 1134//32 1135//32
f 1133//32 1131//32 1136//32
f 1136//32 1131//32 1137//32
f 1136//32 1137//32 1138//32
f 1138//32 1137//32 1139//32
f 1138//32 1139//32 1140//32
f 1140//32 1139//32 1141//32
f 1140//32 1141//32 1142//32
f 1142//32 1141//32 1122//32
f 1142//32 1122//32 1124//32
f 1124//32 1122//32 1123//32
f 1124//32 1123//32 1125//32
f 1143//35 1144//32 1145//32
f 1145//32 1144//32 1146//32
f 1145//32 1146//32 1147//32
f 1133//32 1135//32 1131//32
f 1131//32 1135//32 1148//34
f 1131//32 1148//34 1129//35
f 1117//32 1119//32 1149//34
f 1149//34 1119//32 1150//32
f 1149//34 1150//32 1151//34
f 1152//37 1153//32 1150//32
f 1153//32 1154//32 1150//32
f 1150//32 1154//32 1155//32
f 1150//32 1155//32 1151//34
f 1128//32 1144//32 1127//32
f 1127//32 1144//32 1143//35
f 1127//32 1143//35 1156//32
f 1156//32 1143//35 1157//32
f 1156//32 1157//32 1158//32
f 1158//32 1157//32 1159//32
f 1158//32 1159//32 1119//32
f 1119//32 1159//32 1160//35
f 1119//32 1160//35 1150//32
f 1126//32 1161//32 1124//32
f 1124//32 1161//32 1162//32
f 1124//32 1162//32 1163//32
f 1163//32 1162//32 1164//32
f 1163//32 1164//32 1165//32
f 1165//32 1164//32 1166//33
f 1165//32 1166//33 1167//32
f 1167//32 1166//33 1168//32
f 1167//32 1168//32 1169//32
f 1169//32 1168//32 1170//32
f 1169//32 1170//32 1171//32
f 1171//32 1170//32 1152//37
f 1171//32 1152//37 1172//32
f 1172//32 1152//37 1150//32
f 1147//32 1173//32 1145//32
f 1145//32 1173//32 1174//32
f 1145//32 1174//32 1175//32
f 1175//32 1174//32 1176//32
f 1175//32 1176//32 1177//32
f 1177//32 1176//32 1178//32
f 1134//32 1133//32 1179//32
f 1179//32 1133//32 1180//56
f 1179//32 1180//56 1181//32
f 1181//32 1180//56 1182//32
f 1181//32 1182//32 1183//37
f 1183//37 1182//32 1184//32
f 1183//37 1184//32 1178//32
f 1178//32 1184//32 1185//32
f 1178//32 1185//32 1177//32
f 851//32 1186//32 1187//32
f 1187//32 1186//32 1188//32
f 1189//32 845//32 1190//34
f 1191//33 1192//32 1193//32
f 1193//32 1192//32 1194//32
f 1118//35 1195//32 1196//35
f 1196//35 1195//32 1197//32
f 1198//33 1199//32 1200//32
f 1189//32 1190//34 1201//32
f 1199//32 1202//32 1200//32
f 1200//32 1202//32 1203//32
f 1200//32 1203//32 1120//32
f 1204//32 1205//37 1206//32
f 1207//32 1208//35 1209//32
f 1210//34 1211//32 1212//32
f 1206//32 1198//33 1204//32
f 1204//32 1198//33 1200//32
f 1204//32 1200//32 1213//32
f 1213//32 1200//32 1214//32
f 1213//32 1214//32 1215//32
f 1215//32 1214//32 1216//34
f 1215//32 1216//34 1217//32
f 1217//32 1216//34 1218//32
f 1217//32 1218//32 1219//32
f 1219//32 1218//32 1187//32
f 1219//32 1187//32 1207//32
f 1207//32 1187//32 1188//32
f 1207//32 1188//32 1208//35
f 1209//32 1220//32 1207//32
f 1207//32 1220//32 1221//32
f 1207//32 1221//32 1222//32
f 1222//32 1221//32 1223//32
f 1222//32 1223//32 1224//32
f 1224//32 1223//32 1225//32
f 1224//32 1225//32 1226//32
f 1226//32 1225//32 1227//32
f 1226//32 1227//32 1228//32
f 1228//32 1227//32 1229//32
f 1228//32 1229//32 1230//32
f 1230//32 1229//32 1231//37
f 1230//32 1231//37 1232//32
f 1232//32 1231//37 1193//32
f 1193//32 1231//37 1233//32
f 1193//32 1233//32 1191//33
f 1197//32 1210//34 1196//35
f 1196//35 1210//34 1212//32
f 1196//35 1212//32 1234//34
f 1234//34 1212//32 1235//32
f 1234//34 1235//32 1236//32
f 1236//32 1235//32 1237//32
f 1236//32 1237//32 1238//32
f 1238//32 1237//32 1239//57
f 1238//32 1239//57 1190//34
f 1190//34 1239//57 1193//32
f 1190//34 1193//32 1201//32
f 1201//32 1193//32 1194//32
f 1211//32 1240//32 1212//32
f 1212//32 1240//32 1241//32
f 1212//32 1241//32 1242//32
f 1242//32 1241//32 1243//32
f 1242//32 1243//32 1244//32
f 1244//32 1243//32 1245//32
f 1205//37 1204//32 1246//32
f 1246//32 1204//32 1247//58
f 1246//32 1247//58 1248//33
f 1248//33 1247//58 1249//32
f 1248//33 1249//32 1250//32
f 1250//32 1249//32 1251//37
f 1250//32 1251//37 1245//32
f 1245//32 1251//37 1252//32
f 1245//32 1252//32 1244//32
f 1253//59 903//37 1254//60
f 1254//60 903//37 905//37
f 1254//60 905//37 1255//61
f 1255//61 905//37 907//32
f 1255//61 907//32 1256//62
f 1256//62 907//32 902//32
f 1256//62 902//32 1257//63
f 1257//63 902//32 900//32
f 1257//63 900//32 1258//64
f 1258//64 900//32 898//32
f 1258//64 898//32 1259//65
f 1259//65 898//32 897//32
f 1259//65 897//32 1260//66
f 1260//66 897//32 862//32
f 1260//66 862//32 1261//67
f 1261//67 862//32 860//32
f 1261//67 860//32 1262//68
f 1262//68 860//32 859//34
f 1262//68 859//34 1263//69
f 1263//69 859//34 846//32
f 1263//69 846//32 1264//70
f 1264//70 846//32 845//32
f 1264//70 845//32 1265//71
f 1265//71 845//32 1189//32
f 1265//71 1189//32 1266//72
f 1266//72 1189//32 1201//32
f 1266//72 1201//32 1267//73
f 1267//73 1201//32 1194//32
f 1267//73 1194//32 1268//74
f 1268//74 1194//32 1192//32
f 1268//74 1192//32 1269//75
f 1269//75 1192//32 1191//33
f 1269//75 1191//33 1270//76
f 1270//76 1191//33 1233//32
f 1270//76 1233//32 1271//77
f 1271//77 1233//32 1231//37
f 1271//77 1231//37 1272//78
f 1272//78 1231//37 1229//32
f 1272//78 1229//32 1273//79
f 1273//79 1229//32 1227//32
f 1273//79 1227//32 1274//80
f 1274//80 1227//32 1225//32
f 1274//80 1225//32 1275//81
f 1275//81 1225//32 1223//32
f 1275//81 1223//32 1276//82
f 1276//82 1223//32 1221//32
f 1276//82 1221//32 1277//83
f 1277//83 1221//32 1220//32
f 1277//83 1220//32 1278//84
f 1278//84 1220//32 1209//32
f 1278//84 1209//32 1279//85
f 1279//85 1209//32 1208//35
f 1279//85 1208//35 1280//86
f 1280//86 1208//35 1188//32
f 1280//86 1188//32 1281//87
f 1281//87 1188//32 1186//32
f 1281//87 1186//32 1282//88
f 1282//88 1186//32 851//32
f 1282//88 851//32 1283//89
f 1283//89 851//32 850//32
f 1283//89 850//32 1284//90
f 1284//90 850//32 848//32
f 1284//90 848//32 1285//91
f 1285//91 848//32 847//37
f 1285//91 847//37 1286//92
f 1286//92 847//37 866//32
f 1286//92 866//32 1287//93
f 1287//93 866//32 864//32
f 1287//93 864//32 1288//94
f 1288//94 864//32 863//37
f 1288//94 863//37 1253//59
f 1253//59 863//37 903//37
f 1289//32 1280//86 1290//32
f 1290//32 1280//86 1281//87
f 1290//32 1281//87 1291//32
f 1291//32 1281//87 1282//88
f 1291//32 1282//88 1292//32
f 1292//32 1282//88 1283//89
f 1292//32 1283//89 1293//32
f 1293//32 1283//89 1284//90
f 1293//32 1284//90 1294//32
f 1294//32 1284//90 1285//91
f 1294//32 1285//91 1295//32
f 1295//32 1285//91 1286//92
f 1295//32 1286//92 1296//32
f 1296//32 1286//92 1287//93
f 1296//32 1287//93 1297//32
f 1297//32 1287//93 1288//94
f 1297//32 1288//94 1298//32
f 1298//32 1288//94 1253//59
f 1298//32 1253//59 1299//32
f 1299//32 1253//59 1254//60
f 1299//32 1254//60 1300//32
f 1300//32 1254//60 1255//61
f 1300//32 1255//61 1301//32
f 1301//32 1255//61 1256//62
f 1301//32 1256//62 1302//32
f 1302//32 1256//62 1257//63
f 1302//32 1257//63 1303//32
f 1303//32 1257//63 1258//64
f 1303//32 1258//64 1304//32
f 1304//32 1258//64 1259//65
f 1304//32 1259//65 1305//35
f 1305//35 1259//65 1260//66
f 1305//35 1260//66 1306//32
f 1306//32 1260//66 1261//67
f 1306//32 1261//67 1307//32
f 1307//32 1261//67 1262//68
f 1307//32 1262//68 1308//32
f 1308//32 1262//68 1263//69
f 1308//32 1263//69 1309//32
f 1309//32 1263//69 1264//70
f 1309//32 1264//70 1310//32
f 1310//32 1264//70 1265//71
f 1310//32 1265//71 1311//32
f 1311//32 1265//71 1266//72
f 1311//32 1266//72 1312//32
f 1312//32 1266//72 1267//73
f 1312//32 1267//73 1313//32
f 1313//32 1267//73 1268//74
f 1313//32 1268//74 1314//37
f 1314//37 1268//74 1269//75
f 1314//37 1269//75 1315//37
f 1315//37 1269//75 1270//76
f 1315//37 1270//76 1316//32
f 1316//32 1270//76 1271//77
f 1316//32 1271//77 1317//32
f 1317//32 1271//77 1272//78
f 1317//32 1272//78 1318//32
f 1318//32 1272//78 1273//79
f 1318//32 1273//79 1319//32
f 1319//32 1273//79 1274//80
f 1319//32 1274//80 1320//32
f 1320//32 1274//80 1275//81
f 1320//32 1275//81 1321//32
f 1321//32 1275//81 1276//82
f 1321//32 1276//82 1322//32
f 1322//32 1276//82 1277//83
f 1322//32 1277//83 1323//32
f 1323//32 1277//83 1278//84
f 1323//32 1278//84 1324//32
f 1324//32 1278//84 1279//85
f 1324//32 1279//85 1289//32
f 1289//32 1279//85 1280//86
f 1315//37 321//25 1314//37
f 1314//37 321//25 1325//95
f 1314//37 1325//95 1313//32
f 1313//32 1325//95 1326//93
f 1313//32 1326//93 1312//32
f 1312//32 1326//93 1327//96
f 1312//32 1327//96 1311//32
f 1311//32 1327//96 1328//91
f 1311//32 1328//91 1310//32
f 1310//32 1328//91 1329//97
f 1310//32 1329//97 1309//32
f 1309//32 1329//97 1330//98
f 1309//32 1330//98 1308//32
f 1308//32 1330//98 1331//99
f 1308//32 1331//99 1307//32
f 1307//32 1331//99 1332//100
f 1307//32 1332//100 1306//32
f 1332//100 1333//86 1306//32
f 1306//32 1333//86 334//1
f 1306//32 334//1 1305//35
f 1305//35 334//1 333//1
f 1305//35 333//1 1304//32
f 1304//32 333//1 330//1
f 1304//32 330//1 1303//32
f 1303//32 330//1 329//1
f 1303//32 329//1 1302//32
f 1302//32 329//1 346//1
f 1302//32 346//1 1301//32
f 1301//32 346//1 344//1
f 1301//32 344//1 1300//32
f 1300//32 344//1 342//1
f 1300//32 342//1 1299//32
f 1299//32 342//1 340//27
f 1299//32 340//27 1298//32
f 1298//32 340//27 338//3
f 1298//32 338//3 1297//32
f 338//3 336//3 1297//32
f 1297//32 336//3 335//1
f 1297//32 335//1 1296//32
f 1296//32 335//1 1334//101
f 1296//32 1334//101 1295//32
f 1295//32 1334//101 1335//75
f 1295//32 1335//75 1294//32
f 1294//32 1335//75 1336//74
f 1294//32 1336//74 1293//32
f 1293//32 1336//74 1337//73
f 1293//32 1337//73 1292//32
f 1292//32 1337//73 1338//102
f 1292//32 1338//102 1291//32
f 1291//32 1338//102 1339//103
f 1291//32 1339//103 1290//32
f 1290//32 1339//103 1340//70
f 1290//32 1340//70 1289//32
f 1289//32 1340//70 1341//104
f 1289//32 1341//104 1324//32
f 1341//104 1342//68 1324//32
f 1324//32 1342//68 309//25
f 1324//32 309//25 1323//32
f 1323//32 309//25 311//1
f 1323//32 311//1 1322//32
f 1322//32 311//1 312//1
f 1322//32 312//1 1321//32
f 1321//32 312//1 322//1
f 1321//32 322//1 1320//32
f 1320//32 322//1 324//1
f 1320//32 324//1 1319//32
f 1319//32 324//1 326//1
f 1319//32 326//1 1318//32
f 1318//32 326//1 313//1
f 1318//32 313//1 1317//32
f 1317//32 313//1 315//1
f 1317//32 315//1 1316//32
f 1316//32 315//1 317//1
f 1316//32 317//1 1315//37
f 1315//37 317//1 319//1
f 1315//37 319//1 321//25
f 1343//105 1344//105 1156//32
f 1345//106 1346//107 1014//32
f 1347//108 714//37 1348//108
f 1348//108 714//37 713//32
f 1348//108 713//32 1349//109
f 1349//109 713//32 754//32
f 1349//109 754//32 1350//110
f 1350//110 754//32 1351//111
f 1352//112 1353//112 734//32
f 734//32 1353//112 1354//113
f 734//32 1354//113 756//33
f 756//33 1354//113 1355//114
f 756//33 1355//114 754//32
f 754//32 1355//114 1356//115
f 754//32 1356//115 1351//111
f 1352//112 734//32 1357//116
f 1357//116 734//32 639//37
f 1357//116 639//37 1358//117
f 1358//117 639//37 637//32
f 1358//117 637//32 1359//118
f 1359//118 637//32 1360//119
f 1360//119 637//32 656//32
f 1360//119 656//32 1361//120
f 1361//120 656//32 1362//121
f 1362//121 656//32 658//35
f 1362//121 658//35 1363//122
f 660//32 1364//123 658//35
f 658//35 1364//123 1365//124
f 658//35 1365//124 1363//122
f 635//34 1366//125 660//32
f 660//32 1366//125 1367//126
f 660//32 1367//126 1364//123
f 571//32 1368//127 572//32
f 572//32 1368//127 1369//128
f 572//32 1369//128 635//34
f 635//34 1369//128 1370//129
f 635//34 1370//129 1366//125
f 598//32 1371//130 571//32
f 571//32 1371//130 1372//131
f 571//32 1372//131 1368//127
f 1373//132 1374//132 600//32
f 600//32 1374//132 1375//133
f 600//32 1375//133 598//32
f 598//32 1375//133 1376//134
f 598//32 1376//134 1371//130
f 1373//132 600//32 1377//135
f 1377//135 600//32 602//34
f 1377//135 602//34 1378//136
f 1378//136 602//34 576//32
f 1378//136 576//32 1379//137
f 499//35 1380//138 500//34
f 500//34 1380//138 1381//139
f 500//34 1381//139 576//32
f 576//32 1381//139 1382//140
f 576//32 1382//140 1379//137
f 537//32 1383//141 499//35
f 499//35 1383//141 1384//142
f 499//35 1384//142 1380//138
f 1385//143 1386//143 539//32
f 539//32 1386//143 1387//144
f 539//32 1387//144 537//32
f 537//32 1387//144 1388//145
f 537//32 1388//145 1383//141
f 1385//143 539//32 1389//146
f 1389//146 539//32 541//32
f 1389//146 541//32 1390//147
f 1390//147 541//32 1391//148
f 1391//148 541//32 429//34
f 1391//148 429//34 1392//149
f 1393//150 1394//151 477//32
f 477//32 1394//151 1395//152
f 477//32 1395//152 428//32
f 428//32 1395//152 1396//153
f 428//32 1396//153 429//34
f 429//34 1396//153 1397//154
f 429//34 1397//154 1392//149
f 479//32 1398//155 477//32
f 477//32 1398//155 1399//156
f 477//32 1399//156 1393//150
f 427//32 1400//157 479//32
f 479//32 1400//157 1401//158
f 479//32 1401//158 1398//155
f 1402//159 1403//159 948//37
f 948//37 1403//159 1404//160
f 948//37 1404//160 917//32
f 917//32 1404//160 1405//161
f 917//32 1405//161 426//33
f 426//33 1405//161 1406//162
f 426//33 1406//162 427//32
f 427//32 1406//162 1407//163
f 427//32 1407//163 1400//157
f 1402//159 948//37 1408//164
f 1408//164 948//37 950//37
f 1408//164 950//37 1409//165
f 952//32 1410//166 950//37
f 950//37 1410//166 1411//167
f 950//37 1411//167 1409//165
f 912//33 1412//168 952//32
f 952//32 1412//168 1413//169
f 952//32 1413//169 1410//166
f 1414//170 1415//170 1010//32
f 1010//32 1415//170 1416//171
f 1010//32 1416//171 982//32
f 982//32 1416//171 1417//172
f 982//32 1417//172 911//32
f 911//32 1417//172 1418//173
f 911//32 1418//173 912//33
f 912//33 1418//173 1419//174
f 912//33 1419//174 1412//168
f 1414//170 1010//32 1420//175
f 1420//175 1010//32 1012//32
f 1420//175 1012//32 1421//176
f 1014//32 1346//107 1012//32
f 1012//32 1346//107 1422//177
f 1012//32 1422//177 1421//176
f 1345//106 1014//32 1423//178
f 1423//178 1014//32 986//32
f 1423//178 986//32 1424//179
f 1424//179 986//32 1425//180
f 1425//180 986//32 988//33
f 1425//180 988//33 1426//181
f 1426//181 988//33 1052//33
f 1426//181 1052//33 1427//182
f 1427//182 1052//33 1109//32
f 1427//182 1109//32 1428//183
f 1111//32 1429//184 1109//32
f 1109//32 1429//184 1430//185
f 1109//32 1430//185 1428//183
f 1431//186 1432//186 1101//32
f 1101//32 1432//186 1433//187
f 1101//32 1433//187 1111//32
f 1111//32 1433//187 1434//188
f 1111//32 1434//188 1429//184
f 1431//186 1101//32 1435//189
f 1435//189 1101//32 1103//32
f 1435//189 1103//32 1436//190
f 1344//105 1437//191 1156//32
f 1156//32 1437//191 1438//192
f 1156//32 1438//192 1127//32
f 1127//32 1438//192 1439//193
f 1127//32 1439//193 1103//32
f 1103//32 1439//193 1440//194
f 1103//32 1440//194 1436//190
f 1343//105 1156//32 1441//195
f 1441//195 1156//32 1158//32
f 1441//195 1158//32 1442//196
f 1442//196 1158//32 1119//32
f 1442//196 1119//32 1443//197
f 1196//35 1444//198 1118//35
f 1118//35 1444//198 1445//199
f 1118//35 1445//199 1119//32
f 1119//32 1445//199 1446//200
f 1119//32 1446//200 1443//197
f 1234//34 1447//201 1196//35
f 1196//35 1447//201 1448//202
f 1196//35 1448//202 1444//198
f 1449//203 1450//203 1236//32
f 1236//32 1450//203 1451//204
f 1236//32 1451//204 1234//34
f 1234//34 1451//204 1452//205
f 1234//34 1452//205 1447//201
f 1449//203 1236//32 1453//206
f 1453//206 1236//32 1238//32
f 1453//206 1238//32 1454//207
f 1454//207 1238//32 1190//34
f 1454//207 1190//34 1455//208
f 1456//209 1457//209 874//48
f 874//48 1457//209 1458//210
f 874//48 1458//210 844//32
f 844//32 1458//210 1459//211
f 844//32 1459//211 845//32
f 845//32 1459//211 1460//212
f 845//32 1460//212 1190//34
f 1190//34 1460//212 1461//213
f 1190//34 1461//213 1455//208
f 1456//209 874//48 1462//214
f 1462//214 874//48 872//47
f 1462//214 872//47 1463//215
f 1464//216 1465//217 854//32
f 854//32 1465//217 1466//218
f 854//32 1466//218 870//46
f 870//46 1466//218 1467//219
f 870//46 1467//219 872//47
f 872//47 1467//219 1468//220
f 872//47 1468//220 1463//215
f 1464//216 854//32 1469//221
f 1469//221 854//32 786//44
f 1469//221 786//44 1470//222
f 1470//222 786//44 785//33
f 1470//222 785//33 1471//223
f 1471//223 785//33 1472//224
f 1472//224 785//33 815//32
f 1472//224 815//32 1473//225
f 1473//225 815//32 1474//226
f 1474//226 815//32 817//32
f 1474//226 817//32 1475//227
f 819//32 1476//228 817//32
f 817//32 1476//228 1477//229
f 817//32 1477//229 1475//227
f 1347//108 1478//230 714//37
f 714//37 1478//230 1479//231
f 714//37 1479//231 819//32
f 819//32 1479//231 1480//232
f 819//32 1480//232 1476//228
f 1481//233 1482//233 718//33
f 718//33 1482//233 655//40
f 1483//234 1484//235 683//32
f 1485//236 1486//236 663//32
f 1487//237 1488//237 913//32
f 1489//238 1490//238 1216//34
f 796//32 1491//239 797//32
f 797//32 1491//239 1492//240
f 795//37 1493//241 796//32
f 796//32 1493//241 1494//242
f 796//32 1494//242 1491//239
f 778//37 1495//243 795//37
f 795//37 1495//243 1496//244
f 795//37 1496//244 1493//241
f 776//34 1497//245 778//37
f 778//37 1497//245 1498//246
f 778//37 1498//246 1495//243
f 1499//247 1500//247 842//32
f 842//32 1500//247 1501//248
f 842//32 1501//248 775//33
f 775//33 1501//248 1502//249
f 775//33 1502//249 776//34
f 776//34 1502//249 1503//250
f 776//34 1503//250 1497//245
f 1499//247 842//32 1504//251
f 1504//251 842//32 880//35
f 1504//251 880//35 1505//252
f 1505//252 880//35 878//32
f 1505//252 878//32 1506//253
f 876//32 1507//254 878//32
f 878//32 1507//254 1508//255
f 878//32 1508//255 1506//253
f 849//32 1509//256 876//32
f 876//32 1509//256 1510//257
f 876//32 1510//257 1507//254
f 1187//32 1511//258 1512//258
f 1187//32 1512//258 851//32
f 851//32 1512//258 1513//259
f 851//32 1513//259 849//32
f 849//32 1513//259 1514//260
f 849//32 1514//260 1509//256
f 1490//238 1515//261 1216//34
f 1216//34 1515//261 1516//262
f 1216//34 1516//262 1218//32
f 1218//32 1516//262 1517//263
f 1218//32 1517//263 1187//32
f 1187//32 1517//263 1518//264
f 1187//32 1518//264 1511//258
f 1489//238 1216//34 1519//265
f 1519//265 1216//34 1214//32
f 1519//265 1214//32 1520//266
f 1520//266 1214//32 1200//32
f 1520//266 1200//32 1521//267
f 1122//32 1522//268 1120//32
f 1120//32 1522//268 1523//269
f 1120//32 1523//269 1200//32
f 1200//32 1523//269 1524//270
f 1200//32 1524//270 1521//267
f 1525//271 1526//271 1139//32
f 1139//32 1526//271 1527//272
f 1139//32 1527//272 1141//32
f 1141//32 1527//272 1528//273
f 1141//32 1528//273 1122//32
f 1122//32 1528//273 1529//274
f 1122//32 1529//274 1522//268
f 1137//32 1530//275 1139//32
f 1139//32 1530//275 1531//276
f 1139//32 1531//276 1525//271
f 1131//32 1532//277 1137//32
f 1137//32 1532//277 1533//278
f 1137//32 1533//278 1530//275
f 1086//35 1534//279 1050//32
f 1050//32 1534//279 1535//280
f 1050//32 1535//280 1048//35
f 1048//35 1535//280 1536//281
f 1048//35 1536//281 1131//32
f 1131//32 1536//281 1537//282
f 1131//32 1537//282 1532//277
f 1538//283 1539//283 1084//32
f 1084//32 1539//283 1540//284
f 1084//32 1540//284 1086//35
f 1086//35 1540//284 1541//285
f 1086//35 1541//285 1534//279
f 1538//283 1084//32 1542//286
f 1542//286 1084//32 1082//32
f 1542//286 1082//32 1543//287
f 1543//287 1082//32 1080//32
f 1543//287 1080//32 1544//288
f 991//32 1545//289 989//33
f 989//33 1545//289 1546//290
f 989//33 1546//290 1080//32
f 1080//32 1546//290 1547//291
f 1080//32 1547//291 1544//288
f 1027//32 1548//292 991//32
f 991//32 1548//292 1549//293
f 991//32 1549//293 1545//289
f 1550//294 1551//294 1025//37
f 1025//37 1551//294 1552//295
f 1025//37 1552//295 1027//32
f 1027//32 1552//295 1553//296
f 1027//32 1553//296 1548//292
f 1550//294 1025//37 1554//297
f 1554//297 1025//37 1023//33
f 1554//297 1023//33 1555//298
f 1555//298 1023//33 980//32
f 1555//298 980//32 1556//299
f 913//32 1488//237 914//32
f 914//32 1488//237 1557//300
f 914//32 1557//300 980//32
f 980//32 1557//300 1558//301
f 980//32 1558//301 1556//299
f 1487//237 913//32 1559//302
f 1559//302 913//32 972//32
f 1559//302 972//32 1560//303
f 1560//303 972//32 1561//304
f 1561//304 972//32 974//32
f 1561//304 974//32 1562//305
f 1563//306 1564//306 926//37
f 926//37 1564//306 1565//307
f 926//37 1565//307 976//32
f 976//32 1565//307 1566//308
f 976//32 1566//308 974//32
f 974//32 1566//308 1567//309
f 974//32 1567//309 1562//305
f 1563//306 926//37 1568//310
f 1568//310 926//37 445//34
f 1568//310 445//34 1569//311
f 1569//311 445//34 447//32
f 1569//311 447//32 1570//312
f 1570//312 447//32 468//32
f 1570//312 468//32 1571//313
f 1572//314 1573//315 470//32
f 470//32 1573//315 1574//316
f 470//32 1574//316 468//32
f 468//32 1574//316 1575//317
f 468//32 1575//317 1571//313
f 1572//314 470//32 1576//318
f 1576//318 470//32 472//32
f 1576//318 472//32 1577//319
f 1577//319 472//32 442//32
f 1577//319 442//32 1578//320
f 1578//320 442//32 1579//321
f 1579//321 442//32 444//35
f 1579//321 444//35 1580//322
f 1580//322 444//35 520//32
f 1580//322 520//32 1581//323
f 1581//323 520//32 530//32
f 1581//323 530//32 1582//324
f 1583//325 1584//203 532//32
f 532//32 1584//203 1585//326
f 532//32 1585//326 530//32
f 530//32 1585//326 1586//327
f 530//32 1586//327 1582//324
f 1583//325 532//32 1587//328
f 1587//328 532//32 534//32
f 1587//328 534//32 1588//329
f 1588//329 534//32 1589//330
f 1589//330 534//32 504//32
f 1589//330 504//32 1590//331
f 1590//331 504//32 1591//332
f 1591//332 504//32 506//32
f 1591//332 506//32 1592//333
f 1592//333 506//32 582//32
f 1592//333 582//32 1593//334
f 1593//334 582//32 1594//335
f 1594//335 582//32 587//32
f 1594//335 587//32 1595//336
f 1595//336 587//32 1596//337
f 1596//337 587//32 589//32
f 1596//337 589//32 1597//338
f 591//32 1598//339 589//32
f 589//32 1598//339 1599//340
f 589//32 1599//340 1597//338
f 1600//341 1601//342 567//32
f 567//32 1601//342 1602//343
f 567//32 1602//343 591//32
f 591//32 1602//343 1603//344
f 591//32 1603//344 1598//339
f 1600//341 567//32 1486//236
f 1486//236 567//32 566//35
f 1486//236 566//35 663//32
f 1485//236 663//32 1604//345
f 1604//345 663//32 681//32
f 1604//345 681//32 1605//346
f 683//32 1484//235 681//32
f 681//32 1484//235 1606//347
f 681//32 1606//347 1605//346
f 1483//234 683//32 1607//348
f 1607//348 683//32 685//32
f 1607//348 685//32 1608//349
f 1608//349 685//32 1609//350
f 1609//350 685//32 653//32
f 1609//350 653//32 1610//351
f 655//40 1482//233 653//32
f 653//32 1482//233 1611//352
f 653//32 1611//352 1610//351
f 1481//233 718//33 1612//353
f 1612//353 718//33 716//33
f 1612//353 716//33 1613//354
f 1614//355 1615//355 751//32
f 751//32 1615//355 1616//356
f 751//32 1616//356 749//32
f 749//32 1616//356 1617//357
f 749//32 1617//357 716//33
f 716//33 1617//357 1618//358
f 716//33 1618//358 1613//354
f 1614//355 751//32 1619//359
f 1619//359 751//32 705//32
f 1619//359 705//32 1620//360
f 1492//240 1621//361 797//32
f 797//32 1621//361 1622//362
f 797//32 1622//362 704//33
f 704//33 1622//362 1623//363
f 704//33 1623//363 705//32
f 705//32 1623//363 1624//364
f 705//32 1624//364 1620//360
f 1625//1 1626//1 1627//1
f 1627//1 1626//1 1628//1
f 1627//1 1628//1 1629//1
f 1629//1 1628//1 1630//1
f 1629//1 1630//1 1631//1
f 1631//1 1630//1 1632//1
f 1631//1 1632//1 1633//1
f 1633//1 1632//1 1634//1
f 1633//1 1634//1 1635//1
f 1635//1 1634//1 1636//1
f 1635//1 1636//1 1637//1
f 1637//1 1636//1 1638//1
f 1637//1 1638//1 1639//1
f 1639//1 1638//1 1640//1
f 1639//1 1640//1 1641//1
f 1641//1 1640//1 1642//1
f 1641//1 1642//1 1643//1
f 1643//1 1642//1 1644//1
f 1643//1 1644//1 1645//1
f 1645//1 1644//1 1646//1
f 1645//1 1646//1 1647//1
f 1647//1 1646//1 1648//1
f 1647//1 1648//1 1649//1
f 1649//1 1648//1 1650//1
f 1649//1 1650//1 1651//1
f 1651//1 1650//1 1652//1
f 1651//1 1652//1 1653//1
f 1653//1 1652//1 1654//1
f 1653//1 1654//1 1655//1
f 1655//1 1654//1 1656//1
f 1655//1 1656//1 1657//1
f 1657//1 1656//1 1658//1
f 1657//1 1658//1 1659//1
f 1660//1 1661//1 1662//1
f 1662//1 1661//1 1663//1
f 1662//1 1663//1 1664//1
f 1664//1 1663//1 1665//1
f 1664//1 1665//1 1666//1
f 1666//1 1665//1 1667//1
f 1666//1 1667//1 1668//1
f 1668//1 1667//1 1669//1
f 1668//1 1669//1 1670//1
f 1670//1 1669//1 1671//1
f 1670//1 1671//1 1672//1
f 1672//1 1671//1 1673//1
f 1672//1 1673//1 1674//1
f 1674//1 1673//1 1675//1
f 1674//1 1675//1 1676//1
f 1676//1 1675//1 1677//1
f 1676//1 1677//1 1678//1
f 1678//1 1677//1 1679//365
f 1678//1 1679//365 1680//1
f 1680//1 1679//365 1681//1
f 1680//1 1681//1 1682//1
f 1682//1 1681//1 1683//1
f 1682//1 1683//1 1684//1
f 1684//1 1683//1 1685//1
f 1684//1 1685//1 1686//1
f 1686//1 1685//1 1687//1
f 1686//1 1687//1 1688//1
f 1688//1 1687//1 1689//1
f 1688//1 1689//1 1690//1
f 1690//1 1689//1 1691//1
f 1690//1 1691//1 1625//1
f 1625//1 1691//1 1692//1
f 1625//1 1692//1 1626//1
f 1658//1 1693//1 1659//1
f 1659//1 1693//1 1694//1
f 1659//1 1694//1 1695//1
f 1695//1 1694//1 1696//1
f 1695//1 1696//1 1697//1
f 1697//1 1696//1 1698//1
f 1697//1 1698//1 1699//1
f 1699//1 1698//1 1700//1
f 1699//1 1700//1 1701//1
f 1701//1 1700//1 1702//1
f 1701//1 1702//1 1703//1
f 1703//1 1702//1 1704//1
f 1703//1 1704//1 1705//1
f 1705//1 1704//1 1706//1
f 1705//1 1706//1 1707//1
f 1707//1 1706//1 1708//1
f 1707//1 1708//1 1709//1
f 1709//1 1708//1 1710//366
f 1709//1 1710//366 1711//1
f 1711//1 1710//366 1712//1
f 1711//1 1712//1 1713//1
f 1713//1 1712//1 1714//1
f 1713//1 1714//1 1715//1
f 1715//1 1714//1 1716//1
f 1715//1 1716//1 1717//1
f 1717//1 1716//1 1718//1
f 1717//1 1718//1 1719//1
f 1719//1 1718//1 1720//1
f 1719//1 1720//1 1721//1
f 1721//1 1720//1 1722//1
f 1721//1 1722//1 1723//1
f 1723//1 1722//1 1724//1
f 1723//1 1724//1 1725//1
f 1726//1 1727//1 1728//1
f 1728//1 1727//1 1729//1
f 1728//1 1729//1 1730//1
f 1730//1 1729//1 1731//1
f 1730//1 1731//1 1732//1
f 1732//1 1731//1 1733//1
f 1732//1 1733//1 1734//1
f 1734//1 1733//1 1735//1
f 1734//1 1735//1 1736//1
f 1736//1 1735//1 1737//1
f 1736//1 1737//1 1738//1
f 1738//1 1737//1 1739//1
f 1738//1 1739//1 1740//1
f 1740//1 1739//1 1741//1
f 1740//1 1741//1 1742//1
f 1742//1 1741//1 1743//1
f 1742//1 1743//1 1744//1
f 1744//1 1743//1 1745//1
f 1744//1 1745//1 1746//1
f 1746//1 1745//1 1747//1
f 1746//1 1747//1 1748//1
f 1748//1 1747//1 1749//1
f 1748//1 1749//1 1750//1
f 1750//1 1749//1 1751//1
f 1750//1 1751//1 1752//1
f 1752//1 1751//1 1753//1
f 1752//1 1753//1 1754//1
f 1754//1 1753//1 1755//1
f 1754//1 1755//1 1756//1
f 1756//1 1755//1 1757//1
f 1756//1 1757//1 1660//1
f 1660//1 1757//1 1758//1
f 1660//1 1758//1 1661//1
f 1724//1 1759//1 1725//1
f 1725//1 1759//1 1760//1
f 1725//1 1760//1 1761//1
f 1761//1 1760//1 1762//1
f 1761//1 1762//1 1763//1
f 1763//1 1762//1 1764//1
f 1763//1 1764//1 1765//1
f 1765//1 1764//1 1766//1
f 1765//1 1766//1 1767//1
f 1767//1 1766//1 1768//1
f 1767//1 1768//1 1769//1
f 1769//1 1768//1 1770//1
f 1769//1 1770//1 1771//1
f 1771//1 1770//1 1772//1
f 1771//1 1772//1 1773//1
f 1773//1 1772//1 1774//1
f 1773//1 1774//1 1775//1
f 1775//1 1774//1 1776//1
f 1775//1 1776//1 1777//1
f 1777//1 1776//1 1778//1
f 1777//1 1778//1 1779//1
f 1779//1 1778//1 1780//1
f 1779//1 1780//1 1781//1
f 1781//1 1780//1 1782//1
f 1781//1 1782//1 1783//1
f 1783//1 1782//1 1784//1
f 1783//1 1784//1 1785//1
f 1785//1 1784//1 1786//1
f 1785//1 1786//1 1787//1
f 1787//1 1786//1 1788//1
f 1787//1 1788//1 1789//1
f 1789//1 1788//1 1790//1
f 1789//1 1790//1 1726//1
f 1726//1 1790//1 1791//1
f 1726//1 1791//1 1727//1
f 1792//60 783//32 1793//60
f 1793//60 783//32 781//32
f 1793//60 781//32 1794//367
f 1794//367 781//32 780//32
f 1794//367 780//32 1795//62
f 1795//62 780//32 808//32
f 1795//62 808//32 1796//63
f 1796//63 808//32 810//32
f 1796//63 810//32 1797//64
f 1797//64 810//32 812//32
f 1797//64 812//32 1798//65
f 1798//65 812//32 807//32
f 1798//65 807//32 1799//66
f 1799//66 807//32 805//32
f 1799//66 805//32 1800//67
f 1800//67 805//32 803//32
f 1800//67 803//32 1801//68
f 1801//68 803//32 802//32
f 1801//68 802//32 1802//69
f 1802//69 802//32 793//32
f 1802//69 793//32 1803//368
f 1803//368 793//32 792//32
f 1803//368 792//32 1804//71
f 1804//71 792//32 790//32
f 1804//71 790//32 1805//72
f 1805//72 790//32 787//32
f 1805//72 787//32 1806//73
f 1806//73 787//32 786//44
f 1806//73 786//44 1807//369
f 1807//369 786//44 855//32
f 1807//369 855//32 1808//75
f 1808//75 855//32 853//32
f 1808//75 853//32 1809//76
f 1809//76 853//32 852//33
f 1809//76 852//33 1810//77
f 1810//77 852//33 867//33
f 1810//77 867//33 1811//78
f 1811//78 867//33 884//32
f 1811//78 884//32 1812//79
f 1812//79 884//32 883//32
f 1812//79 883//32 1813//80
f 1813//80 883//32 882//32
f 1813//80 882//32 1814//81
f 1814//81 882//32 887//32
f 1814//81 887//32 1815//82
f 1815//82 887//32 889//32
f 1815//82 889//32 1816//370
f 1816//370 889//32 891//35
f 1816//370 891//35 1817//84
f 1817//84 891//35 893//32
f 1817//84 893//32 1818//371
f 1818//371 893//32 895//35
f 1818//371 895//35 1819//86
f 1819//86 895//35 896//32
f 1819//86 896//32 1820//87
f 1820//87 896//32 857//32
f 1820//87 857//32 1821//88
f 1821//88 857//32 856//32
f 1821//88 856//32 1822//98
f 1822//98 856//32 843//34
f 1822//98 843//34 1823//90
f 1823//90 843//34 841//32
f 1823//90 841//32 1824//91
f 1824//91 841//32 775//33
f 1824//91 775//33 1825//92
f 1825//92 775//33 777//32
f 1825//92 777//32 1826//93
f 1826//93 777//32 779//37
f 1826//93 779//37 1827//94
f 1827//94 779//37 784//32
f 1827//94 784//32 1792//60
f 1792//60 784//32 783//32
f 1828//32 1806//73 1829//32
f 1829//32 1806//73 1807//369
f 1829//32 1807//369 1830//32
f 1830//32 1807//369 1808//75
f 1830//32 1808//75 1831//32
f 1831//32 1808//75 1809//76
f 1831//32 1809//76 1832//32
f 1832//32 1809//76 1810//77
f 1832//32 1810//77 1833//33
f 1833//33 1810//77 1811//78
f 1833//33 1811//78 1834//37
f 1834//37 1811//78 1812//79
f 1834//37 1812//79 1835//32
f 1835//32 1812//79 1813//80
f 1835//32 1813//80 1836//32
f 1836//32 1813//80 1814//81
f 1836//32 1814//81 1837//32
f 1837//32 1814//81 1815//82
f 1837//32 1815//82 1838//32
f 1838//32 1815//82 1816//370
f 1838//32 1816//370 1839//32
f 1839//32 1816//370 1817//84
f 1839//32 1817//84 1840//32
f 1840//32 1817//84 1818//371
f 1840//32 1818//371 1841//32
f 1841//32 1818//371 1819//86
f 1841//32 1819//86 1842//32
f 1842//32 1819//86 1820//87
f 1842//32 1820//87 1843//32
f 1843//32 1820//87 1821//88
f 1843//32 1821//88 1844//32
f 1844//32 1821//88 1822//98
f 1844//32 1822//98 1845//32
f 1845//32 1822//98 1823//90
f 1845//32 1823//90 1846//32
f 1846//32 1823//90 1824//91
f 1846//32 1824//91 1847//32
f 1847//32 1824//91 1825//92
f 1847//32 1825//92 1848//32
f 1848//32 1825//92 1826//93
f 1848//32 1826//93 1849//32
f 1849//32 1826//93 1827//94
f 1849//32 1827//94 1850//32
f 1850//32 1827//94 1792//60
f 1850//32 1792//60 1851//32
f 1851//32 1792//60 1793//60
f 1851//32 1793//60 1852//32
f 1852//32 1793//60 1794//367
f 1852//32 1794//367 1853//32
f 1853//32 1794//367 1795//62
f 1853//32 1795//62 1854//32
f 1854//32 1795//62 1796//63
f 1854//32 1796//63 1855//32
f 1855//32 1796//63 1797//64
f 1855//32 1797//64 1856//32
f 1856//32 1797//64 1798//65
f 1856//32 1798//65 1857//32
f 1857//32 1798//65 1799//66
f 1857//32 1799//66 1858//32
f 1858//32 1799//66 1800//67
f 1858//32 1800//67 1859//32
f 1859//32 1800//67 1801//68
f 1859//32 1801//68 1860//35
f 1860//35 1801//68 1802//69
f 1860//35 1802//69 1861//32
f 1861//32 1802//69 1803//368
f 1861//32 1803//368 1862//32
f 1862//32 1803//368 1804//71
f 1862//32 1804//71 1863//32
f 1863//32 1804//71 1805//72
f 1863//32 1805//72 1828//32
f 1828//32 1805//72 1806//73
f 1861//32 353//1 1860//35
f 1860//35 353//1 352//1
f 1860//35 352//1 1859//32
f 1859//32 352//1 350//1
f 1859//32 350//1 1858//32
f 1858//32 350//1 349//1
f 1858//32 349//1 1857//32
f 1857//32 349//1 365//1
f 1857//32 365//1 1856//32
f 1856//32 365//1 363//1
f 1856//32 363//1 1855//32
f 1855//32 363//1 361//1
f 1855//32 361//1 1854//32
f 1854//32 361//1 359//28
f 1854//32 359//28 1853//32
f 1853//32 359//28 357//3
f 1853//32 357//3 1852//32
f 357//3 355//4 1852//32
f 1852//32 355//4 354//1
f 1852//32 354//1 1851//32
f 1851//32 354//1 1864//372
f 1851//32 1864//372 1850//32
f 1850//32 1864//372 1865//373
f 1850//32 1865//373 1849//32
f 1849//32 1865//373 1866//374
f 1849//32 1866//374 1848//32
f 1848//32 1866//374 1867//375
f 1848//32 1867//375 1847//32
f 1847//32 1867//375 1868//75
f 1847//32 1868//75 1846//32
f 1846//32 1868//75 1869//74
f 1846//32 1869//74 1845//32
f 1845//32 1869//74 1870//73
f 1845//32 1870//73 1844//32
f 1844//32 1870//73 1871//102
f 1844//32 1871//102 1843//32
f 1871//102 1872//103 1843//32
f 1843//32 1872//103 369//3
f 1843//32 369//3 1842//32
f 1842//32 369//3 368//7
f 1842//32 368//7 1841//32
f 1841//32 368//7 386//1
f 1841//32 386//1 1840//32
f 1840//32 386//1 385//29
f 1840//32 385//29 1839//32
f 1839//32 385//29 383//1
f 1839//32 383//1 1838//32
f 1838//32 383//1 381//7
f 1838//32 381//7 1837//32
f 1837//32 381//7 378//1
f 1837//32 378//1 1836//32
f 1836//32 378//1 376//1
f 1836//32 376//1 1835//32
f 1835//32 376//1 374//1
f 1835//32 374//1 1834//37
f 374//1 372//1 1834//37
f 1834//37 372//1 371//1
f 1834//37 371//1 1833//33
f 1833//33 371//1 1873//376
f 1833//33 1873//376 1832//32
f 1832//32 1873//376 1874//59
f 1832//32 1874//59 1831//32
f 1831//32 1874//59 1875//377
f 1831//32 1875//377 1830//32
f 1830//32 1875//377 1876//94
f 1830//32 1876//94 1829//32
f 1829//32 1876//94 1877//93
f 1829//32 1877//93 1828//32
f 1828//32 1877//93 1878//96
f 1828//32 1878//96 1863//32
f 1863//32 1878//96 1879//91
f 1863//32 1879//91 1862//32
f 1862//32 1879//91 1880//97
f 1862//32 1880//97 1861//32
f 1861//32 1880//97 1881//98
f 1861//32 1881//98 353//1
f 1882//60 1245//32 1883//60
f 1883//60 1245//32 1243//32
f 1883//60 1243//32 1884//367
f 1884//367 1243//32 1241//32
f 1884//367 1241//32 1885//62
f 1885//62 1241//32 1240//32
f 1885//62 1240//32 1886//63
f 1886//63 1240//32 1211//32
f 1886//63 1211//32 1887//64
f 1887//64 1211//32 1210//34
f 1887//64 1210//34 1888//65
f 1888//65 1210//34 1197//32
f 1888//65 1197//32 1889//66
f 1889//66 1197//32 1195//32
f 1889//66 1195//32 1890//67
f 1890//67 1195//32 1118//35
f 1890//67 1118//35 1891//68
f 1891//68 1118//35 1117//32
f 1891//68 1117//32 1892//69
f 1892//69 1117//32 1149//34
f 1892//69 1149//34 1893//368
f 1893//368 1149//34 1151//34
f 1893//368 1151//34 1894//71
f 1894//71 1151//34 1155//32
f 1894//71 1155//32 1895//72
f 1895//72 1155//32 1154//32
f 1895//72 1154//32 1896//73
f 1896//73 1154//32 1153//32
f 1896//73 1153//32 1897//369
f 1897//369 1153//32 1152//37
f 1897//369 1152//37 1898//378
f 1898//378 1152//37 1170//32
f 1898//378 1170//32 1899//76
f 1899//76 1170//32 1168//32
f 1899//76 1168//32 1900//77
f 1900//77 1168//32 1166//33
f 1900//77 1166//33 1901//78
f 1901//78 1166//33 1164//32
f 1901//78 1164//32 1902//79
f 1902//79 1164//32 1162//32
f 1902//79 1162//32 1903//379
f 1903//379 1162//32 1161//32
f 1903//379 1161//32 1904//81
f 1904//81 1161//32 1126//32
f 1904//81 1126//32 1905//380
f 1905//380 1126//32 1125//32
f 1905//380 1125//32 1906//370
f 1906//370 1125//32 1123//32
f 1906//370 1123//32 1907//84
f 1907//84 1123//32 1121//32
f 1907//84 1121//32 1908//371
f 1908//371 1121//32 1120//32
f 1908//371 1120//32 1909//86
f 1909//86 1120//32 1203//32
f 1909//86 1203//32 1910//87
f 1910//87 1203//32 1202//32
f 1910//87 1202//32 1911//381
f 1911//381 1202//32 1199//32
f 1911//381 1199//32 1912//89
f 1912//89 1199//32 1198//33
f 1912//89 1198//33 1913//90
f 1913//90 1198//33 1206//32
f 1913//90 1206//32 1914//91
f 1914//91 1206//32 1205//37
f 1914//91 1205//37 1915//92
f 1915//92 1205//37 1246//32
f 1915//92 1246//32 1916//93
f 1916//93 1246//32 1248//33
f 1916//93 1248//33 1917//94
f 1917//94 1248//33 1250//32
f 1917//94 1250//32 1882//60
f 1882//60 1250//32 1245//32
f 1918//32 1884//367 1919//32
f 1919//32 1884//367 1885//62
f 1919//32 1885//62 1920//35
f 1920//35 1885//62 1886//63
f 1920//35 1886//63 1921//32
f 1921//32 1886//63 1887//64
f 1921//32 1887//64 1922//32
f 1922//32 1887//64 1888//65
f 1922//32 1888//65 1923//32
f 1923//32 1888//65 1889//66
f 1923//32 1889//66 1924//32
f 1924//32 1889//66 1890//67
f 1924//32 1890//67 1925//32
f 1925//32 1890//67 1891//68
f 1925//32 1891//68 1926//32
f 1926//32 1891//68 1892//69
f 1926//32 1892//69 1927//32
f 1927//32 1892//69 1893//368
f 1927//32 1893//368 1928//32
f 1928//32 1893//368 1894//71
f 1928//32 1894//71 1929//32
f 1929//32 1894//71 1895//72
f 1929//32 1895//72 1930//33
f 1930//33 1895//72 1896//73
f 1930//33 1896//73 1931//32
f 1931//32 1896//73 1897//369
f 1931//32 1897//369 1932//32
f 1932//32 1897//369 1898//378
f 1932//32 1898//378 1933//32
f 1933//32 1898//378 1899//76
f 1933//32 1899//76 1934//32
f 1934//32 1899//76 1900//77
f 1934//32 1900//77 1935//32
f 1935//32 1900//77 1901//78
f 1935//32 1901//78 1936//32
f 1936//32 1901//78 1902//79
f 1936//32 1902//79 1937//32
f 1937//32 1902//79 1903//379
f 1937//32 1903//379 1938//32
f 1938//32 1903//379 1904//81
f 1938//32 1904//81 1939//32
f 1939//32 1904//81 1905//380
f 1939//32 1905//380 1940//32
f 1940//32 1905//380 1906//370
f 1940//32 1906//370 1941//32
f 1941//32 1906//370 1907//84
f 1941//32 1907//84 1942//32
f 1942//32 1907//84 1908//371
f 1942//32 1908//371 1943//32
f 1943//32 1908//371 1909//86
f 1943//32 1909//86 1944//32
f 1944//32 1909//86 1910//87
f 1944//32 1910//87 1945//32
f 1945//32 1910//87 1911//381
f 1945//32 1911//381 1946//32
f 1946//32 1911//381 1912//89
f 1946//32 1912//89 1947//32
f 1947//32 1912//89 1913//90
f 1947//32 1913//90 1948//32
f 1948//32 1913//90 1914//91
f 1948//32 1914//91 1949//32
f 1949//32 1914//91 1915//92
f 1949//32 1915//92 1950//32
f 1950//32 1915//92 1916//93
f 1950//32 1916//93 1951//32
f 1951//32 1916//93 1917//94
f 1951//32 1917//94 1952//32
f 1952//32 1917//94 1882//60
f 1952//32 1882//60 1953//32
f 1953//32 1882//60 1883//60
f 1953//32 1883//60 1918//32
f 1918//32 1883//60 1884//367
f 1930//33 1954//382 1929//32
f 1929//32 1954//382 1955//383
f 1929//32 1955//383 1928//32
f 1928//32 1955//383 1956//90
f 1928//32 1956//90 1927//32
f 1927//32 1956//90 1957//98
f 1927//32 1957//98 1926//32
f 1926//32 1957//98 1958//99
f 1926//32 1958//99 1925//32
f 1925//32 1958//99 1959//100
f 1925//32 1959//100 1924//32
f 1924//32 1959//100 1960//384
f 1924//32 1960//384 1923//32
f 1923//32 1960//384 1961//371
f 1923//32 1961//371 1922//32
f 1922//32 1961//371 1962//385
f 1922//32 1962//385 1921//32
f 1962//385 1963//386 1921//32
f 1921//32 1963//386 294//1
f 1921//32 294//1 1920//35
f 1920//35 294//1 293//1
f 1920//35 293//1 1919//32
f 1919//32 293//1 291//1
f 1919//32 291//1 1918//32
f 1918//32 291//1 290//1
f 1918//32 290//1 1953//32
f 1953//32 290//1 297//1
f 1953//32 297//1 1952//32
f 1952//32 297//1 299//1
f 1952//32 299//1 1951//32
f 1951//32 299//1 301//1
f 1951//32 301//1 1950//32
f 1950//32 301//1 303//1
f 1950//32 303//1 1949//32
f 1949//32 303//1 305//1
f 1949//32 305//1 1948//32
f 305//1 307//1 1948//32
f 1948//32 307//1 308//2
f 1948//32 308//2 1947//32
f 1947//32 308//2 1964//387
f 1947//32 1964//387 1946//32
f 1946//32 1964//387 1965//388
f 1946//32 1965//388 1945//32
f 1945//32 1965//388 1966//103
f 1945//32 1966//103 1944//32
f 1944//32 1966//103 1967//70
f 1944//32 1967//70 1943//32
f 1943//32 1967//70 1968//104
f 1943//32 1968//104 1942//32
f 1942//32 1968//104 1969//389
f 1942//32 1969//389 1941//32
f 1941//32 1969//389 1970//390
f 1941//32 1970//390 1940//32
f 1940//32 1970//390 1971//66
f 1940//32 1971//66 1939//32
f 1971//66 1972//391 1939//32
f 1939//32 1972//391 1973//392
f 1939//32 1973//392 1938//32
f 1938//32 1973//392 1974//393
f 1938//32 1974//393 1937//32
f 1937//32 1974//393 1975//394
f 1937//32 1975//394 1936//32
f 1936//32 1975//394 1976//62
f 1936//32 1976//62 1935//32
f 1935//32 1976//62 1977//367
f 1935//32 1977//367 1934//32
f 1934//32 1977//367 1978//59
f 1934//32 1978//59 1933//32
f 1933//32 1978//59 1979//377
f 1933//32 1979//377 1932//32
f 1932//32 1979//377 1980//395
f 1932//32 1980//395 1931//32
f 1931//32 1980//395 1981//396
f 1931//32 1981//396 1930//33
f 1930//33 1981//396 1982//92
f 1930//33 1982//92 1954//382
f 1983//59 703//32 1984//60
f 1984//60 703//32 710//37
f 1984//60 710//37 1985//61
f 1985//61 710//37 712//32
f 1985//61 712//32 1986//397
f 1986//397 712//32 731//32
f 1986//397 731//32 1987//63
f 1987//63 731//32 730//32
f 1987//63 730//32 1988//64
f 1988//64 730//32 729//32
f 1988//64 729//32 1989//65
f 1989//65 729//32 765//32
f 1989//65 765//32 1990//66
f 1990//66 765//32 767//34
f 1990//66 767//34 1991//67
f 1991//67 767//34 769//32
f 1991//67 769//32 1992//68
f 1992//68 769//32 764//32
f 1992//68 764//32 1993//69
f 1993//69 764//32 762//32
f 1993//69 762//32 1994//70
f 1994//70 762//32 760//32
f 1994//70 760//32 1995//71
f 1995//71 760//32 759//32
f 1995//71 759//32 1996//72
f 1996//72 759//32 723//32
f 1996//72 723//32 1997//398
f 1997//398 723//32 722//32
f 1997//398 722//32 1998//74
f 1998//74 722//32 720//32
f 1998//74 720//32 1999//75
f 1999//75 720//32 715//32
f 1999//75 715//32 2000//76
f 2000//76 715//32 714//37
f 2000//76 714//37 2001//77
f 2001//77 714//37 828//32
f 2001//77 828//32 2002//78
f 2002//78 828//32 827//32
f 2002//78 827//32 2003//79
f 2003//79 827//32 826//32
f 2003//79 826//32 2004//80
f 2004//80 826//32 825//32
f 2004//80 825//32 2005//81
f 2005//81 825//32 824//32
f 2005//81 824//32 2006//82
f 2006//82 824//32 823//32
f 2006//82 823//32 2007//370
f 2007//370 823//32 822//32
f 2007//370 822//32 2008//84
f 2008//84 822//32 838//34
f 2008//84 838//34 2009//371
f 2009//371 838//34 836//32
f 2009//371 836//32 2010//86
f 2010//86 836//32 834//35
f 2010//86 834//35 2011//87
f 2011//87 834//35 832//32
f 2011//87 832//32 2012//99
f 2012//99 832//32 830//32
f 2012//99 830//32 2013//89
f 2013//89 830//32 829//32
f 2013//89 829//32 2014//90
f 2014//90 829//32 801//32
f 2014//90 801//32 2015//91
f 2015//91 801//32 800//32
f 2015//91 800//32 2016//92
f 2016//92 800//32 772//32
f 2016//92 772//32 2017//93
f 2017//93 772//32 794//32
f 2017//93 794//32 2018//94
f 2018//94 794//32 704//33
f 2018//94 704//33 1983//59
f 1983//59 704//33 703//32
f 2019//32 1994//70 2020//32
f 2020//32 1994//70 1995//71
f 2020//32 1995//71 2021//37
f 2021//37 1995//71 1996//72
f 2021//37 1996//72 2022//32
f 2022//32 1996//72 1997//398
f 2022//32 1997//398 2023//32
f 2023//32 1997//398 1998//74
f 2023//32 1998//74 2024//32
f 2024//32 1998//74 1999//75
f 2024//32 1999//75 2025//32
f 2025//32 1999//75 2000//76
f 2025//32 2000//76 2026//32
f 2026//32 2000//76 2001//77
f 2026//32 2001//77 2027//32
f 2027//32 2001//77 2002//78
f 2027//32 2002//78 2028//32
f 2028//32 2002//78 2003//79
f 2028//32 2003//79 2029//32
f 2029//32 2003//79 2004//80
f 2029//32 2004//80 2030//37
f 2030//37 2004//80 2005//81
f 2030//37 2005//81 2031//35
f 2031//35 2005//81 2006//82
f 2031//35 2006//82 2032//32
f 2032//32 2006//82 2007//370
f 2032//32 2007//370 2033//32
f 2033//32 2007//370 2008//84
f 2033//32 2008//84 2034//32
f 2034//32 2008//84 2009//371
f 2034//32 2009//371 2035//32
f 2035//32 2009//371 2010//86
f 2035//32 2010//86 2036//32
f 2036//32 2010//86 2011//87
f 2036//32 2011//87 2037//32
f 2037//32 2011//87 2012//99
f 2037//32 2012//99 2038//32
f 2038//32 2012//99 2013//89
f 2038//32 2013//89 2039//32
f 2039//32 2013//89 2014//90
f 2039//32 2014//90 2040//32
f 2040//32 2014//90 2015//91
f 2040//32 2015//91 2041//32
f 2041//32 2015//91 2016//92
f 2041//32 2016//92 2042//32
f 2042//32 2016//92 2017//93
f 2042//32 2017//93 2043//32
f 2043//32 2017//93 2018//94
f 2043//32 2018//94 2044//32
f 2044//32 2018//94 1983//59
f 2044//32 1983//59 2045//32
f 2045//32 1983//59 1984//60
f 2045//32 1984//60 2046//32
f 2046//32 1984//60 1985//61
f 2046//32 1985//61 2047//32
f 2047//32 1985//61 1986//397
f 2047//32 1986//397 2048//32
f 2048//32 1986//397 1987//63
f 2048//32 1987//63 2049//32
f 2049//32 1987//63 1988//64
f 2049//32 1988//64 2050//32
f 2050//32 1988//64 1989//65
f 2050//32 1989//65 2051//32
f 2051//32 1989//65 1990//66
f 2051//32 1990//66 2052//32
f 2052//32 1990//66 1991//67
f 2052//32 1991//67 2053//32
f 2053//32 1991//67 1992//68
f 2053//32 1992//68 2054//32
f 2054//32 1992//68 1993//69
f 2054//32 1993//69 2019//32
f 2019//32 1993//69 1994//70
f 2022//32 391//1 2021//37
f 2021//37 391//1 390//1
f 2021//37 390//1 2020//32
f 2020//32 390//1 388//1
f 2020//32 388//1 2019//32
f 2019//32 388//1 387//1
f 2019//32 387//1 2054//32
f 2054//32 387//1 403//1
f 2054//32 403//1 2053//32
f 2053//32 403//1 401//1
f 2053//32 401//1 2052//32
f 2052//32 401//1 399//2
f 2052//32 399//2 2051//32
f 2051//32 399//2 397//30
f 2051//32 397//30 2050//32
f 2050//32 397//30 395//7
f 2050//32 395//7 2049//32
f 395//7 393//3 2049//32
f 2049//32 393//3 392//4
f 2049//32 392//4 2048//32
f 2048//32 392//4 2055//399
f 2048//32 2055//399 2047//32
f 2047//32 2055//399 2056//400
f 2047//32 2056//400 2046//32
f 2046//32 2056//400 2057//379
f 2046//32 2057//379 2045//32
f 2045//32 2057//379 2058//401
f 2045//32 2058//401 2044//32
f 2044//32 2058//401 2059//373
f 2044//32 2059//373 2043//32
f 2043//32 2059//373 2060//374
f 2043//32 2060//374 2042//32
f 2042//32 2060//374 2061//76
f 2042//32 2061//76 2041//32
f 2041//32 2061//76 2062//75
f 2041//32 2062//75 2040//32
f 2062//75 2063//74 2040//32
f 2040//32 2063//74 406//3
f 2040//32 406//3 2039//32
f 2039//32 406//3 408//1
f 2039//32 408//1 2038//32
f 2038//32 408//1 409//1
f 2038//32 409//1 2037//32
f 2037//32 409//1 418//1
f 2037//32 418//1 2036//32
f 2036//32 418//1 420//1
f 2036//32 420//1 2035//32
f 2035//32 420//1 422//1
f 2035//32 422//1 2034//32
f 2034//32 422//1 417//1
f 2034//32 417//1 2033//32
f 2033//32 417//1 415//1
f 2033//32 415//1 2032//32
f 2032//32 415//1 413//1
f 2032//32 413//1 2031//35
f 413//1 411//1 2031//35
f 2031//35 411//1 410//21
f 2031//35 410//21 2030//37
f 2030//37 410//21 2064//402
f 2030//37 2064//402 2029//32
f 2029//32 2064//402 2065//403
f 2029//32 2065//403 2028//32
f 2028//32 2065//403 2066//397
f 2028//32 2066//397 2027//32
f 2027//32 2066//397 2067//367
f 2027//32 2067//367 2026//32
f 2026//32 2067//367 2068//59
f 2026//32 2068//59 2025//32
f 2025//32 2068//59 2069//377
f 2025//32 2069//377 2024//32
f 2024//32 2069//377 2070//94
f 2024//32 2070//94 2023//32
f 2023//32 2070//94 2071//93
f 2023//32 2071//93 2022//32
f 2022//32 2071//93 2072//404
f 2022//32 2072//404 391//1
f 2073//59 1173//32 2074//60
f 2074//60 1173//32 1147//32
f 2074//60 1147//32 2075//61
f 2075//61 1147//32 1146//32
f 2075//61 1146//32 2076//397
f 2076//397 1146//32 1144//32
f 2076//397 1144//32 2077//394
f 2077//394 1144//32 1128//32
f 2077//394 1128//32 2078//64
f 2078//64 1128//32 1103//32
f 2078//64 1103//32 2079//65
f 2079//65 1103//32 1102//32
f 2079//65 1102//32 2080//66
f 2080//66 1102//32 1100//34
f 2080//66 1100//34 2081//67
f 2081//67 1100//34 1099//32
f 2081//67 1099//32 2082//68
f 2082//68 1099//32 1061//32
f 2082//68 1061//32 2083//69
f 2083//69 1061//32 1060//32
f 2083//69 1060//32 2084//70
f 2084//70 1060//32 1058//32
f 2084//70 1058//32 2085//71
f 2085//71 1058//32 1057//32
f 2085//71 1057//32 2086//72
f 2086//72 1057//32 1076//32
f 2086//72 1076//32 2087//398
f 2087//398 1076//32 1074//32
f 2087//398 1074//32 2088//74
f 2088//74 1074//32 1072//32
f 2088//74 1072//32 2089//75
f 2089//75 1072//32 1070//32
f 2089//75 1070//32 2090//76
f 2090//76 1070//32 1068//32
f 2090//76 1068//32 2091//77
f 2091//77 1068//32 1067//32
f 2091//77 1067//32 2092//78
f 2092//78 1067//32 1056//32
f 2092//78 1056//32 2093//79
f 2093//79 1056//32 1055//32
f 2093//79 1055//32 2094//80
f 2094//80 1055//32 1051//32
f 2094//80 1051//32 2095//81
f 2095//81 1051//32 1049//32
f 2095//81 1049//32 2096//82
f 2096//82 1049//32 1048//35
f 2096//82 1048//35 2097//370
f 2097//370 1048//35 1132//32
f 2097//370 1132//32 2098//84
f 2098//84 1132//32 1130//32
f 2098//84 1130//32 2099//85
f 2099//85 1130//32 1129//35
f 2099//85 1129//35 2100//86
f 2100//86 1129//35 1148//34
f 2100//86 1148//34 2101//87
f 2101//87 1148//34 1135//32
f 2101//87 1135//32 2102//99
f 2102//99 1135//32 1134//32
f 2102//99 1134//32 2103//89
f 2103//89 1134//32 1179//32
f 2103//89 1179//32 2104//90
f 2104//90 1179//32 1181//32
f 2104//90 1181//32 2105//91
f 2105//91 1181//32 1183//37
f 2105//91 1183//37 2106//92
f 2106//92 1183//37 1178//32
f 2106//92 1178//32 2107//93
f 2107//93 1178//32 1176//32
f 2107//93 1176//32 2108//94
f 2108//94 1176//32 1174//32
f 2108//94 1174//32 2073//59
f 2073//59 1174//32 1173//32
f 2109//33 2088//74 2110//32
f 2110//32 2088//74 2089//75
f 2110//32 2089//75 2111//32
f 2111//32 2089//75 2090//76
f 2111//32 2090//76 2112//32
f 2112//32 2090//76 2091//77
f 2112//32 2091//77 2113//32
f 2113//32 2091//77 2092//78
f 2113//32 2092//78 2114//32
f 2114//32 2092//78 2093//79
f 2114//32 2093//79 2115//32
f 2115//32 2093//79 2094//80
f 2115//32 2094//80 2116//32
f 2116//32 2094//80 2095//81
f 2116//32 2095//81 2117//32
f 2117//32 2095//81 2096//82
f 2117//32 2096//82 2118//32
f 2118//32 2096//82 2097//370
f 2118//32 2097//370 2119//32
f 2119//32 2097//370 2098//84
f 2119//32 2098//84 2120//32
f 2120//32 2098//84 2099//85
f 2120//32 2099//85 2121//32
f 2121//32 2099//85 2100//86
f 2121//32 2100//86 2122//32
f 2122//32 2100//86 2101//87
f 2122//32 2101//87 2123//32
f 2123//32 2101//87 2102//99
f 2123//32 2102//99 2124//32
f 2124//32 2102//99 2103//89
f 2124//32 2103//89 2125//32
f 2125//32 2103//89 2104//90
f 2125//32 2104//90 2126//32
f 2126//32 2104//90 2105//91
f 2126//32 2105//91 2127//32
f 2127//32 2105//91 2106//92
f 2127//32 2106//92 2128//32
f 2128//32 2106//92 2107//93
f 2128//32 2107//93 2129//32
f 2129//32 2107//93 2108//94
f 2129//32 2108//94 2130//32
f 2130//32 2108//94 2073//59
f 2130//32 2073//59 2131//32
f 2131//32 2073//59 2074//60
f 2131//32 2074//60 2132//32
f 2132//32 2074//60 2075//61
f 2132//32 2075//61 2133//32
f 2133//32 2075//61 2076//397
f 2133//32 2076//397 2134//32
f 2134//32 2076//397 2077//394
f 2134//32 2077//394 2135//32
f 2135//32 2077//394 2078//64
f 2135//32 2078//64 2136//32
f 2136//32 2078//64 2079//65
f 2136//32 2079//65 2137//32
f 2137//32 2079//65 2080//66
f 2137//32 2080//66 2138//32
f 2138//32 2080//66 2081//67
f 2138//32 2081//67 2139//32
f 2139//32 2081//67 2082//68
f 2139//32 2082//68 2140//32
f 2140//32 2082//68 2083//69
f 2140//32 2083//69 2141//32
f 2141//32 2083//69 2084//70
f 2141//32 2084//70 2142//32
f 2142//32 2084//70 2085//71
f 2142//32 2085//71 2143//32
f 2143//32 2085//71 2086//72
f 2143//32 2086//72 2144//32
f 2144//32 2086//72 2087//398
f 2144//32 2087//398 2109//33
f 2109//33 2087//398 2088//74
f 2141//32 252//2 2140//32
f 2140//32 252//2 2145//405
f 2140//32 2145//405 2139//32
f 2139//32 2145//405 2146//100
f 2139//32 2146//100 2138//32
f 2138//32 2146//100 2147//384
f 2138//32 2147//384 2137//32
f 2137//32 2147//384 2148//371
f 2137//32 2148//371 2136//32
f 2136//32 2148//371 2149//84
f 2136//32 2149//84 2135//32
f 2135//32 2149//84 2150//386
f 2135//32 2150//386 2134//32
f 2134//32 2150//386 2151//82
f 2134//32 2151//82 2133//32
f 2133//32 2151//82 2152//406
f 2133//32 2152//406 2132//32
f 2152//406 2153//379 2132//32
f 2132//32 2153//379 275//3
f 2132//32 275//3 2131//32
f 2131//32 275//3 274//3
f 2131//32 274//3 2130//32
f 2130//32 274//3 272//3
f 2130//32 272//3 2129//32
f 2129//32 272//3 271//1
f 2129//32 271//1 2128//32
f 2128//32 271//1 287//1
f 2128//32 287//1 2127//32
f 2127//32 287//1 285//1
f 2127//32 285//1 2126//32
f 2126//32 285//1 283//1
f 2126//32 283//1 2125//32
f 2125//32 283//1 281//23
f 2125//32 281//23 2124//32
f 2124//32 281//23 279//1
f 2124//32 279//1 2123//32
f 279//1 277//1 2123//32
f 2123//32 277//1 276//2
f 2123//32 276//2 2122//32
f 2122//32 276//2 2154//407
f 2122//32 2154//407 2121//32
f 2121//32 2154//407 2155//104
f 2121//32 2155//104 2120//32
f 2120//32 2155//104 2156//389
f 2120//32 2156//389 2119//32
f 2119//32 2156//389 2157//67
f 2119//32 2157//67 2118//32
f 2118//32 2157//67 2158//66
f 2118//32 2158//66 2117//32
f 2117//32 2158//66 2159//391
f 2117//32 2159//391 2116//32
f 2116//32 2159//391 2160//64
f 2116//32 2160//64 2115//32
f 2115//32 2160//64 2161//403
f 2115//32 2161//403 2114//32
f 2161//403 2162//397 2114//32
f 2114//32 2162//397 260//21
f 2114//32 260//21 2113//32
f 2113//32 260//21 262//1
f 2113//32 262//1 2112//32
f 2112//32 262//1 263//1
f 2112//32 263//1 2111//32
f 2111//32 263//1 264//1
f 2111//32 264//1 2110//32
f 2110//32 264//1 266//1
f 2110//32 266//1 2109//33
f 2109//33 266//1 268//1
f 2109//33 268//1 2144//32
f 2144//32 268//1 259//1
f 2144//32 259//1 2143//32
f 2143//32 259//1 257//1
f 2143//32 257//1 2142//32
f 2142//32 257//1 255//1
f 2142//32 255//1 2141//32
f 2141//32 255//1 253//1
f 2141//32 253//1 252//2
f 2163//60 1063//33 2164//60
f 2164//60 1063//33 1053//32
f 2164//60 1053//32 2165//61
f 2165//61 1053//32 988//33
f 2165//61 988//33 2166//62
f 2166//62 988//33 987//32
f 2166//62 987//32 2167//63
f 2167//63 987//32 985//32
f 2167//63 985//32 2168//64
f 2168//64 985//32 984//34
f 2168//64 984//34 2169//65
f 2169//65 984//34 1009//32
f 2169//65 1009//32 2170//66
f 2170//66 1009//32 1008//32
f 2170//66 1008//32 2171//67
f 2171//67 1008//32 1006//32
f 2171//67 1006//32 2172//68
f 2172//68 1006//32 1005//32
f 2172//68 1005//32 2173//69
f 2173//69 1005//32 1045//35
f 2173//69 1045//35 2174//368
f 2174//368 1045//35 1043//32
f 2174//368 1043//32 2175//71
f 2175//71 1043//32 1041//32
f 2175//71 1041//32 2176//72
f 2176//72 1041//32 1039//32
f 2176//72 1039//32 2177//73
f 2177//73 1039//32 1037//32
f 2177//73 1037//32 2178//369
f 2178//369 1037//32 1036//32
f 2178//369 1036//32 2179//75
f 2179//75 1036//32 1004//32
f 2179//75 1004//32 2180//76
f 2180//76 1004//32 1003//32
f 2180//76 1003//32 2181//77
f 2181//77 1003//32 992//32
f 2181//77 992//32 2182//78
f 2182//78 992//32 990//32
f 2182//78 990//32 2183//79
f 2183//79 990//32 989//33
f 2183//79 989//33 2184//80
f 2184//80 989//33 1098//32
f 2184//80 1098//32 2185//81
f 2185//81 1098//32 1097//32
f 2185//81 1097//32 2186//82
f 2186//82 1097//32 1096//32
f 2186//82 1096//32 2187//370
f 2187//370 1096//32 1116//32
f 2187//370 1116//32 2188//84
f 2188//84 1116//32 1115//32
f 2188//84 1115//32 2189//371
f 2189//371 1115//32 1114//32
f 2189//371 1114//32 2190//86
f 2190//86 1114//32 1095//35
f 2190//86 1095//35 2191//87
f 2191//87 1095//35 1104//35
f 2191//87 1104//35 2192//88
f 2192//88 1104//35 1106//35
f 2192//88 1106//35 2193//89
f 2193//89 1106//35 1093//32
f 2193//89 1093//32 2194//90
f 2194//90 1093//32 1091//32
f 2194//90 1091//32 2195//91
f 2195//91 1091//32 1089//32
f 2195//91 1089//32 2196//92
f 2196//92 1089//32 1088//32
f 2196//92 1088//32 2197//93
f 2197//93 1088//32 1066//32
f 2197//93 1066//32 2198//94
f 2198//94 1066//32 1065//32
f 2198//94 1065//32 2163//60
f 2163//60 1065//32 1063//33
f 2199//32 2174//368 2200//32
f 2200//32 2174//368 2175//71
f 2200//32 2175//71 2201//32
f 2201//32 2175//71 2176//72
f 2201//32 2176//72 2202//32
f 2202//32 2176//72 2177//73
f 2202//32 2177//73 2203//32
f 2203//32 2177//73 2178//369
f 2203//32 2178//369 2204//32
f 2204//32 2178//369 2179//75
f 2204//32 2179//75 2205//32
f 2205//32 2179//75 2180//76
f 2205//32 2180//76 2206//32
f 2206//32 2180//76 2181//77
f 2206//32 2181//77 2207//32
f 2207//32 2181//77 2182//78
f 2207//32 2182//78 2208//32
f 2208//32 2182//78 2183//79
f 2208//32 2183//79 2209//32
f 2209//32 2183//79 2184//80
f 2209//32 2184//80 2210//32
f 2210//32 2184//80 2185//81
f 2210//32 2185//81 2211//32
f 2211//32 2185//81 2186//82
f 2211//32 2186//82 2212//32
f 2212//32 2186//82 2187//370
f 2212//32 2187//370 2213//32
f 2213//32 2187//370 2188//84
f 2213//32 2188//84 2214//32
f 2214//32 2188//84 2189//371
f 2214//32 2189//371 2215//32
f 2215//32 2189//371 2190//86
f 2215//32 2190//86 2216//32
f 2216//32 2190//86 2191//87
f 2216//32 2191//87 2217//32
f 2217//32 2191//87 2192//88
f 2217//32 2192//88 2218//32
f 2218//32 2192//88 2193//89
f 2218//32 2193//89 2219//32
f 2219//32 2193//89 2194//90
f 2219//32 2194//90 2220//32
f 2220//32 2194//90 2195//91
f 2220//32 2195//91 2221//32
f 2221//32 2195//91 2196//92
f 2221//32 2196//92 2222//33
f 2222//33 2196//92 2197//93
f 2222//33 2197//93 2223//37
f 2223//37 2197//93 2198//94
f 2223//37 2198//94 2224//32
f 2224//32 2198//94 2163//60
f 2224//32 2163//60 2225//32
f 2225//32 2163//60 2164//60
f 2225//32 2164//60 2226//32
f 2226//32 2164//60 2165//61
f 2226//32 2165//61 2227//32
f 2227//32 2165//61 2166//62
f 2227//32 2166//62 2228//32
f 2228//32 2166//62 2167//63
f 2228//32 2167//63 2229//32
f 2229//32 2167//63 2168//64
f 2229//32 2168//64 2230//32
f 2230//32 2168//64 2169//65
f 2230//32 2169//65 2231//34
f 2231//34 2169//65 2170//66
f 2231//34 2170//66 2232//34
f 2232//34 2170//66 2171//67
f 2232//34 2171//67 2233//32
f 2233//32 2171//67 2172//68
f 2233//32 2172//68 2234//32
f 2234//32 2172//68 2173//69
f 2234//32 2173//69 2199//32
f 2199//32 2173//69 2174//368
f 2205//32 214//4 2204//32
f 2204//32 214//4 216//1
f 2204//32 216//1 2203//32
f 2203//32 216//1 217//1
f 2203//32 217//1 2202//32
f 2202//32 217//1 226//1
f 2202//32 226//1 2201//32
f 2201//32 226//1 228//1
f 2201//32 228//1 2200//32
f 2200//32 228//1 230//1
f 2200//32 230//1 2199//32
f 2199//32 230//1 225//1
f 2199//32 225//1 2234//32
f 2234//32 225//1 223//1
f 2234//32 223//1 2233//32
f 2233//32 223//1 221//1
f 2233//32 221//1 2232//34
f 221//1 219//1 2232//34
f 2232//34 219//1 218//1
f 2232//34 218//1 2231//34
f 2231//34 218//1 2235//408
f 2231//34 2235//408 2230//32
f 2230//32 2235//408 2236//84
f 2230//32 2236//84 2229//32
f 2229//32 2236//84 2237//386
f 2229//32 2237//386 2228//32
f 2228//32 2237//386 2238//82
f 2228//32 2238//82 2227//32
f 2227//32 2238//82 2239//400
f 2227//32 2239//400 2226//32
f 2226//32 2239//400 2240//379
f 2226//32 2240//379 2225//32
f 2225//32 2240//379 2241//401
f 2225//32 2241//401 2224//32
f 2224//32 2241//401 2242//373
f 2224//32 2242//373 2223//37
f 2242//373 2243//374 2223//37
f 2223//37 2243//374 237//1
f 2223//37 237//1 2222//33
f 2222//33 237//1 236//1
f 2222//33 236//1 2221//32
f 2221//32 236//1 234//1
f 2221//32 234//1 2220//32
f 2220//32 234//1 233//1
f 2220//32 233//1 2219//32
f 2219//32 233//1 249//1
f 2219//32 249//1 2218//32
f 2218//32 249//1 247//7
f 2218//32 247//7 2217//32
f 2217//32 247//7 245//1
f 2217//32 245//1 2216//32
f 2216//32 245//1 243//20
f 2216//32 243//20 2215//32
f 2215//32 243//20 241//7
f 2215//32 241//7 2214//32
f 241//7 239//7 2214//32
f 2214//32 239//7 238//1
f 2214//32 238//1 2213//32
f 2213//32 238//1 2244//409
f 2213//32 2244//409 2212//32
f 2212//32 2244//409 2245//66
f 2212//32 2245//66 2211//32
f 2211//32 2245//66 2246//410
f 2211//32 2246//410 2210//32
f 2210//32 2246//410 2247//64
f 2210//32 2247//64 2209//32
f 2209//32 2247//64 2248//403
f 2209//32 2248//403 2208//32
f 2208//32 2248//403 2249//397
f 2208//32 2249//397 2207//32
f 2207//32 2249//397 2250//367
f 2207//32 2250//367 2206//32
f 2206//32 2250//367 2251//59
f 2206//32 2251//59 2205//32
f 2205//32 2251//59 2252//411
f 2205//32 2252//411 214//4
f 2253//60 709//33 2254//60
f 2254//60 709//33 717//32
f 2254//60 717//32 2255//367
f 2255//367 717//32 655//40
f 2255//367 655//40 2256//62
f 2256//62 655//40 654//32
f 2256//62 654//32 2257//394
f 2257//394 654//32 652//32
f 2257//394 652//32 2258//64
f 2258//64 652//32 651//32
f 2258//64 651//32 2259//391
f 2259//391 651//32 647//32
f 2259//391 647//32 2260//412
f 2260//412 647//32 649//32
f 2260//412 649//32 2261//67
f 2261//67 649//32 650//34
f 2261//67 650//34 2262//68
f 2262//68 650//34 674//32
f 2262//68 674//32 2263//69
f 2263//69 674//32 676//35
f 2263//69 676//35 2264//368
f 2264//368 676//35 678//32
f 2264//368 678//32 2265//103
f 2265//103 678//32 673//32
f 2265//103 673//32 2266//102
f 2266//102 673//32 671//32
f 2266//102 671//32 2267//73
f 2267//73 671//32 669//32
f 2267//73 669//32 2268//74
f 2268//74 669//32 668//32
f 2268//74 668//32 2269//413
f 2269//413 668//32 641//32
f 2269//413 641//32 2270//76
f 2270//76 641//32 640//33
f 2270//76 640//33 2271//77
f 2271//77 640//33 636//32
f 2271//77 636//32 2272//78
f 2272//78 636//32 638//32
f 2272//78 638//32 2273//401
f 2273//401 638//32 639//37
f 2273//401 639//37 2274//80
f 2274//80 639//37 735//32
f 2274//80 735//32 2275//81
f 2275//81 735//32 733//32
f 2275//81 733//32 2276//82
f 2276//82 733//32 732//32
f 2276//82 732//32 2277//83
f 2277//83 732//32 728//32
f 2277//83 728//32 2278//84
f 2278//84 728//32 727//32
f 2278//84 727//32 2279//371
f 2279//371 727//32 725//32
f 2279//371 725//32 2280//86
f 2280//86 725//32 724//32
f 2280//86 724//32 2281//87
f 2281//87 724//32 745//32
f 2281//87 745//32 2282//99
f 2282//99 745//32 743//32
f 2282//99 743//32 2283//89
f 2283//89 743//32 741//32
f 2283//89 741//32 2284//90
f 2284//90 741//32 739//32
f 2284//90 739//32 2285//91
f 2285//91 739//32 737//37
f 2285//91 737//37 2286//96
f 2286//96 737//37 736//32
f 2286//96 736//32 2287//396
f 2287//396 736//32 706//32
f 2287//396 706//32 2288//94
f 2288//94 706//32 708//32
f 2288//94 708//32 2253//60
f 2253//60 708//32 709//33
f 2289//32 2267//73 2290//32
f 2290//32 2267//73 2268//74
f 2290//32 2268//74 2291//37
f 2291//37 2268//74 2269//413
f 2291//37 2269//413 2292//32
f 2292//32 2269//413 2270//76
f 2292//32 2270//76 2293//32
f 2293//32 2270//76 2271//77
f 2293//32 2271//77 2294//32
f 2294//32 2271//77 2272//78
f 2294//32 2272//78 2295//32
f 2295//32 2272//78 2273//401
f 2295//32 2273//401 2296//32
f 2296//32 2273//401 2274//80
f 2296//32 2274//80 2297//32
f 2297//32 2274//80 2275//81
f 2297//32 2275//81 2298//32
f 2298//32 2275//81 2276//82
f 2298//32 2276//82 2299//32
f 2299//32 2276//82 2277//83
f 2299//32 2277//83 2300//34
f 2300//34 2277//83 2278//84
f 2300//34 2278//84 2301//35
f 2301//35 2278//84 2279//371
f 2301//35 2279//371 2302//32
f 2302//32 2279//371 2280//86
f 2302//32 2280//86 2303//32
f 2303//32 2280//86 2281//87
f 2303//32 2281//87 2304//32
f 2304//32 2281//87 2282//99
f 2304//32 2282//99 2305//32
f 2305//32 2282//99 2283//89
f 2305//32 2283//89 2306//32
f 2306//32 2283//89 2284//90
f 2306//32 2284//90 2307//32
f 2307//32 2284//90 2285//91
f 2307//32 2285//91 2308//32
f 2308//32 2285//91 2286//96
f 2308//32 2286//96 2309//32
f 2309//32 2286//96 2287//396
f 2309//32 2287//396 2310//37
f 2310//37 2287//396 2288//94
f 2310//37 2288//94 2311//32
f 2311//32 2288//94 2253//60
f 2311//32 2253//60 2312//32
f 2312//32 2253//60 2254//60
f 2312//32 2254//60 2313//32
f 2313//32 2254//60 2255//367
f 2313//32 2255//367 2314//32
f 2314//32 2255//367 2256//62
f 2314//32 2256//62 2315//32
f 2315//32 2256//62 2257//394
f 2315//32 2257//394 2316//32
f 2316//32 2257//394 2258//64
f 2316//32 2258//64 2317//32
f 2317//32 2258//64 2259//391
f 2317//32 2259//391 2318//32
f 2318//32 2259//391 2260//412
f 2318//32 2260//412 2319//32
f 2319//32 2260//412 2261//67
f 2319//32 2261//67 2320//32
f 2320//32 2261//67 2262//68
f 2320//32 2262//68 2321//32
f 2321//32 2262//68 2263//69
f 2321//32 2263//69 2322//32
f 2322//32 2263//69 2264//368
f 2322//32 2264//368 2323//32
f 2323//32 2264//368 2265//103
f 2323//32 2265//103 2324//32
f 2324//32 2265//103 2266//102
f 2324//32 2266//102 2289//32
f 2289//32 2266//102 2267//73
f 2292//32 102//2 2291//37
f 2291//37 102//2 101//4
f 2291//37 101//4 2290//32
f 2290//32 101//4 99//1
f 2290//32 99//1 2289//32
f 2289//32 99//1 98//1
f 2289//32 98//1 2324//32
f 2324//32 98//1 114//1
f 2324//32 114//1 2323//32
f 2323//32 114//1 112//1
f 2323//32 112//1 2322//32
f 2322//32 112//1 110//1
f 2322//32 110//1 2321//32
f 2321//32 110//1 108//12
f 2321//32 108//12 2320//32
f 2320//32 108//12 106//2
f 2320//32 106//2 2319//32
f 106//2 104//1 2319//32
f 2319//32 104//1 103//4
f 2319//32 103//4 2318//32
f 2318//32 103//4 2325//414
f 2318//32 2325//414 2317//32
f 2317//32 2325//414 2326//84
f 2317//32 2326//84 2316//32
f 2316//32 2326//84 2327//370
f 2316//32 2327//370 2315//32
f 2315//32 2327//370 2328//82
f 2315//32 2328//82 2314//32
f 2314//32 2328//82 2329//81
f 2314//32 2329//81 2313//32
f 2313//32 2329//81 2330//379
f 2313//32 2330//379 2312//32
f 2312//32 2330//379 2331//401
f 2312//32 2331//401 2311//32
f 2311//32 2331//401 2332//373
f 2311//32 2332//373 2310//37
f 2332//373 2333//374 2310//37
f 2310//37 2333//374 117//3
f 2310//37 117//3 2309//32
f 2309//32 117//3 119//1
f 2309//32 119//1 2308//32
f 2308//32 119//1 120//1
f 2308//32 120//1 2307//32
f 2307//32 120//1 129//1
f 2307//32 129//1 2306//32
f 2306//32 129//1 131//1
f 2306//32 131//1 2305//32
f 2305//32 131//1 133//1
f 2305//32 133//1 2304//32
f 2304//32 133//1 128//1
f 2304//32 128//1 2303//32
f 2303//32 128//1 126//2
f 2303//32 126//2 2302//32
f 2302//32 126//2 124//1
f 2302//32 124//1 2301//35
f 124//1 122//1 2301//35
f 2301//35 122//1 121//2
f 2301//35 121//2 2300//34
f 2300//34 121//2 2334//415
f 2300//34 2334//415 2299//32
f 2299//32 2334//415 2335//66
f 2299//32 2335//66 2298//32
f 2298//32 2335//66 2336//410
f 2298//32 2336//410 2297//32
f 2297//32 2336//410 2337//64
f 2297//32 2337//64 2296//32
f 2296//32 2337//64 2338//403
f 2296//32 2338//403 2295//32
f 2295//32 2338//403 2339//397
f 2295//32 2339//397 2294//32
f 2294//32 2339//397 2340//367
f 2294//32 2340//367 2293//32
f 2293//32 2340//367 2341//59
f 2293//32 2341//59 2292//32
f 2292//32 2341//59 2342//377
f 2292//32 2342//377 102//2
f 2343//59 691//32 2344//60
f 2344//60 691//32 667//32
f 2344//60 667//32 2345//416
f 2345//416 667//32 666//37
f 2345//416 666//37 2346//62
f 2346//62 666//37 664//32
f 2346//62 664//32 2347//63
f 2347//63 664//32 662//32
f 2347//63 662//32 2348//64
f 2348//64 662//32 566//35
f 2348//64 566//35 2349//410
f 2349//410 566//35 565//34
f 2349//410 565//34 2350//66
f 2350//66 565//34 568//32
f 2350//66 568//32 2351//67
f 2351//67 568//32 570//34
f 2351//67 570//34 2352//68
f 2352//68 570//34 580//32
f 2352//68 580//32 2353//69
f 2353//69 580//32 579//32
f 2353//69 579//32 2354//70
f 2354//70 579//32 578//32
f 2354//70 578//32 2355//103
f 2355//103 578//32 615//32
f 2355//103 615//32 2356//72
f 2356//72 615//32 617//32
f 2356//72 617//32 2357//73
f 2357//73 617//32 619//33
f 2357//73 619//33 2358//369
f 2358//369 619//33 611//32
f 2358//369 611//32 2359//75
f 2359//75 611//32 609//32
f 2359//75 609//32 2360//76
f 2360//76 609//32 607//32
f 2360//76 607//32 2361//77
f 2361//77 607//32 606//32
f 2361//77 606//32 2362//78
f 2362//78 606//32 597//32
f 2362//78 597//32 2363//401
f 2363//401 597//32 595//32
f 2363//401 595//32 2364//379
f 2364//379 595//32 594//34
f 2364//379 594//34 2365//81
f 2365//81 594//34 573//32
f 2365//81 573//32 2366//82
f 2366//82 573//32 572//32
f 2366//82 572//32 2367//386
f 2367//386 572//32 634//35
f 2367//386 634//35 2368//84
f 2368//84 634//35 646//32
f 2368//84 646//32 2369//371
f 2369//371 646//32 644//32
f 2369//371 644//32 2370//86
f 2370//86 644//32 643//32
f 2370//86 643//32 2371//87
f 2371//87 643//32 690//32
f 2371//87 690//32 2372//99
f 2372//99 690//32 689//32
f 2372//99 689//32 2373//89
f 2373//89 689//32 688//32
f 2373//89 688//32 2374//90
f 2374//90 688//32 700//32
f 2374//90 700//32 2375//91
f 2375//91 700//32 698//32
f 2375//91 698//32 2376//96
f 2376//96 698//32 696//37
f 2376//96 696//37 2377//93
f 2377//93 696//37 694//33
f 2377//93 694//33 2378//395
f 2378//395 694//33 692//32
f 2378//395 692//32 2343//59
f 2343//59 692//32 691//32
f 2379//35 2356//72 2380//32
f 2380//32 2356//72 2357//73
f 2380//32 2357//73 2381//32
f 2381//32 2357//73 2358//369
f 2381//32 2358//369 2382//32
f 2382//32 2358//369 2359//75
f 2382//32 2359//75 2383//32
f 2383//32 2359//75 2360//76
f 2383//32 2360//76 2384//32
f 2384//32 2360//76 2361//77
f 2384//32 2361//77 2385//32
f 2385//32 2361//77 2362//78
f 2385//32 2362//78 2386//32
f 2386//32 2362//78 2363//401
f 2386//32 2363//401 2387//32
f 2387//32 2363//401 2364//379
f 2387//32 2364//379 2388//32
f 2388//32 2364//379 2365//81
f 2388//32 2365//81 2389//32
f 2389//32 2365//81 2366//82
f 2389//32 2366//82 2390//32
f 2390//32 2366//82 2367//386
f 2390//32 2367//386 2391//32
f 2391//32 2367//386 2368//84
f 2391//32 2368//84 2392//32
f 2392//32 2368//84 2369//371
f 2392//32 2369//371 2393//35
f 2393//35 2369//371 2370//86
f 2393//35 2370//86 2394//32
f 2394//32 2370//86 2371//87
f 2394//32 2371//87 2395//32
f 2395//32 2371//87 2372//99
f 2395//32 2372//99 2396//32
f 2396//32 2372//99 2373//89
f 2396//32 2373//89 2397//32
f 2397//32 2373//89 2374//90
f 2397//32 2374//90 2398//32
f 2398//32 2374//90 2375//91
f 2398//32 2375//91 2399//32
f 2399//32 2375//91 2376//96
f 2399//32 2376//96 2400//32
f 2400//32 2376//96 2377//93
f 2400//32 2377//93 2401//32
f 2401//32 2377//93 2378//395
f 2401//32 2378//395 2402//32
f 2402//32 2378//395 2343//59
f 2402//32 2343//59 2403//33
f 2403//33 2343//59 2344//60
f 2403//33 2344//60 2404//32
f 2404//32 2344//60 2345//416
f 2404//32 2345//416 2405//32
f 2405//32 2345//416 2346//62
f 2405//32 2346//62 2406//32
f 2406//32 2346//62 2347//63
f 2406//32 2347//63 2407//32
f 2407//32 2347//63 2348//64
f 2407//32 2348//64 2408//32
f 2408//32 2348//64 2349//410
f 2408//32 2349//410 2409//32
f 2409//32 2349//410 2350//66
f 2409//32 2350//66 2410//32
f 2410//32 2350//66 2351//67
f 2410//32 2351//67 2411//34
f 2411//34 2351//67 2352//68
f 2411//34 2352//68 2412//35
f 2412//35 2352//68 2353//69
f 2412//35 2353//69 2413//34
f 2413//34 2353//69 2354//70
f 2413//34 2354//70 2414//32
f 2414//32 2354//70 2355//103
f 2414//32 2355//103 2379//35
f 2379//35 2355//103 2356//72
f 2413//34 20//1 2412//35
f 2412//35 20//1 2415//417
f 2412//35 2415//417 2411//34
f 2411//34 2415//417 2416//100
f 2411//34 2416//100 2410//32
f 2410//32 2416//100 2417//384
f 2410//32 2417//384 2409//32
f 2409//32 2417//384 2418//418
f 2409//32 2418//418 2408//32
f 2408//32 2418//418 2419//84
f 2408//32 2419//84 2407//32
f 2407//32 2419//84 2420//370
f 2407//32 2420//370 2406//32
f 2406//32 2420//370 2421//82
f 2406//32 2421//82 2405//32
f 2405//32 2421//82 2422//400
f 2405//32 2422//400 2404//32
f 2422//400 2423//80 2404//32
f 2404//32 2423//80 21//6
f 2404//32 21//6 2403//33
f 2403//33 21//6 23//4
f 2403//33 23//4 2402//32
f 2402//32 23//4 24//1
f 2402//32 24//1 2401//32
f 2401//32 24//1 34//1
f 2401//32 34//1 2400//32
f 2400//32 34//1 36//1
f 2400//32 36//1 2399//32
f 2399//32 36//1 38//1
f 2399//32 38//1 2398//32
f 2398//32 38//1 25//1
f 2398//32 25//1 2397//32
f 2397//32 25//1 27//1
f 2397//32 27//1 2396//32
f 2396//32 27//1 29//1
f 2396//32 29//1 2395//32
f 29//1 31//1 2395//32
f 2395//32 31//1 33//7
f 2395//32 33//7 2394//32
f 2394//32 33//7 2424//419
f 2394//32 2424//419 2393//35
f 2393//35 2424//419 2425//104
f 2393//35 2425//104 2392//32
f 2392//32 2425//104 2426//389
f 2392//32 2426//389 2391//32
f 2391//32 2426//389 2427//67
f 2391//32 2427//67 2390//32
f 2390//32 2427//67 2428//66
f 2390//32 2428//66 2389//32
f 2389//32 2428//66 2429//410
f 2389//32 2429//410 2388//32
f 2388//32 2429//410 2430//64
f 2388//32 2430//64 2387//32
f 2387//32 2430//64 2431//403
f 2387//32 2431//403 2386//32
f 2431//403 2432//397 2386//32
f 2386//32 2432//397 6//3
f 2386//32 6//3 2385//32
f 2385//32 6//3 5//1
f 2385//32 5//1 2384//32
f 2384//32 5//1 2//1
f 2384//32 2//1 2383//32
f 2383//32 2//1 1//1
f 2383//32 1//1 2382//32
f 2382//32 1//1 9//1
f 2382//32 9//1 2381//32
f 2381//32 9//1 11//1
f 2381//32 11//1 2380//32
f 2380//32 11//1 13//1
f 2380//32 13//1 2379//35
f 2379//35 13//1 15//3
f 2379//35 15//3 2414//32
f 2414//32 15//3 17//1
f 2414//32 17//1 2413//34
f 2413//34 17//1 19//1
f 2413//34 19//1 20//1
f 2433//60 627//32 2434//60
f 2434//60 627//32 625//37
f 2434//60 625//37 2435//367
f 2435//367 625//37 623//32
f 2435//367 623//32 2436//62
f 2436//62 623//32 622//32
f 2436//62 622//32 2437//63
f 2437//63 622//32 585//32
f 2437//63 585//32 2438//64
f 2438//64 585//32 584//34
f 2438//64 584//34 2439//65
f 2439//65 584//34 583//32
f 2439//65 583//32 2440//66
f 2440//66 583//32 581//32
f 2440//66 581//32 2441//67
f 2441//67 581//32 506//32
f 2441//67 506//32 2442//68
f 2442//68 506//32 505//32
f 2442//68 505//32 2443//69
f 2443//69 505//32 503//32
f 2443//69 503//32 2444//368
f 2444//368 503//32 502//32
f 2444//368 502//32 2445//71
f 2445//71 502//32 497//32
f 2445//71 497//32 2446//102
f 2446//102 497//32 496//32
f 2446//102 496//32 2447//73
f 2447//73 496//32 549//32
f 2447//73 549//32 2448//74
f 2448//74 549//32 548//33
f 2448//74 548//33 2449//75
f 2449//75 548//33 546//32
f 2449//75 546//32 2450//375
f 2450//375 546//32 544//32
f 2450//375 544//32 2451//77
f 2451//77 544//32 517//32
f 2451//77 517//32 2452//78
f 2452//78 517//32 515//32
f 2452//78 515//32 2453//79
f 2453//79 515//32 513//32
f 2453//79 513//32 2454//379
f 2454//379 513//32 512//32
f 2454//379 512//32 2455//81
f 2455//81 512//32 511//32
f 2455//81 511//32 2456//82
f 2456//82 511//32 510//32
f 2456//82 510//32 2457//370
f 2457//370 510//32 508//32
f 2457//370 508//32 2458//84
f 2458//84 508//32 501//32
f 2458//84 501//32 2459//371
f 2459//371 501//32 500//34
f 2459//371 500//34 2460//86
f 2460//86 500//34 577//32
f 2460//86 577//32 2461//87
f 2461//87 577//32 575//32
f 2461//87 575//32 2462//88
f 2462//88 575//32 574//32
f 2462//88 574//32 2463//89
f 2463//89 574//32 605//32
f 2463//89 605//32 2464//90
f 2464//90 605//32 614//32
f 2464//90 614//32 2465//91
f 2465//91 614//32 613//32
f 2465//91 613//32 2466//404
f 2466//404 613//32 612//37
f 2466//404 612//37 2467//93
f 2467//93 612//37 631//32
f 2467//93 631//32 2468//94
f 2468//94 631//32 629//32
f 2468//94 629//32 2433//60
f 2433//60 629//32 627//32
f 2469//420 2435//367 2470//32
f 2470//32 2435//367 2436//62
f 2470//32 2436//62 2471//32
f 2471//32 2436//62 2437//63
f 2471//32 2437//63 2472//32
f 2472//32 2437//63 2438//64
f 2472//32 2438//64 2473//32
f 2473//32 2438//64 2439//65
f 2473//32 2439//65 2474//32
f 2474//32 2439//65 2440//66
f 2474//32 2440//66 2475//32
f 2475//32 2440//66 2441//67
f 2475//32 2441//67 2476//32
f 2476//32 2441//67 2442//68
f 2476//32 2442//68 2477//32
f 2477//32 2442//68 2443//69
f 2477//32 2443//69 2478//32
f 2478//32 2443//69 2444//368
f 2478//32 2444//368 2479//32
f 2479//32 2444//368 2445//71
f 2479//32 2445//71 2480//34
f 2480//34 2445//71 2446//102
f 2480//34 2446//102 2481//32
f 2481//32 2446//102 2447//73
f 2481//32 2447//73 2482//32
f 2482//32 2447//73 2448//74
f 2482//32 2448//74 2483//32
f 2483//32 2448//74 2449//75
f 2483//32 2449//75 2484//32
f 2484//32 2449//75 2450//375
f 2484//32 2450//375 2485//32
f 2485//32 2450//375 2451//77
f 2485//32 2451//77 2486//32
f 2486//32 2451//77 2452//78
f 2486//32 2452//78 2487//32
f 2487//32 2452//78 2453//79
f 2487//32 2453//79 2488//32
f 2488//32 2453//79 2454//379
f 2488//32 2454//379 2489//32
f 2489//32 2454//379 2455//81
f 2489//32 2455//81 2490//32
f 2490//32 2455//81 2456//82
f 2490//32 2456//82 2491//32
f 2491//32 2456//82 2457//370
f 2491//32 2457//370 2492//32
f 2492//32 2457//370 2458//84
f 2492//32 2458//84 2493//32
f 2493//32 2458//84 2459//371
f 2493//32 2459//371 2494//32
f 2494//32 2459//371 2460//86
f 2494//32 2460//86 2495//32
f 2495//32 2460//86 2461//87
f 2495//32 2461//87 2496//32
f 2496//32 2461//87 2462//88
f 2496//32 2462//88 2497//32
f 2497//32 2462//88 2463//89
f 2497//32 2463//89 2498//32
f 2498//32 2463//89 2464//90
f 2498//32 2464//90 2499//37
f 2499//37 2464//90 2465//91
f 2499//37 2465//91 2500//32
f 2500//32 2465//91 2466//404
f 2500//32 2466//404 2501//32
f 2501//32 2466//404 2467//93
f 2501//32 2467//93 2502//32
f 2502//32 2467//93 2468//94
f 2502//32 2468//94 2503//32
f 2503//32 2468//94 2433//60
f 2503//32 2433//60 2504//32
f 2504//32 2433//60 2434//60
f 2504//32 2434//60 2469//420
f 2469//420 2434//60 2435//367
f 2481//32 44//7 2480//34
f 2480//34 44//7 2505//421
f 2480//34 2505//421 2479//32
f 2479//32 2505//421 2506//90
f 2479//32 2506//90 2478//32
f 2478//32 2506//90 2507//98
f 2478//32 2507//98 2477//32
f 2477//32 2507//98 2508//99
f 2477//32 2508//99 2476//32
f 2476//32 2508//99 2509//100
f 2476//32 2509//100 2475//32
f 2475//32 2509//100 2510//384
f 2475//32 2510//384 2474//32
f 2474//32 2510//384 2511//371
f 2474//32 2511//371 2473//32
f 2473//32 2511//371 2512//385
f 2473//32 2512//385 2472//32
f 2512//385 2513//386 2472//32
f 2472//32 2513//386 60//2
f 2472//32 60//2 2471//32
f 2471//32 60//2 62//1
f 2471//32 62//1 2470//32
f 2470//32 62//1 63//1
f 2470//32 63//1 2469//420
f 2469//420 63//1 64//1
f 2469//420 64//1 2504//32
f 2504//32 64//1 66//1
f 2504//32 66//1 2503//32
f 2503//32 66//1 68//1
f 2503//32 68//1 2502//32
f 2502//32 68//1 70//1
f 2502//32 70//1 2501//32
f 2501//32 70//1 73//1
f 2501//32 73//1 2500//32
f 2500//32 73//1 75//1
f 2500//32 75//1 2499//37
f 75//1 77//4 2499//37
f 2499//37 77//4 78//1
f 2499//37 78//1 2498//32
f 2498//32 78//1 2514//422
f 2498//32 2514//422 2497//32
f 2497//32 2514//422 2515//388
f 2497//32 2515//388 2496//32
f 2496//32 2515//388 2516//103
f 2496//32 2516//103 2495//32
f 2495//32 2516//103 2517//70
f 2495//32 2517//70 2494//32
f 2494//32 2517//70 2518//104
f 2494//32 2518//104 2493//32
f 2493//32 2518//104 2519//389
f 2493//32 2519//389 2492//32
f 2492//32 2519//389 2520//390
f 2492//32 2520//390 2491//32
f 2491//32 2520//390 2521//66
f 2491//32 2521//66 2490//32
f 2521//66 2522//410 2490//32
f 2490//32 2522//410 42//7
f 2490//32 42//7 2489//32
f 2489//32 42//7 41//3
f 2489//32 41//3 2488//32
f 2488//32 41//3 59//1
f 2488//32 59//1 2487//32
f 2487//32 59//1 57//1
f 2487//32 57//1 2486//32
f 2486//32 57//1 55//1
f 2486//32 55//1 2485//32
f 2485//32 55//1 53//1
f 2485//32 53//1 2484//32
f 2484//32 53//1 51//1
f 2484//32 51//1 2483//32
f 2483//32 51//1 49//9
f 2483//32 49//9 2482//32
f 2482//32 49//9 47//1
f 2482//32 47//1 2481//32
f 2481//32 47//1 45//1
f 2481//32 45//1 44//7
f 2523//59 523//32 2524//60
f 2524//60 523//32 562//33
f 2524//60 562//33 2525//61
f 2525//61 562//33 560//32
f 2525//61 560//32 2526//62
f 2526//62 560//32 558//32
f 2526//62 558//32 2527//403
f 2527//403 558//32 556//32
f 2527//403 556//32 2528//64
f 2528//64 556//32 554//32
f 2528//64 554//32 2529//410
f 2529//410 554//32 553//32
f 2529//410 553//32 2530//66
f 2530//66 553//32 528//34
f 2530//66 528//34 2531//67
f 2531//67 528//34 522//32
f 2531//67 522//32 2532//68
f 2532//68 522//32 521//32
f 2532//68 521//32 2533//69
f 2533//69 521//32 519//32
f 2533//69 519//32 2534//70
f 2534//70 519//32 444//35
f 2534//70 444//35 2535//71
f 2535//71 444//35 443//32
f 2535//71 443//32 2536//72
f 2536//72 443//32 441//32
f 2536//72 441//32 2537//398
f 2537//398 441//32 440//32
f 2537//398 440//32 2538//369
f 2538//369 440//32 439//32
f 2538//369 439//32 2539//75
f 2539//75 439//32 437//32
f 2539//75 437//32 2540//76
f 2540//76 437//32 436//33
f 2540//76 436//33 2541//77
f 2541//77 436//33 459//32
f 2541//77 459//32 2542//78
f 2542//78 459//32 461//32
f 2542//78 461//32 2543//79
f 2543//79 461//32 463//33
f 2543//79 463//33 2544//379
f 2544//379 463//33 458//32
f 2544//379 458//32 2545//81
f 2545//81 458//32 456//32
f 2545//81 456//32 2546//82
f 2546//82 456//32 454//32
f 2546//82 454//32 2547//386
f 2547//386 454//32 453//32
f 2547//386 453//32 2548//84
f 2548//84 453//32 435//32
f 2548//84 435//32 2549//371
f 2549//371 435//32 434//32
f 2549//371 434//32 2550//86
f 2550//86 434//32 432//32
f 2550//86 432//32 2551//87
f 2551//87 432//32 430//32
f 2551//87 430//32 2552//99
f 2552//99 430//32 429//34
f 2552//99 429//34 2553//89
f 2553//89 429//34 552//32
f 2553//89 552//32 2554//90
f 2554//90 552//32 551//32
f 2554//90 551//32 2555//91
f 2555//91 551//32 550//32
f 2555//91 550//32 2556//92
f 2556//92 550//32 527//37
f 2556//92 527//37 2557//93
f 2557//93 527//37 526//32
f 2557//93 526//32 2558//423
f 2558//423 526//32 524//32
f 2558//423 524//32 2523//59
f 2523//59 524//32 523//32
f 2559//32 2538//369 2560//32
f 2560//32 2538//369 2539//75
f 2560//32 2539//75 2561//32
f 2561//32 2539//75 2540//76
f 2561//32 2540//76 2562//32
f 2562//32 2540//76 2541//77
f 2562//32 2541//77 2563//32
f 2563//32 2541//77 2542//78
f 2563//32 2542//78 2564//32
f 2564//32 2542//78 2543//79
f 2564//32 2543//79 2565//32
f 2565//32 2543//79 2544//379
f 2565//32 2544//379 2566//32
f 2566//32 2544//379 2545//81
f 2566//32 2545//81 2567//32
f 2567//32 2545//81 2546//82
f 2567//32 2546//82 2568//32
f 2568//32 2546//82 2547//386
f 2568//32 2547//386 2569//34
f 2569//34 2547//386 2548//84
f 2569//34 2548//84 2570//32
f 2570//32 2548//84 2549//371
f 2570//32 2549//371 2571//35
f 2571//35 2549//371 2550//86
f 2571//35 2550//86 2572//32
f 2572//32 2550//86 2551//87
f 2572//32 2551//87 2573//32
f 2573//32 2551//87 2552//99
f 2573//32 2552//99 2574//32
f 2574//32 2552//99 2553//89
f 2574//32 2553//89 2575//32
f 2575//32 2553//89 2554//90
f 2575//32 2554//90 2576//32
f 2576//32 2554//90 2555//91
f 2576//32 2555//91 2577//32
f 2577//32 2555//91 2556//92
f 2577//32 2556//92 2578//37
f 2578//37 2556//92 2557//93
f 2578//37 2557//93 2579//37
f 2579//37 2557//93 2558//423
f 2579//37 2558//423 2580//32
f 2580//32 2558//423 2523//59
f 2580//32 2523//59 2581//32
f 2581//32 2523//59 2524//60
f 2581//32 2524//60 2582//32
f 2582//32 2524//60 2525//61
f 2582//32 2525//61 2583//32
f 2583//32 2525//61 2526//62
f 2583//32 2526//62 2584//32
f 2584//32 2526//62 2527//403
f 2584//32 2527//403 2585//32
f 2585//32 2527//403 2528//64
f 2585//32 2528//64 2586//32
f 2586//32 2528//64 2529//410
f 2586//32 2529//410 2587//32
f 2587//32 2529//410 2530//66
f 2587//32 2530//66 2588//32
f 2588//32 2530//66 2531//67
f 2588//32 2531//67 2589//34
f 2589//34 2531//67 2532//68
f 2589//34 2532//68 2590//32
f 2590//32 2532//68 2533//69
f 2590//32 2533//69 2591//32
f 2591//32 2533//69 2534//70
f 2591//32 2534//70 2592//32
f 2592//32 2534//70 2535//71
f 2592//32 2535//71 2593//32
f 2593//32 2535//71 2536//72
f 2593//32 2536//72 2594//32
f 2594//32 2536//72 2537//398
f 2594//32 2537//398 2559//32
f 2559//32 2537//398 2538//369
f 2561//32 2595//424 2560//32
f 2560//32 2595//424 2596//425
f 2560//32 2596//425 2559//32
f 2559//32 2596//425 2597//93
f 2559//32 2597//93 2594//32
f 2594//32 2597//93 2598//96
f 2594//32 2598//96 2593//32
f 2593//32 2598//96 2599//91
f 2593//32 2599//91 2592//32
f 2592//32 2599//91 2600//97
f 2592//32 2600//97 2591//32
f 2591//32 2600//97 2601//98
f 2591//32 2601//98 2590//32
f 2590//32 2601//98 2602//99
f 2590//32 2602//99 2589//34
f 2589//34 2602//99 2603//100
f 2589//34 2603//100 2588//32
f 2603//100 2604//384 2588//32
f 2588//32 2604//384 79//2
f 2588//32 79//2 2587//32
f 2587//32 79//2 81//1
f 2587//32 81//1 2586//32
f 2586//32 81//1 82//1
f 2586//32 82//1 2585//32
f 2585//32 82//1 91//1
f 2585//32 91//1 2584//32
f 2584//32 91//1 93//1
f 2584//32 93//1 2583//32
f 2583//32 93//1 95//1
f 2583//32 95//1 2582//32
f 2582//32 95//1 90//1
f 2582//32 90//1 2581//32
f 2581//32 90//1 88//1
f 2581//32 88//1 2580//32
f 2580//32 88//1 86//1
f 2580//32 86//1 2579//37
f 86//1 84//4 2579//37
f 2579//37 84//4 83//3
f 2579//37 83//3 2578//37
f 2578//37 83//3 2605//426
f 2578//37 2605//426 2577//32
f 2577//32 2605//426 2606//75
f 2577//32 2606//75 2576//32
f 2576//32 2606//75 2607//427
f 2576//32 2607//427 2575//32
f 2575//32 2607//427 2608//73
f 2575//32 2608//73 2574//32
f 2574//32 2608//73 2609//102
f 2574//32 2609//102 2573//32
f 2573//32 2609//102 2610//71
f 2573//32 2610//71 2572//32
f 2572//32 2610//71 2611//70
f 2572//32 2611//70 2571//35
f 2571//35 2611//70 2612//104
f 2571//35 2612//104 2570//32
f 2612//104 2613//68 2570//32
f 2570//32 2613//68 2614//428
f 2570//32 2614//428 2569//34
f 2569//34 2614//428 2615//429
f 2569//34 2615//429 2568//32
f 2568//32 2615//429 2616//66
f 2568//32 2616//66 2567//32
f 2567//32 2616//66 2617//410
f 2567//32 2617//410 2566//32
f 2566//32 2617//410 2618//64
f 2566//32 2618//64 2565//32
f 2565//32 2618//64 2619//63
f 2565//32 2619//63 2564//32
f 2564//32 2619//63 2620//397
f 2564//32 2620//397 2563//32
f 2563//32 2620//397 2621//367
f 2563//32 2621//367 2562//32
f 2562//32 2621//367 2622//59
f 2562//32 2622//59 2561//32
f 2561//32 2622//59 2623//411
f 2561//32 2623//411 2595//424
f 2624//60 910//37 2625//60
f 2625//60 910//37 923//37
f 2625//60 923//37 2626//61
f 2626//61 923//37 957//32
f 2626//61 957//32 2627//62
f 2627//62 957//32 956//32
f 2627//62 956//32 2628//63
f 2628//63 956//32 955//34
f 2628//63 955//34 2629//64
f 2629//64 955//34 971//32
f 2629//64 971//32 2630//391
f 2630//391 971//32 969//32
f 2630//391 969//32 2631//66
f 2631//66 969//32 967//32
f 2631//66 967//32 2632//67
f 2632//67 967//32 965//32
f 2632//67 965//32 2633//68
f 2633//68 965//32 963//32
f 2633//68 963//32 2634//69
f 2634//69 963//32 961//32
f 2634//69 961//32 2635//70
f 2635//70 961//32 959//32
f 2635//70 959//32 2636//71
f 2636//71 959//32 958//32
f 2636//71 958//32 2637//72
f 2637//72 958//32 931//32
f 2637//72 931//32 2638//73
f 2638//73 931//32 929//32
f 2638//73 929//32 2639//74
f 2639//74 929//32 928//33
f 2639//74 928//33 2640//75
f 2640//75 928//33 915//32
f 2640//75 915//32 2641//76
f 2641//76 915//32 914//32
f 2641//76 914//32 2642//77
f 2642//77 914//32 979//33
f 2642//77 979//33 2643//78
f 2643//78 979//33 981//32
f 2643//78 981//32 2644//79
f 2644//79 981//32 1001//32
f 2644//79 1001//32 2645//80
f 2645//80 1001//32 1000//32
f 2645//80 1000//32 2646//81
f 2646//81 1000//32 998//32
f 2646//81 998//32 2647//82
f 2647//82 998//32 997//32
f 2647//82 997//32 2648//370
f 2648//370 997//32 1029//32
f 2648//370 1029//32 2649//84
f 2649//84 1029//32 1031//35
f 2649//84 1031//35 2650//371
f 2650//371 1031//35 1033//35
f 2650//371 1033//35 2651//86
f 2651//86 1033//35 1021//32
f 2651//86 1021//32 2652//87
f 2652//87 1021//32 1019//32
f 2652//87 1019//32 2653//99
f 2653//99 1019//32 1017//32
f 2653//99 1017//32 2654//89
f 2654//89 1017//32 1016//32
f 2654//89 1016//32 2655//90
f 2655//90 1016//32 996//32
f 2655//90 996//32 2656//91
f 2656//91 996//32 994//32
f 2656//91 994//32 2657//92
f 2657//92 994//32 993//32
f 2657//92 993//32 2658//93
f 2658//93 993//32 983//33
f 2658//93 983//33 2659//94
f 2659//94 983//33 911//32
f 2659//94 911//32 2624//60
f 2624//60 911//32 910//37
f 2660//32 2635//70 2661//32
f 2661//32 2635//70 2636//71
f 2661//32 2636//71 2662//32
f 2662//32 2636//71 2637//72
f 2662//32 2637//72 2663//32
f 2663//32 2637//72 2638//73
f 2663//32 2638//73 2664//32
f 2664//32 2638//73 2639//74
f 2664//32 2639//74 2665//32
f 2665//32 2639//74 2640//75
f 2665//32 2640//75 2666//32
f 2666//32 2640//75 2641//76
f 2666//32 2641//76 2667//32
f 2667//32 2641//76 2642//77
f 2667//32 2642//77 2668//32
f 2668//32 2642//77 2643//78
f 2668//32 2643//78 2669//32
f 2669//32 2643//78 2644//79
f 2669//32 2644//79 2670//32
f 2670//32 2644//79 2645//80
f 2670//32 2645//80 2671//32
f 2671//32 2645//80 2646//81
f 2671//32 2646//81 2672//32
f 2672//32 2646//81 2647//82
f 2672//32 2647//82 2673//32
f 2673//32 2647//82 2648//370
f 2673//32 2648//370 2674//32
f 2674//32 2648//370 2649//84
f 2674//32 2649//84 2675//32
f 2675//32 2649//84 2650//371
f 2675//32 2650//371 2676//32
f 2676//32 2650//371 2651//86
f 2676//32 2651//86 2677//32
f 2677//32 2651//86 2652//87
f 2677//32 2652//87 2678//32
f 2678//32 2652//87 2653//99
f 2678//32 2653//99 2679//32
f 2679//32 2653//99 2654//89
f 2679//32 2654//89 2680//33
f 2680//33 2654//89 2655//90
f 2680//33 2655//90 2681//37
f 2681//37 2655//90 2656//91
f 2681//37 2656//91 2682//32
f 2682//32 2656//91 2657//92
f 2682//32 2657//92 2683//32
f 2683//32 2657//92 2658//93
f 2683//32 2658//93 2684//32
f 2684//32 2658//93 2659//94
f 2684//32 2659//94 2685//32
f 2685//32 2659//94 2624//60
f 2685//32 2624//60 2686//32
f 2686//32 2624//60 2625//60
f 2686//32 2625//60 2687//32
f 2687//32 2625//60 2626//61
f 2687//32 2626//61 2688//32
f 2688//32 2626//61 2627//62
f 2688//32 2627//62 2689//32
f 2689//32 2627//62 2628//63
f 2689//32 2628//63 2690//32
f 2690//32 2628//63 2629//64
f 2690//32 2629//64 2691//32
f 2691//32 2629//64 2630//391
f 2691//32 2630//391 2692//32
f 2692//32 2630//391 2631//66
f 2692//32 2631//66 2693//32
f 2693//32 2631//66 2632//67
f 2693//32 2632//67 2694//32
f 2694//32 2632//67 2633//68
f 2694//32 2633//68 2695//32
f 2695//32 2633//68 2634//69
f 2695//32 2634//69 2660//32
f 2660//32 2634//69 2635//70
f 2663//32 183//4 2662//32
f 2662//32 183//4 185//1
f 2662//32 185//1 2661//32
f 2661//32 185//1 186//1
f 2661//32 186//1 2660//32
f 2660//32 186//1 187//1
f 2660//32 187//1 2695//32
f 2695//32 187//1 189//1
f 2695//32 189//1 2694//32
f 2694//32 189//1 191//1
f 2694//32 191//1 2693//32
f 2693//32 191//1 174//1
f 2693//32 174//1 2692//32
f 2692//32 174//1 176//1
f 2692//32 176//1 2691//32
f 2691//32 176//1 178//1
f 2691//32 178//1 2690//32
f 178//1 180//1 2690//32
f 2690//32 180//1 182//4
f 2690//32 182//4 2689//32
f 2689//32 182//4 2696//430
f 2689//32 2696//430 2688//32
f 2688//32 2696//430 2697//400
f 2688//32 2697//400 2687//32
f 2687//32 2697//400 2698//379
f 2687//32 2698//379 2686//32
f 2686//32 2698//379 2699//401
f 2686//32 2699//401 2685//32
f 2685//32 2699//401 2700//373
f 2685//32 2700//373 2684//32
f 2684//32 2700//373 2701//374
f 2684//32 2701//374 2683//32
f 2683//32 2701//374 2702//76
f 2683//32 2702//76 2682//32
f 2682//32 2702//76 2703//75
f 2682//32 2703//75 2681//37
f 2703//75 2704//427 2681//37
f 2681//37 2704//427 199//1
f 2681//37 199//1 2680//33
f 2680//33 199//1 198//7
f 2680//33 198//7 2679//32
f 2679//32 198//7 195//1
f 2679//32 195//1 2678//32
f 2678//32 195//1 194//1
f 2678//32 194//1 2677//32
f 2677//32 194//1 211//1
f 2677//32 211//1 2676//32
f 2676//32 211//1 209//1
f 2676//32 209//1 2675//32
f 2675//32 209//1 207//1
f 2675//32 207//1 2674//32
f 2674//32 207//1 205//17
f 2674//32 205//17 2673//32
f 2673//32 205//17 203//1
f 2673//32 203//1 2672//32
f 203//1 201//1 2672//32
f 2672//32 201//1 200//1
f 2672//32 200//1 2671//32
f 2671//32 200//1 2705//431
f 2671//32 2705//431 2670//32
f 2670//32 2705//431 2706//403
f 2670//32 2706//403 2669//32
f 2669//32 2706//403 2707//397
f 2669//32 2707//397 2668//32
f 2668//32 2707//397 2708//367
f 2668//32 2708//367 2667//32
f 2667//32 2708//367 2709//59
f 2667//32 2709//59 2666//32
f 2666//32 2709//59 2710//377
f 2666//32 2710//377 2665//32
f 2665//32 2710//377 2711//94
f 2665//32 2711//94 2664//32
f 2664//32 2711//94 2712//93
f 2664//32 2712//93 2663//32
f 2663//32 2712//93 2713//92
f 2663//32 2713//92 183//4
f 2714//60 483//32 2715//60
f 2715//60 483//32 482//32
f 2715//60 482//32 2716//61
f 2716//61 482//32 451//32
f 2716//61 451//32 2717//397
f 2717//397 451//32 450//32
f 2717//397 450//32 2718//394
f 2718//394 450//32 493//32
f 2718//394 493//32 2719//64
f 2719//64 493//32 491//32
f 2719//64 491//32 2720//391
f 2720//391 491//32 489//32
f 2720//391 489//32 2721//432
f 2721//432 489//32 487//32
f 2721//432 487//32 2722//67
f 2722//67 487//32 485//32
f 2722//67 485//32 2723//68
f 2723//68 485//32 484//32
f 2723//68 484//32 2724//69
f 2724//69 484//32 466//32
f 2724//69 466//32 2725//368
f 2725//368 466//32 449//32
f 2725//368 449//32 2726//103
f 2726//103 449//32 448//32
f 2726//103 448//32 2727//102
f 2727//102 448//32 446//32
f 2727//102 446//32 2728//73
f 2728//73 446//32 445//34
f 2728//73 445//34 2729//74
f 2729//74 445//34 927//32
f 2729//74 927//32 2730//413
f 2730//413 927//32 925//32
f 2730//413 925//32 2731//76
f 2731//76 925//32 924//32
f 2731//76 924//32 2732//77
f 2732//77 924//32 919//32
f 2732//77 919//32 2733//78
f 2733//78 919//32 921//32
f 2733//78 921//32 2734//401
f 2734//401 921//32 922//32
f 2734//401 922//32 2735//80
f 2735//80 922//32 941//32
f 2735//80 941//32 2736//81
f 2736//81 941//32 943//32
f 2736//81 943//32 2737//82
f 2737//82 943//32 945//32
f 2737//82 945//32 2738//83
f 2738//83 945//32 940//32
f 2738//83 940//32 2739//385
f 2739//385 940//32 938//32
f 2739//385 938//32 2740//433
f 2740//433 938//32 936//32
f 2740//433 936//32 2741//86
f 2741//86 936//32 935//32
f 2741//86 935//32 2742//87
f 2742//87 935//32 933//32
f 2742//87 933//32 2743//99
f 2743//99 933//32 932//32
f 2743//99 932//32 2744//89
f 2744//89 932//32 916//32
f 2744//89 916//32 2745//90
f 2745//90 916//32 918//32
f 2745//90 918//32 2746//91
f 2746//91 918//32 426//33
f 2746//91 426//33 2747//96
f 2747//96 426//33 425//32
f 2747//96 425//32 2748//93
f 2748//93 425//32 475//37
f 2748//93 475//37 2749//94
f 2749//94 475//37 476//32
f 2749//94 476//32 2714//60
f 2714//60 476//32 483//32
f 2750//434 2725//368 2751//32
f 2751//32 2725//368 2726//103
f 2751//32 2726//103 2752//32
f 2752//32 2726//103 2727//102
f 2752//32 2727//102 2753//32
f 2753//32 2727//102 2728//73
f 2753//32 2728//73 2754//32
f 2754//32 2728//73 2729//74
f 2754//32 2729//74 2755//32
f 2755//32 2729//74 2730//413
f 2755//32 2730//413 2756//32
f 2756//32 2730//413 2731//76
f 2756//32 2731//76 2757//32
f 2757//32 2731//76 2732//77
f 2757//32 2732//77 2758//32
f 2758//32 2732//77 2733//78
f 2758//32 2733//78 2759//32
f 2759//32 2733//78 2734//401
f 2759//32 2734//401 2760//32
f 2760//32 2734//401 2735//80
f 2760//32 2735//80 2761//32
f 2761//32 2735//80 2736//81
f 2761//32 2736//81 2762//32
f 2762//32 2736//81 2737//82
f 2762//32 2737//82 2763//32
f 2763//32 2737//82 2738//83
f 2763//32 2738//83 2764//32
f 2764//32 2738//83 2739//385
f 2764//32 2739//385 2765//32
f 2765//32 2739//385 2740//433
f 2765//32 2740//433 2766//32
f 2766//32 2740//433 2741//86
f 2766//32 2741//86 2767//32
f 2767//32 2741//86 2742//87
f 2767//32 2742//87 2768//32
f 2768//32 2742//87 2743//99
f 2768//32 2743//99 2769//32
f 2769//32 2743//99 2744//89
f 2769//32 2744//89 2770//32
f 2770//32 2744//89 2745//90
f 2770//32 2745//90 2771//32
f 2771//32 2745//90 2746//91
f 2771//32 2746//91 2772//32
f 2772//32 2746//91 2747//96
f 2772//32 2747//96 2773//32
f 2773//32 2747//96 2748//93
f 2773//32 2748//93 2774//32
f 2774//32 2748//93 2749//94
f 2774//32 2749//94 2775//32
f 2775//32 2749//94 2714//60
f 2775//32 2714//60 2776//32
f 2776//32 2714//60 2715//60
f 2776//32 2715//60 2777//32
f 2777//32 2715//60 2716//61
f 2777//32 2716//61 2778//32
f 2778//32 2716//61 2717//397
f 2778//32 2717//397 2779//32
f 2779//32 2717//397 2718//394
f 2779//32 2718//394 2780//32
f 2780//32 2718//394 2719//64
f 2780//32 2719//64 2781//32
f 2781//32 2719//64 2720//391
f 2781//32 2720//391 2782//32
f 2782//32 2720//391 2721//432
f 2782//32 2721//432 2783//32
f 2783//32 2721//432 2722//67
f 2783//32 2722//67 2784//32
f 2784//32 2722//67 2723//68
f 2784//32 2723//68 2785//32
f 2785//32 2723//68 2724//69
f 2785//32 2724//69 2750//434
f 2750//434 2724//69 2725//368
f 2750//434 137//4 2785//32
f 2785//32 137//4 136//1
f 2785//32 136//1 2784//32
f 2784//32 136//1 154//2
f 2784//32 154//2 2783//32
f 2783//32 154//2 153//14
f 2783//32 153//14 2782//32
f 2782//32 153//14 151//1
f 2782//32 151//1 2781//32
f 2781//32 151//1 149//1
f 2781//32 149//1 2780//32
f 2780//32 149//1 146//1
f 2780//32 146//1 2779//32
f 2779//32 146//1 144//1
f 2779//32 144//1 2778//32
f 2778//32 144//1 142//1
f 2778//32 142//1 2777//32
f 142//1 140//1 2777//32
f 2777//32 140//1 139//4
f 2777//32 139//4 2776//32
f 2776//32 139//4 2786//435
f 2776//32 2786//435 2775//32
f 2775//32 2786//435 2787//373
f 2775//32 2787//373 2774//32
f 2774//32 2787//373 2788//374
f 2774//32 2788//374 2773//32
f 2773//32 2788//374 2789//375
f 2773//32 2789//375 2772//32
f 2772//32 2789//375 2790//75
f 2772//32 2790//75 2771//32
f 2771//32 2790//75 2791//427
f 2771//32 2791//427 2770//32
f 2770//32 2791//427 2792//73
f 2770//32 2792//73 2769//32
f 2769//32 2792//73 2793//388
f 2769//32 2793//388 2768//32
f 2793//388 2794//71 2768//32
f 2768//32 2794//71 159//1
f 2768//32 159//1 2767//32
f 2767//32 159//1 158//1
f 2767//32 158//1 2766//32
f 2766//32 158//1 156//1
f 2766//32 156//1 2765//32
f 2765//32 156//1 155//1
f 2765//32 155//1 2764//32
f 2764//32 155//1 171//1
f 2764//32 171//1 2763//32
f 2763//32 171//1 169//2
f 2763//32 169//2 2762//32
f 2762//32 169//2 167//1
f 2762//32 167//1 2761//32
f 2761//32 167//1 165//15
f 2761//32 165//15 2760//32
f 2760//32 165//15 163//4
f 2760//32 163//4 2759//32
f 163//4 161//4 2759//32
f 2759//32 161//4 160//1
f 2759//32 160//1 2758//32
f 2758//32 160//1 2795//436
f 2758//32 2795//436 2757//32
f 2757//32 2795//436 2796//59
f 2757//32 2796//59 2756//32
f 2756//32 2796//59 2797//377
f 2756//32 2797//377 2755//32
f 2755//32 2797//377 2798//94
f 2755//32 2798//94 2754//32
f 2754//32 2798//94 2799//93
f 2754//32 2799//93 2753//32
f 2753//32 2799//93 2800//404
f 2753//32 2800//404 2752//32
f 2752//32 2800//404 2801//91
f 2752//32 2801//91 2751//32
f 2751//32 2801//91 2802//97
f 2751//32 2802//97 2750//434
f 2750//434 2802//97 2803//98
f 2750//434 2803//98 137//4
f 1417//172 2804//437 2805//437
f 1417//172 1416//171 2804//437
f 2804//437 1416//171 1415//170
f 2804//437 1415//170 2806//438
f 2806//438 1415//170 1414//170
f 2806//438 1414//170 2807//439
f 1414//170 1420//175 2807//439
f 2807//439 1420//175 1421//176
f 2807//439 1421//176 2808//440
f 2808//440 1421//176 1422//177
f 2808//440 1422//177 2809//441
f 2809//441 1422//177 1346//107
f 1426//181 2810//442 2811//442
f 1346//107 1345//106 2809//441
f 2809//441 1345//106 1423//178
f 2809//441 1423//178 2812//443
f 2812//443 1423//178 1424//179
f 2812//443 1424//179 2811//442
f 2811//442 1424//179 1425//180
f 2811//442 1425//180 1426//181
f 1434//188 2813//444 2814//445
f 1426//181 1427//182 2810//442
f 2810//442 1427//182 1428//183
f 2810//442 1428//183 2815//446
f 2815//446 1428//183 1430//185
f 2815//446 1430//185 2814//445
f 2814//445 1430//185 1429//184
f 2814//445 1429//184 1434//188
f 1434//188 1433//187 2813//444
f 2813//444 1433//187 1432//186
f 2813//444 1432//186 2816//447
f 2816//447 1432//186 1431//186
f 2816//447 1431//186 2817//448
f 1431//186 1435//189 2817//448
f 2817//448 1435//189 1436//190
f 2817//448 1436//190 2818//449
f 2818//449 1436//190 1440//194
f 2818//449 1440//194 2819//450
f 2819//450 1440//194 1439//193
f 1441//195 2820//451 2821//452
f 1439//193 1438//192 2819//450
f 2819//450 1438//192 1437//191
f 2819//450 1437//191 2822//453
f 2822//453 1437//191 1344//105
f 2822//453 1344//105 2821//452
f 2821//452 1344//105 1343//105
f 2821//452 1343//105 1441//195
f 1444//198 2823//454 2824//455
f 1441//195 1442//196 2820//451
f 2820//451 1442//196 1443//197
f 2820//451 1443//197 2825//456
f 2825//456 1443//197 1446//200
f 2825//456 1446//200 2824//455
f 2824//455 1446//200 1445//199
f 2824//455 1445//199 1444//198
f 1444//198 1448//202 2823//454
f 2823//454 1448//202 1447//201
f 2823//454 1447//201 2826//457
f 2826//457 1447//201 1452//205
f 2826//457 1452//205 2827//458
f 1453//206 2828//459 2829//460
f 1452//205 1451//204 2827//458
f 2827//458 1451//204 1450//203
f 2827//458 1450//203 2829//460
f 2829//460 1450//203 1449//203
f 2829//460 1449//203 1453//206
f 1459//211 2830//461 2831//461
f 1453//206 1454//207 2828//459
f 2828//459 1454//207 1455//208
f 2828//459 1455//208 2832//462
f 2832//462 1455//208 1461//213
f 2832//462 1461//213 2831//461
f 2831//461 1461//213 1460//212
f 2831//461 1460//212 1459//211
f 1459//211 1458//210 2830//461
f 2830//461 1458//210 1457//209
f 2830//461 1457//209 2833//463
f 2833//463 1457//209 1456//209
f 2833//463 1456//209 2834//464
f 1456//209 1462//214 2834//464
f 2834//464 1462//214 1463//215
f 2834//464 1463//215 2835//465
f 2835//465 1463//215 1468//220
f 2835//465 1468//220 2836//466
f 2836//466 1468//220 1467//219
f 1470//222 2837//467 2838//468
f 1467//219 1466//218 2836//466
f 2836//466 1466//218 1465//217
f 2836//466 1465//217 2839//469
f 2839//469 1465//217 1464//216
f 2839//469 1464//216 2838//468
f 2838//468 1464//216 1469//221
f 2838//468 1469//221 1470//222
f 1475//227 2840//470 2841//471
f 1470//222 1471//223 2837//467
f 2837//467 1471//223 1472//224
f 2837//467 1472//224 2842//472
f 2842//472 1472//224 1473//225
f 2842//472 1473//225 2841//471
f 2841//471 1473//225 1474//226
f 2841//471 1474//226 1475//227
f 1475//227 1477//229 2840//470
f 2840//470 1477//229 1476//228
f 2840//470 1476//228 2843//473
f 2843//473 1476//228 1480//232
f 2843//473 1480//232 2844//474
f 1480//232 1479//231 2844//474
f 2844//474 1479//231 1478//230
f 2844//474 1478//230 2845//475
f 2845//475 1478//230 1347//108
f 2845//475 1347//108 2846//476
f 2846//476 1347//108 1348//108
f 1355//114 2847//477 2848//478
f 1348//108 1349//109 2846//476
f 2846//476 1349//109 1350//110
f 2846//476 1350//110 2849//479
f 2849//479 1350//110 1351//111
f 2849//479 1351//111 2848//478
f 2848//478 1351//111 1356//115
f 2848//478 1356//115 1355//114
f 1358//117 2850//480 2851//480
f 1355//114 1354//113 2847//477
f 2847//477 1354//113 1353//112
f 2847//477 1353//112 2852//481
f 2852//481 1353//112 1352//112
f 2852//481 1352//112 2851//480
f 2851//480 1352//112 1357//116
f 2851//480 1357//116 1358//117
f 1358//117 1359//118 2850//480
f 2850//480 1359//118 1360//119
f 2850//480 1360//119 2853//482
f 2853//482 1360//119 1361//120
f 2853//482 1361//120 2854//483
f 1364//123 2855//484 2856//484
f 1361//120 1362//121 2854//483
f 2854//483 1362//121 1363//122
f 2854//483 1363//122 2856//484
f 2856//484 1363//122 1365//124
f 2856//484 1365//124 1364//123
f 1368//127 2857//485 2858//486
f 1364//123 1367//126 2855//484
f 2855//484 1367//126 1366//125
f 2855//484 1366//125 2859//487
f 2859//487 1366//125 1370//129
f 2859//487 1370//129 2858//486
f 2858//486 1370//129 1369//128
f 2858//486 1369//128 1368//127
f 1368//127 1372//131 2857//485
f 2857//485 1372//131 1371//130
f 2857//485 1371//130 2860//488
f 2860//488 1371//130 1376//134
f 2860//488 1376//134 2861//489
f 1376//134 1375//133 2861//489
f 2861//489 1375//133 1374//132
f 2861//489 1374//132 2862//490
f 2862//490 1374//132 1373//132
f 2862//490 1373//132 2863//491
f 2863//491 1373//132 1377//135
f 1380//138 2864//492 2865//493
f 1377//135 1378//136 2863//491
f 2863//491 1378//136 1379//137
f 2863//491 1379//137 2866//494
f 2866//494 1379//137 1382//140
f 2866//494 1382//140 2865//493
f 2865//493 1382//140 1381//139
f 2865//493 1381//139 1380//138
f 1386//143 2867//495 2868//496
f 1380//138 1384//142 2864//492
f 2864//492 1384//142 1383//141
f 2864//492 1383//141 2869//497
f 2869//497 1383//141 1388//145
f 2869//497 1388//145 2868//496
f 2868//496 1388//145 1387//144
f 2868//496 1387//144 1386//143
f 1386//143 1385//143 2867//495
f 2867//495 1385//143 1389//146
f 2867//495 1389//146 2870//498
f 2870//498 1389//146 1390//147
f 2870//498 1390//147 2871//499
f 1390//147 1391//148 2871//499
f 2871//499 1391//148 1392//149
f 2871//499 1392//149 2872//500
f 2872//500 1392//149 1397//154
f 2872//500 1397//154 2873//501
f 2873//501 1397//154 1396//153
f 1398//155 2874//502 2875//503
f 1396//153 1395//152 2873//501
f 2873//501 1395//152 1394//151
f 2873//501 1394//151 2876//504
f 2876//504 1394//151 1393//150
f 2876//504 1393//150 2875//503
f 2875//503 1393//150 1399//156
f 2875//503 1399//156 1398//155
f 1405//161 2877//505 2878//505
f 1398//155 1401//158 2874//502
f 2874//502 1401//158 1400//157
f 2874//502 1400//157 2879//506
f 2879//506 1400//157 1407//163
f 2879//506 1407//163 2878//505
f 2878//505 1407//163 1406//162
f 2878//505 1406//162 1405//161
f 1405//161 1404//160 2877//505
f 2877//505 1404//160 1403//159
f 2877//505 1403//159 2880//507
f 2880//507 1403//159 1402//159
f 2880//507 1402//159 2881//508
f 1410//166 2882//509 2883//510
f 1402//159 1408//164 2881//508
f 2881//508 1408//164 1409//165
f 2881//508 1409//165 2883//510
f 2883//510 1409//165 1411//167
f 2883//510 1411//167 1410//166
f 1410//166 1413//169 2882//509
f 2882//509 1413//169 1412//168
f 2882//509 1412//168 2884//511
f 2884//511 1412//168 1419//174
f 2884//511 1419//174 2805//437
f 2805//437 1419//174 1418//173
f 2805//437 1418//173 1417//172
f 2805//437 2885//512 2884//511
f 2884//511 2885//512 2886//513
f 2884//511 2886//513 2882//509
f 2882//509 2886//513 2887//514
f 2882//509 2887//514 2883//510
f 2883//510 2887//514 2888//515
f 2883//510 2888//515 2881//508
f 2881//508 2888//515 2889//516
f 2881//508 2889//516 2880//507
f 2880//507 2889//516 2890//517
f 2880//507 2890//517 2877//505
f 2877//505 2890//517 2891//518
f 2877//505 2891//518 2878//505
f 2878//505 2891//518 2892//519
f 2878//505 2892//519 2879//506
f 2879//506 2892//519 2893//520
f 2879//506 2893//520 2874//502
f 2874//502 2893//520 2894//521
f 2874//502 2894//521 2875//503
f 2875//503 2894//521 2895//522
f 2875//503 2895//522 2876//504
f 2876//504 2895//522 2896//523
f 2876//504 2896//523 2873//501
f 2873//501 2896//523 2897//524
f 2873//501 2897//524 2872//500
f 2872//500 2897//524 2898//525
f 2872//500 2898//525 2871//499
f 2871//499 2898//525 2899//526
f 2871//499 2899//526 2870//498
f 2870//498 2899//526 2900//527
f 2870//498 2900//527 2867//495
f 2867//495 2900//527 2901//528
f 2867//495 2901//528 2868//496
f 2868//496 2901//528 2902//529
f 2868//496 2902//529 2869//497
f 2869//497 2902//529 2903//530
f 2869//497 2903//530 2864//492
f 2864//492 2903//530 2904//531
f 2864//492 2904//531 2865//493
f 2865//493 2904//531 2905//532
f 2865//493 2905//532 2866//494
f 2866//494 2905//532 2906//533
f 2866//494 2906//533 2863//491
f 2863//491 2906//533 2907//534
f 2863//491 2907//534 2862//490
f 2862//490 2907//534 2908//535
f 2862//490 2908//535 2861//489
f 2861//489 2908//535 2909//536
f 2861//489 2909//536 2860//488
f 2860//488 2909//536 2910//537
f 2860//488 2910//537 2857//485
f 2857//485 2910//537 2911//538
f 2857//485 2911//538 2858//486
f 2858//486 2911//538 2912//539
f 2858//486 2912//539 2859//487
f 2859//487 2912//539 2913//540
f 2859//487 2913//540 2855//484
f 2855//484 2913//540 2914//541
f 2855//484 2914//541 2856//484
f 2856//484 2914//541 2915//542
f 2856//484 2915//542 2854//483
f 2854//483 2915//542 2916//543
f 2854//483 2916//543 2853//482
f 2853//482 2916//543 2917//544
f 2853//482 2917//544 2850//480
f 2850//480 2917//544 2918//545
f 2850//480 2918//545 2851//480
f 2851//480 2918//545 2919//546
f 2851//480 2919//546 2852//481
f 2852//481 2919//546 2920//547
f 2852//481 2920//547 2847//477
f 2847//477 2920//547 2921//548
f 2847//477 2921//548 2848//478
f 2848//478 2921//548 2922//549
f 2848//478 2922//549 2849//479
f 2849//479 2922//549 2923//550
f 2849//479 2923//550 2846//476
f 2846//476 2923//550 2924//551
f 2846//476 2924//551 2845//475
f 2845//475 2924//551 2925//552
f 2845//475 2925//552 2844//474
f 2844//474 2925//552 2926//553
f 2844//474 2926//553 2843//473
f 2843//473 2926//553 2927//554
f 2843//473 2927//554 2840//470
f 2840//470 2927//554 2928//555
f 2840//470 2928//555 2841//471
f 2841//471 2928//555 2929//556
f 2841//471 2929//556 2842//472
f 2842//472 2929//556 2930//557
f 2842//472 2930//557 2837//467
f 2837//467 2930//557 2931//558
f 2837//467 2931//558 2838//468
f 2838//468 2931//558 2932//559
f 2838//468 2932//559 2839//469
f 2839//469 2932//559 2933//560
f 2839//469 2933//560 2836//466
f 2836//466 2933//560 2934//561
f 2836//466 2934//561 2835//465
f 2835//465 2934//561 2935//562
f 2835//465 2935//562 2834//464
f 2834//464 2935//562 2936//563
f 2834//464 2936//563 2833//463
f 2833//463 2936//563 2937//564
f 2833//463 2937//564 2830//461
f 2830//461 2937//564 2938//565
f 2830//461 2938//565 2831//461
f 2831//461 2938//565 2939//566
f 2831//461 2939//566 2832//462
f 2832//462 2939//566 2940//567
f 2832//462 2940//567 2828//459
f 2828//459 2940//567 2941//568
f 2828//459 2941//568 2829//460
f 2829//460 2941//568 2942//569
f 2829//460 2942//569 2827//458
f 2827//458 2942//569 2943//570
f 2827//458 2943//570 2826//457
f 2826//457 2943//570 2944//571
f 2826//457 2944//571 2823//454
f 2823//454 2944//571 2945//572
f 2823//454 2945//572 2824//455
f 2824//455 2945//572 2946//573
f 2824//455 2946//573 2825//456
f 2825//456 2946//573 2947//574
f 2825//456 2947//574 2820//451
f 2820//451 2947//574 2948//575
f 2820//451 2948//575 2821//452
f 2821//452 2948//575 2949//576
f 2821//452 2949//576 2822//453
f 2822//453 2949//576 2950//577
f 2822//453 2950//577 2819//450
f 2819//450 2950//577 2951//578
f 2819//450 2951//578 2818//449
f 2818//449 2951//578 2952//579
f 2818//449 2952//579 2817//448
f 2817//448 2952//579 2953//580
f 2817//448 2953//580 2816//447
f 2816//447 2953//580 2954//581
f 2816//447 2954//581 2813//444
f 2813//444 2954//581 2955//582
f 2813//444 2955//582 2814//445
f 2814//445 2955//582 2956//583
f 2814//445 2956//583 2815//446
f 2815//446 2956//583 2957//584
f 2815//446 2957//584 2810//442
f 2810//442 2957//584 2958//585
f 2810//442 2958//585 2811//442
f 2811//442 2958//585 2959//586
f 2811//442 2959//586 2812//443
f 2812//443 2959//586 2960//587
f 2812//443 2960//587 2809//441
f 2809//441 2960//587 2961//588
f 2809//441 2961//588 2808//440
f 2808//440 2961//588 2962//589
f 2808//440 2962//589 2807//439
f 2807//439 2962//589 2963//590
f 2807//439 2963//590 2806//438
f 2806//438 2963//590 2964//591
f 2806//438 2964//591 2804//437
f 2804//437 2964//591 2965//592
f 2804//437 2965//592 2805//437
f 2805//437 2965//592 2885//512
f 2965//592 2966//593 2885//512
f 2885//512 2966//593 2967//594
f 2885//512 2967//594 2886//513
f 2886//513 2967//594 2968//595
f 2886//513 2968//595 2887//514
f 2887//514 2968//595 2969//596
f 2887//514 2969//596 2888//515
f 2888//515 2969//596 2970//597
f 2888//515 2970//597 2889//516
f 2889//516 2970//597 2971//598
f 2889//516 2971//598 2890//517
f 2890//517 2971//598 2972//599
f 2890//517 2972//599 2891//518
f 2891//518 2972//599 2973//600
f 2891//518 2973//600 2892//519
f 2892//519 2973//600 2974//601
f 2892//519 2974//601 2893//520
f 2893//520 2974//601 2975//602
f 2893//520 2975//602 2894//521
f 2894//521 2975//602 2976//603
f 2894//521 2976//603 2895//522
f 2895//522 2976//603 2977//604
f 2895//522 2977//604 2896//523
f 2896//523 2977//604 2978//605
f 2896//523 2978//605 2897//524
f 2897//524 2978//605 2979//606
f 2897//524 2979//606 2898//525
f 2898//525 2979//606 2980//607
f 2898//525 2980//607 2899//526
f 2899//526 2980//607 2981//608
f 2899//526 2981//608 2900//527
f 2900//527 2981//608 2982//609
f 2900//527 2982//609 2901//528
f 2901//528 2982//609 2983//610
f 2901//528 2983//610 2902//529
f 2902//529 2983//610 2984//611
f 2902//529 2984//611 2903//530
f 2903//530 2984//611 2985//612
f 2903//530 2985//612 2904//531
f 2904//531 2985//612 2986//613
f 2904//531 2986//613 2905//532
f 2905//532 2986//613 2987//614
f 2905//532 2987//614 2906//533
f 2906//533 2987//614 2988//615
f 2906//533 2988//615 2907//534
f 2907//534 2988//615 2989//616
f 2907//534 2989//616 2908//535
f 2908//535 2989//616 2990//617
f 2908//535 2990//617 2909//536
f 2909//536 2990//617 2991//618
f 2909//536 2991//618 2910//537
f 2910//537 2991//618 2992//619
f 2910//537 2992//619 2911//538
f 2911//538 2992//619 2993//620
f 2911//538 2993//620 2912//539
f 2912//539 2993//620 2994//621
f 2912//539 2994//621 2913//540
f 2913//540 2994//621 2995//622
f 2913//540 2995//622 2914//541
f 2914//541 2995//622 2996//623
f 2914//541 2996//623 2915//542
f 2915//542 2996//623 2997//624
f 2915//542 2997//624 2916//543
f 2916//543 2997//624 2998//625
f 2916//543 2998//625 2917//544
f 2917//544 2998//625 2999//626
f 2917//544 2999//626 2918//545
f 2918//545 2999//626 3000//627
f 2918//545 3000//627 2919//546
f 2919//546 3000//627 3001//628
f 2919//546 3001//628 2920//547
f 2920//547 3001//628 3002//629
f 2920//547 3002//629 2921//548
f 2921//548 3002//629 3003//630
f 2921//548 3003//630 2922//549
f 2922//549 3003//630 3004//631
f 2922//549 3004//631 2923//550
f 2923//550 3004//631 3005//632
f 2923//550 3005//632 2924//551
f 2924//551 3005//632 3006//633
f 2924//551 3006//633 2925//552
f 2925//552 3006//633 3007//634
f 2925//552 3007//634 2926//553
f 2926//553 3007//634 3008//635
f 2926//553 3008//635 2927//554
f 2927//554 3008//635 3009//636
f 2927//554 3009//636 2928//555
f 2928//555 3009//636 3010//637
f 2928//555 3010//637 2929//556
f 2929//556 3010//637 3011//638
f 2929//556 3011//638 2930//557
f 2930//557 3011//638 3012//639
f 2930//557 3012//639 2931//558
f 2931//558 3012//639 3013//640
f 2931//558 3013//640 2932//559
f 2932//559 3013//640 3014//641
f 2932//559 3014//641 2933//560
f 2933//560 3014//641 3015//642
f 2933//560 3015//642 2934//561
f 2934//561 3015//642 3016//643
f 2934//561 3016//643 2935//562
f 2935//562 3016//643 3017//644
f 2935//562 3017//644 2936//563
f 2936//563 3017//644 3018//645
f 2936//563 3018//645 2937//564
f 2937//564 3018//645 3019//646
f 2937//564 3019//646 2938//565
f 2938//565 3019//646 3020//647
f 2938//565 3020//647 2939//566
f 2939//566 3020//647 3021//648
f 2939//566 3021//648 2940//567
f 2940//567 3021//648 3022//649
f 2940//567 3022//649 2941//568
f 2941//568 3022//649 3023//650
f 2941//568 3023//650 2942//569
f 2942//569 3023//650 3024//651
f 2942//569 3024//651 2943//570
f 2943//570 3024//651 3025//652
f 2943//570 3025//652 2944//571
f 2944//571 3025//652 3026//653
f 2944//571 3026//653 2945//572
f 2945//572 3026//653 3027//654
f 2945//572 3027//654 2946//573
f 2946//573 3027//654 3028//655
f 2946//573 3028//655 2947//574
f 2947//574 3028//655 3029//656
f 2947//574 3029//656 2948//575
f 2948//575 3029//656 3030//657
f 2948//575 3030//657 2949//576
f 2949//576 3030//657 3031//658
f 2949//576 3031//658 2950//577
f 2950//577 3031//658 3032//659
f 2950//577 3032//659 2951//578
f 2951//578 3032//659 3033//660
f 2951//578 3033//660 2952//579
f 2952//579 3033//660 3034//661
f 2952//579 3034//661 2953//580
f 2953//580 3034//661 3035//662
f 2953//580 3035//662 2954//581
f 2954//581 3035//662 3036//663
f 2954//581 3036//663 2955//582
f 2955//582 3036//663 3037//664
f 2955//582 3037//664 2956//583
f 2956//583 3037//664 3038//665
f 2956//583 3038//665 2957//584
f 2957//584 3038//665 3039//666
f 2957//584 3039//666 2958//585
f 2958//585 3039//666 3040//667
f 2958//585 3040//667 2959//586
f 2959//586 3040//667 3041//668
f 2959//586 3041//668 2960//587
f 2960//587 3041//668 3042//669
f 2960//587 3042//669 2961//588
f 2961//588 3042//669 3043//670
f 2961//588 3043//670 2962//589
f 2962//589 3043//670 3044//671
f 2962//589 3044//671 2963//590
f 2963//590 3044//671 3045//672
f 2963//590 3045//672 2964//591
f 2964//591 3045//672 3046//673
f 2964//591 3046//673 2965//592
f 2965//592 3046//673 2966//593
f 3046//673 3047//674 2966//593
f 2966//593 3047//674 3048//675
f 2966//593 3048//675 2967//594
f 2967//594 3048//675 3049//676
f 2967//594 3049//676 2968//595
f 2968//595 3049//676 3050//677
f 2968//595 3050//677 2969//596
f 2969//596 3050//677 3051//678
f 2969//596 3051//678 2970//597
f 2970//597 3051//678 3052//679
f 2970//597 3052//679 2971//598
f 2971//598 3052//679 3053//680
f 2971//598 3053//680 2972//599
f 2972//599 3053//680 3054//681
f 2972//599 3054//681 2973//600
f 2973//600 3054//681 3055//682
f 2973//600 3055//682 2974//601
f 2974//601 3055//682 3056//683
f 2974//601 3056//683 2975//602
f 2975//602 3056//683 3057//684
f 2975//602 3057//684 2976//603
f 2976//603 3057//684 3058//685
f 2976//603 3058//685 2977//604
f 2977//604 3058//685 3059//686
f 2977//604 3059//686 2978//605
f 2978//605 3059//686 3060//687
f 2978//605 3060//687 2979//606
f 2979//606 3060//687 3061//688
f 2979//606 3061//688 2980//607
f 2980//607 3061//688 3062//689
f 2980//607 3062//689 2981//608
f 2981//608 3062//689 3063//690
f 2981//608 3063//690 2982//609
f 2982//609 3063//690 3064//691
f 2982//609 3064//691 2983//610
f 2983//610 3064//691 3065//692
f 2983//610 3065//692 2984//611
f 2984//611 3065//692 3066//693
f 2984//611 3066//693 2985//612
f 2985//612 3066//693 3067//694
f 2985//612 3067//694 2986//613
f 2986//613 3067//694 3068//695
f 2986//613 3068//695 2987//614
f 2987//614 3068//695 3069//696
f 2987//614 3069//696 2988//615
f 2988//615 3069//696 3070//697
f 2988//615 3070//697 2989//616
f 2989//616 3070//697 3071//698
f 2989//616 3071//698 2990//617
f 2990//617 3071//698 3072//699
f 2990//617 3072//699 2991//618
f 2991//618 3072//699 3073//700
f 2991//618 3073//700 2992//619
f 2992//619 3073//700 3074//701
f 2992//619 3074//701 2993//620
f 2993//620 3074//701 3075//702
f 2993//620 3075//702 2994//621
f 2994//621 3075//702 3076//703
f 2994//621 3076//703 2995//622
f 2995//622 3076//703 3077//704
f 2995//622 3077//704 2996//623
f 2996//623 3077//704 3078//705
f 2996//623 3078//705 2997//624
f 2997//624 3078//705 3079//706
f 2997//624 3079//706 2998//625
f 2998//625 3079//706 3080//707
f 2998//625 3080//707 2999//626
f 2999//626 3080//707 3081//708
f 2999//626 3081//708 3000//627
f 3000//627 3081//708 3082//709
f 3000//627 3082//709 3001//628
f 3001//628 3082//709 3083//710
f 3001//628 3083//710 3002//629
f 3002//629 3083//710 3084//711
f 3002//629 3084//711 3003//630
f 3003//630 3084//711 3085//712
f 3003//630 3085//712 3004//631
f 3004//631 3085//712 3086//713
f 3004//631 3086//713 3005//632
f 3005//632 3086//713 3087//714
f 3005//632 3087//714 3006//633
f 3006//633 3087//714 3088//715
f 3006//633 3088//715 3007//634
f 3007//634 3088//715 3089//716
f 3007//634 3089//716 3008//635
f 3008//635 3089//716 3090//717
f 3008//635 3090//717 3009//636
f 3009//636 3090//717 3091//718
f 3009//636 3091//718 3010//637
f 3010//637 3091//718 3092//719
f 3010//637 3092//719 3011//638
f 3011//638 3092//719 3093//720
f 3011//638 3093//720 3012//639
f 3012//639 3093//720 3094//721
f 3012//639 3094//721 3013//640
f 3013//640 3094//721 3095//722
f 3013//640 3095//722 3014//641
f 3014//641 3095//722 3096//723
f 3014//641 3096//723 3015//642
f 3015//642 3096//723 3097//724
f 3015//642 3097//724 3016//643
f 3016//643 3097//724 3098//725
f 3016//643 3098//725 3017//644
f 3017//644 3098//725 3099//726
f 3017//644 3099//726 3018//645
f 3018//645 3099//726 3100//727
f 3018//645 3100//727 3019//646
f 3019//646 3100//727 3101//728
f 3019//646 3101//728 3020//647
f 3020//647 3101//728 3102//729
f 3020//647 3102//729 3021//648
f 3021//648 3102//729 3103//730
f 3021//648 3103//730 3022//649
f 3022//649 3103//730 3104//731
f 3022//649 3104//731 3023//650
f 3023//650 3104//731 3105//732
f 3023//650 3105//732 3024//651
f 3024//651 3105//732 3106//733
f 3024//651 3106//733 3025//652
f 3025//652 3106//733 3107//734
f 3025//652 3107//734 3026//653
f 3026//653 3107//734 3108//735
f 3026//653 3108//735 3027//654
f 3027//654 3108//735 3109//736
f 3027//654 3109//736 3028//655
f 3028//655 3109//736 3110//737
f 3028//655 3110//737 3029//656
f 3029//656 3110//737 3111//738
f 3029//656 3111//738 3030//657
f 3030//657 3111//738 3112//739
f 3030//657 3112//739 3031//658
f 3031//658 3112//739 3113//740
f 3031//658 3113//740 3032//659
f 3032//659 3113//740 3114//741
f 3032//659 3114//741 3033//660
f 3033//660 3114//741 3115//742
f 3033//660 3115//742 3034//661
f 3034//661 3115//742 3116//743
f 3034//661 3116//743 3035//662
f 3035//662 3116//743 3117//744
f 3035//662 3117//744 3036//663
f 3036//663 3117//744 3118//745
f 3036//663 3118//745 3037//664
f 3037//664 3118//745 3119//746
f 3037//664 3119//746 3038//665
f 3038//665 3119//746 3120//747
f 3038//665 3120//747 3039//666
f 3039//666 3120//747 3121//748
f 3039//666 3121//748 3040//667
f 3040//667 3121//748 3122//749
f 3040//667 3122//749 3041//668
f 3041//668 3122//749 3123//750
f 3041//668 3123//750 3042//669
f 3042//669 3123//750 3124//751
f 3042//669 3124//751 3043//670
f 3043//670 3124//751 3125//752
f 3043//670 3125//752 3044//671
f 3044//671 3125//752 3126//753
f 3044//671 3126//753 3045//672
f 3045//672 3126//753 3127//754
f 3045//672 3127//754 3046//673
f 3046//673 3127//754 3047//674
f 3127//754 3128//755 3047//674
f 3047//674 3128//755 3129//756
f 3047//674 3129//756 3048//675
f 3048//675 3129//756 3130//757
f 3048//675 3130//757 3049//676
f 3049//676 3130//757 3131//758
f 3049//676 3131//758 3050//677
f 3050//677 3131//758 3132//759
f 3050//677 3132//759 3051//678
f 3051//678 3132//759 3133//760
f 3051//678 3133//760 3052//679
f 3052//679 3133//760 3134//761
f 3052//679 3134//761 3053//680
f 3053//680 3134//761 3135//762
f 3053//680 3135//762 3054//681
f 3054//681 3135//762 3136//763
f 3054//681 3136//763 3055//682
f 3055//682 3136//763 3137//764
f 3055//682 3137//764 3056//683
f 3056//683 3137//764 3138//765
f 3056//683 3138//765 3057//684
f 3057//684 3138//765 3139//766
f 3057//684 3139//766 3058//685
f 3058//685 3139//766 3140//767
f 3058//685 3140//767 3059//686
f 3059//686 3140//767 3141//768
f 3059//686 3141//768 3060//687
f 3060//687 3141//768 3142//769
f 3060//687 3142//769 3061//688
f 3061//688 3142//769 3143//770
f 3061//688 3143//770 3062//689
f 3062//689 3143//770 3144//771
f 3062//689 3144//771 3063//690
f 3063//690 3144//771 3145//772
f 3063//690 3145//772 3064//691
f 3064//691 3145//772 3146//773
f 3064//691 3146//773 3065//692
f 3065//692 3146//773 3147//774
f 3065//692 3147//774 3066//693
f 3066//693 3147//774 3148//775
f 3066//693 3148//775 3067//694
f 3067//694 3148//775 3149//776
f 3067//694 3149//776 3068//695
f 3068//695 3149//776 3150//777
f 3068//695 3150//777 3069//696
f 3069//696 3150//777 3151//778
f 3069//696 3151//778 3070//697
f 3070//697 3151//778 3152//779
f 3070//697 3152//779 3071//698
f 3071//698 3152//779 3153//780
f 3071//698 3153//780 3072//699
f 3072//699 3153//780 3154//781
f 3072//699 3154//781 3073//700
f 3073//700 3154//781 3155//782
f 3073//700 3155//782 3074//701
f 3074//701 3155//782 3156//783
f 3074//701 3156//783 3075//702
f 3075//702 3156//783 3157//784
f 3075//702 3157//784 3076//703
f 3076//703 3157//784 3158//785
f 3076//703 3158//785 3077//704
f 3077//704 3158//785 3159//786
f 3077//704 3159//786 3078//705
f 3078//705 3159//786 3160//787
f 3078//705 3160//787 3079//706
f 3079//706 3160//787 3161//788
f 3079//706 3161//788 3080//707
f 3080//707 3161//788 3162//789
f 3080//707 3162//789 3081//708
f 3081//708 3162//789 3163//790
f 3081//708 3163//790 3082//709
f 3082//709 3163//790 3164//791
f 3082//709 3164//791 3083//710
f 3083//710 3164//791 3165//792
f 3083//710 3165//792 3084//711
f 3084//711 3165//792 3166//793
f 3084//711 3166//793 3085//712
f 3085//712 3166//793 3167//794
f 3085//712 3167//794 3086//713
f 3086//713 3167//794 3168//795
f 3086//713 3168//795 3087//714
f 3087//714 3168//795 3169//796
f 3087//714 3169//796 3088//715
f 3088//715 3169//796 3170//797
f 3088//715 3170//797 3089//716
f 3089//716 3170//797 3171//798
f 3089//716 3171//798 3090//717
f 3090//717 3171//798 3172//799
f 3090//717 3172//799 3091//718
f 3091//718 3172//799 3173//800
f 3091//718 3173//800 3092//719
f 3092//719 3173//800 3174//801
f 3092//719 3174//801 3093//720
f 3093//720 3174//801 3175//802
f 3093//720 3175//802 3094//721
f 3094//721 3175//802 3176//803
f 3094//721 3176//803 3095//722
f 3095//722 3176//803 3177//804
f 3095//722 3177//804 3096//723
f 3096//723 3177//804 3178//805
f 3096//723 3178//805 3097//724
f 3097//724 3178//805 3179//806
f 3097//724 3179//806 3098//725
f 3098//725 3179//806 3180//807
f 3098//725 3180//807 3099//726
f 3099//726 3180//807 3181//808
f 3099//726 3181//808 3100//727
f 3100//727 3181//808 3182//809
f 3100//727 3182//809 3101//728
f 3101//728 3182//809 3183//810
f 3101//728 3183//810 3102//729
f 3102//729 3183//810 3184//811
f 3102//729 3184//811 3103//730
f 3103//730 3184//811 3185//812
f 3103//730 3185//812 3104//731
f 3104//731 3185//812 3186//813
f 3104//731 3186//813 3105//732
f 3105//732 3186//813 3187//814
f 3105//732 3187//814 3106//733
f 3106//733 3187//814 3188//815
f 3106//733 3188//815 3107//734
f 3107//734 3188//815 3189//816
f 3107//734 3189//816 3108//735
f 3108//735 3189//816 3190//817
f 3108//735 3190//817 3109//736
f 3109//736 3190//817 3191//818
f 3109//736 3191//818 3110//737
f 3110//737 3191//818 3192//819
f 3110//737 3192//819 3111//738
f 3111//738 3192//819 3193//820
f 3111//738 3193//820 3112//739
f 3112//739 3193//820 3194//821
f 3112//739 3194//821 3113//740
f 3113//740 3194//821 3195//822
f 3113//740 3195//822 3114//741
f 3114//741 3195//822 3196//823
f 3114//741 3196//823 3115//742
f 3115//742 3196//823 3197//824
f 3115//742 3197//824 3116//743
f 3116//743 3197//824 3198//825
f 3116//743 3198//825 3117//744
f 3117//744 3198//825 3199//826
f 3117//744 3199//826 3118//745
f 3118//745 3199//826 3200//827
f 3118//745 3200//827 3119//746
f 3119//746 3200//827 3201//828
f 3119//746 3201//828 3120//747
f 3120//747 3201//828 3202//829
f 3120//747 3202//829 3121//748
f 3121//748 3202//829 3203//830
f 3121//748 3203//830 3122//749
f 3122//749 3203//830 3204//831
f 3122//749 3204//831 3123//750
f 3123//750 3204//831 3205//832
f 3123//750 3205//832 3124//751
f 3124//751 3205//832 3206//833
f 3124//751 3206//833 3125//752
f 3125//752 3206//833 3207//834
f 3125//752 3207//834 3126//753
f 3126//753 3207//834 3208//835
f 3126//753 3208//835 3127//754
f 3127//754 3208//835 3128//755
f 3208//835 3209//836 3128//755
f 3128//755 3209//836 3210//837
f 3128//755 3210//837 3129//756
f 3129//756 3210//837 3211//838
f 3129//756 3211//838 3130//757
f 3130//757 3211//838 3212//839
f 3130//757 3212//839 3131//758
f 3131//758 3212//839 3213//840
f 3131//758 3213//840 3132//759
f 3132//759 3213//840 3214//841
f 3132//759 3214//841 3133//760
f 3133//760 3214//841 3215//842
f 3133//760 3215//842 3134//761
f 3134//761 3215//842 3216//843
f 3134//761 3216//843 3135//762
f 3135//762 3216//843 3217//844
f 3135//762 3217//844 3136//763
f 3136//763 3217//844 3218//845
f 3136//763 3218//845 3137//764
f 3137//764 3218//845 3219//846
f 3137//764 3219//846 3138//765
f 3138//765 3219//846 3220//847
f 3138//765 3220//847 3139//766
f 3139//766 3220//847 3221//848
f 3139//766 3221//848 3140//767
f 3140//767 3221//848 3222//849
f 3140//767 3222//849 3141//768
f 3141//768 3222//849 3223//850
f 3141//768 3223//850 3142//769
f 3142//769 3223//850 3224//851
f 3142//769 3224//851 3143//770
f 3143//770 3224//851 3225//852
f 3143//770 3225//852 3144//771
f 3144//771 3225//852 3226//853
f 3144//771 3226//853 3145//772
f 3145//772 3226//853 3227//854
f 3145//772 3227//854 3146//773
f 3146//773 3227//854 3228//855
f 3146//773 3228//855 3147//774
f 3147//774 3228//855 3229//856
f 3147//774 3229//856 3148//775
f 3148//775 3229//856 3230//857
f 3148//775 3230//857 3149//776
f 3149//776 3230//857 3231//858
f 3149//776 3231//858 3150//777
f 3150//777 3231//858 3232//859
f 3150//777 3232//859 3151//778
f 3151//778 3232//859 3233//860
f 3151//778 3233//860 3152//779
f 3152//779 3233//860 3234//861
f 3152//779 3234//861 3153//780
f 3153//780 3234//861 3235//862
f 3153//780 3235//862 3154//781
f 3154//781 3235//862 3236//863
f 3154//781 3236//863 3155//782
f 3155//782 3236//863 3237//864
f 3155//782 3237//864 3156//783
f 3156//783 3237//864 3238//865
f 3156//783 3238//865 3157//784
f 3157//784 3238//865 3239//866
f 3157//784 3239//866 3158//785
f 3158//785 3239//866 3240//867
f 3158//785 3240//867 3159//786
f 3159//786 3240//867 3241//868
f 3159//786 3241//868 3160//787
f 3160//787 3241//868 3242//869
f 3160//787 3242//869 3161//788
f 3161//788 3242//869 3243//870
f 3161//788 3243//870 3162//789
f 3162//789 3243//870 3244//871
f 3162//789 3244//871 3163//790
f 3163//790 3244//871 3245//872
f 3163//790 3245//872 3164//791
f 3164//791 3245//872 3246//873
f 3164//791 3246//873 3165//792
f 3165//792 3246//873 3247//874
f 3165//792 3247//874 3166//793
f 3166//793 3247//874 3248//875
f 3166//793 3248//875 3167//794
f 3167//794 3248//875 3249//876
f 3167//794 3249//876 3168//795
f 3168//795 3249//876 3250//877
f 3168//795 3250//877 3169//796
f 3169//796 3250//877 3251//878
f 3169//796 3251//878 3170//797
f 3170//797 3251//878 3252//879
f 3170//797 3252//879 3171//798
f 3171//798 3252//879 3253//880
f 3171//798 3253//880 3172//799
f 3172//799 3253//880 3254//881
f 3172//799 3254//881 3173//800
f 3173//800 3254//881 3255//882
f 3173//800 3255//882 3174//801
f 3174//801 3255//882 3256//883
f 3174//801 3256//883 3175//802
f 3175//802 3256//883 3257//884
f 3175//802 3257//884 3176//803
f 3176//803 3257//884 3258//885
f 3176//803 3258//885 3177//804
f 3177//804 3258//885 3259//886
f 3177//804 3259//886 3178//805
f 3178//805 3259//886 3260//887
f 3178//805 3260//887 3179//806
f 3179//806 3260//887 3261//888
f 3179//806 3261//888 3180//807
f 3180//807 3261//888 3262//889
f 3180//807 3262//889 3181//808
f 3181//808 3262//889 3263//890
f 3181//808 3263//890 3182//809
f 3182//809 3263//890 3264//891
f 3182//809 3264//891 3183//810
f 3183//810 3264//891 3265//892
f 3183//810 3265//892 3184//811
f 3184//811 3265//892 3266//893
f 3184//811 3266//893 3185//812
f 3185//812 3266//893 3267//894
f 3185//812 3267//894 3186//813
f 3186//813 3267//894 3268//895
f 3186//813 3268//895 3187//814
f 3187//814 3268//895 3269//896
f 3187//814 3269//896 3188//815
f 3188//815 3269//896 3270//897
f 3188//815 3270//897 3189//816
f 3189//816 3270//897 3271//898
f 3189//816 3271//898 3190//817
f 3190//817 3271//898 3272//899
f 3190//817 3272//899 3191//818
f 3191//818 3272//899 3273//900
f 3191//818 3273//900 3192//819
f 3192//819 3273//900 3274//901
f 3192//819 3274//901 3193//820
f 3193//820 3274//901 3275//902
f 3193//820 3275//902 3194//821
f 3194//821 3275//902 3276//903
f 3194//821 3276//903 3195//822
f 3195//822 3276//903 3277//904
f 3195//822 3277//904 3196//823
f 3196//823 3277//904 3278//905
f 3196//823 3278//905 3197//824
f 3197//824 3278//905 3279//906
f 3197//824 3279//906 3198//825
f 3198//825 3279//906 3280//907
f 3198//825 3280//907 3199//826
f 3199//826 3280//907 3281//908
f 3199//826 3281//908 3200//827
f 3200//827 3281//908 3282//909
f 3200//827 3282//909 3201//828
f 3201//828 3282//909 3283//910
f 3201//828 3283//910 3202//829
f 3202//829 3283//910 3284//911
f 3202//829 3284//911 3203//830
f 3203//830 3284//911 3285//912
f 3203//830 3285//912 3204//831
f 3204//831 3285//912 3286//913
f 3204//831 3286//913 3205//832
f 3205//832 3286//913 3287//914
f 3205//832 3287//914 3206//833
f 3206//833 3287//914 3288//915
f 3206//833 3288//915 3207//834
f 3207//834 3288//915 3289//916
f 3207//834 3289//916 3208//835
f 3208//835 3289//916 3209//836
f 3289//916 3290//917 3209//836
f 3209//836 3290//917 3291//918
f 3209//836 3291//918 3210//837
f 3210//837 3291//918 3292//919
f 3210//837 3292//919 3211//838
f 3211//838 3292//919 3293//920
f 3211//838 3293//920 3212//839
f 3212//839 3293//920 3294//921
f 3212//839 3294//921 3213//840
f 3213//840 3294//921 3295//922
f 3213//840 3295//922 3214//841
f 3214//841 3295//922 3296//923
f 3214//841 3296//923 3215//842
f 3215//842 3296//923 3297//924
f 3215//842 3297//924 3216//843
f 3216//843 3297//924 3298//925
f 3216//843 3298//925 3217//844
f 3217//844 3298//925 3299//926
f 3217//844 3299//926 3218//845
f 3218//845 3299//926 3300//927
f 3218//845 3300//927 3219//846
f 3219//846 3300//927 3301//928
f 3219//846 3301//928 3220//847
f 3220//847 3301//928 3302//929
f 3220//847 3302//929 3221//848
f 3221//848 3302//929 3303//930
f 3221//848 3303//930 3222//849
f 3222//849 3303//930 3304//931
f 3222//849 3304//931 3223//850
f 3223//850 3304//931 3305//932
f 3223//850 3305//932 3224//851
f 3224//851 3305//932 3306//933
f 3224//851 3306//933 3225//852
f 3225//852 3306//933 3307//934
f 3225//852 3307//934 3226//853
f 3226//853 3307//934 3308//935
f 3226//853 3308//935 3227//854
f 3227//854 3308//935 3309//936
f 3227//854 3309//936 3228//855
f 3228//855 3309//936 3310//937
f 3228//855 3310//937 3229//856
f 3229//856 3310//937 3311//938
f 3229//856 3311//938 3230//857
f 3230//857 3311//938 3312//939
f 3230//857 3312//939 3231//858
f 3231//858 3312//939 3313//940
f 3231//858 3313//940 3232//859
f 3232//859 3313//940 3314//941
f 3232//859 3314//941 3233//860
f 3233//860 3314//941 3315//942
f 3233//860 3315//942 3234//861
f 3234//861 3315//942 3316//943
f 3234//861 3316//943 3235//862
f 3235//862 3316//943 3317//944
f 3235//862 3317//944 3236//863
f 3236//863 3317//944 3318//945
f 3236//863 3318//945 3237//864
f 3237//864 3318//945 3319//946
f 3237//864 3319//946 3238//865
f 3238//865 3319//946 3320//947
f 3238//865 3320//947 3239//866
f 3239//866 3320//947 3321//948
f 3239//866 3321//948 3240//867
f 3240//867 3321//948 3322//949
f 3240//867 3322//949 3241//868
f 3241//868 3322//949 3323//950
f 3241//868 3323//950 3242//869
f 3242//869 3323//950 3324//951
f 3242//869 3324//951 3243//870
f 3243//870 3324//951 3325//952
f 3243//870 3325//952 3244//871
f 3244//871 3325//952 3326//953
f 3244//871 3326//953 3245//872
f 3245//872 3326//953 3327//954
f 3245//872 3327//954 3246//873
f 3246//873 3327//954 3328//955
f 3246//873 3328//955 3247//874
f 3247//874 3328//955 3329//956
f 3247//874 3329//956 3248//875
f 3248//875 3329//956 3330//957
f 3248//875 3330//957 3249//876
f 3249//876 3330//957 3331//958
f 3249//876 3331//958 3250//877
f 3250//877 3331//958 3332//959
f 3250//877 3332//959 3251//878
f 3251//878 3332//959 3333//960
f 3251//878 3333//960 3252//879
f 3252//879 3333//960 3334//961
f 3252//879 3334//961 3253//880
f 3253//880 3334//961 3335//962
f 3253//880 3335//962 3254//881
f 3254//881 3335//962 3336//963
f 3254//881 3336//963 3255//882
f 3255//882 3336//963 3337//964
f 3255//882 3337//964 3256//883
f 3256//883 3337//964 3338//965
f 3256//883 3338//965 3257//884
f 3257//884 3338//965 3339//966
f 3257//884 3339//966 3258//885
f 3258//885 3339//966 3340//967
f 3258//885 3340//967 3259//886
f 3259//886 3340//967 3341//968
f 3259//886 3341//968 3260//887
f 3260//887 3341//968 3342//969
f 3260//887 3342//969 3261//888
f 3261//888 3342//969 3343//970
f 3261//888 3343//970 3262//889
f 3262//889 3343//970 3344//971
f 3262//889 3344//971 3263//890
f 3263//890 3344//971 3345//972
f 3263//890 3345//972 3264//891
f 3264//891 3345//972 3346//973
f 3264//891 3346//973 3265//892
f 3265//892 3346//973 3347//974
f 3265//892 3347//974 3266//893
f 3266//893 3347//974 3348//975
f 3266//893 3348//975 3267//894
f 3267//894 3348//975 3349//976
f 3267//894 3349//976 3268//895
f 3268//895 3349//976 3350//977
f 3268//895 3350//977 3269//896
f 3269//896 3350//977 3351//978
f 3269//896 3351//978 3270//897
f 3270//897 3351//978 3352//979
f 3270//897 3352//979 3271//898
f 3271//898 3352//979 3353//980
f 3271//898 3353//980 3272//899
f 3272//899 3353//980 3354//981
f 3272//899 3354//981 3273//900
f 3273//900 3354//981 3355//982
f 3273//900 3355//982 3274//901
f 3274//901 3355//982 3356//983
f 3274//901 3356//983 3275//902
f 3275//902 3356//983 3357//984
f 3275//902 3357//984 3276//903
f 3276//903 3357//984 3358//985
f 3276//903 3358//985 3277//904
f 3277//904 3358//985 3359//986
f 3277//904 3359//986 3278//905
f 3278//905 3359//986 3360//987
f 3278//905 3360//987 3279//906
f 3279//906 3360//987 3361//988
f 3279//906 3361//988 3280//907
f 3280//907 3361//988 3362//989
f 3280//907 3362//989 3281//908
f 3281//908 3362//989 3363//990
f 3281//908 3363//990 3282//909
f 3282//909 3363//990 3364//991
f 3282//909 3364//991 3283//910
f 3283//910 3364//991 3365//992
f 3283//910 3365//992 3284//911
f 3284//911 3365//992 3366//993
f 3284//911 3366//993 3285//912
f 3285//912 3366//993 3367//994
f 3285//912 3367//994 3286//913
f 3286//913 3367//994 3368//995
f 3286//913 3368//995 3287//914
f 3287//914 3368//995 3369//996
f 3287//914 3369//996 3288//915
f 3288//915 3369//996 3370//997
f 3288//915 3370//997 3289//916
f 3289//916 3370//997 3290//917
f 3370//997 3371//998 3290//917
f 3290//917 3371//998 3372//999
f 3290//917 3372//999 3291//918
f 3291//918 3372//999 3373//1000
f 3291//918 3373//1000 3292//919
f 3292//919 3373//1000 3374//1001
f 3292//919 3374//1001 3293//920
f 3293//920 3374//1001 3375//1002
f 3293//920 3375//1002 3294//921
f 3294//921 3375//1002 3376//1003
f 3294//921 3376//1003 3295//922
f 3295//922 3376//1003 3377//1004
f 3295//922 3377//1004 3296//923
f 3296//923 3377//1004 3378//1005
f 3296//923 3378//1005 3297//924
f 3297//924 3378//1005 3379//1006
f 3297//924 3379//1006 3298//925
f 3298//925 3379//1006 3380//1007
f 3298//925 3380//1007 3299//926
f 3299//926 3380//1007 3381//1008
f 3299//926 3381//1008 3300//927
f 3300//927 3381//1008 3382//1009
f 3300//927 3382//1009 3301//928
f 3301//928 3382//1009 3383//1010
f 3301//928 3383//1010 3302//929
f 3302//929 3383//1010 3384//1011
f 3302//929 3384//1011 3303//930
f 3303//930 3384//1011 3385//1012
f 3303//930 3385//1012 3304//931
f 3304//931 3385//1012 3386//1013
f 3304//931 3386//1013 3305//932
f 3305//932 3386//1013 3387//1014
f 3305//932 3387//1014 3306//933
f 3306//933 3387//1014 3388//1015
f 3306//933 3388//1015 3307//934
f 3307//934 3388//1015 3389//1016
f 3307//934 3389//1016 3308//935
f 3308//935 3389//1016 3390//1017
f 3308//935 3390//1017 3309//936
f 3309//936 3390//1017 3391//1018
f 3309//936 3391//1018 3310//937
f 3310//937 3391//1018 3392//1019
f 3310//937 3392//1019 3311//938
f 3311//938 3392//1019 3393//1020
f 3311//938 3393//1020 3312//939
f 3312//939 3393//1020 3394//1021
f 3312//939 3394//1021 3313//940
f 3313//940 3394//1021 3395//1022
f 3313//940 3395//1022 3314//941
f 3314//941 3395//1022 3396//1023
f 3314//941 3396//1023 3315//942
f 3315//942 3396//1023 3397//1024
f 3315//942 3397//1024 3316//943
f 3316//943 3397//1024 3398//1025
f 3316//943 3398//1025 3317//944
f 3317//944 3398//1025 3399//1026
f 3317//944 3399//1026 3318//945
f 3318//945 3399//1026 3400//1027
f 3318//945 3400//1027 3319//946
f 3319//946 3400//1027 3401//1028
f 3319//946 3401//1028 3320//947
f 3320//947 3401//1028 3402//1029
f 3320//947 3402//1029 3321//948
f 3321//948 3402//1029 3403//1030
f 3321//948 3403//1030 3322//949
f 3322//949 3403//1030 3404//1031
f 3322//949 3404//1031 3323//950
f 3323//950 3404//1031 3405//1032
f 3323//950 3405//1032 3324//951
f 3324//951 3405//1032 3406//1033
f 3324//951 3406//1033 3325//952
f 3325//952 3406//1033 3407//1034
f 3325//952 3407//1034 3326//953
f 3326//953 3407//1034 3408//1035
f 3326//953 3408//1035 3327//954
f 3327//954 3408//1035 3409//1036
f 3327//954 3409//1036 3328//955
f 3328//955 3409//1036 3410//1037
f 3328//955 3410//1037 3329//956
f 3329//956 3410//1037 3411//1038
f 3329//956 3411//1038 3330//957
f 3330//957 3411//1038 3412//1039
f 3330//957 3412//1039 3331//958
f 3331//958 3412//1039 3413//1040
f 3331//958 3413//1040 3332//959
f 3332//959 3413//1040 3414//1041
f 3332//959 3414//1041 3333//960
f 3333//960 3414//1041 3415//1042
f 3333//960 3415//1042 3334//961
f 3334//961 3415//1042 3416//1043
f 3334//961 3416//1043 3335//962
f 3335//962 3416//1043 3417//1044
f 3335//962 3417//1044 3336//963
f 3336//963 3417//1044 3418//1045
f 3336//963 3418//1045 3337//964
f 3337//964 3418//1045 3419//1046
f 3337//964 3419//1046 3338//965
f 3338//965 3419//1046 3420//1047
f 3338//965 3420//1047 3339//966
f 3339//966 3420//1047 3421//1048
f 3339//966 3421//1048 3340//967
f 3340//967 3421//1048 3422//1049
f 3340//967 3422//1049 3341//968
f 3341//968 3422//1049 3423//1050
f 3341//968 3423//1050 3342//969
f 3342//969 3423//1050 3424//1051
f 3342//969 3424//1051 3343//970
f 3343//970 3424//1051 3425//1052
f 3343//970 3425//1052 3344//971
f 3344//971 3425//1052 3426//1053
f 3344//971 3426//1053 3345//972
f 3345//972 3426//1053 3427//1054
f 3345//972 3427//1054 3346//973
f 3346//973 3427//1054 3428//1055
f 3346//973 3428//1055 3347//974
f 3347//974 3428//1055 3429//1056
f 3347//974 3429//1056 3348//975
f 3348//975 3429//1056 3430//1057
f 3348//975 3430//1057 3349//976
f 3349//976 3430//1057 3431//1058
f 3349//976 3431//1058 3350//977
f 3350//977 3431//1058 3432//1059
f 3350//977 3432//1059 3351//978
f 3351//978 3432//1059 3433//1060
f 3351//978 3433//1060 3352//979
f 3352//979 3433//1060 3434//1061
f 3352//979 3434//1061 3353//980
f 3353//980 3434//1061 3435//1062
f 3353//980 3435//1062 3354//981
f 3354//981 3435//1062 3436//1063
f 3354//981 3436//1063 3355//982
f 3355//982 3436//1063 3437//1064
f 3355//982 3437//1064 3356//983
f 3356//983 3437//1064 3438//1065
f 3356//983 3438//1065 3357//984
f 3357//984 3438//1065 3439//1066
f 3357//984 3439//1066 3358//985
f 3358//985 3439//1066 3440//1067
f 3358//985 3440//1067 3359//986
f 3359//986 3440//1067 3441//1068
f 3359//986 3441//1068 3360//987
f 3360//987 3441//1068 3442//1069
f 3360//987 3442//1069 3361//988
f 3361//988 3442//1069 3443//1070
f 3361//988 3443//1070 3362//989
f 3362//989 3443//1070 3444//1071
f 3362//989 3444//1071 3363//990
f 3363//990 3444//1071 3445//1072
f 3363//990 3445//1072 3364//991
f 3364//991 3445//1072 3446//1073
f 3364//991 3446//1073 3365//992
f 3365//992 3446//1073 3447//1074
f 3365//992 3447//1074 3366//993
f 3366//993 3447//1074 3448//1075
f 3366//993 3448//1075 3367//994
f 3367//994 3448//1075 3449//1076
f 3367//994 3449//1076 3368//995
f 3368//995 3449//1076 3450//1077
f 3368//995 3450//1077 3369//996
f 3369//996 3450//1077 3451//1078
f 3369//996 3451//1078 3370//997
f 3370//997 3451//1078 3371//998
f 3451//1078 3452//1079 3371//998
f 3371//998 3452//1079 3453//1080
f 3371//998 3453//1080 3372//999
f 3372//999 3453//1080 3454//1081
f 3372//999 3454//1081 3373//1000
f 3373//1000 3454//1081 3455//1082
f 3373//1000 3455//1082 3374//1001
f 3374//1001 3455//1082 3456//1083
f 3374//1001 3456//1083 3375//1002
f 3375//1002 3456//1083 3457//1084
f 3375//1002 3457//1084 3376//1003
f 3376//1003 3457//1084 3458//1085
f 3376//1003 3458//1085 3377//1004
f 3377//1004 3458//1085 3459//1086
f 3377//1004 3459//1086 3378//1005
f 3378//1005 3459//1086 3460//1087
f 3378//1005 3460//1087 3379//1006
f 3379//1006 3460//1087 3461//1088
f 3379//1006 3461//1088 3380//1007
f 3380//1007 3461//1088 3462//1089
f 3380//1007 3462//1089 3381//1008
f 3381//1008 3462//1089 3463//1090
f 3381//1008 3463//1090 3382//1009
f 3382//1009 3463//1090 3464//1091
f 3382//1009 3464//1091 3383//1010
f 3383//1010 3464//1091 3465//1092
f 3383//1010 3465//1092 3384//1011
f 3384//1011 3465//1092 3466//1093
f 3384//1011 3466//1093 3385//1012
f 3385//1012 3466//1093 3467//1094
f 3385//1012 3467//1094 3386//1013
f 3386//1013 3467//1094 3468//1095
f 3386//1013 3468//1095 3387//1014
f 3387//1014 3468//1095 3469//1096
f 3387//1014 3469//1096 3388//1015
f 3388//1015 3469//1096 3470//1097
f 3388//1015 3470//1097 3389//1016
f 3389//1016 3470//1097 3471//1098
f 3389//1016 3471//1098 3390//1017
f 3390//1017 3471//1098 3472//1099
f 3390//1017 3472//1099 3391//1018
f 3391//1018 3472//1099 3473//1100
f 3391//1018 3473//1100 3392//1019
f 3392//1019 3473//1100 3474//1101
f 3392//1019 3474//1101 3393//1020
f 3393//1020 3474//1101 3475//1102
f 3393//1020 3475//1102 3394//1021
f 3394//1021 3475//1102 3476//1103
f 3394//1021 3476//1103 3395//1022
f 3395//1022 3476//1103 3477//1104
f 3395//1022 3477//1104 3396//1023
f 3396//1023 3477//1104 3478//1105
f 3396//1023 3478//1105 3397//1024
f 3397//1024 3478//1105 3479//1106
f 3397//1024 3479//1106 3398//1025
f 3398//1025 3479//1106 3480//1107
f 3398//1025 3480//1107 3399//1026
f 3399//1026 3480//1107 3481//1108
f 3399//1026 3481//1108 3400//1027
f 3400//1027 3481//1108 3482//1109
f 3400//1027 3482//1109 3401//1028
f 3401//1028 3482//1109 3483//1110
f 3401//1028 3483//1110 3402//1029
f 3402//1029 3483//1110 3484//1111
f 3402//1029 3484//1111 3403//1030
f 3403//1030 3484//1111 3485//1112
f 3403//1030 3485//1112 3404//1031
f 3404//1031 3485//1112 3486//1113
f 3404//1031 3486//1113 3405//1032
f 3405//1032 3486//1113 3487//1114
f 3405//1032 3487//1114 3406//1033
f 3406//1033 3487//1114 3488//1115
f 3406//1033 3488//1115 3407//1034
f 3407//1034 3488//1115 3489//1116
f 3407//1034 3489//1116 3408//1035
f 3408//1035 3489//1116 3490//1117
f 3408//1035 3490//1117 3409//1036
f 3409//1036 3490//1117 3491//1118
f 3409//1036 3491//1118 3410//1037
f 3410//1037 3491//1118 3492//1119
f 3410//1037 3492//1119 3411//1038
f 3411//1038 3492//1119 3493//1120
f 3411//1038 3493//1120 3412//1039
f 3412//1039 3493//1120 3494//1121
f 3412//1039 3494//1121 3413//1040
f 3413//1040 3494//1121 3495//1122
f 3413//1040 3495//1122 3414//1041
f 3414//1041 3495//1122 3496//1123
f 3414//1041 3496//1123 3415//1042
f 3415//1042 3496//1123 3497//1124
f 3415//1042 3497//1124 3416//1043
f 3416//1043 3497//1124 3498//1125
f 3416//1043 3498//1125 3417//1044
f 3417//1044 3498//1125 3499//1126
f 3417//1044 3499//1126 3418//1045
f 3418//1045 3499//1126 3500//1127
f 3418//1045 3500//1127 3419//1046
f 3419//1046 3500//1127 3501//1128
f 3419//1046 3501//1128 3420//1047
f 3420//1047 3501//1128 3502//1129
f 3420//1047 3502//1129 3421//1048
f 3421//1048 3502//1129 3503//1130
f 3421//1048 3503//1130 3422//1049
f 3422//1049 3503//1130 3504//1131
f 3422//1049 3504//1131 3423//1050
f 3423//1050 3504//1131 3505//1132
f 3423//1050 3505//1132 3424//1051
f 3424//1051 3505//1132 3506//1133
f 3424//1051 3506//1133 3425//1052
f 3425//1052 3506//1133 3507//1134
f 3425//1052 3507//1134 3426//1053
f 3426//1053 3507//1134 3508//1135
f 3426//1053 3508//1135 3427//1054
f 3427//1054 3508//1135 3509//1136
f 3427//1054 3509//1136 3428//1055
f 3428//1055 3509//1136 3510//1137
f 3428//1055 3510//1137 3429//1056
f 3429//1056 3510//1137 3511//1138
f 3429//1056 3511//1138 3430//1057
f 3430//1057 3511//1138 3512//1139
f 3430//1057 3512//1139 3431//1058
f 3431//1058 3512//1139 3513//1140
f 3431//1058 3513//1140 3432//1059
f 3432//1059 3513//1140 3514//1141
f 3432//1059 3514//1141 3433//1060
f 3433//1060 3514//1141 3515//1142
f 3433//1060 3515//1142 3434//1061
f 3434//1061 3515//1142 3516//1143
f 3434//1061 3516//1143 3435//1062
f 3435//1062 3516//1143 3517//1144
f 3435//1062 3517//1144 3436//1063
f 3436//1063 3517//1144 3518//1145
f 3436//1063 3518//1145 3437//1064
f 3437//1064 3518//1145 3519//1146
f 3437//1064 3519//1146 3438//1065
f 3438//1065 3519//1146 3520//1147
f 3438//1065 3520//1147 3439//1066
f 3439//1066 3520//1147 3521//1148
f 3439//1066 3521//1148 3440//1067
f 3440//1067 3521//1148 3522//1149
f 3440//1067 3522//1149 3441//1068
f 3441//1068 3522//1149 3523//1150
f 3441//1068 3523//1150 3442//1069
f 3442//1069 3523//1150 3524//1151
f 3442//1069 3524//1151 3443//1070
f 3443//1070 3524//1151 3525//1152
f 3443//1070 3525//1152 3444//1071
f 3444//1071 3525//1152 3526//1153
f 3444//1071 3526//1153 3445//1072
f 3445//1072 3526//1153 3527//1154
f 3445//1072 3527//1154 3446//1073
f 3446//1073 3527//1154 3528//1155
f 3446//1073 3528//1155 3447//1074
f 3447//1074 3528//1155 3529//1156
f 3447//1074 3529//1156 3448//1075
f 3448//1075 3529//1156 3530//1157
f 3448//1075 3530//1157 3449//1076
f 3449//1076 3530//1157 3531//1158
f 3449//1076 3531//1158 3450//1077
f 3450//1077 3531//1158 3532//1159
f 3450//1077 3532//1159 3451//1078
f 3451//1078 3532//1159 3452//1079
f 3532//1159 1645//1 3452//1079
f 3452//1079 1645//1 1647//1
f 3452//1079 1647//1 3453//1080
f 3453//1080 1647//1 1649//1
f 3453//1080 1649//1 3454//1081
f 3454//1081 1649//1 1651//1
f 3454//1081 1651//1 3455//1082
f 3455//1082 1651//1 1653//1
f 3455//1082 1653//1 3456//1083
f 3456//1083 1653//1 1655//1
f 3456//1083 1655//1 3457//1084
f 3457//1084 1655//1 1657//1
f 3457//1084 1657//1 3458//1085
f 3458//1085 1657//1 1659//1
f 3458//1085 1659//1 3459//1086
f 3459//1086 1659//1 1695//1
f 3459//1086 1695//1 3460//1087
f 3460//1087 1695//1 1697//1
f 3460//1087 1697//1 3461//1088
f 3461//1088 1697//1 1699//1
f 3461//1088 1699//1 3462//1089
f 3462//1089 1699//1 1701//1
f 3462//1089 1701//1 3463//1090
f 3463//1090 1701//1 1703//1
f 3463//1090 1703//1 3464//1091
f 3464//1091 1703//1 1705//1
f 3464//1091 1705//1 3465//1092
f 3465//1092 1705//1 1707//1
f 3465//1092 1707//1 3466//1093
f 3466//1093 1707//1 1709//1
f 3466//1093 1709//1 3467//1094
f 3467//1094 1709//1 1711//1
f 3467//1094 1711//1 3468//1095
f 3468//1095 1711//1 1713//1
f 3468//1095 1713//1 3469//1096
f 3469//1096 1713//1 1715//1
f 3469//1096 1715//1 3470//1097
f 3470//1097 1715//1 1717//1
f 3470//1097 1717//1 3471//1098
f 3471//1098 1717//1 1719//1
f 3471//1098 1719//1 3472//1099
f 3472//1099 1719//1 1721//1
f 3472//1099 1721//1 3473//1100
f 3473//1100 1721//1 1723//1
f 3473//1100 1723//1 3474//1101
f 3474//1101 1723//1 1725//1
f 3474//1101 1725//1 3475//1102
f 3475//1102 1725//1 1761//1
f 3475//1102 1761//1 3476//1103
f 3476//1103 1761//1 1763//1
f 3476//1103 1763//1 3477//1104
f 3477//1104 1763//1 1765//1
f 3477//1104 1765//1 3478//1105
f 3478//1105 1765//1 1767//1
f 3478//1105 1767//1 3479//1106
f 3479//1106 1767//1 1769//1
f 3479//1106 1769//1 3480//1107
f 3480//1107 1769//1 1771//1
f 3480//1107 1771//1 3481//1108
f 3481//1108 1771//1 1773//1
f 3481//1108 1773//1 3482//1109
f 3482//1109 1773//1 1775//1
f 3482//1109 1775//1 3483//1110
f 3483//1110 1775//1 1777//1
f 3483//1110 1777//1 3484//1111
f 3484//1111 1777//1 1779//1
f 3484//1111 1779//1 3485//1112
f 3485//1112 1779//1 1781//1
f 3485//1112 1781//1 3486//1113
f 3486//1113 1781//1 1783//1
f 3486//1113 1783//1 3487//1114
f 3487//1114 1783//1 1785//1
f 3487//1114 1785//1 3488//1115
f 3488//1115 1785//1 1787//1
f 3488//1115 1787//1 3489//1116
f 3489//1116 1787//1 1789//1
f 3489//1116 1789//1 3490//1117
f 3490//1117 1789//1 1726//1
f 3490//1117 1726//1 3491//1118
f 3491//1118 1726//1 1728//1
f 3491//1118 1728//1 3492//1119
f 3492//1119 1728//1 1730//1
f 3492//1119 1730//1 3493//1120
f 3493//1120 1730//1 1732//1
f 3493//1120 1732//1 3494//1121
f 3494//1121 1732//1 1734//1
f 3494//1121 1734//1 3495//1122
f 3495//1122 1734//1 1736//1
f 3495//1122 1736//1 3496//1123
f 3496//1123 1736//1 1738//1
f 3496//1123 1738//1 3497//1124
f 3497//1124 1738//1 1740//1
f 3497//1124 1740//1 3498//1125
f 3498//1125 1740//1 1742//1
f 3498//1125 1742//1 3499//1126
f 3499//1126 1742//1 1744//1
f 3499//1126 1744//1 3500//1127
f 3500//1127 1744//1 1746//1
f 3500//1127 1746//1 3501//1128
f 3501//1128 1746//1 1748//1
f 3501//1128 1748//1 3502//1129
f 3502//1129 1748//1 1750//1
f 3502//1129 1750//1 3503//1130
f 3503//1130 1750//1 1752//1
f 3503//1130 1752//1 3504//1131
f 3504//1131 1752//1 1754//1
f 3504//1131 1754//1 3505//1132
f 3505//1132 1754//1 1756//1
f 3505//1132 1756//1 3506//1133
f 3506//1133 1756//1 1660//1
f 3506//1133 1660//1 3507//1134
f 3507//1134 1660//1 1662//1
f 3507//1134 1662//1 3508//1135
f 3508//1135 1662//1 1664//1
f 3508//1135 1664//1 3509//1136
f 3509//1136 1664//1 1666//1
f 3509//1136 1666//1 3510//1137
f 3510//1137 1666//1 1668//1
f 3510//1137 1668//1 3511//1138
f 3511//1138 1668//1 1670//1
f 3511//1138 1670//1 3512//1139
f 3512//1139 1670//1 1672//1
f 3512//1139 1672//1 3513//1140
f 3513//1140 1672//1 1674//1
f 3513//1140 1674//1 3514//1141
f 3514//1141 1674//1 1676//1
f 3514//1141 1676//1 3515//1142
f 3515//1142 1676//1 1678//1
f 3515//1142 1678//1 3516//1143
f 3516//1143 1678//1 1680//1
f 3516//1143 1680//1 3517//1144
f 3517//1144 1680//1 1682//1
f 3517//1144 1682//1 3518//1145
f 3518//1145 1682//1 1684//1
f 3518//1145 1684//1 3519//1146
f 3519//1146 1684//1 1686//1
f 3519//1146 1686//1 3520//1147
f 3520//1147 1686//1 1688//1
f 3520//1147 1688//1 3521//1148
f 3521//1148 1688//1 1690//1
f 3521//1148 1690//1 3522//1149
f 3522//1149 1690//1 1625//1
f 3522//1149 1625//1 3523//1150
f 3523//1150 1625//1 1627//1
f 3523//1150 1627//1 3524//1151
f 3524//1151 1627//1 1629//1
f 3524//1151 1629//1 3525//1152
f 3525//1152 1629//1 1631//1
f 3525//1152 1631//1 3526//1153
f 3526//1153 1631//1 1633//1
f 3526//1153 1633//1 3527//1154
f 3527//1154 1633//1 1635//1
f 3527//1154 1635//1 3528//1155
f 3528//1155 1635//1 1637//1
f 3528//1155 1637//1 3529//1156
f 3529//1156 1637//1 1639//1
f 3529//1156 1639//1 3530//1157
f 3530//1157 1639//1 1641//1
f 3530//1157 1641//1 3531//1158
f 3531//1158 1641//1 1643//1
f 3531//1158 1643//1 3532//1159
f 3532//1159 1643//1 1645//1
f 1488//237 1487//237 3533//1160
f 1560//303 1561//304 3534//1161
f 1562//305 1567//309 3535//1162
f 1563//306 1568//310 3536//1163
f 1569//311 1570//312 3537//1164
f 1575//317 1574//316 3538//1165
f 1573//315 1572//314 3539//1166
f 1578//320 1579//321 3540//1167
f 1580//322 1581//323 3541//1168
f 1586//327 1585//326 3542//1169
f 1584//203 1583//325 3543//1170
f 1588//329 1589//330 3544//1171
f 1590//331 1591//332 3545//1172
f 1592//333 1593//334 3546//1173
f 1595//336 1596//337 3547//1174
f 1597//338 1599//340 3548//1175
f 1603//344 1602//343 3549//1176
f 1601//342 1600//341 3550//1177
f 1486//236 1485//236 3551//1178
f 1605//346 1606//347 3552//1179
f 1484//235 1483//234 3553//1180
f 1608//349 1609//350 3554//1181
f 1610//351 1611//352 3555//1182
f 1613//354 1618//358 3556//1183
f 1617//357 1616//356 3557//1184
f 1614//355 1619//359 3558//1185
f 1620//360 1624//364 3559//1186
f 1621//361 1492//240 3560//1187
f 1491//239 1494//242 3561//1188
f 1496//244 1495//243 3562//1189
f 1498//246 1497//245 3563//1190
f 1502//249 1501//248 3564//1191
f 1500//247 1499//247 3565//1192
f 1504//251 1505//252 3566//1193
f 1508//255 1507//254 3567//1194
f 1510//257 1509//256 3568//1195
f 1513//259 1512//258 3569//1196
f 1511//258 1518//264 3570//1197
f 1490//238 1489//238 3571//1198
f 1519//265 1520//266 3572//1199
f 1524//270 1523//269 3573//1200
f 1522//268 1529//274 3574//1201
f 1525//271 1531//276 3575//1202
f 1530//275 1533//278 3576//1203
f 1537//282 1536//281 3577//1204
f 1535//280 1534//279 3578//1205
f 1539//283 1538//283 3579//1206
f 1542//286 1543//287 3580//1207
f 1547//291 1546//290 3581//1208
f 1545//289 1549//293 3582//1209
f 1553//296 1552//295 3583//1210
f 1551//294 1550//294 3584//1211
f 1554//297 1555//298 3585//1212
f 1558//301 1557//300 3586//1213
f 1675//1 1673//1 3587//1214
f 3587//1214 1673//1 3588//1214
f 3587//1214 3588//1214 3589//1215
f 3589//1215 3588//1214 3590//1215
f 3589//1215 3590//1215 3591//1216
f 3591//1216 3590//1215 3592//1217
f 3591//1216 3592//1217 3593//1218
f 3593//1218 3592//1217 3594//1218
f 3593//1218 3594//1218 3595//1219
f 3595//1219 3594//1218 3596//1219
f 3595//1219 3596//1219 3597//1220
f 3597//1220 3596//1219 3598//1220
f 3597//1220 3598//1220 3599//1221
f 3599//1221 3598//1220 3600//1222
f 3599//1221 3600//1222 3601//1223
f 3601//1223 3600//1222 3574//1201
f 1661//1 1758//1 3602//1224
f 3602//1224 1758//1 3603//1224
f 3602//1224 3603//1224 3604//1225
f 3604//1225 3603//1224 3605//1225
f 3604//1225 3605//1225 3606//1226
f 3606//1226 3605//1225 3607//1226
f 3606//1226 3607//1226 3608//1227
f 3608//1227 3607//1226 3609//1227
f 3608//1227 3609//1227 3610//1228
f 3610//1228 3609//1227 3611//1228
f 3610//1228 3611//1228 3612//1229
f 3612//1229 3611//1228 3613//1229
f 3612//1229 3613//1229 3614//1230
f 3614//1230 3613//1229 3615//1230
f 3614//1230 3615//1230 3616//1231
f 3616//1231 3615//1230 3570//1197
f 1780//1 1778//1 3617//1232
f 3617//1232 1778//1 3618//1233
f 3617//1232 3618//1233 3619//1234
f 3619//1234 3618//1233 3620//1234
f 3619//1234 3620//1234 3621//1235
f 3621//1235 3620//1234 3622//1236
f 3621//1235 3622//1236 3623//1237
f 3623//1237 3622//1236 3624//1238
f 3623//1237 3624//1238 3625//1239
f 3625//1239 3624//1238 3626//1240
f 3625//1239 3626//1240 3627//1241
f 3627//1241 3626//1240 3628//1242
f 3627//1241 3628//1242 3629//1243
f 3629//1243 3628//1242 3630//1244
f 3629//1243 3630//1244 3631//1245
f 3631//1245 3630//1244 3555//1182
f 1654//1 1652//1 3632//1246
f 3632//1246 1652//1 3633//1247
f 3632//1246 3633//1247 3634//1248
f 3634//1248 3633//1247 3635//1248
f 3634//1248 3635//1248 3636//1249
f 3636//1249 3635//1248 3637//1249
f 3636//1249 3637//1249 3638//1250
f 3638//1250 3637//1249 3639//1250
f 3638//1250 3639//1250 3640//1251
f 3640//1251 3639//1250 3641//1251
f 3640//1251 3641//1251 3642//1252
f 3642//1252 3641//1251 3643//1252
f 3642//1252 3643//1252 3644//1253
f 3644//1253 3643//1252 3645//1254
f 3644//1253 3645//1254 3646//1255
f 3646//1255 3645//1254 3535//1162
f 1556//299 1558//301 3647//1256
f 3647//1256 1558//301 3586//1213
f 3647//1256 3586//1213 3648//1257
f 3648//1257 3586//1213 3649//1258
f 3648//1257 3649//1258 3650//1259
f 3650//1259 3649//1258 3651//1259
f 3650//1259 3651//1259 3652//1260
f 3652//1260 3651//1259 3653//1260
f 3652//1260 3653//1260 3654//1261
f 3654//1261 3653//1260 3655//1262
f 3654//1261 3655//1262 3656//1263
f 3656//1263 3655//1262 3657//1263
f 3656//1263 3657//1263 3658//1264
f 3658//1264 3657//1263 3659//1264
f 3658//1264 3659//1264 3660//1265
f 3660//1265 3659//1264 3661//1266
f 3660//1265 3661//1266 1642//1
f 1642//1 3661//1266 1644//1
f 1642//1 1640//1 3660//1265
f 3660//1265 1640//1 3662//1267
f 3660//1265 3662//1267 3658//1264
f 3658//1264 3662//1267 3663//1268
f 3658//1264 3663//1268 3656//1263
f 3656//1263 3663//1268 3664//1269
f 3656//1263 3664//1269 3654//1261
f 3654//1261 3664//1269 3665//1270
f 3654//1261 3665//1270 3652//1260
f 3652//1260 3665//1270 3666//1271
f 3652//1260 3666//1271 3650//1259
f 3650//1259 3666//1271 3667//1272
f 3650//1259 3667//1272 3648//1257
f 3648//1257 3667//1272 3668//1273
f 3648//1257 3668//1273 3647//1256
f 3647//1256 3668//1273 3585//1212
f 3647//1256 3585//1212 1556//299
f 1556//299 3585//1212 1555//298
f 1640//1 1638//1 3662//1267
f 3662//1267 1638//1 3669//1274
f 3662//1267 3669//1274 3663//1268
f 3663//1268 3669//1274 3670//1275
f 3663//1268 3670//1275 3664//1269
f 3664//1269 3670//1275 3671//1276
f 3664//1269 3671//1276 3665//1270
f 3665//1270 3671//1276 3672//1277
f 3665//1270 3672//1277 3666//1271
f 3666//1271 3672//1277 3673//1278
f 3666//1271 3673//1278 3667//1272
f 3667//1272 3673//1278 3674//1279
f 3667//1272 3674//1279 3668//1273
f 3668//1273 3674//1279 3675//1280
f 3668//1273 3675//1280 3585//1212
f 3585//1212 3675//1280 3584//1211
f 3585//1212 3584//1211 1554//297
f 1554//297 3584//1211 1550//294
f 1552//295 1551//294 3583//1210
f 3583//1210 1551//294 3584//1211
f 3583//1210 3584//1211 3676//1281
f 3676//1281 3584//1211 3675//1280
f 3676//1281 3675//1280 3677//1282
f 3677//1282 3675//1280 3674//1279
f 3677//1282 3674//1279 3678//1283
f 3678//1283 3674//1279 3673//1278
f 3678//1283 3673//1278 3679//1284
f 3679//1284 3673//1278 3672//1277
f 3679//1284 3672//1277 3680//1285
f 3680//1285 3672//1277 3671//1276
f 3680//1285 3671//1276 3681//1286
f 3681//1286 3671//1276 3670//1275
f 3681//1286 3670//1275 3682//1287
f 3682//1287 3670//1275 3669//1274
f 3682//1287 3669//1274 1636//1
f 1636//1 3669//1274 1638//1
f 1548//292 1553//296 3683//1288
f 3683//1288 1553//296 3583//1210
f 3683//1288 3583//1210 3684//1289
f 3684//1289 3583//1210 3676//1281
f 3684//1289 3676//1281 3685//1290
f 3685//1290 3676//1281 3677//1282
f 3685//1290 3677//1282 3686//1291
f 3686//1291 3677//1282 3678//1283
f 3686//1291 3678//1283 3687//1292
f 3687//1292 3678//1283 3679//1284
f 3687//1292 3679//1284 3688//1293
f 3688//1293 3679//1284 3680//1285
f 3688//1293 3680//1285 3689//1294
f 3689//1294 3680//1285 3681//1286
f 3689//1294 3681//1286 3690//1295
f 3690//1295 3681//1286 3682//1287
f 3690//1295 3682//1287 1634//1
f 1634//1 3682//1287 1636//1
f 1634//1 1632//1 3690//1295
f 3690//1295 1632//1 3691//1296
f 3690//1295 3691//1296 3689//1294
f 3689//1294 3691//1296 3692//1297
f 3689//1294 3692//1297 3688//1293
f 3688//1293 3692//1297 3693//1298
f 3688//1293 3693//1298 3687//1292
f 3687//1292 3693//1298 3694//1299
f 3687//1292 3694//1299 3686//1291
f 3686//1291 3694//1299 3695//1300
f 3686//1291 3695//1300 3685//1290
f 3685//1290 3695//1300 3696//1301
f 3685//1290 3696//1301 3684//1289
f 3684//1289 3696//1301 3697//1302
f 3684//1289 3697//1302 3683//1288
f 3683//1288 3697//1302 3582//1209
f 3683//1288 3582//1209 1548//292
f 1548//292 3582//1209 1549//293
f 1632//1 1630//1 3691//1296
f 3691//1296 1630//1 3698//1303
f 3691//1296 3698//1303 3692//1297
f 3692//1297 3698//1303 3699//1304
f 3692//1297 3699//1304 3693//1298
f 3693//1298 3699//1304 3700//1305
f 3693//1298 3700//1305 3694//1299
f 3694//1299 3700//1305 3701//1306
f 3694//1299 3701//1306 3695//1300
f 3695//1300 3701//1306 3702//1307
f 3695//1300 3702//1307 3696//1301
f 3696//1301 3702//1307 3703//1308
f 3696//1301 3703//1308 3697//1302
f 3697//1302 3703//1308 3704//1309
f 3697//1302 3704//1309 3582//1209
f 3582//1209 3704//1309 3581//1208
f 3582//1209 3581//1208 1545//289
f 1545//289 3581//1208 1546//290
f 1544//288 1547//291 3705//1310
f 3705//1310 1547//291 3581//1208
f 3705//1310 3581//1208 3706//1311
f 3706//1311 3581//1208 3704//1309
f 3706//1311 3704//1309 3707//1312
f 3707//1312 3704//1309 3703//1308
f 3707//1312 3703//1308 3708//1313
f 3708//1313 3703//1308 3702//1307
f 3708//1313 3702//1307 3709//1314
f 3709//1314 3702//1307 3701//1306
f 3709//1314 3701//1306 3710//1315
f 3710//1315 3701//1306 3700//1305
f 3710//1315 3700//1305 3711//1316
f 3711//1316 3700//1305 3699//1304
f 3711//1316 3699//1304 3712//1317
f 3712//1317 3699//1304 3698//1303
f 3712//1317 3698//1303 1628//1
f 1628//1 3698//1303 1630//1
f 1628//1 1626//1 3712//1317
f 3712//1317 1626//1 3713//1318
f 3712//1317 3713//1318 3711//1316
f 3711//1316 3713//1318 3714//1319
f 3711//1316 3714//1319 3710//1315
f 3710//1315 3714//1319 3715//1320
f 3710//1315 3715//1320 3709//1314
f 3709//1314 3715//1320 3716//1321
f 3709//1314 3716//1321 3708//1313
f 3708//1313 3716//1321 3717//1322
f 3708//1313 3717//1322 3707//1312
f 3707//1312 3717//1322 3718//1323
f 3707//1312 3718//1323 3706//1311
f 3706//1311 3718//1323 3719//1324
f 3706//1311 3719//1324 3705//1310
f 3705//1310 3719//1324 3580//1207
f 3705//1310 3580//1207 1544//288
f 1544//288 3580//1207 1543//287
f 1626//1 1692//1 3713//1318
f 3713//1318 1692//1 3720//1325
f 3713//1318 3720//1325 3714//1319
f 3714//1319 3720//1325 3721//1326
f 3714//1319 3721//1326 3715//1320
f 3715//1320 3721//1326 3722//1327
f 3715//1320 3722//1327 3716//1321
f 3716//1321 3722//1327 3723//1328
f 3716//1321 3723//1328 3717//1322
f 3717//1322 3723//1328 3724//1329
f 3717//1322 3724//1329 3718//1323
f 3718//1323 3724//1329 3725//1330
f 3718//1323 3725//1330 3719//1324
f 3719//1324 3725//1330 3726//1331
f 3719//1324 3726//1331 3580//1207
f 3580//1207 3726//1331 3579//1206
f 3580//1207 3579//1206 1542//286
f 1542//286 3579//1206 1538//283
f 1540//284 1539//283 3727//1332
f 3727//1332 1539//283 3579//1206
f 3727//1332 3579//1206 3728//1333
f 3728//1333 3579//1206 3726//1331
f 3728//1333 3726//1331 3729//1334
f 3729//1334 3726//1331 3725//1330
f 3729//1334 3725//1330 3730//1335
f 3730//1335 3725//1330 3724//1329
f 3730//1335 3724//1329 3731//1336
f 3731//1336 3724//1329 3723//1328
f 3731//1336 3723//1328 3732//1337
f 3732//1337 3723//1328 3722//1327
f 3732//1337 3722//1327 3733//1338
f 3733//1338 3722//1327 3721//1326
f 3733//1338 3721//1326 3734//1339
f 3734//1339 3721//1326 3720//1325
f 3734//1339 3720//1325 1691//1
f 1691//1 3720//1325 1692//1
f 1691//1 1689//1 3734//1339
f 3734//1339 1689//1 3735//1340
f 3734//1339 3735//1340 3733//1338
f 3733//1338 3735//1340 3736//1341
f 3733//1338 3736//1341 3732//1337
f 3732//1337 3736//1341 3737//1342
f 3732//1337 3737//1342 3731//1336
f 3731//1336 3737//1342 3738//1343
f 3731//1336 3738//1343 3730//1335
f 3730//1335 3738//1343 3739//1344
f 3730//1335 3739//1344 3729//1334
f 3729//1334 3739//1344 3740//1345
f 3729//1334 3740//1345 3728//1333
f 3728//1333 3740//1345 3741//1346
f 3728//1333 3741//1346 3727//1332
f 3727//1332 3741//1346 3742//1347
f 3727//1332 3742//1347 1540//284
f 1540//284 3742//1347 1541//285
f 1689//1 1687//1 3735//1340
f 3735//1340 1687//1 3743//1348
f 3735//1340 3743//1348 3736//1341
f 3736//1341 3743//1348 3744//1349
f 3736//1341 3744//1349 3737//1342
f 3737//1342 3744//1349 3745//1350
f 3737//1342 3745//1350 3738//1343
f 3738//1343 3745//1350 3746//1351
f 3738//1343 3746//1351 3739//1344
f 3739//1344 3746//1351 3747//1352
f 3739//1344 3747//1352 3740//1345
f 3740//1345 3747//1352 3748//1353
f 3740//1345 3748//1353 3741//1346
f 3741//1346 3748//1353 3749//1354
f 3741//1346 3749//1354 3742//1347
f 3742//1347 3749//1354 3578//1205
f 3742//1347 3578//1205 1541//285
f 1541//285 3578//1205 1534//279
f 1687//1 1685//1 3743//1348
f 3743//1348 1685//1 3750//1355
f 3743//1348 3750//1355 3744//1349
f 3744//1349 3750//1355 3751//1356
f 3744//1349 3751//1356 3745//1350
f 3745//1350 3751//1356 3752//1357
f 3745//1350 3752//1357 3746//1351
f 3746//1351 3752//1357 3753//1358
f 3746//1351 3753//1358 3747//1352
f 3747//1352 3753//1358 3754//1359
f 3747//1352 3754//1359 3748//1353
f 3748//1353 3754//1359 3755//1360
f 3748//1353 3755//1360 3749//1354
f 3749//1354 3755//1360 3756//1361
f 3749//1354 3756//1361 3578//1205
f 3578//1205 3756//1361 3577//1204
f 3578//1205 3577//1204 1535//280
f 1535//280 3577//1204 1536//281
f 1532//277 1537//282 3757//1362
f 3757//1362 1537//282 3577//1204
f 3757//1362 3577//1204 3758//1363
f 3758//1363 3577//1204 3756//1361
f 3758//1363 3756//1361 3759//1364
f 3759//1364 3756//1361 3755//1360
f 3759//1364 3755//1360 3760//1365
f 3760//1365 3755//1360 3754//1359
f 3760//1365 3754//1359 3761//1366
f 3761//1366 3754//1359 3753//1358
f 3761//1366 3753//1358 3762//1367
f 3762//1367 3753//1358 3752//1357
f 3762//1367 3752//1357 3763//1368
f 3763//1368 3752//1357 3751//1356
f 3763//1368 3751//1356 3764//1369
f 3764//1369 3751//1356 3750//1355
f 3764//1369 3750//1355 1683//1
f 1683//1 3750//1355 1685//1
f 1683//1 1681//1 3764//1369
f 3764//1369 1681//1 3765//1370
f 3764//1369 3765//1370 3763//1368
f 3763//1368 3765//1370 3766//1371
f 3763//1368 3766//1371 3762//1367
f 3762//1367 3766//1371 3767//1372
f 3762//1367 3767//1372 3761//1366
f 3761//1366 3767//1372 3768//1373
f 3761//1366 3768//1373 3760//1365
f 3760//1365 3768//1373 3769//1374
f 3760//1365 3769//1374 3759//1364
f 3759//1364 3769//1374 3770//1375
f 3759//1364 3770//1375 3758//1363
f 3758//1363 3770//1375 3771//1376
f 3758//1363 3771//1376 3757//1362
f 3757//1362 3771//1376 3576//1203
f 3757//1362 3576//1203 1532//277
f 1532//277 3576//1203 1533//278
f 1681//1 1679//365 3765//1370
f 3765//1370 1679//365 3772//1377
f 3765//1370 3772//1377 3766//1371
f 3766//1371 3772//1377 3773//1378
f 3766//1371 3773//1378 3767//1372
f 3767//1372 3773//1378 3774//1379
f 3767//1372 3774//1379 3768//1373
f 3768//1373 3774//1379 3775//1380
f 3768//1373 3775//1380 3769//1374
f 3769//1374 3775//1380 3776//1381
f 3769//1374 3776//1381 3770//1375
f 3770//1375 3776//1381 3777//1382
f 3770//1375 3777//1382 3771//1376
f 3771//1376 3777//1382 3778//1383
f 3771//1376 3778//1383 3576//1203
f 3576//1203 3778//1383 3575//1202
f 3576//1203 3575//1202 1530//275
f 1530//275 3575//1202 1531//276
f 1526//271 1525//271 3779//1384
f 3779//1384 1525//271 3575//1202
f 3779//1384 3575//1202 3780//1385
f 3780//1385 3575//1202 3778//1383
f 3780//1385 3778//1383 3781//1386
f 3781//1386 3778//1383 3777//1382
f 3781//1386 3777//1382 3782//1387
f 3782//1387 3777//1382 3776//1381
f 3782//1387 3776//1381 3783//1388
f 3783//1388 3776//1381 3775//1380
f 3783//1388 3775//1380 3784//1389
f 3784//1389 3775//1380 3774//1379
f 3784//1389 3774//1379 3785//1390
f 3785//1390 3774//1379 3773//1378
f 3785//1390 3773//1378 3786//1391
f 3786//1391 3773//1378 3772//1377
f 3786//1391 3772//1377 1677//1
f 1677//1 3772//1377 1679//365
f 1677//1 1675//1 3786//1391
f 3786//1391 1675//1 3587//1214
f 3786//1391 3587//1214 3785//1390
f 3785//1390 3587//1214 3589//1215
f 3785//1390 3589//1215 3784//1389
f 3784//1389 3589//1215 3591//1216
f 3784//1389 3591//1216 3783//1388
f 3783//1388 3591//1216 3593//1218
f 3783//1388 3593//1218 3782//1387
f 3782//1387 3593//1218 3595//1219
f 3782//1387 3595//1219 3781//1386
f 3781//1386 3595//1219 3597//1220
f 3781//1386 3597//1220 3780//1385
f 3780//1385 3597//1220 3599//1221
f 3780//1385 3599//1221 3779//1384
f 3779//1384 3599//1221 3601//1223
f 3779//1384 3601//1223 1526//271
f 1526//271 3601//1223 1527//272
f 3574//1201 1529//274 3601//1223
f 3601//1223 1529//274 1528//273
f 3601//1223 1528//273 1527//272
f 1673//1 1671//1 3588//1214
f 3588//1214 1671//1 3787//1392
f 3588//1214 3787//1392 3590//1215
f 3590//1215 3787//1392 3788//1393
f 3590//1215 3788//1393 3592//1217
f 3592//1217 3788//1393 3789//1394
f 3592//1217 3789//1394 3594//1218
f 3594//1218 3789//1394 3790//1395
f 3594//1218 3790//1395 3596//1219
f 3596//1219 3790//1395 3791//1396
f 3596//1219 3791//1396 3598//1220
f 3598//1220 3791//1396 3792//1397
f 3598//1220 3792//1397 3600//1222
f 3600//1222 3792//1397 3793//1398
f 3600//1222 3793//1398 3574//1201
f 3574//1201 3793//1398 3573//1200
f 3574//1201 3573//1200 1522//268
f 1522//268 3573//1200 1523//269
f 1521//267 1524//270 3794//1399
f 3794//1399 1524//270 3573//1200
f 3794//1399 3573//1200 3795//1400
f 3795//1400 3573//1200 3793//1398
f 3795//1400 3793//1398 3796//1401
f 3796//1401 3793//1398 3792//1397
f 3796//1401 3792//1397 3797//1402
f 3797//1402 3792//1397 3791//1396
f 3797//1402 3791//1396 3798//1403
f 3798//1403 3791//1396 3790//1395
f 3798//1403 3790//1395 3799//1404
f 3799//1404 3790//1395 3789//1394
f 3799//1404 3789//1394 3800//1405
f 3800//1405 3789//1394 3788//1393
f 3800//1405 3788//1393 3801//1406
f 3801//1406 3788//1393 3787//1392
f 3801//1406 3787//1392 1669//1
f 1669//1 3787//1392 1671//1
f 1669//1 1667//1 3801//1406
f 3801//1406 1667//1 3802//1407
f 3801//1406 3802//1407 3800//1405
f 3800//1405 3802//1407 3803//1408
f 3800//1405 3803//1408 3799//1404
f 3799//1404 3803//1408 3804//1409
f 3799//1404 3804//1409 3798//1403
f 3798//1403 3804//1409 3805//1410
f 3798//1403 3805//1410 3797//1402
f 3797//1402 3805//1410 3806//1411
f 3797//1402 3806//1411 3796//1401
f 3796//1401 3806//1411 3807//1412
f 3796//1401 3807//1412 3795//1400
f 3795//1400 3807//1412 3808//1413
f 3795//1400 3808//1413 3794//1399
f 3794//1399 3808//1413 3572//1199
f 3794//1399 3572//1199 1521//267
f 1521//267 3572//1199 1520//266
f 1667//1 1665//1 3802//1407
f 3802//1407 1665//1 3809//1414
f 3802//1407 3809//1414 3803//1408
f 3803//1408 3809//1414 3810//1415
f 3803//1408 3810//1415 3804//1409
f 3804//1409 3810//1415 3811//1416
f 3804//1409 3811//1416 3805//1410
f 3805//1410 3811//1416 3812//1417
f 3805//1410 3812//1417 3806//1411
f 3806//1411 3812//1417 3813//1418
f 3806//1411 3813//1418 3807//1412
f 3807//1412 3813//1418 3814//1419
f 3807//1412 3814//1419 3808//1413
f 3808//1413 3814//1419 3815//1420
f 3808//1413 3815//1420 3572//1199
f 3572//1199 3815//1420 3571//1198
f 3572//1199 3571//1198 1519//265
f 1519//265 3571//1198 1489//238
f 1515//261 1490//238 3816//1421
f 3816//1421 1490//238 3571//1198
f 3816//1421 3571//1198 3817//1422
f 3817//1422 3571//1198 3815//1420
f 3817//1422 3815//1420 3818//1423
f 3818//1423 3815//1420 3814//1419
f 3818//1423 3814//1419 3819//1424
f 3819//1424 3814//1419 3813//1418
f 3819//1424 3813//1418 3820//1425
f 3820//1425 3813//1418 3812//1417
f 3820//1425 3812//1417 3821//1426
f 3821//1426 3812//1417 3811//1416
f 3821//1426 3811//1416 3822//1427
f 3822//1427 3811//1416 3810//1415
f 3822//1427 3810//1415 3823//1428
f 3823//1428 3810//1415 3809//1414
f 3823//1428 3809//1414 1663//1
f 1663//1 3809//1414 1665//1
f 1663//1 1661//1 3823//1428
f 3823//1428 1661//1 3602//1224
f 3823//1428 3602//1224 3822//1427
f 3822//1427 3602//1224 3604//1225
f 3822//1427 3604//1225 3821//1426
f 3821//1426 3604//1225 3606//1226
f 3821//1426 3606//1226 3820//1425
f 3820//1425 3606//1226 3608//1227
f 3820//1425 3608//1227 3819//1424
f 3819//1424 3608//1227 3610//1228
f 3819//1424 3610//1228 3818//1423
f 3818//1423 3610//1228 3612//1229
f 3818//1423 3612//1229 3817//1422
f 3817//1422 3612//1229 3614//1230
f 3817//1422 3614//1230 3816//1421
f 3816//1421 3614//1230 3616//1231
f 3816//1421 3616//1231 1515//261
f 1515//261 3616//1231 1516//262
f 3570//1197 1518//264 3616//1231
f 3616//1231 1518//264 1517//263
f 3616//1231 1517//263 1516//262
f 1758//1 1757//1 3603//1224
f 3603//1224 1757//1 3824//1429
f 3603//1224 3824//1429 3605//1225
f 3605//1225 3824//1429 3825//1430
f 3605//1225 3825//1430 3607//1226
f 3607//1226 3825//1430 3826//1431
f 3607//1226 3826//1431 3609//1227
f 3609//1227 3826//1431 3827//1432
f 3609//1227 3827//1432 3611//1228
f 3611//1228 3827//1432 3828//1433
f 3611//1228 3828//1433 3613//1229
f 3613//1229 3828//1433 3829//1434
f 3613//1229 3829//1434 3615//1230
f 3615//1230 3829//1434 3830//1435
f 3615//1230 3830//1435 3570//1197
f 3570//1197 3830//1435 3569//1196
f 3570//1197 3569//1196 1511//258
f 1511//258 3569//1196 1512//258
f 1514//260 1513//259 3831//1436
f 3831//1436 1513//259 3569//1196
f 3831//1436 3569//1196 3832//1437
f 3832//1437 3569//1196 3830//1435
f 3832//1437 3830//1435 3833//1438
f 3833//1438 3830//1435 3829//1434
f 3833//1438 3829//1434 3834//1439
f 3834//1439 3829//1434 3828//1433
f 3834//1439 3828//1433 3835//1440
f 3835//1440 3828//1433 3827//1432
f 3835//1440 3827//1432 3836//1441
f 3836//1441 3827//1432 3826//1431
f 3836//1441 3826//1431 3837//1442
f 3837//1442 3826//1431 3825//1430
f 3837//1442 3825//1430 3838//1443
f 3838//1443 3825//1430 3824//1429
f 3838//1443 3824//1429 1755//1
f 1755//1 3824//1429 1757//1
f 1755//1 1753//1 3838//1443
f 3838//1443 1753//1 3839//1444
f 3838//1443 3839//1444 3837//1442
f 3837//1442 3839//1444 3840//1445
f 3837//1442 3840//1445 3836//1441
f 3836//1441 3840//1445 3841//1446
f 3836//1441 3841//1446 3835//1440
f 3835//1440 3841//1446 3842//1447
f 3835//1440 3842//1447 3834//1439
f 3834//1439 3842//1447 3843//1448
f 3834//1439 3843//1448 3833//1438
f 3833//1438 3843//1448 3844//1449
f 3833//1438 3844//1449 3832//1437
f 3832//1437 3844//1449 3845//1450
f 3832//1437 3845//1450 3831//1436
f 3831//1436 3845//1450 3568//1195
f 3831//1436 3568//1195 1514//260
f 1514//260 3568//1195 1509//256
f 1753//1 1751//1 3839//1444
f 3839//1444 1751//1 3846//1451
f 3839//1444 3846//1451 3840//1445
f 3840//1445 3846//1451 3847//1452
f 3840//1445 3847//1452 3841//1446
f 3841//1446 3847//1452 3848//1453
f 3841//1446 3848//1453 3842//1447
f 3842//1447 3848//1453 3849//1454
f 3842//1447 3849//1454 3843//1448
f 3843//1448 3849//1454 3850//1455
f 3843//1448 3850//1455 3844//1449
f 3844//1449 3850//1455 3851//1456
f 3844//1449 3851//1456 3845//1450
f 3845//1450 3851//1456 3852//1457
f 3845//1450 3852//1457 3568//1195
f 3568//1195 3852//1457 3567//1194
f 3568//1195 3567//1194 1510//257
f 1510//257 3567//1194 1507//254
f 1506//253 1508//255 3853//1458
f 3853//1458 1508//255 3567//1194
f 3853//1458 3567//1194 3854//1459
f 3854//1459 3567//1194 3852//1457
f 3854//1459 3852//1457 3855//1460
f 3855//1460 3852//1457 3851//1456
f 3855//1460 3851//1456 3856//1461
f 3856//1461 3851//1456 3850//1455
f 3856//1461 3850//1455 3857//1462
f 3857//1462 3850//1455 3849//1454
f 3857//1462 3849//1454 3858//1463
f 3858//1463 3849//1454 3848//1453
f 3858//1463 3848//1453 3859//1464
f 3859//1464 3848//1453 3847//1452
f 3859//1464 3847//1452 3860//1465
f 3860//1465 3847//1452 3846//1451
f 3860//1465 3846//1451 1749//1
f 1749//1 3846//1451 1751//1
f 1749//1 1747//1 3860//1465
f 3860//1465 1747//1 3861//1466
f 3860//1465 3861//1466 3859//1464
f 3859//1464 3861//1466 3862//1467
f 3859//1464 3862//1467 3858//1463
f 3858//1463 3862//1467 3863//1468
f 3858//1463 3863//1468 3857//1462
f 3857//1462 3863//1468 3864//1469
f 3857//1462 3864//1469 3856//1461
f 3856//1461 3864//1469 3865//1470
f 3856//1461 3865//1470 3855//1460
f 3855//1460 3865//1470 3866//1471
f 3855//1460 3866//1471 3854//1459
f 3854//1459 3866//1471 3867//1472
f 3854//1459 3867//1472 3853//1458
f 3853//1458 3867//1472 3566//1193
f 3853//1458 3566//1193 1506//253
f 1506//253 3566//1193 1505//252
f 1747//1 1745//1 3861//1466
f 3861//1466 1745//1 3868//1473
f 3861//1466 3868//1473 3862//1467
f 3862//1467 3868//1473 3869//1474
f 3862//1467 3869//1474 3863//1468
f 3863//1468 3869//1474 3870//1475
f 3863//1468 3870//1475 3864//1469
f 3864//1469 3870//1475 3871//1476
f 3864//1469 3871//1476 3865//1470
f 3865//1470 3871//1476 3872//1477
f 3865//1470 3872//1477 3866//1471
f 3866//1471 3872//1477 3873//1478
f 3866//1471 3873//1478 3867//1472
f 3867//1472 3873//1478 3874//1479
f 3867//1472 3874//1479 3566//1193
f 3566//1193 3874//1479 3565//1192
f 3566//1193 3565//1192 1504//251
f 1504//251 3565//1192 1499//247
f 1501//248 1500//247 3564//1191
f 3564//1191 1500//247 3565//1192
f 3564//1191 3565//1192 3875//1480
f 3875//1480 3565//1192 3874//1479
f 3875//1480 3874//1479 3876//1481
f 3876//1481 3874//1479 3873//1478
f 3876//1481 3873//1478 3877//1482
f 3877//1482 3873//1478 3872//1477
f 3877//1482 3872//1477 3878//1483
f 3878//1483 3872//1477 3871//1476
f 3878//1483 3871//1476 3879//1484
f 3879//1484 3871//1476 3870//1475
f 3879//1484 3870//1475 3880//1485
f 3880//1485 3870//1475 3869//1474
f 3880//1485 3869//1474 3881//1486
f 3881//1486 3869//1474 3868//1473
f 3881//1486 3868//1473 1743//1
f 1743//1 3868//1473 1745//1
f 1503//250 1502//249 3882//1487
f 3882//1487 1502//249 3564//1191
f 3882//1487 3564//1191 3883//1488
f 3883//1488 3564//1191 3875//1480
f 3883//1488 3875//1480 3884//1489
f 3884//1489 3875//1480 3876//1481
f 3884//1489 3876//1481 3885//1490
f 3885//1490 3876//1481 3877//1482
f 3885//1490 3877//1482 3886//1491
f 3886//1491 3877//1482 3878//1483
f 3886//1491 3878//1483 3887//1492
f 3887//1492 3878//1483 3879//1484
f 3887//1492 3879//1484 3888//1493
f 3888//1493 3879//1484 3880//1485
f 3888//1493 3880//1485 3889//1494
f 3889//1494 3880//1485 3881//1486
f 3889//1494 3881//1486 1741//1
f 1741//1 3881//1486 1743//1
f 1741//1 1739//1 3889//1494
f 3889//1494 1739//1 3890//1495
f 3889//1494 3890//1495 3888//1493
f 3888//1493 3890//1495 3891//1496
f 3888//1493 3891//1496 3887//1492
f 3887//1492 3891//1496 3892//1497
f 3887//1492 3892//1497 3886//1491
f 3886//1491 3892//1497 3893//1498
f 3886//1491 3893//1498 3885//1490
f 3885//1490 3893//1498 3894//1499
f 3885//1490 3894//1499 3884//1489
f 3884//1489 3894//1499 3895//1500
f 3884//1489 3895//1500 3883//1488
f 3883//1488 3895//1500 3896//1501
f 3883//1488 3896//1501 3882//1487
f 3882//1487 3896//1501 3563//1190
f 3882//1487 3563//1190 1503//250
f 1503//250 3563//1190 1497//245
f 1739//1 1737//1 3890//1495
f 3890//1495 1737//1 3897//1502
f 3890//1495 3897//1502 3891//1496
f 3891//1496 3897//1502 3898//1503
f 3891//1496 3898//1503 3892//1497
f 3892//1497 3898//1503 3899//1504
f 3892//1497 3899//1504 3893//1498
f 3893//1498 3899//1504 3900//1505
f 3893//1498 3900//1505 3894//1499
f 3894//1499 3900//1505 3901//1506
f 3894//1499 3901//1506 3895//1500
f 3895//1500 3901//1506 3902//1507
f 3895//1500 3902//1507 3896//1501
f 3896//1501 3902//1507 3903//1508
f 3896//1501 3903//1508 3563//1190
f 3563//1190 3903//1508 3562//1189
f 3563//1190 3562//1189 1498//246
f 1498//246 3562//1189 1495//243
f 1493//241 1496//244 3904//1509
f 3904//1509 1496//244 3562//1189
f 3904//1509 3562//1189 3905//1510
f 3905//1510 3562//1189 3903//1508
f 3905//1510 3903//1508 3906//1511
f 3906//1511 3903//1508 3902//1507
f 3906//1511 3902//1507 3907//1512
f 3907//1512 3902//1507 3901//1506
f 3907//1512 3901//1506 3908//1513
f 3908//1513 3901//1506 3900//1505
f 3908//1513 3900//1505 3909//1514
f 3909//1514 3900//1505 3899//1504
f 3909//1514 3899//1504 3910//1515
f 3910//1515 3899//1504 3898//1503
f 3910//1515 3898//1503 3911//1516
f 3911//1516 3898//1503 3897//1502
f 3911//1516 3897//1502 1735//1
f 1735//1 3897//1502 1737//1
f 1735//1 1733//1 3911//1516
f 3911//1516 1733//1 3912//1517
f 3911//1516 3912//1517 3910//1515
f 3910//1515 3912//1517 3913//1518
f 3910//1515 3913//1518 3909//1514
f 3909//1514 3913//1518 3914//1519
f 3909//1514 3914//1519 3908//1513
f 3908//1513 3914//1519 3915//1520
f 3908//1513 3915//1520 3907//1512
f 3907//1512 3915//1520 3916//1521
f 3907//1512 3916//1521 3906//1511
f 3906//1511 3916//1521 3917//1522
f 3906//1511 3917//1522 3905//1510
f 3905//1510 3917//1522 3918//1523
f 3905//1510 3918//1523 3904//1509
f 3904//1509 3918//1523 3561//1188
f 3904//1509 3561//1188 1493//241
f 1493//241 3561//1188 1494//242
f 1733//1 1731//1 3912//1517
f 3912//1517 1731//1 3919//1524
f 3912//1517 3919//1524 3913//1518
f 3913//1518 3919//1524 3920//1525
f 3913//1518 3920//1525 3914//1519
f 3914//1519 3920//1525 3921//1526
f 3914//1519 3921//1526 3915//1520
f 3915//1520 3921//1526 3922//1527
f 3915//1520 3922//1527 3916//1521
f 3916//1521 3922//1527 3923//1528
f 3916//1521 3923//1528 3917//1522
f 3917//1522 3923//1528 3924//1529
f 3917//1522 3924//1529 3918//1523
f 3918//1523 3924//1529 3925//1530
f 3918//1523 3925//1530 3561//1188
f 3561//1188 3925//1530 3560//1187
f 3561//1188 3560//1187 1491//239
f 1491//239 3560//1187 1492//240
f 1622//362 1621//361 3926//1531
f 3926//1531 1621//361 3560//1187
f 3926//1531 3560//1187 3927//1532
f 3927//1532 3560//1187 3925//1530
f 3927//1532 3925//1530 3928//1533
f 3928//1533 3925//1530 3924//1529
f 3928//1533 3924//1529 3929//1534
f 3929//1534 3924//1529 3923//1528
f 3929//1534 3923//1528 3930//1535
f 3930//1535 3923//1528 3922//1527
f 3930//1535 3922//1527 3931//1536
f 3931//1536 3922//1527 3921//1526
f 3931//1536 3921//1526 3932//1537
f 3932//1537 3921//1526 3920//1525
f 3932//1537 3920//1525 3933//1538
f 3933//1538 3920//1525 3919//1524
f 3933//1538 3919//1524 1729//1
f 1729//1 3919//1524 1731//1
f 1729//1 1727//1 3933//1538
f 3933//1538 1727//1 3934//1539
f 3933//1538 3934//1539 3932//1537
f 3932//1537 3934//1539 3935//1540
f 3932//1537 3935//1540 3931//1536
f 3931//1536 3935//1540 3936//1541
f 3931//1536 3936//1541 3930//1535
f 3930//1535 3936//1541 3937//1542
f 3930//1535 3937//1542 3929//1534
f 3929//1534 3937//1542 3938//1543
f 3929//1534 3938//1543 3928//1533
f 3928//1533 3938//1543 3939//1544
f 3928//1533 3939//1544 3927//1532
f 3927//1532 3939//1544 3940//1545
f 3927//1532 3940//1545 3926//1531
f 3926//1531 3940//1545 3941//1546
f 3926//1531 3941//1546 1622//362
f 1622//362 3941//1546 1623//363
f 1727//1 1791//1 3934//1539
f 3934//1539 1791//1 3942//1547
f 3934//1539 3942//1547 3935//1540
f 3935//1540 3942//1547 3943//1548
f 3935//1540 3943//1548 3936//1541
f 3936//1541 3943//1548 3944//1549
f 3936//1541 3944//1549 3937//1542
f 3937//1542 3944//1549 3945//1550
f 3937//1542 3945//1550 3938//1543
f 3938//1543 3945//1550 3946//1551
f 3938//1543 3946//1551 3939//1544
f 3939//1544 3946//1551 3947//1552
f 3939//1544 3947//1552 3940//1545
f 3940//1545 3947//1552 3948//1553
f 3940//1545 3948//1553 3941//1546
f 3941//1546 3948//1553 3559//1186
f 3941//1546 3559//1186 1623//363
f 1623//363 3559//1186 1624//364
f 1791//1 1790//1 3942//1547
f 3942//1547 1790//1 3949//1554
f 3942//1547 3949//1554 3943//1548
f 3943//1548 3949//1554 3950//1555
f 3943//1548 3950//1555 3944//1549
f 3944//1549 3950//1555 3951//1556
f 3944//1549 3951//1556 3945//1550
f 3945//1550 3951//1556 3952//1557
f 3945//1550 3952//1557 3946//1551
f 3946//1551 3952//1557 3953//1558
f 3946//1551 3953//1558 3947//1552
f 3947//1552 3953//1558 3954//1559
f 3947//1552 3954//1559 3948//1553
f 3948//1553 3954//1559 3955//1560
f 3948//1553 3955//1560 3559//1186
f 3559//1186 3955//1560 3558//1185
f 3559//1186 3558//1185 1620//360
f 1620//360 3558//1185 1619//359
f 1615//355 1614//355 3956//1561
f 3956//1561 1614//355 3558//1185
f 3956//1561 3558//1185 3957//1562
f 3957//1562 3558//1185 3955//1560
f 3957//1562 3955//1560 3958//1563
f 3958//1563 3955//1560 3954//1559
f 3958//1563 3954//1559 3959//1564
f 3959//1564 3954//1559 3953//1558
f 3959//1564 3953//1558 3960//1565
f 3960//1565 3953//1558 3952//1557
f 3960//1565 3952//1557 3961//1566
f 3961//1566 3952//1557 3951//1556
f 3961//1566 3951//1556 3962//1567
f 3962//1567 3951//1556 3950//1555
f 3962//1567 3950//1555 3963//1568
f 3963//1568 3950//1555 3949//1554
f 3963//1568 3949//1554 1788//1
f 1788//1 3949//1554 1790//1
f 1788//1 1786//1 3963//1568
f 3963//1568 1786//1 3964//1569
f 3963//1568 3964//1569 3962//1567
f 3962//1567 3964//1569 3965//1570
f 3962//1567 3965//1570 3961//1566
f 3961//1566 3965//1570 3966//1571
f 3961//1566 3966//1571 3960//1565
f 3960//1565 3966//1571 3967//1572
f 3960//1565 3967//1572 3959//1564
f 3959//1564 3967//1572 3968//1573
f 3959//1564 3968//1573 3958//1563
f 3958//1563 3968//1573 3969//1574
f 3958//1563 3969//1574 3957//1562
f 3957//1562 3969//1574 3970//1575
f 3957//1562 3970//1575 3956//1561
f 3956//1561 3970//1575 3557//1184
f 3956//1561 3557//1184 1615//355
f 1615//355 3557//1184 1616//356
f 1786//1 1784//1 3964//1569
f 3964//1569 1784//1 3971//1576
f 3964//1569 3971//1576 3965//1570
f 3965//1570 3971//1576 3972//1577
f 3965//1570 3972//1577 3966//1571
f 3966//1571 3972//1577 3973//1578
f 3966//1571 3973//1578 3967//1572
f 3967//1572 3973//1578 3974//1579
f 3967//1572 3974//1579 3968//1573
f 3968//1573 3974//1579 3975//1580
f 3968//1573 3975//1580 3969//1574
f 3969//1574 3975//1580 3976//1581
f 3969//1574 3976//1581 3970//1575
f 3970//1575 3976//1581 3977//1582
f 3970//1575 3977//1582 3557//1184
f 3557//1184 3977//1582 3556//1183
f 3557//1184 3556//1183 1617//357
f 1617//357 3556//1183 1618//358
f 1612//353 1613//354 3978//1583
f 3978//1583 1613//354 3556//1183
f 3978//1583 3556//1183 3979//1584
f 3979//1584 3556//1183 3977//1582
f 3979//1584 3977//1582 3980//1585
f 3980//1585 3977//1582 3976//1581
f 3980//1585 3976//1581 3981//1586
f 3981//1586 3976//1581 3975//1580
f 3981//1586 3975//1580 3982//1587
f 3982//1587 3975//1580 3974//1579
f 3982//1587 3974//1579 3983//1588
f 3983//1588 3974//1579 3973//1578
f 3983//1588 3973//1578 3984//1589
f 3984//1589 3973//1578 3972//1577
f 3984//1589 3972//1577 3985//1590
f 3985//1590 3972//1577 3971//1576
f 3985//1590 3971//1576 1782//1
f 1782//1 3971//1576 1784//1
f 1782//1 1780//1 3985//1590
f 3985//1590 1780//1 3617//1232
f 3985//1590 3617//1232 3984//1589
f 3984//1589 3617//1232 3619//1234
f 3984//1589 3619//1234 3983//1588
f 3983//1588 3619//1234 3621//1235
f 3983//1588 3621//1235 3982//1587
f 3982//1587 3621//1235 3623//1237
f 3982//1587 3623//1237 3981//1586
f 3981//1586 3623//1237 3625//1239
f 3981//1586 3625//1239 3980//1585
f 3980//1585 3625//1239 3627//1241
f 3980//1585 3627//1241 3979//1584
f 3979//1584 3627//1241 3629//1243
f 3979//1584 3629//1243 3978//1583
f 3978//1583 3629//1243 3631//1245
f 3978//1583 3631//1245 1612//353
f 1612//353 3631//1245 1481//233
f 3555//1182 1611//352 3631//1245
f 3631//1245 1611//352 1482//233
f 3631//1245 1482//233 1481//233
f 1778//1 1776//1 3618//1233
f 3618//1233 1776//1 3986//1591
f 3618//1233 3986//1591 3620//1234
f 3620//1234 3986//1591 3987//1592
f 3620//1234 3987//1592 3622//1236
f 3622//1236 3987//1592 3988//1593
f 3622//1236 3988//1593 3624//1238
f 3624//1238 3988//1593 3989//1594
f 3624//1238 3989//1594 3626//1240
f 3626//1240 3989//1594 3990//1595
f 3626//1240 3990//1595 3628//1242
f 3628//1242 3990//1595 3991//1596
f 3628//1242 3991//1596 3630//1244
f 3630//1244 3991//1596 3992//1597
f 3630//1244 3992//1597 3555//1182
f 3555//1182 3992//1597 3554//1181
f 3555//1182 3554//1181 1610//351
f 1610//351 3554//1181 1609//350
f 1607//348 1608//349 3993//1598
f 3993//1598 1608//349 3554//1181
f 3993//1598 3554//1181 3994//1599
f 3994//1599 3554//1181 3992//1597
f 3994//1599 3992//1597 3995//1600
f 3995//1600 3992//1597 3991//1596
f 3995//1600 3991//1596 3996//1601
f 3996//1601 3991//1596 3990//1595
f 3996//1601 3990//1595 3997//1602
f 3997//1602 3990//1595 3989//1594
f 3997//1602 3989//1594 3998//1603
f 3998//1603 3989//1594 3988//1593
f 3998//1603 3988//1593 3999//1604
f 3999//1604 3988//1593 3987//1592
f 3999//1604 3987//1592 4000//1605
f 4000//1605 3987//1592 3986//1591
f 4000//1605 3986//1591 1774//1
f 1774//1 3986//1591 1776//1
f 1774//1 1772//1 4000//1605
f 4000//1605 1772//1 4001//1606
f 4000//1605 4001//1606 3999//1604
f 3999//1604 4001//1606 4002//1607
f 3999//1604 4002//1607 3998//1603
f 3998//1603 4002//1607 4003//1608
f 3998//1603 4003//1608 3997//1602
f 3997//1602 4003//1608 4004//1609
f 3997//1602 4004//1609 3996//1601
f 3996//1601 4004//1609 4005//1610
f 3996//1601 4005//1610 3995//1600
f 3995//1600 4005//1610 4006//1611
f 3995//1600 4006//1611 3994//1599
f 3994//1599 4006//1611 4007//1612
f 3994//1599 4007//1612 3993//1598
f 3993//1598 4007//1612 3553//1180
f 3993//1598 3553//1180 1607//348
f 1607//348 3553//1180 1483//234
f 1772//1 1770//1 4001//1606
f 4001//1606 1770//1 4008//1613
f 4001//1606 4008//1613 4002//1607
f 4002//1607 4008//1613 4009//1614
f 4002//1607 4009//1614 4003//1608
f 4003//1608 4009//1614 4010//1615
f 4003//1608 4010//1615 4004//1609
f 4004//1609 4010//1615 4011//1616
f 4004//1609 4011//1616 4005//1610
f 4005//1610 4011//1616 4012//1617
f 4005//1610 4012//1617 4006//1611
f 4006//1611 4012//1617 4013//1618
f 4006//1611 4013//1618 4007//1612
f 4007//1612 4013//1618 4014//1619
f 4007//1612 4014//1619 3553//1180
f 3553//1180 4014//1619 3552//1179
f 3553//1180 3552//1179 1484//235
f 1484//235 3552//1179 1606//347
f 1604//345 1605//346 4015//1620
f 4015//1620 1605//346 3552//1179
f 4015//1620 3552//1179 4016//1621
f 4016//1621 3552//1179 4014//1619
f 4016//1621 4014//1619 4017//1622
f 4017//1622 4014//1619 4013//1618
f 4017//1622 4013//1618 4018//1623
f 4018//1623 4013//1618 4012//1617
f 4018//1623 4012//1617 4019//1624
f 4019//1624 4012//1617 4011//1616
f 4019//1624 4011//1616 4020//1625
f 4020//1625 4011//1616 4010//1615
f 4020//1625 4010//1615 4021//1626
f 4021//1626 4010//1615 4009//1614
f 4021//1626 4009//1614 4022//1627
f 4022//1627 4009//1614 4008//1613
f 4022//1627 4008//1613 1768//1
f 1768//1 4008//1613 1770//1
f 1768//1 1766//1 4022//1627
f 4022//1627 1766//1 4023//1628
f 4022//1627 4023//1628 4021//1626
f 4021//1626 4023//1628 4024//1629
f 4021//1626 4024//1629 4020//1625
f 4020//1625 4024//1629 4025//1630
f 4020//1625 4025//1630 4019//1624
f 4019//1624 4025//1630 4026//1631
f 4019//1624 4026//1631 4018//1623
f 4018//1623 4026//1631 4027//1632
f 4018//1623 4027//1632 4017//1622
f 4017//1622 4027//1632 4028//1633
f 4017//1622 4028//1633 4016//1621
f 4016//1621 4028//1633 4029//1634
f 4016//1621 4029//1634 4015//1620
f 4015//1620 4029//1634 3551//1178
f 4015//1620 3551//1178 1604//345
f 1604//345 3551//1178 1485//236
f 1766//1 1764//1 4023//1628
f 4023//1628 1764//1 4030//1635
f 4023//1628 4030//1635 4024//1629
f 4024//1629 4030//1635 4031//1636
f 4024//1629 4031//1636 4025//1630
f 4025//1630 4031//1636 4032//1637
f 4025//1630 4032//1637 4026//1631
f 4026//1631 4032//1637 4033//1638
f 4026//1631 4033//1638 4027//1632
f 4027//1632 4033//1638 4034//1639
f 4027//1632 4034//1639 4028//1633
f 4028//1633 4034//1639 4035//1640
f 4028//1633 4035//1640 4029//1634
f 4029//1634 4035//1640 4036//1641
f 4029//1634 4036//1641 3551//1178
f 3551//1178 4036//1641 3550//1177
f 3551//1178 3550//1177 1486//236
f 1486//236 3550//1177 1600//341
f 1602//343 1601//342 3549//1176
f 3549//1176 1601//342 3550//1177
f 3549//1176 3550//1177 4037//1642
f 4037//1642 3550//1177 4036//1641
f 4037//1642 4036//1641 4038//1643
f 4038//1643 4036//1641 4035//1640
f 4038//1643 4035//1640 4039//1644
f 4039//1644 4035//1640 4034//1639
f 4039//1644 4034//1639 4040//1645
f 4040//1645 4034//1639 4033//1638
f 4040//1645 4033//1638 4041//1646
f 4041//1646 4033//1638 4032//1637
f 4041//1646 4032//1637 4042//1647
f 4042//1647 4032//1637 4031//1636
f 4042//1647 4031//1636 4043//1648
f 4043//1648 4031//1636 4030//1635
f 4043//1648 4030//1635 1762//1
f 1762//1 4030//1635 1764//1
f 1598//339 1603//344 4044//1649
f 4044//1649 1603//344 3549//1176
f 4044//1649 3549//1176 4045//1650
f 4045//1650 3549//1176 4037//1642
f 4045//1650 4037//1642 4046//1651
f 4046//1651 4037//1642 4038//1643
f 4046//1651 4038//1643 4047//1652
f 4047//1652 4038//1643 4039//1644
f 4047//1652 4039//1644 4048//1653
f 4048//1653 4039//1644 4040//1645
f 4048//1653 4040//1645 4049//1654
f 4049//1654 4040//1645 4041//1646
f 4049//1654 4041//1646 4050//1655
f 4050//1655 4041//1646 4042//1647
f 4050//1655 4042//1647 4051//1656
f 4051//1656 4042//1647 4043//1648
f 4051//1656 4043//1648 1760//1
f 1760//1 4043//1648 1762//1
f 1760//1 1759//1 4051//1656
f 4051//1656 1759//1 4052//1657
f 4051//1656 4052//1657 4050//1655
f 4050//1655 4052//1657 4053//1658
f 4050//1655 4053//1658 4049//1654
f 4049//1654 4053//1658 4054//1659
f 4049//1654 4054//1659 4048//1653
f 4048//1653 4054//1659 4055//1660
f 4048//1653 4055//1660 4047//1652
f 4047//1652 4055//1660 4056//1661
f 4047//1652 4056//1661 4046//1651
f 4046//1651 4056//1661 4057//1662
f 4046//1651 4057//1662 4045//1650
f 4045//1650 4057//1662 4058//1663
f 4045//1650 4058//1663 4044//1649
f 4044//1649 4058//1663 3548//1175
f 4044//1649 3548//1175 1598//339
f 1598//339 3548//1175 1599//340
f 1759//1 1724//1 4052//1657
f 4052//1657 1724//1 4059//1664
f 4052//1657 4059//1664 4053//1658
f 4053//1658 4059//1664 4060//1665
f 4053//1658 4060//1665 4054//1659
f 4054//1659 4060//1665 4061//1666
f 4054//1659 4061//1666 4055//1660
f 4055//1660 4061//1666 4062//1667
f 4055//1660 4062//1667 4056//1661
f 4056//1661 4062//1667 4063//1668
f 4056//1661 4063//1668 4057//1662
f 4057//1662 4063//1668 4064//1669
f 4057//1662 4064//1669 4058//1663
f 4058//1663 4064//1669 4065//1670
f 4058//1663 4065//1670 3548//1175
f 3548//1175 4065//1670 3547//1174
f 3548//1175 3547//1174 1597//338
f 1597//338 3547//1174 1596//337
f 1594//335 1595//336 4066//1671
f 4066//1671 1595//336 3547//1174
f 4066//1671 3547//1174 4067//1672
f 4067//1672 3547//1174 4065//1670
f 4067//1672 4065//1670 4068//1673
f 4068//1673 4065//1670 4064//1669
f 4068//1673 4064//1669 4069//1674
f 4069//1674 4064//1669 4063//1668
f 4069//1674 4063//1668 4070//1675
f 4070//1675 4063//1668 4062//1667
f 4070//1675 4062//1667 4071//1676
f 4071//1676 4062//1667 4061//1666
f 4071//1676 4061//1666 4072//1677
f 4072//1677 4061//1666 4060//1665
f 4072//1677 4060//1665 4073//1678
f 4073//1678 4060//1665 4059//1664
f 4073//1678 4059//1664 1722//1
f 1722//1 4059//1664 1724//1
f 1722//1 1720//1 4073//1678
f 4073//1678 1720//1 4074//1679
f 4073//1678 4074//1679 4072//1677
f 4072//1677 4074//1679 4075//1680
f 4072//1677 4075//1680 4071//1676
f 4071//1676 4075//1680 4076//1681
f 4071//1676 4076//1681 4070//1675
f 4070//1675 4076//1681 4077//1682
f 4070//1675 4077//1682 4069//1674
f 4069//1674 4077//1682 4078//1683
f 4069//1674 4078//1683 4068//1673
f 4068//1673 4078//1683 4079//1684
f 4068//1673 4079//1684 4067//1672
f 4067//1672 4079//1684 4080//1685
f 4067//1672 4080//1685 4066//1671
f 4066//1671 4080//1685 3546//1173
f 4066//1671 3546//1173 1594//335
f 1594//335 3546//1173 1593//334
f 1720//1 1718//1 4074//1679
f 4074//1679 1718//1 4081//1686
f 4074//1679 4081//1686 4075//1680
f 4075//1680 4081//1686 4082//1687
f 4075//1680 4082//1687 4076//1681
f 4076//1681 4082//1687 4083//1688
f 4076//1681 4083//1688 4077//1682
f 4077//1682 4083//1688 4084//1689
f 4077//1682 4084//1689 4078//1683
f 4078//1683 4084//1689 4085//1690
f 4078//1683 4085//1690 4079//1684
f 4079//1684 4085//1690 4086//1691
f 4079//1684 4086//1691 4080//1685
f 4080//1685 4086//1691 4087//1692
f 4080//1685 4087//1692 3546//1173
f 3546//1173 4087//1692 3545//1172
f 3546//1173 3545//1172 1592//333
f 1592//333 3545//1172 1591//332
f 1589//330 1590//331 3544//1171
f 3544//1171 1590//331 3545//1172
f 3544//1171 3545//1172 4088//1693
f 4088//1693 3545//1172 4087//1692
f 4088//1693 4087//1692 4089//1694
f 4089//1694 4087//1692 4086//1691
f 4089//1694 4086//1691 4090//1695
f 4090//1695 4086//1691 4085//1690
f 4090//1695 4085//1690 4091//1696
f 4091//1696 4085//1690 4084//1689
f 4091//1696 4084//1689 4092//1697
f 4092//1697 4084//1689 4083//1688
f 4092//1697 4083//1688 4093//1698
f 4093//1698 4083//1688 4082//1687
f 4093//1698 4082//1687 4094//1699
f 4094//1699 4082//1687 4081//1686
f 4094//1699 4081//1686 1716//1
f 1716//1 4081//1686 1718//1
f 1587//328 1588//329 4095//1700
f 4095//1700 1588//329 3544//1171
f 4095//1700 3544//1171 4096//1701
f 4096//1701 3544//1171 4088//1693
f 4096//1701 4088//1693 4097//1702
f 4097//1702 4088//1693 4089//1694
f 4097//1702 4089//1694 4098//1703
f 4098//1703 4089//1694 4090//1695
f 4098//1703 4090//1695 4099//1704
f 4099//1704 4090//1695 4091//1696
f 4099//1704 4091//1696 4100//1705
f 4100//1705 4091//1696 4092//1697
f 4100//1705 4092//1697 4101//1706
f 4101//1706 4092//1697 4093//1698
f 4101//1706 4093//1698 4102//1707
f 4102//1707 4093//1698 4094//1699
f 4102//1707 4094//1699 1714//1
f 1714//1 4094//1699 1716//1
f 1714//1 1712//1 4102//1707
f 4102//1707 1712//1 4103//1708
f 4102//1707 4103//1708 4101//1706
f 4101//1706 4103//1708 4104//1709
f 4101//1706 4104//1709 4100//1705
f 4100//1705 4104//1709 4105//1710
f 4100//1705 4105//1710 4099//1704
f 4099//1704 4105//1710 4106//1711
f 4099//1704 4106//1711 4098//1703
f 4098//1703 4106//1711 4107//1712
f 4098//1703 4107//1712 4097//1702
f 4097//1702 4107//1712 4108//1713
f 4097//1702 4108//1713 4096//1701
f 4096//1701 4108//1713 4109//1714
f 4096//1701 4109//1714 4095//1700
f 4095//1700 4109//1714 3543//1170
f 4095//1700 3543//1170 1587//328
f 1587//328 3543//1170 1583//325
f 1712//1 1710//366 4103//1708
f 4103//1708 1710//366 4110//1715
f 4103//1708 4110//1715 4104//1709
f 4104//1709 4110//1715 4111//1716
f 4104//1709 4111//1716 4105//1710
f 4105//1710 4111//1716 4112//1717
f 4105//1710 4112//1717 4106//1711
f 4106//1711 4112//1717 4113//1718
f 4106//1711 4113//1718 4107//1712
f 4107//1712 4113//1718 4114//1719
f 4107//1712 4114//1719 4108//1713
f 4108//1713 4114//1719 4115//1720
f 4108//1713 4115//1720 4109//1714
f 4109//1714 4115//1720 4116//1721
f 4109//1714 4116//1721 3543//1170
f 3543//1170 4116//1721 3542//1169
f 3543//1170 3542//1169 1584//203
f 1584//203 3542//1169 1585//326
f 1582//324 1586//327 4117//1722
f 4117//1722 1586//327 3542//1169
f 4117//1722 3542//1169 4118//1723
f 4118//1723 3542//1169 4116//1721
f 4118//1723 4116//1721 4119//1724
f 4119//1724 4116//1721 4115//1720
f 4119//1724 4115//1720 4120//1725
f 4120//1725 4115//1720 4114//1719
f 4120//1725 4114//1719 4121//1726
f 4121//1726 4114//1719 4113//1718
f 4121//1726 4113//1718 4122//1727
f 4122//1727 4113//1718 4112//1717
f 4122//1727 4112//1717 4123//1728
f 4123//1728 4112//1717 4111//1716
f 4123//1728 4111//1716 4124//1729
f 4124//1729 4111//1716 4110//1715
f 4124//1729 4110//1715 1708//1
f 1708//1 4110//1715 1710//366
f 1708//1 1706//1 4124//1729
f 4124//1729 1706//1 4125//1730
f 4124//1729 4125//1730 4123//1728
f 4123//1728 4125//1730 4126//1731
f 4123//1728 4126//1731 4122//1727
f 4122//1727 4126//1731 4127//1732
f 4122//1727 4127//1732 4121//1726
f 4121//1726 4127//1732 4128//1733
f 4121//1726 4128//1733 4120//1725
f 4120//1725 4128//1733 4129//1734
f 4120//1725 4129//1734 4119//1724
f 4119//1724 4129//1734 4130//1735
f 4119//1724 4130//1735 4118//1723
f 4118//1723 4130//1735 4131//1736
f 4118//1723 4131//1736 4117//1722
f 4117//1722 4131//1736 3541//1168
f 4117//1722 3541//1168 1582//324
f 1582//324 3541//1168 1581//323
f 1706//1 1704//1 4125//1730
f 4125//1730 1704//1 4132//1737
f 4125//1730 4132//1737 4126//1731
f 4126//1731 4132//1737 4133//1738
f 4126//1731 4133//1738 4127//1732
f 4127//1732 4133//1738 4134//1739
f 4127//1732 4134//1739 4128//1733
f 4128//1733 4134//1739 4135//1740
f 4128//1733 4135//1740 4129//1734
f 4129//1734 4135//1740 4136//1741
f 4129//1734 4136//1741 4130//1735
f 4130//1735 4136//1741 4137//1742
f 4130//1735 4137//1742 4131//1736
f 4131//1736 4137//1742 4138//1743
f 4131//1736 4138//1743 3541//1168
f 3541//1168 4138//1743 3540//1167
f 3541//1168 3540//1167 1580//322
f 1580//322 3540//1167 1579//321
f 1577//319 1578//320 4139//1744
f 4139//1744 1578//320 3540//1167
f 4139//1744 3540//1167 4140//1745
f 4140//1745 3540//1167 4138//1743
f 4140//1745 4138//1743 4141//1746
f 4141//1746 4138//1743 4137//1742
f 4141//1746 4137//1742 4142//1747
f 4142//1747 4137//1742 4136//1741
f 4142//1747 4136//1741 4143//1748
f 4143//1748 4136//1741 4135//1740
f 4143//1748 4135//1740 4144//1749
f 4144//1749 4135//1740 4134//1739
f 4144//1749 4134//1739 4145//1750
f 4145//1750 4134//1739 4133//1738
f 4145//1750 4133//1738 4146//1751
f 4146//1751 4133//1738 4132//1737
f 4146//1751 4132//1737 1702//1
f 1702//1 4132//1737 1704//1
f 1702//1 1700//1 4146//1751
f 4146//1751 1700//1 4147//1752
f 4146//1751 4147//1752 4145//1750
f 4145//1750 4147//1752 4148//1753
f 4145//1750 4148//1753 4144//1749
f 4144//1749 4148//1753 4149//1754
f 4144//1749 4149//1754 4143//1748
f 4143//1748 4149//1754 4150//1755
f 4143//1748 4150//1755 4142//1747
f 4142//1747 4150//1755 4151//1756
f 4142//1747 4151//1756 4141//1746
f 4141//1746 4151//1756 4152//1757
f 4141//1746 4152//1757 4140//1745
f 4140//1745 4152//1757 4153//1758
f 4140//1745 4153//1758 4139//1744
f 4139//1744 4153//1758 4154//1759
f 4139//1744 4154//1759 1577//319
f 1577//319 4154//1759 1576//318
f 1700//1 1698//1 4147//1752
f 4147//1752 1698//1 4155//1760
f 4147//1752 4155//1760 4148//1753
f 4148//1753 4155//1760 4156//1761
f 4148//1753 4156//1761 4149//1754
f 4149//1754 4156//1761 4157//1762
f 4149//1754 4157//1762 4150//1755
f 4150//1755 4157//1762 4158//1763
f 4150//1755 4158//1763 4151//1756
f 4151//1756 4158//1763 4159//1764
f 4151//1756 4159//1764 4152//1757
f 4152//1757 4159//1764 4160//1765
f 4152//1757 4160//1765 4153//1758
f 4153//1758 4160//1765 4161//1766
f 4153//1758 4161//1766 4154//1759
f 4154//1759 4161//1766 3539//1166
f 4154//1759 3539//1166 1576//318
f 1576//318 3539//1166 1572//314
f 1698//1 1696//1 4155//1760
f 4155//1760 1696//1 4162//1767
f 4155//1760 4162//1767 4156//1761
f 4156//1761 4162//1767 4163//1768
f 4156//1761 4163//1768 4157//1762
f 4157//1762 4163//1768 4164//1769
f 4157//1762 4164//1769 4158//1763
f 4158//1763 4164//1769 4165//1770
f 4158//1763 4165//1770 4159//1764
f 4159//1764 4165//1770 4166//1771
f 4159//1764 4166//1771 4160//1765
f 4160//1765 4166//1771 4167//1772
f 4160//1765 4167//1772 4161//1766
f 4161//1766 4167//1772 4168//1773
f 4161//1766 4168//1773 3539//1166
f 3539//1166 4168//1773 3538//1165
f 3539//1166 3538//1165 1573//315
f 1573//315 3538//1165 1574//316
f 1571//313 1575//317 4169//1774
f 4169//1774 1575//317 3538//1165
f 4169//1774 3538//1165 4170//1775
f 4170//1775 3538//1165 4168//1773
f 4170//1775 4168//1773 4171//1776
f 4171//1776 4168//1773 4167//1772
f 4171//1776 4167//1772 4172//1777
f 4172//1777 4167//1772 4166//1771
f 4172//1777 4166//1771 4173//1778
f 4173//1778 4166//1771 4165//1770
f 4173//1778 4165//1770 4174//1779
f 4174//1779 4165//1770 4164//1769
f 4174//1779 4164//1769 4175//1780
f 4175//1780 4164//1769 4163//1768
f 4175//1780 4163//1768 4176//1781
f 4176//1781 4163//1768 4162//1767
f 4176//1781 4162//1767 1694//1
f 1694//1 4162//1767 1696//1
f 1694//1 1693//1 4176//1781
f 4176//1781 1693//1 4177//1782
f 4176//1781 4177//1782 4175//1780
f 4175//1780 4177//1782 4178//1783
f 4175//1780 4178//1783 4174//1779
f 4174//1779 4178//1783 4179//1784
f 4174//1779 4179//1784 4173//1778
f 4173//1778 4179//1784 4180//1785
f 4173//1778 4180//1785 4172//1777
f 4172//1777 4180//1785 4181//1786
f 4172//1777 4181//1786 4171//1776
f 4171//1776 4181//1786 4182//1787
f 4171//1776 4182//1787 4170//1775
f 4170//1775 4182//1787 4183//1788
f 4170//1775 4183//1788 4169//1774
f 4169//1774 4183//1788 3537//1164
f 4169//1774 3537//1164 1571//313
f 1571//313 3537//1164 1570//312
f 1693//1 1658//1 4177//1782
f 4177//1782 1658//1 4184//1789
f 4177//1782 4184//1789 4178//1783
f 4178//1783 4184//1789 4185//1790
f 4178//1783 4185//1790 4179//1784
f 4179//1784 4185//1790 4186//1791
f 4179//1784 4186//1791 4180//1785
f 4180//1785 4186//1791 4187//1792
f 4180//1785 4187//1792 4181//1786
f 4181//1786 4187//1792 4188//1793
f 4181//1786 4188//1793 4182//1787
f 4182//1787 4188//1793 4189//1794
f 4182//1787 4189//1794 4183//1788
f 4183//1788 4189//1794 4190//1795
f 4183//1788 4190//1795 3537//1164
f 3537//1164 4190//1795 3536//1163
f 3537//1164 3536//1163 1569//311
f 1569//311 3536//1163 1568//310
f 1564//306 1563//306 4191//1796
f 4191//1796 1563//306 3536//1163
f 4191//1796 3536//1163 4192//1797
f 4192//1797 3536//1163 4190//1795
f 4192//1797 4190//1795 4193//1798
f 4193//1798 4190//1795 4189//1794
f 4193//1798 4189//1794 4194//1799
f 4194//1799 4189//1794 4188//1793
f 4194//1799 4188//1793 4195//1800
f 4195//1800 4188//1793 4187//1792
f 4195//1800 4187//1792 4196//1801
f 4196//1801 4187//1792 4186//1791
f 4196//1801 4186//1791 4197//1802
f 4197//1802 4186//1791 4185//1790
f 4197//1802 4185//1790 4198//1803
f 4198//1803 4185//1790 4184//1789
f 4198//1803 4184//1789 1656//1
f 1656//1 4184//1789 1658//1
f 1656//1 1654//1 4198//1803
f 4198//1803 1654//1 3632//1246
f 4198//1803 3632//1246 4197//1802
f 4197//1802 3632//1246 3634//1248
f 4197//1802 3634//1248 4196//1801
f 4196//1801 3634//1248 3636//1249
f 4196//1801 3636//1249 4195//1800
f 4195//1800 3636//1249 3638//1250
f 4195//1800 3638//1250 4194//1799
f 4194//1799 3638//1250 3640//1251
f 4194//1799 3640//1251 4193//1798
f 4193//1798 3640//1251 3642//1252
f 4193//1798 3642//1252 4192//1797
f 4192//1797 3642//1252 3644//1253
f 4192//1797 3644//1253 4191//1796
f 4191//1796 3644//1253 3646//1255
f 4191//1796 3646//1255 1564//306
f 1564//306 3646//1255 1565//307
f 3535//1162 1567//309 3646//1255
f 3646//1255 1567//309 1566//308
f 3646//1255 1566//308 1565//307
f 1652//1 1650//1 3633//1247
f 3633//1247 1650//1 4199//1804
f 3633//1247 4199//1804 3635//1248
f 3635//1248 4199//1804 4200//1805
f 3635//1248 4200//1805 3637//1249
f 3637//1249 4200//1805 4201//1806
f 3637//1249 4201//1806 3639//1250
f 3639//1250 4201//1806 4202//1807
f 3639//1250 4202//1807 3641//1251
f 3641//1251 4202//1807 4203//1808
f 3641//1251 4203//1808 3643//1252
f 3643//1252 4203//1808 4204//1809
f 3643//1252 4204//1809 3645//1254
f 3645//1254 4204//1809 4205//1810
f 3645//1254 4205//1810 3535//1162
f 3535//1162 4205//1810 3534//1161
f 3535//1162 3534//1161 1562//305
f 1562//305 3534//1161 1561//304
f 1559//302 1560//303 4206//1811
f 4206//1811 1560//303 3534//1161
f 4206//1811 3534//1161 4207//1812
f 4207//1812 3534//1161 4205//1810
f 4207//1812 4205//1810 4208//1813
f 4208//1813 4205//1810 4204//1809
f 4208//1813 4204//1809 4209//1814
f 4209//1814 4204//1809 4203//1808
f 4209//1814 4203//1808 4210//1815
f 4210//1815 4203//1808 4202//1807
f 4210//1815 4202//1807 4211//1816
f 4211//1816 4202//1807 4201//1806
f 4211//1816 4201//1806 4212//1817
f 4212//1817 4201//1806 4200//1805
f 4212//1817 4200//1805 4213//1818
f 4213//1818 4200//1805 4199//1804
f 4213//1818 4199//1804 1648//1
f 1648//1 4199//1804 1650//1
f 1648//1 1646//1 4213//1818
f 4213//1818 1646//1 4214//1819
f 4213//1818 4214//1819 4212//1817
f 4212//1817 4214//1819 4215//1820
f 4212//1817 4215//1820 4211//1816
f 4211//1816 4215//1820 4216//1821
f 4211//1816 4216//1821 4210//1815
f 4210//1815 4216//1821 4217//1822
f 4210//1815 4217//1822 4209//1814
f 4209//1814 4217//1822 4218//1823
f 4209//1814 4218//1823 4208//1813
f 4208//1813 4218//1823 4219//1824
f 4208//1813 4219//1824 4207//1812
f 4207//1812 4219//1824 4220//1825
f 4207//1812 4220//1825 4206//1811
f 4206//1811 4220//1825 3533//1160
f 4206//1811 3533//1160 1559//302
f 1559//302 3533//1160 1487//237
f 1646//1 1644//1 4214//1819
f 4214//1819 1644//1 3661//1266
f 4214//1819 3661//1266 4215//1820
f 4215//1820 3661//1266 3659//1264
f 4215//1820 3659//1264 4216//1821
f 4216//1821 3659//1264 3657//1263
f 4216//1821 3657//1263 4217//1822
f 4217//1822 3657//1263 3655//1262
f 4217//1822 3655//1262 4218//1823
f 4218//1823 3655//1262 3653//1260
f 4218//1823 3653//1260 4219//1824
f 4219//1824 3653//1260 3651//1259
f 4219//1824 3651//1259 4220//1825
f 4220//1825 3651//1259 3649//1258
f 4220//1825 3649//1258 3533//1160
f 3533//1160 3649//1258 3586//1213
f 3533//1160 3586//1213 1488//237
f 1488//237 3586//1213 1557//300
f 2617//410 2616//66 4221//1
f 4221//1 2616//66 2615//429
f 4221//1 2615//429 2614//428
f 2595//424 2623//411 4222//7
f 4222//7 2623//411 2622//59
f 4222//7 2622//59 4223//1
f 4223//1 2622//59 2621//367
f 4223//1 2621//367 4224//1
f 4224//1 2621//367 2620//397
f 4224//1 2620//397 4225//1
f 4225//1 2620//397 2619//63
f 4225//1 2619//63 4226//1
f 4226//1 2619//63 2618//64
f 4226//1 2618//64 4227//1
f 4227//1 2618//64 2617//410
f 4227//1 2617//410 4228//1
f 4228//1 2617//410 4221//1
f 1974//393 1973//392 4229//1
f 1954//382 1982//92 4230//1
f 4230//1 1982//92 1981//396
f 4230//1 1981//396 4231//1
f 4231//1 1981//396 1980//395
f 4231//1 1980//395 4232//1
f 4232//1 1980//395 1979//377
f 4232//1 1979//377 4233//1
f 4233//1 1979//377 4234//1
f 4234//1 1979//377 1978//59
f 4234//1 1978//59 4235//1
f 4235//1 1978//59 1977//367
f 4235//1 1977//367 4236//1
f 4236//1 1977//367 1976//62
f 4236//1 1976//62 4229//1
f 4229//1 1976//62 1975//394
f 4229//1 1975//394 1974//393
f 934//32 157//3 4237//1826
f 4237//1826 157//3 4238//1827
f 157//3 159//1 4238//1827
f 4238//1827 159//1 4239//1828
f 4238//1827 4239//1828 4240//1829
f 4240//1829 4239//1828 139//4
f 4240//1829 139//4 141//1
f 4241//1830 4242//1831 179//3
f 179//3 4242//1831 181//3
f 4243//1832 197//3 199//1
f 4243//1832 199//1 4244//1833
f 4244//1833 199//1 4245//1834
f 4244//1833 4245//1834 4242//1831
f 4242//1831 4245//1834 182//4
f 4242//1831 182//4 181//3
f 197//3 4243//1832 196//1
f 196//1 4243//1832 4246//1835
f 196//1 4246//1835 995//32
f 220//3 4247//1836 218//1
f 218//1 4247//1836 4248//1837
f 1064//32 235//1 4249//1838
f 4249//1838 235//1 237//1
f 4249//1838 237//1 4248//1837
f 4248//1837 237//1 4250//1839
f 4248//1837 4250//1839 218//1
f 254//1 4251//1840 252//2
f 252//2 4251//1840 4252//1841
f 252//2 4252//1841 4253//1842
f 1145//32 273//1 4254//1843
f 4254//1843 273//1 4252//1841
f 4252//1841 273//1 275//3
f 4252//1841 275//3 4253//1842
f 1212//32 292//2 4255//1844
f 4255//1844 292//2 4256//1845
f 292//2 294//1 4256//1845
f 4256//1845 294//1 4257//1846
f 4256//1845 4257//1846 4258//1847
f 4258//1847 4257//1846 1954//382
f 4258//1847 1954//382 4230//1
f 4259//1848 4260//1849 318//1
f 318//1 4260//1849 320//1
f 332//1 334//1 4261//1850
f 4261//1850 334//1 4262//1851
f 4261//1850 4262//1851 4260//1849
f 4260//1849 4262//1851 321//25
f 4260//1849 321//25 320//1
f 332//1 4261//1850 331//1
f 331//1 4261//1850 4263//1852
f 331//1 4263//1852 861//32
f 373//2 4264//1853 371//1
f 371//1 4264//1853 4265//1854
f 791//32 351//1 4266//1855
f 4266//1855 351//1 353//1
f 4266//1855 353//1 4265//1854
f 4265//1854 353//1 4267//1856
f 4265//1854 4267//1856 371//1
f 412//1 4268//1857 410//21
f 410//21 4268//1857 4269//1858
f 410//21 4269//1858 4270//1859
f 721//32 389//1 4271//1860
f 4271//1860 389//1 4269//1858
f 4269//1858 389//1 391//1
f 4269//1858 391//1 4270//1859
f 642//32 100//1 4272//1861
f 4272//1861 100//1 4273//1862
f 100//1 102//2 4273//1862
f 4273//1862 102//2 4274//1863
f 4273//1862 4274//1863 4275//1864
f 4275//1864 4274//1863 121//2
f 4275//1864 121//2 123//1
f 30//1 4276//1865 4277//1866
f 4278//1867 33//7 4277//1866
f 4277//1866 33//7 32//1
f 4277//1866 32//1 30//1
f 4278//1867 4277//1866 6//3
f 6//3 4277//1866 4279//1868
f 6//3 4279//1868 4//2
f 4//2 4279//1868 3//1
f 3//1 4279//1868 4280//1869
f 3//1 4280//1869 596//32
f 76//1 4281//1870 78//1
f 78//1 4281//1870 4282//1871
f 509//32 43//1 4283//1872
f 4283//1872 43//1 42//7
f 4283//1872 42//7 4282//1871
f 4282//1871 42//7 4284//1873
f 4282//1871 4284//1873 78//1
f 85//2 4285//1874 83//3
f 83//3 4285//1874 4286//1875
f 83//3 4286//1875 4287//1876
f 433//32 4221//1 4288//1877
f 4288//1877 4221//1 4286//1875
f 4286//1875 4221//1 2614//428
f 4286//1875 2614//428 4287//1876
f 791//32 4266//1855 789//32
f 789//32 4266//1855 4289//1878
f 789//32 4289//1878 816//32
f 816//32 4289//1878 4290//1879
f 816//32 4290//1879 818//32
f 818//32 4290//1879 4268//1857
f 818//32 4268//1857 820//32
f 820//32 4268//1857 412//1
f 820//32 412//1 821//32
f 861//32 4263//1852 873//32
f 873//32 4263//1852 4291//1880
f 873//32 4291//1880 871//32
f 871//32 4291//1880 4264//1853
f 871//32 4264//1853 869//32
f 869//32 4264//1853 373//2
f 869//32 373//2 868//32
f 1212//32 4255//1844 1235//32
f 1235//32 4255//1844 4292//1881
f 1235//32 4292//1881 1237//32
f 1237//32 4292//1881 4259//1848
f 1237//32 4259//1848 1239//57
f 1239//57 4259//1848 318//1
f 1239//57 318//1 1193//32
f 1145//32 4254//1843 1143//35
f 1143//35 4254//1843 4293//1882
f 1143//35 4293//1882 1157//32
f 1157//32 4293//1882 4294//1883
f 1157//32 4294//1883 1159//32
f 1159//32 4294//1883 4258//1847
f 1159//32 4258//1847 1160//35
f 1160//35 4258//1847 4230//1
f 1160//35 4230//1 1150//32
f 1064//32 4249//1838 1062//32
f 1062//32 4249//1838 4295//1884
f 1062//32 4295//1884 1110//32
f 1110//32 4295//1884 4296//1885
f 1110//32 4296//1885 1112//32
f 1112//32 4296//1885 4251//1840
f 1112//32 4251//1840 1113//32
f 1113//32 4251//1840 254//1
f 1113//32 254//1 1059//32
f 995//32 4246//1835 1011//53
f 1011//53 4246//1835 4297//1886
f 1011//53 4297//1886 1013//32
f 1013//32 4297//1886 4247//1836
f 1013//32 4247//1836 1015//32
f 1015//32 4247//1836 220//3
f 1015//32 220//3 1007//32
f 934//32 4237//1826 949//32
f 949//32 4237//1826 4298//1887
f 949//32 4298//1887 951//32
f 951//32 4298//1887 4241//1830
f 951//32 4241//1830 953//52
f 953//52 4241//1830 179//3
f 953//52 179//3 954//32
f 433//32 4288//1877 431//35
f 431//35 4288//1877 4299//1888
f 431//35 4299//1888 478//32
f 478//32 4299//1888 4300//1889
f 478//32 4300//1889 480//32
f 480//32 4300//1889 4240//1829
f 480//32 4240//1829 481//32
f 481//32 4240//1829 141//1
f 481//32 141//1 452//32
f 509//32 4283//1872 507//32
f 507//32 4283//1872 4301//1890
f 507//32 4301//1890 538//32
f 538//32 4301//1890 4302//1891
f 538//32 4302//1891 540//32
f 540//32 4302//1891 4285//1874
f 540//32 4285//1874 542//35
f 542//35 4285//1874 85//2
f 542//35 85//2 525//32
f 596//32 4280//1869 599//38
f 599//38 4280//1869 4303//1892
f 599//38 4303//1892 601//32
f 601//32 4303//1892 4281//1870
f 601//32 4281//1870 603//32
f 603//32 4281//1870 76//1
f 603//32 76//1 604//32
f 642//32 4272//1861 657//32
f 657//32 4272//1861 4304//1893
f 657//32 4304//1893 659//32
f 659//32 4304//1893 4276//1865
f 659//32 4276//1865 661//41
f 661//41 4276//1865 30//1
f 661//41 30//1 645//32
f 721//32 4271//1860 719//37
f 719//37 4271//1860 4305//1894
f 719//37 4305//1894 755//32
f 755//32 4305//1894 4306//1895
f 755//32 4306//1895 757//32
f 757//32 4306//1895 4275//1864
f 757//32 4275//1864 758//32
f 758//32 4275//1864 123//1
f 758//32 123//1 726//32
f 202//3 999//32 1022//32
f 240//3 1079//32 1081//32
f 278//3 1133//32 1136//32
f 306//1 1204//32 1213//32
f 337//2 865//32 875//32
f 356//19 782//32 798//32
f 394//4 711//32 753//32
f 105//4 648//32 687//32
f 18//1 569//32 593//32
f 46//7 498//32 536//32
f 4222//7 438//32 474//32
f 162//7 920//32 978//32
f 4307//1896 4308//1897 160//1
f 4307//1896 160//1 4309//1898
f 467//32 138//1 4310//1899
f 4310//1899 138//1 4307//1896
f 4307//1896 138//1 137//4
f 4307//1896 137//4 4308//1897
f 4311//1900 4312//1900 2595//424
f 4311//1900 2595//424 4313//1901
f 529//32 80//1 4314//1902
f 4314//1902 80//1 4311//1900
f 4311//1900 80//1 79//2
f 4311//1900 79//2 4312//1900
f 4315//1903 4316//1904 44//7
f 4315//1903 44//7 4317//1905
f 586//32 61//1 4318//1906
f 4318//1906 61//1 4315//1903
f 4315//1903 61//1 60//2
f 4315//1903 60//2 4316//1904
f 4319//1907 4320//1908 20//1
f 4319//1907 20//1 4321//1909
f 665//32 22//1 4322//1910
f 4322//1910 22//1 4319//1907
f 4319//1907 22//1 21//6
f 4319//1907 21//6 4320//1908
f 4323//1911 4324//1911 103//4
f 4323//1911 103//4 4325//1912
f 707//32 118//1 4326//1913
f 4326//1913 118//1 4323//1911
f 4323//1911 118//1 117//3
f 4323//1911 117//3 4324//1911
f 4327//1914 4328//1915 392//4
f 4327//1914 392//4 4329//1916
f 799//32 407//1 4330//1917
f 4330//1917 407//1 4327//1914
f 4327//1914 407//1 406//3
f 4327//1914 406//3 4328//1915
f 4331//1918 4332//1919 354//1
f 4331//1918 354//1 4333//1920
f 858//32 370//1 4334//1921
f 4334//1921 370//1 4331//1918
f 4331//1918 370//1 369//3
f 4331//1918 369//3 4332//1919
f 4335//1922 4336//1922 335//1
f 4335//1922 335//1 4337//1923
f 1207//32 310//1 4338//1924
f 4338//1924 310//1 4335//1922
f 4335//1922 310//1 309//25
f 4335//1922 309//25 4336//1922
f 4339//1925 4340//1926 308//2
f 4339//1925 308//2 4341//1927
f 1124//32 4229//1 4342//1928
f 4342//1928 4229//1 4339//1925
f 4339//1925 4229//1 1973//392
f 4339//1925 1973//392 4340//1926
f 4343//1929 4344//1930 276//2
f 4343//1929 276//2 4345//1931
f 1054//32 261//1 4346//1932
f 4346//1932 261//1 4343//1929
f 4343//1929 261//1 260//21
f 4343//1929 260//21 4344//1930
f 4347//1933 4348//1933 238//1
f 4347//1933 238//1 4349//1934
f 1002//32 215//1 4350//1935
f 4350//1935 215//1 4347//1933
f 4347//1933 215//1 214//4
f 4347//1933 214//4 4348//1933
f 4351//1936 4352//1937 200//1
f 4351//1936 200//1 4353//1938
f 930//32 184//1 4354//1939
f 4354//1939 184//1 4351//1936
f 4351//1936 184//1 183//4
f 4351//1936 183//4 4352//1937
f 392//4 394//4 4329//1916
f 4329//1916 394//4 753//32
f 4329//1916 753//32 4355//1940
f 4355//1940 753//32 752//32
f 4355//1940 752//32 4356//401
f 4356//401 752//32 750//32
f 4356//401 750//32 4326//1913
f 4326//1913 750//32 748//32
f 4326//1913 748//32 707//32
f 103//4 105//4 4325//1912
f 4325//1912 105//4 687//32
f 4325//1912 687//32 4357//1941
f 4357//1941 687//32 686//32
f 4357//1941 686//32 4358//82
f 4358//82 686//32 684//32
f 4358//82 684//32 4322//1910
f 4322//1910 684//32 682//32
f 4322//1910 682//32 665//32
f 20//1 18//1 4321//1909
f 4321//1909 18//1 593//32
f 4321//1909 593//32 4359//1942
f 4359//1942 593//32 592//32
f 4359//1942 592//32 4360//371
f 4360//371 592//32 590//35
f 4360//371 590//35 4318//1906
f 4318//1906 590//35 588//32
f 4318//1906 588//32 586//32
f 44//7 46//7 4317//1905
f 4317//1905 46//7 536//32
f 4317//1905 536//32 4361//1943
f 4361//1943 536//32 535//32
f 4361//1943 535//32 4362//99
f 4362//99 535//32 533//32
f 4362//99 533//32 4314//1902
f 4314//1902 533//32 531//35
f 4314//1902 531//35 529//32
f 2595//424 4222//7 4313//1901
f 4313//1901 4222//7 474//32
f 4313//1901 474//32 4363//1944
f 4363//1944 474//32 473//32
f 4363//1944 473//32 4364//91
f 4364//91 473//32 471//32
f 4364//91 471//32 4310//1899
f 4310//1899 471//32 469//32
f 4310//1899 469//32 467//32
f 160//1 162//7 4309//1898
f 4309//1898 162//7 978//32
f 4309//1898 978//32 4365//1945
f 4365//1945 978//32 977//32
f 4365//1945 977//32 4366//94
f 4366//94 977//32 975//32
f 4366//94 975//32 4354//1939
f 4354//1939 975//32 973//32
f 4354//1939 973//32 930//32
f 200//1 202//3 4353//1938
f 4353//1938 202//3 1022//32
f 4353//1938 1022//32 4367//1946
f 4367//1946 1022//32 1024//32
f 4367//1946 1024//32 4368//367
f 4368//367 1024//32 1026//32
f 4368//367 1026//32 4350//1935
f 4350//1935 1026//32 1028//32
f 4350//1935 1028//32 1002//32
f 238//1 240//3 4349//1934
f 4349//1934 240//3 1081//32
f 4349//1934 1081//32 4369//1947
f 4369//1947 1081//32 1083//32
f 4369//1947 1083//32 4370//64
f 4370//64 1083//32 1085//32
f 4370//64 1085//32 4346//1932
f 4346//1932 1085//32 1087//32
f 4346//1932 1087//32 1054//32
f 276//2 278//3 4345//1931
f 4345//1931 278//3 1136//32
f 4345//1931 1136//32 4371//1948
f 4371//1948 1136//32 1138//32
f 4371//1948 1138//32 4372//67
f 4372//67 1138//32 1140//32
f 4372//67 1140//32 4342//1928
f 4342//1928 1140//32 1142//32
f 4342//1928 1142//32 1124//32
f 308//2 306//1 4341//1927
f 4341//1927 306//1 1213//32
f 4341//1927 1213//32 4373//1949
f 4373//1949 1213//32 1215//32
f 4373//1949 1215//32 4374//70
f 4374//70 1215//32 1217//32
f 4374//70 1217//32 4338//1924
f 4338//1924 1217//32 1219//32
f 4338//1924 1219//32 1207//32
f 335//1 337//2 4337//1923
f 4337//1923 337//2 875//32
f 4337//1923 875//32 4375//1950
f 4375//1950 875//32 877//32
f 4375//1950 877//32 4376//73
f 4376//73 877//32 879//32
f 4376//73 879//32 4334//1921
f 4334//1921 879//32 881//32
f 4334//1921 881//32 858//32
f 354//1 356//19 4333//1920
f 4333//1920 356//19 798//32
f 4333//1920 798//32 4377//1951
f 4377//1951 798//32 788//32
f 4377//1951 788//32 4378//76
f 4378//76 788//32 774//37
f 4378//76 774//37 4330//1917
f 4330//1917 774//37 773//32
f 4330//1917 773//32 799//32
f 920//32 162//7 164//1
f 920//32 164//1 942//51
f 942//51 164//1 166//1
f 942//51 166//1 944//35
f 944//35 166//1 168//1
f 944//35 168//1 946//34
f 946//34 168//1 170//7
f 946//34 170//7 947//32
f 947//32 170//7 172//1
f 947//32 172//1 939//32
f 939//32 172//1 173//7
f 939//32 173//7 937//34
f 937//34 173//7 157//3
f 937//34 157//3 934//32
f 438//32 4222//7 4223//1
f 438//32 4223//1 460//36
f 460//36 4223//1 4224//1
f 460//36 4224//1 462//32
f 462//32 4224//1 4225//1
f 462//32 4225//1 464//35
f 464//35 4225//1 4226//1
f 464//35 4226//1 465//33
f 465//33 4226//1 4227//1
f 465//33 4227//1 457//32
f 457//32 4227//1 4228//1
f 457//32 4228//1 455//32
f 455//32 4228//1 4221//1
f 455//32 4221//1 433//32
f 498//32 46//7 48//1
f 498//32 48//1 547//37
f 547//37 48//1 50//1
f 547//37 50//1 545//32
f 545//32 50//1 52//1
f 545//32 52//1 543//32
f 543//32 52//1 54//1
f 543//32 54//1 518//32
f 518//32 54//1 56//1
f 518//32 56//1 516//32
f 516//32 56//1 58//1
f 516//32 58//1 514//32
f 514//32 58//1 43//1
f 514//32 43//1 509//32
f 569//32 18//1 16//5
f 569//32 16//5 616//39
f 616//39 16//5 14//1
f 616//39 14//1 618//32
f 618//32 14//1 12//1
f 618//32 12//1 620//32
f 620//32 12//1 10//4
f 620//32 10//4 621//32
f 621//32 10//4 8//1
f 621//32 8//1 610//32
f 610//32 8//1 7//3
f 610//32 7//3 608//32
f 608//32 7//3 3//1
f 608//32 3//1 596//32
f 999//32 202//3 204//1
f 999//32 204//1 1030//54
f 1030//54 204//1 206//1
f 1030//54 206//1 1032//32
f 1032//32 206//1 208//1
f 1032//32 208//1 1034//32
f 1034//32 208//1 210//1
f 1034//32 210//1 1035//32
f 1035//32 210//1 212//1
f 1035//32 212//1 1020//32
f 1020//32 212//1 213//1
f 1020//32 213//1 1018//32
f 1018//32 213//1 196//1
f 1018//32 196//1 995//32
f 954//32 179//3 177//1
f 954//32 177//1 970//32
f 970//32 177//1 175//1
f 970//32 175//1 968//32
f 968//32 175//1 193//2
f 968//32 193//2 966//32
f 966//32 193//2 192//1
f 966//32 192//1 964//32
f 964//32 192//1 190//1
f 964//32 190//1 962//32
f 962//32 190//1 188//16
f 962//32 188//16 960//32
f 960//32 188//16 184//1
f 960//32 184//1 930//32
f 1079//32 240//3 242//1
f 1079//32 242//1 1094//55
f 1094//55 242//1 244//1
f 1094//55 244//1 1105//32
f 1105//32 244//1 246//1
f 1105//32 246//1 1107//32
f 1107//32 246//1 248//1
f 1107//32 248//1 1108//32
f 1108//32 248//1 250//1
f 1108//32 250//1 1092//32
f 1092//32 250//1 251//1
f 1092//32 251//1 1090//32
f 1090//32 251//1 235//1
f 1090//32 235//1 1064//32
f 1007//32 220//3 222//1
f 1007//32 222//1 1047//32
f 1047//32 222//1 224//1
f 1047//32 224//1 1046//32
f 1046//32 224//1 232//19
f 1046//32 232//19 1044//32
f 1044//32 232//19 231//1
f 1044//32 231//1 1042//32
f 1042//32 231//1 229//1
f 1042//32 229//1 1040//32
f 1040//32 229//1 227//18
f 1040//32 227//18 1038//32
f 1038//32 227//18 215//1
f 1038//32 215//1 1002//32
f 648//32 105//4 107//1
f 648//32 107//1 675//42
f 675//42 107//1 109//1
f 675//42 109//1 677//32
f 677//32 109//1 111//1
f 677//32 111//1 679//35
f 679//35 111//1 113//1
f 679//35 113//1 680//32
f 680//32 113//1 115//4
f 680//32 115//4 672//37
f 672//37 115//4 116//1
f 672//37 116//1 670//32
f 670//32 116//1 100//1
f 670//32 100//1 642//32
f 1133//32 278//3 280//1
f 1133//32 280//1 1180//56
f 1180//56 280//1 282//1
f 1180//56 282//1 1182//32
f 1182//32 282//1 284//1
f 1182//32 284//1 1184//32
f 1184//32 284//1 286//1
f 1184//32 286//1 1185//32
f 1185//32 286//1 288//1
f 1185//32 288//1 1177//32
f 1177//32 288//1 289//1
f 1177//32 289//1 1175//32
f 1175//32 289//1 273//1
f 1175//32 273//1 1145//32
f 1059//32 254//1 256//1
f 1059//32 256//1 1078//32
f 1078//32 256//1 258//1
f 1078//32 258//1 1077//32
f 1077//32 258//1 270//7
f 1077//32 270//7 1075//32
f 1075//32 270//7 269//1
f 1075//32 269//1 1073//32
f 1073//32 269//1 267//1
f 1073//32 267//1 1071//32
f 1071//32 267//1 265//22
f 1071//32 265//22 1069//32
f 1069//32 265//22 261//1
f 1069//32 261//1 1054//32
f 711//32 394//4 396//1
f 711//32 396//1 766//43
f 766//43 396//1 398//1
f 766//43 398//1 768//32
f 768//32 398//1 400//1
f 768//32 400//1 770//32
f 770//32 400//1 402//1
f 770//32 402//1 771//32
f 771//32 402//1 404//1
f 771//32 404//1 763//32
f 763//32 404//1 405//1
f 763//32 405//1 761//32
f 761//32 405//1 389//1
f 761//32 389//1 721//32
f 1204//32 306//1 304//24
f 1204//32 304//24 1247//58
f 1247//58 304//24 302//1
f 1247//58 302//1 1249//32
f 1249//32 302//1 300//1
f 1249//32 300//1 1251//37
f 1251//37 300//1 298//3
f 1251//37 298//3 1252//32
f 1252//32 298//3 296//1
f 1252//32 296//1 1244//32
f 1244//32 296//1 295//1
f 1244//32 295//1 1242//32
f 1242//32 295//1 292//2
f 1242//32 292//2 1212//32
f 1150//32 4230//1 4231//1
f 1150//32 4231//1 1172//32
f 1172//32 4231//1 4232//1
f 1172//32 4232//1 1171//32
f 1171//32 4232//1 4233//1
f 1171//32 4233//1 1169//32
f 1169//32 4233//1 4234//1
f 1169//32 4234//1 1167//32
f 1167//32 4234//1 4235//1
f 1167//32 4235//1 1165//32
f 1165//32 4235//1 4236//1
f 1165//32 4236//1 1163//32
f 1163//32 4236//1 4229//1
f 1163//32 4229//1 1124//32
f 782//32 356//19 358//3
f 782//32 358//3 809//45
f 809//45 358//3 360//1
f 809//45 360//1 811//32
f 811//32 360//1 362//1
f 811//32 362//1 813//34
f 813//34 362//1 364//1
f 813//34 364//1 814//32
f 814//32 364//1 366//1
f 814//32 366//1 806//32
f 806//32 366//1 367//1
f 806//32 367//1 804//32
f 804//32 367//1 351//1
f 804//32 351//1 791//32
f 865//32 337//2 339//1
f 865//32 339//1 904//50
f 904//50 339//1 341//1
f 904//50 341//1 906//32
f 906//32 341//1 343//1
f 906//32 343//1 908//32
f 908//32 343//1 345//1
f 908//32 345//1 909//32
f 909//32 345//1 347//1
f 909//32 347//1 901//32
f 901//32 347//1 348//1
f 901//32 348//1 899//32
f 899//32 348//1 331//1
f 899//32 331//1 861//32
f 1193//32 318//1 316//1
f 1193//32 316//1 1232//32
f 1232//32 316//1 314//1
f 1232//32 314//1 1230//32
f 1230//32 314//1 328//3
f 1230//32 328//3 1228//32
f 1228//32 328//3 327//3
f 1228//32 327//3 1226//32
f 1226//32 327//3 325//1
f 1226//32 325//1 1224//32
f 1224//32 325//1 323//26
f 1224//32 323//26 1222//32
f 1222//32 323//26 310//1
f 1222//32 310//1 1207//32
f 4260//1849 4335//1922 4261//1850
f 4261//1850 4335//1922 4337//1923
f 4261//1850 4337//1923 4263//1852
f 4263//1852 4337//1923 4375//1950
f 4263//1852 4375//1950 4291//1880
f 4291//1880 4375//1950 4376//73
f 4291//1880 4376//73 4264//1853
f 4264//1853 4376//73 4334//1921
f 4264//1853 4334//1921 4265//1854
f 4265//1854 4334//1921 4331//1918
f 4265//1854 4331//1918 4266//1855
f 4266//1855 4331//1918 4333//1920
f 4266//1855 4333//1920 4289//1878
f 4289//1878 4333//1920 4377//1951
f 4289//1878 4377//1951 4290//1879
f 4290//1879 4377//1951 4378//76
f 4290//1879 4378//76 4268//1857
f 4268//1857 4378//76 4330//1917
f 4268//1857 4330//1917 4269//1858
f 4269//1858 4330//1917 4327//1914
f 4269//1858 4327//1914 4271//1860
f 4271//1860 4327//1914 4329//1916
f 4271//1860 4329//1916 4305//1894
f 4305//1894 4329//1916 4355//1940
f 4305//1894 4355//1940 4306//1895
f 4306//1895 4355//1940 4356//401
f 4306//1895 4356//401 4275//1864
f 4275//1864 4356//401 4326//1913
f 4275//1864 4326//1913 4273//1862
f 4273//1862 4326//1913 4323//1911
f 4273//1862 4323//1911 4272//1861
f 4272//1861 4323//1911 4325//1912
f 4272//1861 4325//1912 4304//1893
f 4304//1893 4325//1912 4357//1941
f 4304//1893 4357//1941 4276//1865
f 4276//1865 4357//1941 4358//82
f 4276//1865 4358//82 4277//1866
f 4358//82 4322//1910 4277//1866
f 4277//1866 4322//1910 4319//1907
f 4277//1866 4319//1907 4279//1868
f 4279//1868 4319//1907 4321//1909
f 4279//1868 4321//1909 4280//1869
f 4280//1869 4321//1909 4359//1942
f 4280//1869 4359//1942 4303//1892
f 4303//1892 4359//1942 4360//371
f 4303//1892 4360//371 4281//1870
f 4281//1870 4360//371 4318//1906
f 4281//1870 4318//1906 4282//1871
f 4282//1871 4318//1906 4315//1903
f 4282//1871 4315//1903 4283//1872
f 4283//1872 4315//1903 4317//1905
f 4283//1872 4317//1905 4301//1890
f 4301//1890 4317//1905 4361//1943
f 4301//1890 4361//1943 4302//1891
f 4302//1891 4361//1943 4362//99
f 4302//1891 4362//99 4285//1874
f 4285//1874 4362//99 4314//1902
f 4285//1874 4314//1902 4286//1875
f 4286//1875 4314//1902 4311//1900
f 4286//1875 4311//1900 4288//1877
f 4288//1877 4311//1900 4313//1901
f 4288//1877 4313//1901 4299//1888
f 4299//1888 4313//1901 4363//1944
f 4299//1888 4363//1944 4300//1889
f 4300//1889 4363//1944 4364//91
f 4300//1889 4364//91 4240//1829
f 4240//1829 4364//91 4310//1899
f 4240//1829 4310//1899 4238//1827
f 4238//1827 4310//1899 4307//1896
f 4238//1827 4307//1896 4237//1826
f 4237//1826 4307//1896 4309//1898
f 4237//1826 4309//1898 4298//1887
f 4298//1887 4309//1898 4365//1945
f 4298//1887 4365//1945 4241//1830
f 4241//1830 4365//1945 4366//94
f 4241//1830 4366//94 4242//1831
f 4242//1831 4366//94 4354//1939
f 4242//1831 4354//1939 4244//1833
f 4244//1833 4354//1939 4351//1936
f 4244//1833 4351//1936 4243//1832
f 4243//1832 4351//1936 4353//1938
f 4243//1832 4353//1938 4246//1835
f 4246//1835 4353//1938 4367//1946
f 4246//1835 4367//1946 4297//1886
f 4297//1886 4367//1946 4368//367
f 4297//1886 4368//367 4247//1836
f 4247//1836 4368//367 4350//1935
f 4247//1836 4350//1935 4248//1837
f 4248//1837 4350//1935 4347//1933
f 4248//1837 4347//1933 4249//1838
f 4249//1838 4347//1933 4349//1934
f 4249//1838 4349//1934 4295//1884
f 4295//1884 4349//1934 4369//1947
f 4295//1884 4369//1947 4296//1885
f 4296//1885 4369//1947 4370//64
f 4296//1885 4370//64 4251//1840
f 4251//1840 4370//64 4346//1932
f 4251//1840 4346//1932 4252//1841
f 4252//1841 4346//1932 4343//1929
f 4252//1841 4343//1929 4254//1843
f 4254//1843 4343//1929 4345//1931
f 4254//1843 4345//1931 4293//1882
f 4293//1882 4345//1931 4371//1948
f 4293//1882 4371//1948 4294//1883
f 4294//1883 4371//1948 4372//67
f 4294//1883 4372//67 4258//1847
f 4258//1847 4372//67 4342//1928
f 4258//1847 4342//1928 4256//1845
f 4256//1845 4342//1928 4339//1925
f 4256//1845 4339//1925 4255//1844
f 4255//1844 4339//1925 4341//1927
f 4255//1844 4341//1927 4292//1881
f 4292//1881 4341//1927 4373//1949
f 4292//1881 4373//1949 4259//1848
f 4259//1848 4373//1949 4374//70
f 4259//1848 4374//70 4260//1849
f 4260//1849 4374//70 4338//1924
f 4260//1849 4338//1924 4335//1922
f 868//32 373//2 375//1
f 868//32 375//1 885//37
f 885//37 375//1 377//1
f 885//37 377//1 886//32
f 886//32 377//1 379//1
f 886//32 379//1 888//32
f 888//32 379//1 380//1
f 888//32 380//1 890//34
f 890//34 380//1 382//1
f 890//34 382//1 892//32
f 892//32 382//1 384//1
f 892//32 384//1 894//49
f 894//49 384//1 370//1
f 894//49 370//1 858//32
f 821//32 412//1 414//1
f 821//32 414//1 840//32
f 840//32 414//1 416//1
f 840//32 416//1 839//32
f 839//32 416//1 424//2
f 839//32 424//2 837//32
f 837//32 424//2 423//1
f 837//32 423//1 835//32
f 835//32 423//1 421//1
f 835//32 421//1 833//32
f 833//32 421//1 419//31
f 833//32 419//31 831//32
f 831//32 419//31 407//1
f 831//32 407//1 799//32
f 726//32 123//1 125//7
f 726//32 125//7 747//34
f 747//34 125//7 127//1
f 747//34 127//1 746//32
f 746//32 127//1 135//2
f 746//32 135//2 744//32
f 744//32 135//2 134//2
f 744//32 134//2 742//32
f 742//32 134//2 132//1
f 742//32 132//1 740//32
f 740//32 132//1 130//13
f 740//32 130//13 738//32
f 738//32 130//13 118//1
f 738//32 118//1 707//32
f 645//32 30//1 28//1
f 645//32 28//1 702//32
f 702//32 28//1 26//1
f 702//32 26//1 701//32
f 701//32 26//1 40//7
f 701//32 40//7 699//32
f 699//32 40//7 39//1
f 699//32 39//1 697//32
f 697//32 39//1 37//1
f 697//32 37//1 695//32
f 695//32 37//1 35//8
f 695//32 35//8 693//32
f 693//32 35//8 22//1
f 693//32 22//1 665//32
f 604//32 76//1 74//3
f 604//32 74//3 633//32
f 633//32 74//3 72//1
f 633//32 72//1 632//32
f 632//32 72//1 71//4
f 632//32 71//4 630//32
f 630//32 71//4 69//1
f 630//32 69//1 628//32
f 628//32 69//1 67//1
f 628//32 67//1 626//32
f 626//32 67//1 65//10
f 626//32 65//10 624//32
f 624//32 65//10 61//1
f 624//32 61//1 586//32
f 525//32 85//2 87//1
f 525//32 87//1 564//32
f 564//32 87//1 89//1
f 564//32 89//1 563//32
f 563//32 89//1 97//7
f 563//32 97//7 561//32
f 561//32 97//7 96//1
f 561//32 96//1 559//32
f 559//32 96//1 94//1
f 559//32 94//1 557//32
f 557//32 94//1 92//11
f 557//32 92//11 555//32
f 555//32 92//11 80//1
f 555//32 80//1 529//32
f 452//32 141//1 143//1
f 452//32 143//1 495//32
f 495//32 143//1 145//1
f 495//32 145//1 494//32
f 494//32 145//1 147//1
f 494//32 147//1 492//32
f 492//32 147//1 148//1
f 492//32 148//1 490//32
f 490//32 148//1 150//2
f 490//32 150//2 488//32
f 488//32 150//2 152//1
f 488//32 152//1 486//32
f 486//32 152//1 138//1
f 486//32 138//1 467//32
f 4270//1859 391//1 2072//404
f 2069//377 2068//59 4270//1859
f 4270//1859 2068//59 2067//367
f 4270//1859 2067//367 2066//397
f 2066//397 2065//403 4270//1859
f 4270//1859 2065//403 2064//402
f 4270//1859 2064//402 410//21
f 2072//404 2071//93 4270//1859
f 4270//1859 2071//93 2070//94
f 4270//1859 2070//94 2069//377
f 4328//1915 2058//401 2057//379
f 406//3 2063//74 4328//1915
f 4328//1915 2063//74 2062//75
f 4328//1915 2062//75 2061//76
f 2057//379 2056//400 4328//1915
f 4328//1915 2056//400 2055//399
f 4328//1915 2055//399 392//4
f 2061//76 2060//374 4328//1915
f 4328//1915 2060//374 2059//373
f 4328//1915 2059//373 2058//401
f 4267//1856 353//1 1881//98
f 1875//377 1874//59 4267//1856
f 4267//1856 1874//59 1873//376
f 4267//1856 1873//376 371//1
f 1878//96 1877//93 4267//1856
f 4267//1856 1877//93 1876//94
f 4267//1856 1876//94 1875//377
f 1881//98 1880//97 4267//1856
f 4267//1856 1880//97 1879//91
f 4267//1856 1879//91 1878//96
f 1864//372 354//1 4332//1919
f 4332//1919 1868//75 1867//375
f 369//3 1872//103 4332//1919
f 4332//1919 1872//103 1871//102
f 1867//375 1866//374 4332//1919
f 4332//1919 1866//374 1865//373
f 4332//1919 1865//373 1864//372
f 1871//102 1870//73 4332//1919
f 4332//1919 1870//73 1869//74
f 4332//1919 1869//74 1868//75
f 1329//97 1328//91 4262//1851
f 4262//1851 1328//91 1327//96
f 334//1 1333//86 4262//1851
f 4262//1851 1333//86 1332//100
f 1327//96 1326//93 4262//1851
f 4262//1851 1326//93 1325//95
f 4262//1851 1325//95 321//25
f 1332//100 1331//99 4262//1851
f 4262//1851 1331//99 1330//98
f 4262//1851 1330//98 1329//97
f 1337//73 1336//74 4336//1922
f 1336//74 1335//75 4336//1922
f 4336//1922 1335//75 1334//101
f 4336//1922 1334//101 335//1
f 309//25 1342//68 4336//1922
f 4336//1922 1342//68 1341//104
f 4336//1922 1341//104 1340//70
f 1340//70 1339//103 4336//1922
f 4336//1922 1339//103 1338//102
f 4336//1922 1338//102 1337//73
f 1955//383 1954//382 4257//1846
f 294//1 1963//386 4257//1846
f 4257//1846 1963//386 1962//385
f 4257//1846 1962//385 1961//371
f 1961//371 1960//384 4257//1846
f 4257//1846 1960//384 1959//100
f 4257//1846 1959//100 1958//99
f 1958//99 1957//98 4257//1846
f 4257//1846 1957//98 1956//90
f 4257//1846 1956//90 1955//383
f 1964//387 308//2 4340//1926
f 1973//392 1972//391 4340//1926
f 4340//1926 1972//391 1971//66
f 4340//1926 1971//66 1970//390
f 1970//390 1969//389 4340//1926
f 4340//1926 1969//389 1968//104
f 4340//1926 1968//104 1967//70
f 1967//70 1966//103 4340//1926
f 4340//1926 1966//103 1965//388
f 4340//1926 1965//388 1964//387
f 2145//405 252//2 4253//1842
f 4253//1842 275//3 2153//379
f 2150//386 2149//84 4253//1842
f 4253//1842 2149//84 2148//371
f 2148//371 2147//384 4253//1842
f 4253//1842 2147//384 2146//100
f 4253//1842 2146//100 2145//405
f 2153//379 2152//406 4253//1842
f 4253//1842 2152//406 2151//82
f 4253//1842 2151//82 2150//386
f 2154//407 276//2 4344//1930
f 260//21 2162//397 4344//1930
f 4344//1930 2162//397 2161//403
f 4344//1930 2161//403 2160//64
f 2160//64 2159//391 4344//1930
f 4344//1930 2159//391 2158//66
f 4344//1930 2158//66 2157//67
f 2157//67 2156//389 4344//1930
f 4344//1930 2156//389 2155//104
f 4344//1930 2155//104 2154//407
f 2235//408 218//1 4250//1839
f 2235//408 4250//1839 2236//84
f 237//1 2243//374 4250//1839
f 4250//1839 2243//374 2242//373
f 2242//373 2241//401 4250//1839
f 4250//1839 2241//401 2240//379
f 4250//1839 2240//379 2239//400
f 2239//400 2238//82 4250//1839
f 4250//1839 2238//82 2237//386
f 4250//1839 2237//386 2236//84
f 2247//64 2246//410 4348//1933
f 2246//410 2245//66 4348//1933
f 4348//1933 2245//66 2244//409
f 4348//1933 2244//409 238//1
f 214//4 2252//411 4348//1933
f 4348//1933 2252//411 2251//59
f 4348//1933 2251//59 2250//367
f 2250//367 2249//397 4348//1933
f 4348//1933 2249//397 2248//403
f 4348//1933 2248//403 2247//64
f 2700//373 2699//401 4245//1834
f 4245//1834 2699//401 2698//379
f 199//1 2704//427 4245//1834
f 4245//1834 2704//427 2703//75
f 2698//379 2697//400 4245//1834
f 4245//1834 2697//400 2696//430
f 4245//1834 2696//430 182//4
f 2703//75 2702//76 4245//1834
f 4245//1834 2702//76 2701//374
f 4245//1834 2701//374 2700//373
f 2705//431 200//1 4352//1937
f 4352//1937 183//4 2713//92
f 2710//377 2709//59 4352//1937
f 4352//1937 2709//59 2708//367
f 2708//367 2707//397 4352//1937
f 4352//1937 2707//397 2706//403
f 4352//1937 2706//403 2705//431
f 2713//92 2712//93 4352//1937
f 4352//1937 2712//93 2711//94
f 4352//1937 2711//94 2710//377
f 4239//1828 159//1 2794//71
f 2794//71 2793//388 4239//1828
f 4239//1828 2793//388 2792//73
f 4239//1828 2792//73 2791//427
f 2791//427 2790//75 4239//1828
f 4239//1828 2790//75 2789//375
f 4239//1828 2789//375 2788//374
f 2788//374 2787//373 4239//1828
f 4239//1828 2787//373 2786//435
f 4239//1828 2786//435 139//4
f 2798//94 2797//377 4308//1897
f 2797//377 2796//59 4308//1897
f 4308//1897 2796//59 2795//436
f 4308//1897 2795//436 160//1
f 137//4 2803//98 4308//1897
f 4308//1897 2803//98 2802//97
f 4308//1897 2802//97 2801//91
f 2801//91 2800//404 4308//1897
f 4308//1897 2800//404 2799//93
f 4308//1897 2799//93 2798//94
f 2334//415 121//2 4274//1863
f 2334//415 4274//1863 2335//66
f 102//2 2342//377 4274//1863
f 4274//1863 2342//377 2341//59
f 2341//59 2340//367 4274//1863
f 4274//1863 2340//367 2339//397
f 4274//1863 2339//397 2338//403
f 2338//403 2337//64 4274//1863
f 4274//1863 2337//64 2336//410
f 4274//1863 2336//410 2335//66
f 2329//81 2328//82 4324//1911
f 4324//1911 2328//82 2327//370
f 117//3 2333//374 4324//1911
f 4324//1911 2333//374 2332//373
f 2327//370 2326//84 4324//1911
f 4324//1911 2326//84 2325//414
f 4324//1911 2325//414 103//4
f 2332//373 2331//401 4324//1911
f 4324//1911 2331//401 2330//379
f 4324//1911 2330//379 2329//81
f 2607//427 4287//1876 2608//73
f 2608//73 4287//1876 2609//102
f 2607//427 2606//75 4287//1876
f 4287//1876 2606//75 2605//426
f 4287//1876 2605//426 83//3
f 2614//428 2613//68 4287//1876
f 4287//1876 2613//68 2612//104
f 2612//104 2611//70 4287//1876
f 4287//1876 2611//70 2610//71
f 4287//1876 2610//71 2609//102
f 2596//425 2595//424 4312//1900
f 4312//1900 2600//97 2599//91
f 79//2 2604//384 4312//1900
f 4312//1900 2604//384 2603//100
f 2599//91 2598//96 4312//1900
f 4312//1900 2598//96 2597//93
f 4312//1900 2597//93 2596//425
f 2603//100 2602//99 4312//1900
f 4312//1900 2602//99 2601//98
f 4312//1900 2601//98 2600//97
f 2514//422 78//1 4284//1873
f 2514//422 4284//1873 2515//388
f 42//7 2522//410 4284//1873
f 4284//1873 2522//410 2521//66
f 2521//66 2520//390 4284//1873
f 4284//1873 2520//390 2519//389
f 4284//1873 2519//389 2518//104
f 2518//104 2517//70 4284//1873
f 4284//1873 2517//70 2516//103
f 4284//1873 2516//103 2515//388
f 2505//421 44//7 4316//1904
f 60//2 2513//386 4316//1904
f 4316//1904 2513//386 2512//385
f 4316//1904 2509//100 2508//99
f 2508//99 2507//98 4316//1904
f 4316//1904 2507//98 2506//90
f 4316//1904 2506//90 2505//421
f 2512//385 2511//371 4316//1904
f 4316//1904 2511//371 2510//384
f 4316//1904 2510//384 2509//100
f 2424//419 33//7 4278//1867
f 6//3 2432//397 4278//1867
f 4278//1867 2432//397 2431//403
f 4278//1867 2431//403 2430//64
f 2430//64 2429//410 4278//1867
f 4278//1867 2429//410 2428//66
f 4278//1867 2428//66 2427//67
f 2427//67 2426//389 4278//1867
f 4278//1867 2426//389 2425//104
f 4278//1867 2425//104 2424//419
f 2415//417 20//1 4320//1908
f 4320//1908 21//6 2423//80
f 2420//370 2419//84 4320//1908
f 4320//1908 2419//84 2418//418
f 2418//418 2417//384 4320//1908
f 4320//1908 2417//384 2416//100
f 4320//1908 2416//100 2415//417
f 2423//80 2422//400 4320//1908
f 4320//1908 2422//400 2421//82
f 4320//1908 2421//82 2420//370
