# Blender v2.82 (sub 7) OBJ File: 'Assembly.blend'
# www.blender.org
mtllib Assembly.mtl
o Magnetic_Coils.001
v 72.855103 35.944683 43.755783
v 72.901512 37.746441 43.755783
v 72.901512 37.746441 47.255783
v 72.855103 39.548199 47.255783
v 72.855103 39.548199 43.755783
v 72.484589 43.132610 43.755783
v 72.484589 43.132610 47.255783
v 71.747482 46.659927 43.755783
v 71.747482 46.659927 47.255783
v 70.651596 50.092766 43.755783
v 70.651596 50.092766 47.255783
v 69.208557 53.394722 43.755783
v 69.208565 53.394722 47.255783
v 67.433655 56.530807 43.755791
v 67.433655 56.530807 47.255791
v 65.345703 59.467773 43.755791
v 65.345703 59.467773 47.255791
v 62.966835 62.174488 43.755791
v 62.966839 62.174488 47.255791
v 60.322269 64.622253 43.755791
v 60.322273 64.622253 47.255791
v 57.440044 66.785133 43.755795
v 57.440048 66.785133 47.255795
v 54.350700 68.640198 43.755798
v 54.350700 68.640198 47.255798
v 51.086987 70.167778 43.755798
v 51.086990 70.167778 47.255798
v 47.683510 71.351685 43.755798
v 47.683510 71.351685 47.255798
v 44.176338 72.179367 43.755802
v 44.176338 72.179367 47.255802
v 40.602654 72.642052 43.755806
v 40.602654 72.642052 47.255806
v 37.000336 72.734840 43.755806
v 37.000336 72.734840 47.255806
v 33.407570 72.456734 43.755806
v 33.407570 72.456734 47.255806
v 29.862442 71.810692 43.755810
v 29.862442 71.810692 47.255810
v 26.402531 70.803566 43.755814
v 26.402531 70.803566 47.255814
v 23.064507 69.446022 43.755814
v 23.064508 69.446022 47.255814
v 19.883762 67.752457 43.755814
v 19.883764 67.752457 47.255814
v 16.894011 65.740814 43.755814
v 16.894012 65.740814 47.255814
v 14.126942 63.432430 43.755814
v 14.126944 63.432426 47.255814
v 11.611891 60.851768 43.755817
v 11.611893 60.851765 47.255817
v 9.375521 58.026180 43.755821
v 9.375523 58.026180 47.255821
v 7.441528 54.985626 43.755817
v 7.441530 54.985626 47.255817
v 5.830421 51.762329 43.755821
v 5.830421 51.762329 47.255821
v 4.559273 48.390457 43.755821
v 4.559273 48.390457 47.255821
v 3.641563 44.905762 43.755821
v 3.641563 44.905762 47.255821
v 3.087017 41.345177 43.755817
v 3.087017 41.345177 47.255817
v 2.901512 37.746441 43.755817
v 2.901512 37.746441 47.255817
v 3.087017 34.147705 43.755817
v 3.087017 34.147705 47.255817
v 3.641563 30.587116 43.755814
v 3.641563 30.587116 47.255814
v 4.559273 27.102421 43.755814
v 4.559273 27.102421 47.255814
v 5.830421 23.730553 43.755814
v 5.830421 23.730553 47.255814
v 7.441528 20.507259 43.755814
v 7.441530 20.507259 47.255814
v 9.375521 17.466698 43.755810
v 9.375523 17.466698 47.255810
v 11.611891 14.641117 43.755810
v 11.611893 14.641117 47.255810
v 14.126942 12.060455 43.755806
v 14.126944 12.060455 47.255806
v 16.894011 9.752064 43.755806
v 16.894012 9.752064 47.255806
v 19.883762 7.740433 43.755802
v 19.883764 7.740425 47.255802
v 23.064507 6.046860 43.755802
v 23.064508 6.046852 47.255802
v 26.402531 4.689323 43.755798
v 26.402531 4.689316 47.255798
v 29.862442 3.682190 43.755798
v 29.862442 3.682182 47.255798
v 33.407570 3.036148 43.755798
v 33.407570 3.036140 47.255798
v 37.000336 2.758049 43.755795
v 37.000336 2.758041 47.255795
v 40.602654 2.850830 43.755791
v 40.602654 2.850822 47.255791
v 44.176338 3.313515 43.755791
v 44.176338 3.313507 47.255791
v 47.683510 4.141197 43.755791
v 47.683510 4.141190 47.255791
v 51.086987 5.325104 43.755787
v 51.086990 5.325096 47.255787
v 54.350700 6.852684 43.755783
v 54.350700 6.852676 47.255783
v 57.440044 8.707748 43.755783
v 57.440048 8.707741 47.255783
v 60.322269 10.870621 43.755783
v 60.322273 10.870621 47.255783
v 62.966835 13.318394 43.755783
v 62.966839 13.318394 47.255783
v 65.345703 16.025105 43.755783
v 65.345703 16.025105 47.255783
v 67.433655 18.962074 43.755783
v 67.433655 18.962074 47.255783
v 69.208557 22.098160 43.755783
v 69.208565 22.098160 47.255783
v 70.651596 25.400120 43.755783
v 70.651596 25.400120 47.255783
v 71.747482 28.832951 43.755783
v 71.747482 28.832951 47.255783
v 72.484589 32.360271 43.755783
v 72.484589 32.360271 47.255783
v 72.855103 35.944683 47.255783
v 69.618896 37.746441 43.755783
v 69.432968 41.175690 43.755783
v 69.432968 34.317188 43.755783
v 68.877357 30.928143 43.755783
v 67.958595 27.619026 43.755783
v 66.687431 24.428654 43.755783
v 65.078781 21.394421 43.755783
v 63.151505 18.551899 43.755783
v 60.928188 15.934414 43.755783
v 58.434910 13.572651 43.755783
v 55.700897 11.494312 43.755787
v 52.758202 9.723751 43.755791
v 49.641327 8.281731 43.755787
v 46.386810 7.185158 43.755791
v 43.032814 6.446892 43.755791
v 39.618656 6.075577 43.755791
v 36.184368 6.075577 43.755795
v 32.770210 6.446892 43.755798
v 29.416212 7.185158 43.755798
v 26.161697 8.281731 43.755798
v 23.044823 9.723751 43.755806
v 23.044823 65.769135 43.755814
v 26.161697 67.211151 43.755814
v 29.416212 68.307724 43.755810
v 32.770210 69.045998 43.755806
v 36.184368 69.417313 43.755806
v 39.618656 69.417313 43.755806
v 43.032814 69.045998 43.755806
v 46.386810 68.307724 43.755802
v 49.641327 67.211151 43.755798
v 52.758202 65.769135 43.755798
v 55.700897 63.998573 43.755795
v 58.434910 61.920227 43.755791
v 60.928188 59.558472 43.755791
v 63.151505 56.940987 43.755791
v 65.078781 54.098461 43.755791
v 66.687431 51.064224 43.755787
v 67.958595 47.873848 43.755787
v 68.877357 44.564743 43.755783
v 20.102123 11.494312 43.755806
v 17.368111 13.572651 43.755806
v 14.874832 15.934414 43.755806
v 12.651518 18.551899 43.755806
v 10.724243 21.394421 43.755814
v 9.115591 24.428654 43.755814
v 7.844427 27.619026 43.755814
v 6.925659 30.928143 43.755814
v 6.370054 34.317188 43.755814
v 6.184126 37.746441 43.755814
v 6.370054 41.175690 43.755814
v 6.925659 44.564743 43.755817
v 7.844427 47.873848 43.755817
v 9.115591 51.064224 43.755817
v 10.724243 54.098461 43.755814
v 12.651518 56.940987 43.755817
v 14.874832 59.558472 43.755814
v 17.368111 61.920227 43.755814
v 20.102123 63.998573 43.755814
v 69.618896 37.746441 47.255783
v 69.432976 34.317188 47.255783
v 23.044823 65.769135 47.255814
v 20.102125 63.998573 47.255814
v 17.368113 61.920227 47.255814
v 14.874834 59.558472 47.255814
v 12.651520 56.940987 47.255817
v 10.724245 54.098461 47.255814
v 9.115593 51.064224 47.255817
v 7.844429 47.873848 47.255817
v 6.925661 44.564743 47.255817
v 6.370056 41.175690 47.255814
v 6.184128 37.746441 47.255814
v 6.370056 34.317188 47.255814
v 6.925661 30.928143 47.255814
v 7.844429 27.619026 47.255814
v 9.115593 24.428654 47.255814
v 10.724245 21.394421 47.255814
v 12.651520 18.551899 47.255806
v 14.874834 15.934414 47.255806
v 17.368113 13.572651 47.255806
v 20.102125 11.494312 47.255806
v 23.044823 9.723751 47.255806
v 69.432976 41.175690 47.255783
v 68.877365 44.564743 47.255783
v 67.958595 47.873848 47.255787
v 66.687431 51.064224 47.255787
v 65.078781 54.098461 47.255791
v 63.151505 56.940987 47.255791
v 60.928192 59.558472 47.255791
v 58.434914 61.920227 47.255791
v 55.700897 63.998573 47.255795
v 52.758205 65.769135 47.255798
v 49.641327 67.211151 47.255798
v 46.386810 68.307724 47.255802
v 43.032814 69.045998 47.255806
v 39.618656 69.417313 47.255806
v 36.184368 69.417313 47.255806
v 32.770210 69.045998 47.255806
v 29.416214 68.307724 47.255810
v 26.161697 67.211151 47.255814
v 26.161697 8.281723 47.255798
v 29.416214 7.185150 47.255798
v 32.770210 6.446884 47.255798
v 36.184368 6.075569 47.255795
v 39.618656 6.075569 47.255791
v 43.032814 6.446884 47.255791
v 46.386810 7.185150 47.255791
v 49.641327 8.281723 47.255787
v 52.758205 9.723751 47.255791
v 55.700897 11.494312 47.255787
v 58.434914 13.572651 47.255783
v 60.928192 15.934414 47.255783
v 63.151505 18.551899 47.255783
v 65.078781 21.394421 47.255783
v 66.687431 24.428654 47.255783
v 67.958595 27.619026 47.255783
v 68.877365 30.928143 47.255783
v 43.142929 37.446732 0.005796
v 43.151489 37.746449 0.005796
v 43.151493 37.746449 10.505797
v 43.142933 38.046165 10.505797
v 43.142929 38.046165 0.005796
v 43.074596 38.641689 0.005796
v 43.074604 38.641689 10.505797
v 42.938828 39.225544 0.005796
v 42.938831 39.225544 10.505797
v 42.737389 39.790115 0.005796
v 42.737392 39.790115 10.505797
v 42.472908 40.328045 0.005798
v 42.472912 40.328045 10.505797
v 42.148827 40.832321 0.005798
v 42.148834 40.832321 10.505798
v 41.769375 41.296364 0.005798
v 41.769382 41.296364 10.505799
v 41.339508 41.714134 0.005798
v 41.339516 41.714134 10.505799
v 40.864815 42.080177 0.005798
v 40.864822 42.080177 10.505799
v 40.351494 42.389717 0.005798
v 40.351501 42.389717 10.505799
v 39.806229 42.638733 0.005798
v 39.806236 42.638733 10.505800
v 39.236134 42.823967 0.005798
v 39.236137 42.823967 10.505800
v 38.648643 42.943008 0.005800
v 38.648647 42.943008 10.505800
v 38.051407 42.994308 0.005800
v 38.051411 42.994305 10.505801
v 37.452221 42.977188 0.005800
v 37.452225 42.977188 10.505801
v 36.858887 42.891884 0.005800
v 36.858894 42.891884 10.505801
v 36.279148 42.739494 0.005800
v 36.279156 42.739494 10.505802
v 35.720558 42.522018 0.005800
v 35.720566 42.522015 10.505802
v 35.190403 42.242279 0.005802
v 35.190411 42.242279 10.505802
v 34.695587 41.903934 0.005802
v 34.695595 41.903931 10.505802
v 34.242565 41.511391 0.005802
v 34.242573 41.511387 10.505803
v 33.837246 41.069763 0.005802
v 33.837250 41.069763 10.505803
v 33.484905 40.584812 0.005802
v 33.484913 40.584812 10.505803
v 33.190147 40.062859 0.005802
v 33.190151 40.062859 10.505802
v 32.956806 39.510708 0.005802
v 32.956814 39.510708 10.505802
v 32.787926 38.935555 0.005802
v 32.787933 38.935555 10.505802
v 32.685707 38.344902 0.005802
v 32.685715 38.344902 10.505802
v 32.651489 37.746449 0.005802
v 32.651493 37.746449 10.505802
v 32.685707 37.147995 0.005802
v 32.685715 37.147995 10.505802
v 32.787926 36.557339 0.005802
v 32.787933 36.557339 10.505802
v 32.956806 35.982185 0.005802
v 32.956814 35.982185 10.505802
v 33.190147 35.430042 0.005802
v 33.190151 35.430042 10.505802
v 33.484905 34.908085 0.005802
v 33.484913 34.908085 10.505802
v 33.837246 34.423130 0.005802
v 33.837250 34.423130 10.505801
v 34.242565 33.981506 0.005802
v 34.242573 33.981506 10.505800
v 34.695587 33.588963 0.005802
v 34.695595 33.588963 10.505800
v 35.190403 33.250614 0.005800
v 35.190411 33.250614 10.505800
v 35.720558 32.970879 0.005800
v 35.720566 32.970879 10.505800
v 36.279148 32.753403 0.005800
v 36.279156 32.753403 10.505799
v 36.858887 32.601017 0.005800
v 36.858894 32.601017 10.505799
v 37.452221 32.515709 0.005800
v 37.452225 32.515709 10.505799
v 38.051407 32.498589 0.005800
v 38.051411 32.498589 10.505798
v 38.648643 32.549885 0.005800
v 38.648647 32.549885 10.505798
v 39.236134 32.668930 0.005798
v 39.236137 32.668930 10.505798
v 39.806229 32.854164 0.005798
v 39.806236 32.854164 10.505797
v 40.351494 33.103176 0.005798
v 40.351501 33.103176 10.505797
v 40.864815 33.412720 0.005798
v 40.864822 33.412720 10.505797
v 41.339508 33.778763 0.005798
v 41.339516 33.778763 10.505797
v 41.769375 34.196529 0.005798
v 41.769382 34.196529 10.505796
v 42.148827 34.660572 0.005798
v 42.148834 34.660572 10.505796
v 42.472908 35.164852 0.005798
v 42.472912 35.164852 10.505797
v 42.737389 35.702782 0.005796
v 42.737392 35.702782 10.505797
v 42.938828 36.267353 0.005796
v 42.938831 36.267353 10.505797
v 43.074596 36.851204 0.005796
v 43.074604 36.851204 10.505797
v 43.142933 37.446732 10.505797
v 35.690521 41.959099 0.005800
v 36.214420 42.194889 0.005800
v 36.762917 42.365810 0.005800
v 37.328022 42.469368 0.005800
v 37.901489 42.504055 0.005800
v 38.474957 42.469368 0.005800
v 39.040058 42.365810 0.005800
v 39.588562 42.194889 0.005798
v 40.112457 41.959099 0.005798
v 40.604118 41.661884 0.005798
v 41.056366 41.307571 0.005798
v 41.462612 40.901325 0.005798
v 41.816921 40.449078 0.005798
v 42.114140 39.957417 0.005798
v 42.349930 39.433517 0.005798
v 42.520847 38.885021 0.005798
v 42.624409 38.319916 0.005798
v 42.659096 37.746449 0.005796
v 42.624409 37.172981 0.005796
v 42.520847 36.607880 0.005798
v 42.349930 36.059376 0.005798
v 42.114140 35.535480 0.005798
v 41.816921 35.043819 0.005798
v 41.462612 34.591572 0.005798
v 41.056366 34.185326 0.005798
v 40.604118 33.831017 0.005798
v 40.112457 33.533798 0.005798
v 39.588562 33.298008 0.005798
v 39.040058 33.127087 0.005798
v 38.474957 33.023529 0.005800
v 37.901489 32.988842 0.005800
v 37.328022 33.023529 0.005800
v 36.762917 33.127087 0.005800
v 36.214420 33.298008 0.005800
v 35.690521 33.533798 0.005800
v 35.198860 33.831017 0.005800
v 34.746613 34.185326 0.005802
v 34.340366 34.591572 0.005802
v 33.986053 35.043819 0.005802
v 33.688835 35.535480 0.005802
v 33.453049 36.059376 0.005802
v 33.282127 36.607880 0.005802
v 33.178570 37.172981 0.005802
v 33.143883 37.746449 0.005802
v 33.178570 38.319916 0.005802
v 33.282127 38.885021 0.005802
v 33.453049 39.433517 0.005802
v 33.688835 39.957417 0.005802
v 33.986053 40.449078 0.005802
v 34.340366 40.901325 0.005802
v 34.746613 41.307571 0.005802
v 35.198860 41.661884 0.005802
v 35.690525 41.959099 10.505802
v 35.198868 41.661880 10.505802
v 34.746616 41.307568 10.505802
v 34.340374 40.901321 10.505803
v 33.986057 40.449078 10.505802
v 33.688843 39.957417 10.505802
v 33.453053 39.433517 10.505802
v 33.282135 38.885021 10.505802
v 33.178574 38.319916 10.505802
v 33.143887 37.746449 10.505802
v 33.178574 37.172981 10.505802
v 33.282135 36.607880 10.505802
v 33.453053 36.059376 10.505802
v 33.688843 35.535480 10.505802
v 33.986057 35.043819 10.505802
v 34.340374 34.591572 10.505800
v 34.746616 34.185326 10.505800
v 35.198868 33.831017 10.505800
v 35.690525 33.533798 10.505800
v 36.214424 42.194885 10.505802
v 36.762924 42.365807 10.505801
v 37.328030 42.469368 10.505801
v 37.901493 42.504051 10.505801
v 38.474964 42.469368 10.505800
v 39.040062 42.365807 10.505800
v 39.588566 42.194885 10.505800
v 40.112465 41.959099 10.505799
v 40.604126 41.661880 10.505799
v 41.056374 41.307568 10.505799
v 41.462616 40.901321 10.505799
v 41.816925 40.449078 10.505797
v 42.114147 39.957417 10.505797
v 42.349934 39.433517 10.505797
v 42.520855 38.885021 10.505797
v 42.624413 38.319916 10.505797
v 42.659100 37.746449 10.505797
v 36.214424 33.298008 10.505799
v 36.762924 33.127087 10.505799
v 37.328030 33.023529 10.505799
v 37.901493 32.988842 10.505799
v 38.474964 33.023529 10.505798
v 39.040062 33.127087 10.505798
v 39.588566 33.298008 10.505798
v 40.112465 33.533798 10.505797
v 40.604126 33.831017 10.505797
v 41.056374 34.185326 10.505797
v 41.462616 34.591572 10.505797
v 41.816925 35.043819 10.505797
v 42.114147 35.535480 10.505797
v 42.349934 36.059376 10.505797
v 42.520855 36.607880 10.505797
v 42.624413 37.172981 10.505797
v 36.830002 57.149979 76.200027
v 36.830002 57.149979 73.660019
v 36.849297 57.370510 76.200027
v 36.849297 57.370510 73.660019
v 36.906590 57.584343 76.200027
v 36.906590 57.584343 73.660019
v 37.000149 57.784977 76.200027
v 37.000149 57.784977 73.660019
v 37.127125 57.966316 76.200027
v 37.127125 57.966316 73.660019
v 37.283661 58.122852 76.200027
v 37.283661 58.122852 73.660019
v 37.465000 58.249832 76.200027
v 37.465000 58.249832 73.660019
v 37.665634 58.343388 76.200027
v 37.665634 58.343388 73.660019
v 37.879467 58.400684 76.200027
v 37.879467 58.400684 73.660019
v 38.100002 58.419979 76.200027
v 38.100002 58.419979 73.660019
v 38.320534 58.400684 76.200027
v 38.320534 58.400684 73.660019
v 38.534367 58.343388 76.200027
v 38.534367 58.343388 73.660019
v 38.735001 58.249832 76.200027
v 38.735001 58.249832 73.660019
v 38.916340 58.122852 76.200027
v 38.916340 58.122852 73.660019
v 39.072876 57.966316 76.200027
v 39.072876 57.966316 73.660019
v 39.199852 57.784977 76.200027
v 39.199852 57.784977 73.660019
v 39.293411 57.584343 76.200027
v 39.293411 57.584343 73.660019
v 39.350708 57.370510 76.200027
v 39.350708 57.370510 73.660019
v 39.369999 57.149979 76.200027
v 39.369999 57.149979 73.660019
v 39.350708 56.929443 76.200027
v 39.350708 56.929443 73.660019
v 39.293411 56.715614 76.200027
v 39.293411 56.715614 73.660019
v 39.199852 56.514977 76.200027
v 39.199852 56.514977 73.660019
v 39.072876 56.333637 76.200027
v 39.072876 56.333637 73.660019
v 38.916340 56.177101 76.200027
v 38.916340 56.177101 73.660019
v 38.735001 56.050125 76.200027
v 38.735001 56.050125 73.660019
v 38.534367 55.956570 76.200027
v 38.534367 55.956570 73.660019
v 38.320534 55.899273 76.200027
v 38.320534 55.899273 73.660019
v 38.100002 55.879978 76.200027
v 38.100002 55.879978 73.660019
v 37.879467 55.899273 76.200027
v 37.879467 55.899273 73.660019
v 37.665634 55.956570 76.200027
v 37.665634 55.956570 73.660019
v 37.465000 56.050125 76.200027
v 37.465000 56.050125 73.660019
v 37.283661 56.177101 76.200027
v 37.283661 56.177101 73.660019
v 37.127125 56.333637 76.200027
v 37.127125 56.333637 73.660019
v 37.000149 56.514977 76.200027
v 37.000149 56.514977 73.660019
v 36.906590 56.715614 76.200027
v 36.906590 56.715614 73.660019
v 36.849297 56.929443 76.200027
v 36.849297 56.929443 73.660019
v 46.355000 54.597759 76.200020
v 46.355000 54.597759 73.660019
v 46.374294 54.818295 76.200020
v 46.374294 54.818295 73.660019
v 46.431591 55.032127 76.200020
v 46.431591 55.032127 73.660019
v 46.525146 55.232761 76.200020
v 46.525146 55.232761 73.660019
v 46.652122 55.414101 76.200020
v 46.652122 55.414101 73.660019
v 46.808659 55.570637 76.200020
v 46.808659 55.570637 73.660019
v 46.990002 55.697613 76.200020
v 46.990002 55.697613 73.660019
v 47.190636 55.791172 76.200020
v 47.190636 55.791172 73.660019
v 47.404469 55.848469 76.200020
v 47.404469 55.848469 73.660019
v 47.625000 55.867760 76.200020
v 47.625000 55.867760 73.660019
v 47.845535 55.848469 76.200020
v 47.845535 55.848469 73.660019
v 48.059364 55.791172 76.200020
v 48.059364 55.791172 73.660019
v 48.260002 55.697613 76.200020
v 48.260002 55.697613 73.660019
v 48.441341 55.570637 76.200020
v 48.441341 55.570637 73.660019
v 48.597878 55.414101 76.200012
v 48.597878 55.414101 73.660019
v 48.724854 55.232761 76.200012
v 48.724854 55.232761 73.660019
v 48.818409 55.032127 76.200012
v 48.818409 55.032127 73.660019
v 48.875706 54.818295 76.200012
v 48.875706 54.818295 73.660019
v 48.895000 54.597759 76.200012
v 48.895000 54.597759 73.660019
v 48.875706 54.377228 76.200012
v 48.875706 54.377228 73.660019
v 48.818409 54.163395 76.200012
v 48.818409 54.163395 73.660019
v 48.724854 53.962761 76.200012
v 48.724854 53.962761 73.660019
v 48.597878 53.781422 76.200012
v 48.597878 53.781422 73.660019
v 48.441341 53.624886 76.200020
v 48.441341 53.624886 73.660019
v 48.260002 53.497910 76.200020
v 48.260002 53.497910 73.660019
v 48.059364 53.404350 76.200020
v 48.059364 53.404350 73.660019
v 47.845535 53.347054 76.200020
v 47.845535 53.347054 73.660019
v 47.625000 53.327763 76.200020
v 47.625000 53.327763 73.660019
v 47.404469 53.347054 76.200020
v 47.404469 53.347054 73.660019
v 47.190636 53.404350 76.200020
v 47.190636 53.404350 73.660019
v 46.990002 53.497910 76.200020
v 46.990002 53.497910 73.660019
v 46.808659 53.624886 76.200020
v 46.808659 53.624886 73.660019
v 46.652122 53.781422 76.200020
v 46.652122 53.781422 73.660019
v 46.525146 53.962761 76.200020
v 46.525146 53.962761 73.660019
v 46.431591 54.163395 76.200020
v 46.431591 54.163395 73.660019
v 46.374294 54.377228 76.200020
v 46.374294 54.377228 73.660019
v 53.327785 47.624977 76.200027
v 53.327785 47.624977 73.660019
v 53.347076 47.845512 76.200027
v 53.347076 47.845512 73.660019
v 53.404373 48.059341 76.200027
v 53.404373 48.059341 73.660019
v 53.497932 48.259979 76.200027
v 53.497932 48.259979 73.660019
v 53.624908 48.441319 76.200027
v 53.624908 48.441319 73.660019
v 53.781445 48.597855 76.200027
v 53.781445 48.597855 73.660019
v 53.962784 48.724831 76.200027
v 53.962784 48.724831 73.660019
v 54.163418 48.818386 76.200027
v 54.163418 48.818386 73.660019
v 54.377251 48.875683 76.200027
v 54.377251 48.875683 73.660019
v 54.597782 48.894978 76.200027
v 54.597782 48.894978 73.660019
v 54.818317 48.875683 76.200027
v 54.818317 48.875683 73.660019
v 55.032150 48.818386 76.200027
v 55.032150 48.818386 73.660019
v 55.232784 48.724831 76.200027
v 55.232784 48.724831 73.660019
v 55.414124 48.597855 76.200027
v 55.414124 48.597855 73.660019
v 55.570660 48.441319 76.200027
v 55.570660 48.441319 73.660019
v 55.697636 48.259979 76.200027
v 55.697636 48.259979 73.660019
v 55.791195 48.059341 76.200027
v 55.791195 48.059341 73.660019
v 55.848492 47.845512 76.200020
v 55.848492 47.845512 73.660019
v 55.867783 47.624977 76.200020
v 55.867783 47.624977 73.660019
v 55.848492 47.404446 76.200020
v 55.848492 47.404446 73.660019
v 55.791195 47.190613 76.200027
v 55.791195 47.190613 73.660019
v 55.697636 46.989979 76.200027
v 55.697636 46.989979 73.660019
v 55.570660 46.808636 76.200027
v 55.570660 46.808636 73.660019
v 55.414124 46.652100 76.200027
v 55.414124 46.652100 73.660019
v 55.232784 46.525124 76.200027
v 55.232784 46.525124 73.660019
v 55.032150 46.431568 76.200027
v 55.032150 46.431568 73.660019
v 54.818317 46.374271 76.200027
v 54.818317 46.374271 73.660019
v 54.597782 46.354977 76.200027
v 54.597782 46.354977 73.660019
v 54.377251 46.374271 76.200027
v 54.377251 46.374271 73.660019
v 54.163418 46.431568 76.200027
v 54.163418 46.431568 73.660019
v 53.962784 46.525124 76.200027
v 53.962784 46.525124 73.660019
v 53.781445 46.652100 76.200027
v 53.781445 46.652100 73.660019
v 53.624908 46.808636 76.200027
v 53.624908 46.808636 73.660019
v 53.497932 46.989979 76.200027
v 53.497932 46.989979 73.660019
v 53.404373 47.190613 76.200027
v 53.404373 47.190613 73.660019
v 53.347076 47.404446 76.200027
v 53.347076 47.404446 73.660019
v 55.880001 38.099979 76.200020
v 55.880001 38.099979 73.660019
v 55.899296 38.320511 76.200020
v 55.899296 38.320511 73.660019
v 55.956593 38.534344 76.200020
v 55.956593 38.534344 73.660019
v 56.050148 38.734978 76.200020
v 56.050148 38.734978 73.660019
v 56.177124 38.916317 76.200020
v 56.177124 38.916317 73.660019
v 56.333660 39.072853 76.200020
v 56.333660 39.072853 73.660019
v 56.514999 39.199829 76.200020
v 56.514999 39.199829 73.660019
v 56.715637 39.293388 76.200020
v 56.715637 39.293388 73.660019
v 56.929466 39.350685 76.200020
v 56.929466 39.350685 73.660019
v 57.150002 39.369976 76.200020
v 57.150002 39.369976 73.660019
v 57.370533 39.350685 76.200020
v 57.370533 39.350685 73.660019
v 57.584366 39.293388 76.200020
v 57.584366 39.293388 73.660019
v 57.785000 39.199829 76.200020
v 57.785000 39.199829 73.660019
v 57.966339 39.072853 76.200020
v 57.966339 39.072853 73.660019
v 58.122875 38.916317 76.200020
v 58.122875 38.916317 73.660019
v 58.249855 38.734978 76.200020
v 58.249855 38.734978 73.660019
v 58.343410 38.534344 76.200020
v 58.343410 38.534344 73.660019
v 58.400707 38.320511 76.200020
v 58.400707 38.320511 73.660019
v 58.420002 38.099979 76.200020
v 58.420002 38.099979 73.660019
v 58.400707 37.879444 76.200020
v 58.400707 37.879444 73.660019
v 58.343410 37.665611 76.200020
v 58.343410 37.665611 73.660019
v 58.249855 37.464977 76.200020
v 58.249855 37.464977 73.660019
v 58.122875 37.283638 76.200020
v 58.122875 37.283638 73.660019
v 57.966339 37.127102 76.200020
v 57.966339 37.127102 73.660019
v 57.785000 37.000126 76.200020
v 57.785000 37.000126 73.660019
v 57.584366 36.906567 76.200020
v 57.584366 36.906567 73.660019
v 57.370533 36.849274 76.200020
v 57.370533 36.849274 73.660019
v 57.150002 36.829979 76.200020
v 57.150002 36.829979 73.660019
v 56.929466 36.849274 76.200020
v 56.929466 36.849274 73.660019
v 56.715637 36.906567 76.200020
v 56.715637 36.906567 73.660019
v 56.514999 37.000126 76.200020
v 56.514999 37.000126 73.660019
v 56.333660 37.127102 76.200020
v 56.333660 37.127102 73.660019
v 56.177124 37.283638 76.200020
v 56.177124 37.283638 73.660019
v 56.050148 37.464977 76.200020
v 56.050148 37.464977 73.660019
v 55.956593 37.665611 76.200020
v 55.956593 37.665611 73.660019
v 55.899296 37.879444 76.200020
v 55.899296 37.879444 73.660019
v 53.327785 28.574974 76.200012
v 53.327785 28.574978 73.660019
v 53.347076 28.795509 76.200012
v 53.347076 28.795509 73.660019
v 53.404373 29.009342 76.200012
v 53.404373 29.009346 73.660019
v 53.497932 29.209976 76.200012
v 53.497932 29.209976 73.660019
v 53.624908 29.391315 76.200012
v 53.624908 29.391319 73.660019
v 53.781445 29.547852 76.200012
v 53.781445 29.547852 73.660019
v 53.962784 29.674828 76.200012
v 53.962784 29.674828 73.660019
v 54.163418 29.768387 76.200012
v 54.163418 29.768387 73.660019
v 54.377251 29.825684 76.200012
v 54.377251 29.825684 73.660019
v 54.597782 29.844975 76.200012
v 54.597782 29.844978 73.660019
v 54.818317 29.825684 76.200012
v 54.818317 29.825684 73.660019
v 55.032150 29.768387 76.200012
v 55.032150 29.768387 73.660019
v 55.232784 29.674828 76.200012
v 55.232784 29.674828 73.660019
v 55.414124 29.547852 76.200012
v 55.414124 29.547852 73.660011
v 55.570660 29.391315 76.200012
v 55.570660 29.391319 73.660011
v 55.697636 29.209976 76.200012
v 55.697636 29.209976 73.660011
v 55.791195 29.009342 76.200012
v 55.791195 29.009346 73.660011
v 55.848492 28.795509 76.200012
v 55.848492 28.795509 73.660011
v 55.867783 28.574974 76.200012
v 55.867783 28.574978 73.660011
v 55.848492 28.354443 76.200012
v 55.848492 28.354446 73.660011
v 55.791195 28.140610 76.200012
v 55.791195 28.140610 73.660011
v 55.697636 27.939976 76.200012
v 55.697636 27.939980 73.660011
v 55.570660 27.758636 76.200012
v 55.570660 27.758636 73.660011
v 55.414124 27.602097 76.200012
v 55.414124 27.602100 73.660011
v 55.232784 27.475124 76.200012
v 55.232784 27.475128 73.660019
v 55.032150 27.381565 76.200012
v 55.032150 27.381569 73.660019
v 54.818317 27.324272 76.200012
v 54.818317 27.324272 73.660019
v 54.597782 27.304977 76.200012
v 54.597782 27.304977 73.660019
v 54.377251 27.324272 76.200012
v 54.377251 27.324272 73.660019
v 54.163418 27.381565 76.200012
v 54.163418 27.381569 73.660019
v 53.962784 27.475124 76.200012
v 53.962784 27.475128 73.660019
v 53.781445 27.602097 76.200012
v 53.781445 27.602100 73.660019
v 53.624908 27.758636 76.200012
v 53.624908 27.758636 73.660019
v 53.497932 27.939976 76.200012
v 53.497932 27.939980 73.660019
v 53.404373 28.140610 76.200012
v 53.404373 28.140610 73.660019
v 53.347076 28.354443 76.200012
v 53.347076 28.354446 73.660019
v 46.355000 21.602192 76.200012
v 46.355000 21.602196 73.660011
v 46.374294 21.822723 76.200012
v 46.374294 21.822727 73.660011
v 46.431591 22.036560 76.200012
v 46.431591 22.036560 73.660011
v 46.525146 22.237190 76.200012
v 46.525146 22.237194 73.660011
v 46.652122 22.418533 76.200012
v 46.652122 22.418533 73.660011
v 46.808659 22.575069 76.200012
v 46.808659 22.575073 73.660011
v 46.990002 22.702042 76.200012
v 46.990002 22.702045 73.660011
v 47.190636 22.795601 76.200012
v 47.190636 22.795601 73.660011
v 47.404469 22.852898 76.200012
v 47.404469 22.852898 73.660011
v 47.625000 22.872192 76.200012
v 47.625000 22.872192 73.660011
v 47.845535 22.852898 76.200012
v 47.845535 22.852898 73.660004
v 48.059364 22.795601 76.200012
v 48.059364 22.795601 73.660004
v 48.260002 22.702042 76.200012
v 48.260002 22.702045 73.660004
v 48.441341 22.575069 76.200012
v 48.441341 22.575073 73.660004
v 48.597878 22.418533 76.200012
v 48.597878 22.418533 73.660004
v 48.724854 22.237190 76.200012
v 48.724854 22.237194 73.660004
v 48.818409 22.036560 76.200012
v 48.818409 22.036560 73.660004
v 48.875706 21.822723 76.200012
v 48.875706 21.822727 73.660004
v 48.895000 21.602192 76.200012
v 48.895000 21.602196 73.660004
v 48.875706 21.381660 76.200012
v 48.875706 21.381660 73.660004
v 48.818409 21.167824 76.200012
v 48.818409 21.167828 73.660004
v 48.724854 20.967194 76.200012
v 48.724854 20.967194 73.660004
v 48.597878 20.785851 76.200012
v 48.597878 20.785851 73.660004
v 48.441341 20.629318 76.200012
v 48.441341 20.629318 73.660004
v 48.260002 20.502342 76.200012
v 48.260002 20.502342 73.660004
v 48.059364 20.408783 76.200012
v 48.059364 20.408783 73.660004
v 47.845535 20.351486 76.200012
v 47.845535 20.351486 73.660004
v 47.625000 20.332191 76.200012
v 47.625000 20.332195 73.660011
v 47.404469 20.351486 76.200012
v 47.404469 20.351486 73.660011
v 47.190636 20.408783 76.200012
v 47.190636 20.408783 73.660011
v 46.990002 20.502342 76.200012
v 46.990002 20.502342 73.660011
v 46.808659 20.629318 76.200012
v 46.808659 20.629318 73.660011
v 46.652122 20.785851 76.200012
v 46.652122 20.785851 73.660011
v 46.525146 20.967194 76.200012
v 46.525146 20.967194 73.660011
v 46.431591 21.167824 76.200012
v 46.431591 21.167828 73.660011
v 46.374294 21.381660 76.200012
v 46.374294 21.381660 73.660011
v 36.830002 19.049976 76.200012
v 36.830002 19.049980 73.660004
v 36.849297 19.270508 76.200012
v 36.849297 19.270512 73.660004
v 36.906590 19.484341 76.200012
v 36.906590 19.484344 73.660004
v 37.000149 19.684975 76.200012
v 37.000149 19.684975 73.660004
v 37.127125 19.866318 76.200012
v 37.127125 19.866318 73.660004
v 37.283661 20.022850 76.200012
v 37.283661 20.022854 73.660004
v 37.465000 20.149826 76.200012
v 37.465000 20.149830 73.660004
v 37.665634 20.243385 76.200012
v 37.665634 20.243385 73.660004
v 37.879467 20.300682 76.200012
v 37.879467 20.300682 73.660004
v 38.100002 20.319977 76.200012
v 38.100002 20.319977 73.660004
v 38.320534 20.300682 76.200012
v 38.320534 20.300682 73.660004
v 38.534367 20.243385 76.200012
v 38.534367 20.243385 73.660004
v 38.735001 20.149826 76.200012
v 38.735001 20.149830 73.660004
v 38.916340 20.022850 76.200012
v 38.916340 20.022854 73.660004
v 39.072876 19.866318 76.200012
v 39.072876 19.866318 73.660004
v 39.199852 19.684975 76.200012
v 39.199852 19.684975 73.660004
v 39.293411 19.484341 76.200012
v 39.293411 19.484344 73.660004
v 39.350708 19.270508 76.200012
v 39.350708 19.270512 73.660004
v 39.369999 19.049976 76.200012
v 39.369999 19.049980 73.660004
v 39.350708 18.829441 76.200012
v 39.350708 18.829445 73.660004
v 39.293411 18.615608 76.200012
v 39.293411 18.615612 73.660004
v 39.199852 18.414978 76.200012
v 39.199852 18.414978 73.660004
v 39.072876 18.233635 76.200012
v 39.072876 18.233635 73.660004
v 38.916340 18.077099 76.200012
v 38.916340 18.077103 73.660004
v 38.735001 17.950123 76.200012
v 38.735001 17.950127 73.660004
v 38.534367 17.856567 76.200012
v 38.534367 17.856567 73.660004
v 38.320534 17.799271 76.200012
v 38.320534 17.799271 73.660004
v 38.100002 17.779976 76.200012
v 38.100002 17.779976 73.660004
v 37.879467 17.799271 76.200012
v 37.879467 17.799271 73.660004
v 37.665634 17.856567 76.200012
v 37.665634 17.856567 73.660004
v 37.465000 17.950123 76.200012
v 37.465000 17.950127 73.660004
v 37.283661 18.077099 76.200012
v 37.283661 18.077103 73.660004
v 37.127125 18.233635 76.200012
v 37.127125 18.233635 73.660004
v 37.000149 18.414978 76.200012
v 37.000149 18.414978 73.660004
v 36.906590 18.615608 76.200012
v 36.906590 18.615612 73.660004
v 36.849297 18.829441 76.200012
v 36.849297 18.829445 73.660004
v 27.304998 21.602192 76.200005
v 27.305000 21.602196 73.660004
v 27.324293 21.822723 76.200005
v 27.324295 21.822727 73.660004
v 27.381588 22.036560 76.200005
v 27.381588 22.036560 73.660004
v 27.475147 22.237190 76.200005
v 27.475147 22.237194 73.660004
v 27.602121 22.418533 76.200005
v 27.602123 22.418533 73.660004
v 27.758657 22.575069 76.200005
v 27.758659 22.575073 73.660004
v 27.939999 22.702042 76.200005
v 27.939999 22.702045 73.660004
v 28.140633 22.795601 76.200005
v 28.140633 22.795601 73.660004
v 28.354465 22.852898 76.200005
v 28.354465 22.852898 73.660004
v 28.574999 22.872192 76.200005
v 28.575001 22.872192 73.660004
v 28.795532 22.852898 76.200005
v 28.795532 22.852898 73.660004
v 29.009365 22.795601 76.200005
v 29.009365 22.795601 73.660004
v 29.209999 22.702042 76.200005
v 29.209999 22.702045 73.660004
v 29.391338 22.575069 76.200005
v 29.391338 22.575073 73.660004
v 29.547874 22.418533 76.200005
v 29.547874 22.418533 73.660004
v 29.674850 22.237190 76.200005
v 29.674850 22.237194 73.660004
v 29.768408 22.036560 76.200005
v 29.768410 22.036560 73.660004
v 29.825705 21.822723 76.200005
v 29.825706 21.822727 73.660004
v 29.844997 21.602192 76.200005
v 29.844997 21.602196 73.660004
v 29.825705 21.381660 76.200005
v 29.825706 21.381660 73.660004
v 29.768408 21.167824 76.200005
v 29.768410 21.167828 73.660004
v 29.674850 20.967194 76.200005
v 29.674850 20.967194 73.660004
v 29.547874 20.785851 76.200005
v 29.547874 20.785851 73.660004
v 29.391338 20.629318 76.200005
v 29.391338 20.629318 73.660004
v 29.209999 20.502342 76.200005
v 29.209999 20.502342 73.660004
v 29.009365 20.408783 76.200005
v 29.009365 20.408783 73.660004
v 28.795532 20.351486 76.200005
v 28.795532 20.351486 73.660004
v 28.574999 20.332191 76.200005
v 28.575001 20.332195 73.660004
v 28.354465 20.351486 76.200005
v 28.354465 20.351486 73.660004
v 28.140633 20.408783 76.200005
v 28.140633 20.408783 73.660004
v 27.939999 20.502342 76.200005
v 27.939999 20.502342 73.660004
v 27.758657 20.629318 76.200005
v 27.758659 20.629318 73.660004
v 27.602121 20.785851 76.200005
v 27.602123 20.785851 73.660004
v 27.475147 20.967194 76.200005
v 27.475147 20.967194 73.660004
v 27.381588 21.167824 76.200005
v 27.381588 21.167828 73.660004
v 27.324293 21.381660 76.200005
v 27.324295 21.381660 73.660004
v 20.332216 28.574974 76.200012
v 20.332218 28.574978 73.660019
v 20.351509 28.795509 76.200012
v 20.351511 28.795509 73.660019
v 20.408806 29.009342 76.200012
v 20.408808 29.009346 73.660019
v 20.502363 29.209976 76.200012
v 20.502365 29.209976 73.660019
v 20.629339 29.391315 76.200012
v 20.629341 29.391319 73.660019
v 20.785873 29.547852 76.200012
v 20.785875 29.547852 73.660019
v 20.967215 29.674828 76.200012
v 20.967216 29.674828 73.660019
v 21.167849 29.768387 76.200012
v 21.167850 29.768387 73.660019
v 21.381681 29.825684 76.200012
v 21.381683 29.825684 73.660019
v 21.602215 29.844975 76.200012
v 21.602217 29.844978 73.660019
v 21.822748 29.825684 76.200012
v 21.822750 29.825684 73.660019
v 22.036581 29.768387 76.200012
v 22.036583 29.768387 73.660019
v 22.237215 29.674828 76.200012
v 22.237217 29.674828 73.660019
v 22.418554 29.547852 76.200012
v 22.418556 29.547852 73.660019
v 22.575092 29.391315 76.200012
v 22.575092 29.391319 73.660019
v 22.702066 29.209976 76.200012
v 22.702068 29.209976 73.660019
v 22.795624 29.009342 76.200012
v 22.795624 29.009346 73.660019
v 22.852921 28.795509 76.200012
v 22.852921 28.795509 73.660019
v 22.872213 28.574974 76.200012
v 22.872215 28.574978 73.660019
v 22.852921 28.354443 76.200012
v 22.852921 28.354446 73.660019
v 22.795624 28.140610 76.200012
v 22.795624 28.140610 73.660019
v 22.702066 27.939976 76.200012
v 22.702068 27.939980 73.660019
v 22.575092 27.758636 76.200012
v 22.575092 27.758636 73.660019
v 22.418554 27.602097 76.200012
v 22.418556 27.602100 73.660019
v 22.237215 27.475124 76.200012
v 22.237217 27.475128 73.660019
v 22.036581 27.381565 76.200012
v 22.036583 27.381569 73.660019
v 21.822748 27.324272 76.200012
v 21.822750 27.324272 73.660019
v 21.602215 27.304977 76.200012
v 21.602217 27.304977 73.660019
v 21.381681 27.324272 76.200012
v 21.381683 27.324272 73.660019
v 21.167849 27.381565 76.200012
v 21.167850 27.381569 73.660019
v 20.967215 27.475124 76.200012
v 20.967216 27.475128 73.660019
v 20.785873 27.602097 76.200012
v 20.785875 27.602100 73.660019
v 20.629339 27.758636 76.200012
v 20.629341 27.758636 73.660019
v 20.502363 27.939976 76.200012
v 20.502365 27.939980 73.660019
v 20.408806 28.140610 76.200012
v 20.408808 28.140610 73.660019
v 20.351509 28.354443 76.200012
v 20.351511 28.354446 73.660019
v 17.779999 38.099979 76.200020
v 17.780001 38.099979 73.660019
v 17.799294 38.320511 76.200020
v 17.799295 38.320511 73.660019
v 17.856588 38.534344 76.200020
v 17.856590 38.534344 73.660019
v 17.950146 38.734978 76.200020
v 17.950148 38.734978 73.660019
v 18.077122 38.916317 76.200020
v 18.077124 38.916317 73.660019
v 18.233658 39.072853 76.200020
v 18.233660 39.072853 73.660019
v 18.414999 39.199829 76.200020
v 18.415001 39.199829 73.660019
v 18.615633 39.293388 76.200020
v 18.615635 39.293388 73.660019
v 18.829464 39.350685 76.200012
v 18.829466 39.350685 73.660019
v 19.049999 39.369976 76.200012
v 19.050001 39.369976 73.660019
v 19.270533 39.350685 76.200012
v 19.270535 39.350685 73.660019
v 19.484364 39.293388 76.200012
v 19.484365 39.293388 73.660019
v 19.684998 39.199829 76.200012
v 19.684999 39.199829 73.660019
v 19.866339 39.072853 76.200012
v 19.866341 39.072853 73.660019
v 20.022875 38.916317 76.200012
v 20.022877 38.916317 73.660019
v 20.149851 38.734978 76.200012
v 20.149853 38.734978 73.660019
v 20.243408 38.534344 76.200012
v 20.243410 38.534344 73.660019
v 20.300705 38.320511 76.200012
v 20.300707 38.320511 73.660019
v 20.319998 38.099979 76.200012
v 20.320000 38.099979 73.660019
v 20.300705 37.879444 76.200012
v 20.300707 37.879444 73.660019
v 20.243408 37.665611 76.200012
v 20.243410 37.665611 73.660019
v 20.149851 37.464977 76.200012
v 20.149853 37.464977 73.660019
v 20.022875 37.283638 76.200012
v 20.022877 37.283638 73.660019
v 19.866339 37.127102 76.200012
v 19.866341 37.127102 73.660019
v 19.684998 37.000126 76.200012
v 19.684999 37.000126 73.660019
v 19.484364 36.906567 76.200012
v 19.484365 36.906567 73.660019
v 19.270533 36.849274 76.200012
v 19.270535 36.849274 73.660019
v 19.049999 36.829979 76.200012
v 19.050001 36.829979 73.660019
v 18.829464 36.849274 76.200012
v 18.829466 36.849274 73.660019
v 18.615633 36.906567 76.200012
v 18.615635 36.906567 73.660019
v 18.414999 37.000126 76.200020
v 18.415001 37.000126 73.660019
v 18.233658 37.127102 76.200020
v 18.233660 37.127102 73.660019
v 18.077122 37.283638 76.200020
v 18.077124 37.283638 73.660019
v 17.950146 37.464977 76.200020
v 17.950148 37.464977 73.660019
v 17.856588 37.665611 76.200020
v 17.856590 37.665611 73.660019
v 17.799294 37.879444 76.200020
v 17.799295 37.879444 73.660019
v 20.332216 47.624977 76.200012
v 20.332218 47.624977 73.660019
v 20.351509 47.845512 76.200012
v 20.351511 47.845512 73.660019
v 20.408806 48.059341 76.200012
v 20.408808 48.059341 73.660019
v 20.502363 48.259979 76.200012
v 20.502365 48.259979 73.660019
v 20.629339 48.441319 76.200012
v 20.629341 48.441319 73.660019
v 20.785873 48.597855 76.200012
v 20.785875 48.597855 73.660019
v 20.967215 48.724831 76.200012
v 20.967216 48.724831 73.660019
v 21.167849 48.818386 76.200012
v 21.167850 48.818386 73.660019
v 21.381681 48.875683 76.200012
v 21.381683 48.875683 73.660019
v 21.602215 48.894978 76.200012
v 21.602217 48.894978 73.660019
v 21.822748 48.875683 76.200012
v 21.822750 48.875683 73.660019
v 22.036581 48.818386 76.200012
v 22.036583 48.818386 73.660019
v 22.237215 48.724831 76.200012
v 22.237217 48.724831 73.660019
v 22.418554 48.597855 76.200012
v 22.418556 48.597855 73.660019
v 22.575092 48.441319 76.200012
v 22.575092 48.441319 73.660019
v 22.702066 48.259979 76.200012
v 22.702068 48.259979 73.660019
v 22.795624 48.059341 76.200012
v 22.795624 48.059341 73.660019
v 22.852921 47.845512 76.200012
v 22.852921 47.845512 73.660019
v 22.872213 47.624977 76.200012
v 22.872215 47.624977 73.660019
v 22.852921 47.404446 76.200012
v 22.852921 47.404446 73.660019
v 22.795624 47.190613 76.200012
v 22.795624 47.190613 73.660019
v 22.702066 46.989979 76.200012
v 22.702068 46.989979 73.660019
v 22.575092 46.808636 76.200012
v 22.575092 46.808636 73.660019
v 22.418554 46.652100 76.200012
v 22.418556 46.652100 73.660019
v 22.237215 46.525124 76.200012
v 22.237217 46.525124 73.660019
v 22.036581 46.431568 76.200012
v 22.036583 46.431568 73.660019
v 21.822748 46.374271 76.200012
v 21.822750 46.374271 73.660019
v 21.602215 46.354977 76.200012
v 21.602217 46.354977 73.660019
v 21.381681 46.374271 76.200012
v 21.381683 46.374271 73.660019
v 21.167849 46.431568 76.200012
v 21.167850 46.431568 73.660019
v 20.967215 46.525124 76.200012
v 20.967216 46.525124 73.660019
v 20.785873 46.652100 76.200012
v 20.785875 46.652100 73.660019
v 20.629339 46.808636 76.200012
v 20.629341 46.808636 73.660019
v 20.502363 46.989979 76.200012
v 20.502365 46.989979 73.660019
v 20.408806 47.190613 76.200012
v 20.408808 47.190613 73.660019
v 20.351509 47.404446 76.200012
v 20.351511 47.404446 73.660019
v 27.304998 54.597759 76.200020
v 27.305000 54.597759 73.660019
v 27.324293 54.818295 76.200020
v 27.324295 54.818295 73.660019
v 27.381588 55.032127 76.200020
v 27.381588 55.032127 73.660019
v 27.475147 55.232761 76.200020
v 27.475147 55.232761 73.660019
v 27.602121 55.414101 76.200020
v 27.602123 55.414101 73.660019
v 27.758657 55.570637 76.200020
v 27.758659 55.570637 73.660019
v 27.939999 55.697613 76.200020
v 27.939999 55.697613 73.660019
v 28.140633 55.791172 76.200020
v 28.140633 55.791172 73.660019
v 28.354465 55.848469 76.200020
v 28.354465 55.848469 73.660019
v 28.574999 55.867760 76.200020
v 28.575001 55.867760 73.660019
v 28.795532 55.848469 76.200020
v 28.795532 55.848469 73.660019
v 29.009365 55.791172 76.200020
v 29.009365 55.791172 73.660019
v 29.209999 55.697613 76.200020
v 29.209999 55.697613 73.660019
v 29.391338 55.570637 76.200020
v 29.391338 55.570637 73.660019
v 29.547874 55.414101 76.200020
v 29.547874 55.414101 73.660019
v 29.674850 55.232761 76.200020
v 29.674850 55.232761 73.660019
v 29.768408 55.032127 76.200020
v 29.768410 55.032127 73.660019
v 29.825705 54.818295 76.200020
v 29.825706 54.818295 73.660019
v 29.844997 54.597759 76.200020
v 29.844997 54.597759 73.660019
v 29.825705 54.377228 76.200020
v 29.825706 54.377228 73.660019
v 29.768408 54.163395 76.200020
v 29.768410 54.163395 73.660019
v 29.674850 53.962761 76.200020
v 29.674850 53.962761 73.660019
v 29.547874 53.781422 76.200020
v 29.547874 53.781422 73.660019
v 29.391338 53.624886 76.200020
v 29.391338 53.624886 73.660019
v 29.209999 53.497910 76.200020
v 29.209999 53.497910 73.660019
v 29.009365 53.404350 76.200020
v 29.009365 53.404350 73.660019
v 28.795532 53.347054 76.200020
v 28.795532 53.347054 73.660019
v 28.574999 53.327763 76.200020
v 28.575001 53.327763 73.660019
v 28.354465 53.347054 76.200020
v 28.354465 53.347054 73.660019
v 28.140633 53.404350 76.200020
v 28.140633 53.404350 73.660019
v 27.939999 53.497910 76.200020
v 27.939999 53.497910 73.660019
v 27.758657 53.624886 76.200020
v 27.758659 53.624886 73.660019
v 27.602121 53.781422 76.200020
v 27.602123 53.781422 73.660019
v 27.475147 53.962761 76.200020
v 27.475147 53.962761 73.660019
v 27.381588 54.163395 76.200020
v 27.381588 54.163395 73.660019
v 27.324293 54.377228 76.200020
v 27.324295 54.377228 73.660019
v 39.837463 42.873638 0.000013
v 40.706196 45.260460 0.000013
v 40.639999 42.499409 0.000013
v 41.910000 44.699112 0.000015
v 41.365360 41.991505 0.000013
v 42.998043 43.937260 0.000013
v 41.991505 41.365360 0.000013
v 43.937260 42.998043 0.000013
v 42.499409 40.639999 0.000013
v 44.699112 41.910000 0.000013
v 42.873638 39.837463 0.000011
v 45.260460 40.706196 0.000013
v 43.102825 38.982132 0.000011
v 45.604237 39.423199 0.000013
v 43.180000 38.100002 0.000011
v 45.720001 38.100002 0.000013
v 43.102825 37.217869 0.000011
v 45.604237 36.776802 0.000011
v 42.873638 36.362537 0.000011
v 45.260460 35.493809 0.000011
v 42.499409 35.560001 0.000011
v 44.699112 34.290001 0.000011
v 41.991505 34.834641 0.000011
v 43.937260 33.201958 0.000010
v 41.365360 34.208496 0.000011
v 42.998043 32.262741 0.000010
v 40.639999 33.700592 0.000010
v 41.910000 31.500885 0.000010
v 39.837463 33.326363 0.000010
v 40.706196 30.939545 0.000010
v 38.982132 33.097176 0.000010
v 39.423199 30.595764 0.000010
v 38.100002 33.020000 0.000011
v 38.100002 30.480003 0.000010
v 37.217869 33.097176 0.000010
v 36.776802 30.595764 0.000010
v 36.362537 33.326363 0.000010
v 35.493809 30.939545 0.000010
v 35.560001 33.700592 0.000010
v 34.290001 31.500885 0.000010
v 34.834641 34.208496 0.000011
v 33.201958 32.262741 0.000010
v 34.208496 34.834641 0.000011
v 32.262741 33.201958 0.000010
v 33.700592 35.560001 0.000011
v 31.500885 34.290001 0.000010
v 33.326363 36.362537 0.000011
v 30.939541 35.493809 0.000011
v 33.097176 37.217869 0.000011
v 30.595764 36.776802 0.000011
v 33.020000 38.100002 0.000011
v 30.480000 38.100002 0.000011
v 33.097176 38.982132 0.000011
v 30.595764 39.423199 0.000013
v 33.326363 39.837463 0.000011
v 30.939541 40.706196 0.000013
v 33.700592 40.639999 0.000013
v 31.500885 41.910000 0.000015
v 34.208496 41.365360 0.000013
v 32.262741 42.998043 0.000013
v 34.834641 41.991505 0.000013
v 33.201958 43.937260 0.000013
v 35.560001 42.499409 0.000013
v 34.290001 44.699112 0.000013
v 36.362537 42.873638 0.000013
v 35.493809 45.260460 0.000013
v 37.217869 43.102825 0.000013
v 36.776802 45.604237 0.000013
v 38.100002 43.180000 0.000013
v 38.100002 45.720001 0.000015
v 38.982132 43.102825 0.000015
v 39.423199 45.604237 0.000013
v 76.137863 40.275063 76.200020
v 76.200005 38.099979 76.200020
v 76.200005 38.100002 0.000011
v 76.137863 35.924915 0.000011
v 76.137863 35.924892 76.200020
v 75.641983 31.603081 76.200020
v 75.641983 31.603104 0.000011
v 74.656685 27.365967 76.200020
v 74.656685 27.365990 0.000008
v 73.194817 23.268784 76.200005
v 73.194817 23.268810 0.000008
v 71.275421 19.364952 76.200005
v 71.275421 19.364975 0.000006
v 68.923546 15.705360 76.200012
v 68.923546 15.705383 0.000004
v 66.169838 12.337715 76.200012
v 66.169838 12.337738 0.000004
v 63.050194 9.305916 76.199997
v 63.050194 9.305939 0.000004
v 59.605286 6.649498 76.200005
v 59.605286 6.649521 0.000002
v 55.880024 4.403084 76.200005
v 55.880024 4.403107 0.000002
v 51.922974 2.595955 76.200012
v 51.922974 2.595978 0.000000
v 47.785721 1.251678 76.199997
v 47.785721 1.251701 0.000000
v 43.522198 0.387779 76.200005
v 43.522198 0.387802 0.000000
v 39.187984 0.015518 76.200012
v 39.187984 0.015541 0.000000
v 34.839592 0.139740 76.199997
v 34.839592 0.139763 -0.000002
v 30.533701 0.758835 76.200005
v 30.533703 0.758858 0.000000
v 26.326452 1.864723 76.200005
v 26.326454 1.864746 0.000000
v 22.272688 3.443001 76.200012
v 22.272690 3.443024 0.000002
v 18.425257 5.473083 76.199997
v 18.425259 5.473106 0.000002
v 14.834316 7.928497 76.200005
v 14.834316 7.928528 0.000002
v 11.546677 10.777252 76.200005
v 11.546679 10.777279 0.000004
v 8.605204 13.982201 76.200012
v 8.605206 13.982224 0.000004
v 6.048239 17.501560 76.200012
v 6.048241 17.501587 0.000006
v 3.909122 21.289452 76.200012
v 3.909122 21.289474 0.000006
v 2.215733 25.296494 76.200020
v 2.215733 25.296516 0.000008
v 0.990143 29.470451 76.200020
v 0.990147 29.470474 0.000010
v 0.248344 33.756905 76.200020
v 0.248344 33.756927 0.000010
v 0.000000 38.099979 76.200020
v 0.000000 38.100002 0.000011
v 0.248344 42.443050 76.200020
v 0.248344 42.443073 0.000013
v 0.990143 46.729504 76.200020
v 0.990147 46.729527 0.000015
v 2.215733 50.903458 76.200020
v 2.215733 50.903481 0.000017
v 3.909122 54.910500 76.200020
v 3.909122 54.910522 0.000017
v 6.048239 58.698395 76.200027
v 6.048241 58.698418 0.000021
v 8.605204 62.217754 76.200027
v 8.605206 62.217777 0.000019
v 11.546677 65.422691 76.200027
v 11.546679 65.422722 0.000021
v 14.834316 68.271446 76.200020
v 14.834316 68.271477 0.000021
v 18.425257 70.726868 76.200035
v 18.425259 70.726898 0.000023
v 22.272688 72.756950 76.200027
v 22.272690 72.756981 0.000023
v 26.326452 74.335228 76.200027
v 26.326454 74.335258 0.000023
v 30.533701 75.441116 76.200035
v 30.533703 75.441147 0.000025
v 34.839592 76.060211 76.200027
v 34.839592 76.060242 0.000025
v 39.187984 76.184433 76.200027
v 39.187984 76.184464 0.000025
v 43.522198 75.812164 76.200027
v 43.522198 75.812195 0.000023
v 47.785721 74.948265 76.200035
v 47.785721 74.948296 0.000023
v 51.922974 73.603989 76.200027
v 51.922974 73.604019 0.000023
v 55.880024 71.796860 76.200027
v 55.880024 71.796890 0.000023
v 59.605286 69.550453 76.200020
v 59.605286 69.550484 0.000021
v 63.050194 66.894028 76.200027
v 63.050194 66.894058 0.000021
v 66.169838 63.862240 76.200027
v 66.169838 63.862263 0.000019
v 68.923546 60.494595 76.200027
v 68.923546 60.494617 0.000021
v 71.275421 56.835003 76.200020
v 71.275421 56.835026 0.000019
v 73.194817 52.931168 76.200020
v 73.194817 52.931190 0.000017
v 74.656685 48.833988 76.200020
v 74.656685 48.834011 0.000015
v 75.641983 44.596874 76.200020
v 75.641983 44.596897 0.000015
v 76.137863 40.275085 0.000011
v 33.020000 38.099979 76.200020
v 33.020000 38.100002 0.000011
v 33.097176 38.982109 76.200020
v 33.097176 38.982132 0.000011
v 33.326363 39.837440 76.200020
v 33.326363 39.837463 0.000011
v 33.700592 40.639977 76.200012
v 33.700592 40.639999 0.000013
v 34.208496 41.365337 76.200012
v 34.208496 41.365360 0.000013
v 34.834641 41.991482 76.200012
v 34.834641 41.991505 0.000013
v 35.560001 42.499386 76.200012
v 35.560001 42.499409 0.000013
v 36.362537 42.873615 76.200012
v 36.362537 42.873638 0.000013
v 37.217869 43.102802 76.200012
v 37.217869 43.102825 0.000013
v 38.100002 43.179977 76.200012
v 38.100002 43.180000 0.000013
v 38.982132 43.102802 76.200012
v 38.982132 43.102825 0.000015
v 39.837463 42.873615 76.200027
v 39.837463 42.873638 0.000013
v 40.639999 42.499386 76.200027
v 40.639999 42.499409 0.000013
v 41.365360 41.991482 76.200020
v 41.365360 41.991505 0.000013
v 41.991505 41.365337 76.200020
v 41.991505 41.365360 0.000013
v 42.499409 40.639977 76.200020
v 42.499409 40.639999 0.000013
v 42.873638 39.837440 76.200020
v 42.873638 39.837463 0.000011
v 43.102825 38.982109 76.200020
v 43.102825 38.982132 0.000011
v 43.180000 38.099979 76.200020
v 43.180000 38.100002 0.000011
v 43.102825 37.217846 76.200020
v 43.102825 37.217869 0.000011
v 42.873638 36.362514 76.200020
v 42.873638 36.362537 0.000011
v 42.499409 35.559978 76.200020
v 42.499409 35.560001 0.000011
v 41.991505 34.834618 76.200020
v 41.991505 34.834641 0.000011
v 41.365360 34.208473 76.200012
v 41.365360 34.208496 0.000011
v 40.639999 33.700569 76.200012
v 40.639999 33.700592 0.000010
v 39.837463 33.326340 76.200012
v 39.837463 33.326363 0.000010
v 38.982132 33.097153 76.200012
v 38.982132 33.097176 0.000010
v 38.100002 33.019978 76.200012
v 38.100002 33.020000 0.000011
v 37.217869 33.097153 76.200012
v 37.217869 33.097176 0.000010
v 36.362537 33.326340 76.200012
v 36.362537 33.326363 0.000010
v 35.560001 33.700569 76.200012
v 35.560001 33.700592 0.000010
v 34.834641 34.208473 76.200012
v 34.834641 34.208496 0.000011
v 34.208496 34.834618 76.200012
v 34.208496 34.834641 0.000011
v 33.700592 35.559978 76.200012
v 33.700592 35.560001 0.000011
v 33.326363 36.362514 76.200020
v 33.326363 36.362537 0.000011
v 33.097176 37.217846 76.200020
v 33.097176 37.217869 0.000011
v 8.889999 55.873871 76.200027
v 20.326105 8.889977 76.200012
v 25.088606 8.889977 76.200012
v 51.111393 8.889977 76.200012
v 41.275002 25.088585 76.200012
v 44.767502 34.924976 76.200020
v 44.767502 41.274979 76.200020
v 44.767502 44.767479 76.200020
v 34.924999 44.767479 76.200012
v 41.275002 44.767479 76.200020
v 25.088606 41.274979 76.200027
v 25.088606 44.767479 76.200027
v 25.088606 34.924976 76.200012
v 34.924999 25.088585 76.200012
v 25.088606 25.088585 76.200012
v 55.873894 41.274979 76.200020
v 55.873894 34.924976 76.200012
v 55.873894 20.326080 76.200005
v 55.873894 25.088585 76.200012
v 55.873894 8.889977 76.200005
v 34.924999 8.889977 76.200012
v 41.275002 8.889977 76.200005
v 20.326105 20.326080 76.200012
v 8.889999 25.088585 76.200012
v 8.889999 20.326080 76.200012
v 8.889999 34.924976 76.200012
v 8.889999 51.111370 76.200027
v 8.889999 44.767479 76.200012
v 8.889999 41.274979 76.200012
v 20.326105 55.873871 76.200012
v 25.088606 55.873871 76.200027
v 34.924999 55.873871 76.200012
v 41.275002 55.873871 76.200020
v 55.873894 55.873871 76.200027
v 51.111393 55.873871 76.200027
v 44.767502 55.873871 76.200020
v 55.873894 44.767479 76.200020
v 55.873894 51.111370 76.200027
v 51.111393 51.111370 76.200012
v 44.767502 51.111370 76.200020
v 34.924999 51.111370 76.200012
v 25.088606 51.111370 76.200027
v 51.111393 44.767479 76.200012
v 41.275002 51.111370 76.200020
v 20.326105 51.111370 76.200012
v 20.326105 44.767479 76.200012
v 51.111393 41.274979 76.200012
v 51.111393 34.924976 76.200012
v 20.326105 41.274979 76.200012
v 20.326105 34.924976 76.200012
v 51.111393 25.088585 76.200012
v 44.767502 25.088585 76.200020
v 20.326105 25.088585 76.200012
v 51.111393 20.326080 76.200012
v 44.767502 20.326080 76.200005
v 34.924999 20.326080 76.200012
v 25.088606 20.326080 76.200012
v 44.767502 8.889977 76.200005
v 41.275002 20.326080 76.200005
v 37.046238 73.644386 0.000023
v 39.187984 76.184464 0.000025
v 41.257584 73.519531 0.000023
v 43.522198 75.812195 0.000023
v 45.424599 72.897469 0.000023
v 47.785721 74.948296 0.000023
v 49.488796 71.786926 0.000023
v 51.922974 73.604019 0.000023
v 53.393120 70.203491 0.000023
v 55.880024 71.796890 0.000023
v 57.082760 68.169395 0.000023
v 59.605286 69.550484 0.000021
v 60.505924 65.713188 0.000021
v 63.050194 66.894058 0.000021
v 63.614559 62.869354 0.000019
v 66.169838 63.862263 0.000019
v 66.365021 59.677814 0.000019
v 68.923546 60.494617 0.000021
v 68.718712 56.183369 0.000019
v 71.275421 56.835026 0.000019
v 70.642578 52.435070 0.000017
v 73.194817 52.931190 0.000017
v 72.109619 48.485538 0.000017
v 74.656685 48.834011 0.000015
v 73.099243 44.390221 0.000013
v 75.641983 44.596897 0.000015
v 73.597549 40.206596 0.000013
v 76.137863 40.275085 0.000011
v 73.597549 35.993404 0.000011
v 76.200005 38.100002 0.000011
v 76.137863 35.924915 0.000011
v 73.099243 31.809784 0.000010
v 75.641983 31.603104 0.000011
v 72.109619 27.714462 0.000008
v 74.656685 27.365990 0.000008
v 70.642578 23.764931 0.000008
v 73.194817 23.268810 0.000008
v 68.718712 20.016632 0.000006
v 71.275421 19.364975 0.000006
v 66.365021 16.522186 0.000006
v 68.923546 15.705383 0.000004
v 63.614559 13.330647 0.000004
v 66.169838 12.337738 0.000004
v 60.505924 10.486813 0.000002
v 63.050194 9.305939 0.000004
v 57.082760 8.030609 0.000002
v 59.605286 6.649521 0.000002
v 53.393120 5.996513 0.000000
v 55.880024 4.403107 0.000002
v 49.488796 4.413078 0.000000
v 51.922974 2.595978 0.000000
v 45.424599 3.302536 0.000002
v 47.785721 1.251701 0.000000
v 41.257584 2.680466 0.000000
v 43.522198 0.387802 0.000000
v 37.046238 2.555618 0.000000
v 39.187984 0.015541 0.000000
v 34.839592 0.139763 -0.000002
v 32.849689 2.929733 0.000000
v 30.533703 0.758858 0.000000
v 28.726841 3.797562 0.000002
v 26.326454 1.864746 0.000000
v 24.735569 5.146919 0.000002
v 22.272690 3.443024 0.000002
v 20.931910 6.958870 0.000002
v 18.425259 5.473106 0.000002
v 17.369249 9.207970 0.000002
v 14.834316 7.928528 0.000002
v 14.097605 11.862648 0.000004
v 11.546679 10.777279 0.000004
v 11.162901 14.885643 0.000004
v 8.605206 13.982224 0.000004
v 8.606335 18.234520 0.000006
v 6.048241 17.501587 0.000006
v 6.463797 21.862267 0.000008
v 3.909122 21.289474 0.000006
v 4.765358 25.717949 0.000008
v 2.215733 25.296516 0.000008
v 3.534866 29.747452 0.000010
v 0.990147 29.470474 0.000010
v 2.789593 33.894207 0.000011
v 0.248344 33.756927 0.000010
v 2.540001 38.100002 0.000011
v 0.000000 38.100002 0.000011
v 2.789593 42.305794 0.000013
v 0.248344 42.443073 0.000013
v 3.534866 46.452549 0.000015
v 0.990147 46.729527 0.000015
v 4.765358 50.482052 0.000015
v 2.215733 50.903481 0.000017
v 6.463797 54.337738 0.000017
v 3.909122 54.910522 0.000017
v 8.606335 57.965481 0.000019
v 6.048241 58.698418 0.000021
v 11.162901 61.314354 0.000019
v 8.605206 62.217777 0.000019
v 14.097605 64.337349 0.000019
v 11.546679 65.422722 0.000021
v 17.369249 66.992035 0.000023
v 14.834316 68.271477 0.000021
v 20.931910 69.241135 0.000023
v 18.425259 70.726898 0.000023
v 24.735569 71.053085 0.000025
v 22.272690 72.756981 0.000023
v 28.726841 72.402443 0.000023
v 26.326454 74.335258 0.000023
v 32.849689 73.270271 0.000023
v 30.533703 75.441147 0.000025
v 34.839592 76.060242 0.000025
v 30.595764 39.423176 73.660019
v 30.939541 40.706173 73.660019
v 31.500885 41.909977 73.660019
v 32.262741 42.998020 73.660019
v 33.201958 43.937237 73.660019
v 34.290001 44.699089 73.660019
v 35.493809 45.260437 73.660019
v 36.776802 45.604214 73.660019
v 38.100002 45.719978 73.660019
v 39.423199 45.604214 73.660019
v 40.706196 45.260437 73.660019
v 41.910000 44.699089 73.660019
v 42.998043 43.937237 73.660019
v 43.937260 42.998020 73.660019
v 44.699112 41.909977 73.660019
v 45.260460 40.706173 73.660019
v 45.604237 39.423176 73.660019
v 45.720001 38.099979 73.660019
v 45.604237 36.776779 73.660019
v 45.260460 35.493786 73.660019
v 44.699112 34.289978 73.660019
v 43.937260 33.201935 73.660019
v 42.998043 32.262718 73.660019
v 41.910000 31.500862 73.660011
v 40.706196 30.939522 73.660011
v 39.423199 30.595741 73.660019
v 38.100002 30.479980 73.660019
v 36.776802 30.595741 73.660019
v 35.493809 30.939522 73.660019
v 34.290001 31.500862 73.660019
v 33.201958 32.262718 73.660019
v 32.262741 33.201935 73.660019
v 31.500885 34.289978 73.660019
v 30.939541 35.493786 73.660019
v 30.595764 36.776779 73.660019
v 30.480000 38.099979 73.660019
v 4.765358 50.482029 73.660019
v 3.534866 46.452526 73.660019
v 2.819210 42.547382 73.660019
v 2.789593 42.305771 73.660019
v 2.540001 38.099979 73.660019
v 2.789593 33.894184 73.660019
v 3.534866 29.747429 73.660019
v 4.765358 25.717926 73.660019
v 6.463797 21.862244 73.660004
v 8.606335 18.234497 73.660004
v 11.162901 14.885620 73.660004
v 14.097605 11.862625 73.660004
v 17.369249 9.207943 73.660004
v 20.931910 6.958847 73.660004
v 24.735569 5.146896 73.660004
v 28.726841 3.797539 73.660004
v 32.849689 2.929710 73.660004
v 37.046238 2.555595 73.660004
v 41.257584 2.680443 73.660004
v 45.424599 3.302513 73.660004
v 49.488796 4.413055 73.660004
v 53.393120 5.996490 73.660004
v 57.082760 8.030579 73.660004
v 60.505924 10.486786 73.660004
v 63.614559 13.330620 73.660004
v 66.365021 16.522163 73.660004
v 68.718712 20.016609 73.660004
v 70.642578 23.764908 73.660011
v 72.109619 27.714439 73.660011
v 73.099243 31.809761 73.660019
v 73.597549 35.993382 73.660019
v 73.597549 40.206573 73.660019
v 73.099243 44.390198 73.660019
v 72.109619 48.485516 73.660019
v 70.642578 52.435047 73.660019
v 68.718712 56.183346 73.660019
v 66.365021 59.677792 73.660019
v 63.614559 62.869331 73.660019
v 60.505924 65.713165 73.660019
v 57.082760 68.169373 73.660019
v 53.393120 70.203468 73.660019
v 49.488796 71.786903 73.660034
v 45.424599 72.897446 73.660034
v 41.257584 73.519508 73.660034
v 37.046238 73.644363 73.660034
v 32.849689 73.270248 73.660034
v 28.726841 72.402420 73.660027
v 24.735569 71.053062 73.660034
v 20.931910 69.241112 73.660019
v 17.369249 66.992012 73.660027
v 14.097605 64.337326 73.660019
v 11.162901 61.314331 73.660019
v 8.606335 57.965458 73.660019
v 6.463797 54.337715 73.660019
v 51.111393 25.088585 73.660019
v 30.162498 46.037479 73.660019
v 30.162498 51.111370 73.660019
v 33.654999 51.111370 73.660019
v 66.040001 55.873871 73.660019
v 66.040001 20.326084 73.660004
v 66.040001 25.088585 73.660019
v 55.873894 10.159977 73.660004
v 20.326107 33.654976 73.660019
v 20.326107 42.544979 73.660019
v 20.326107 25.088585 73.660019
v 20.326107 20.326084 73.660004
v 33.654999 10.159977 73.660004
v 30.162498 10.159977 73.660004
v 25.088608 10.159977 73.660004
v 20.326107 10.159977 73.660004
v 42.545002 10.159977 73.660004
v 55.873894 20.326084 73.660004
v 66.040001 33.654976 73.660019
v 66.040001 42.544979 73.660019
v 66.040001 51.111370 73.660019
v 66.040001 46.037479 73.660019
v 55.873894 55.873871 73.660019
v 51.111393 55.873871 73.660019
v 42.545002 55.873871 73.660019
v 33.654999 55.873871 73.660019
v 30.162498 55.873871 73.660019
v 25.088608 55.873871 73.660019
v 20.326107 55.873871 73.660019
v 20.326107 51.111370 73.660019
v 20.326107 46.037479 73.660019
v 30.162498 42.544979 73.660019
v 30.162498 33.654976 73.660019
v 33.654999 46.037479 73.660019
v 42.545002 46.037479 73.660019
v 51.111393 42.544979 73.660019
v 51.111393 46.037479 73.660019
v 51.111393 33.654976 73.660019
v 33.654999 25.088585 73.660019
v 42.545002 25.088585 73.660011
v 25.088608 51.111370 73.660019
v 42.545002 51.111370 73.660019
v 51.111393 51.111370 73.660019
v 25.088608 46.037479 73.660019
v 55.873894 46.037479 73.660019
v 55.873894 51.111370 73.660019
v 25.088608 42.544979 73.660019
v 25.088608 33.654976 73.660019
v 55.873894 42.544979 73.660019
v 55.873894 33.654976 73.660011
v 25.088608 25.088585 73.660019
v 30.162498 25.088585 73.660019
v 55.873894 25.088585 73.660011
v 25.088608 20.326084 73.660004
v 30.162498 20.326084 73.660004
v 33.654999 20.326084 73.660004
v 42.545002 20.326084 73.660004
v 51.111393 20.326084 73.660004
v 51.111393 10.159977 73.660004
v 37.212242 75.640778 -8.107578
v 37.141281 75.936554 -8.403351
v 37.325893 75.662308 -8.129110
v 37.290710 75.959007 -8.425812
v 37.443108 75.669563 -8.136362
v 37.443104 75.966545 -8.433346
v 37.560318 75.662308 -8.129110
v 36.858540 75.430908 -7.897713
v 36.535309 75.625237 -8.092037
v 36.926025 75.499062 -7.965866
v 36.629360 75.710358 -8.177160
v 37.009224 75.557892 -8.024696
v 36.739254 75.785400 -8.252199
v 37.105606 75.605614 -8.072416
v 36.862843 75.848892 -8.315693
v 36.997730 75.899605 -8.366405
v 36.778362 75.109383 -7.576183
v 36.354103 75.111328 -7.578129
v 36.768105 75.192261 -7.659065
v 36.348774 75.219284 -7.686087
v 36.778362 75.275146 -7.741947
v 36.364742 75.326714 -7.793518
v 36.808815 75.355507 -7.822311
v 36.401699 75.431526 -7.898331
v 36.458927 75.531685 -7.998487
v 37.595501 75.959007 -8.425812
v 37.744930 75.936554 -8.403351
v 37.673969 75.640778 -8.107578
v 37.888481 75.899605 -8.366405
v 37.780605 75.605614 -8.072416
v 38.023369 75.848892 -8.315693
v 37.876987 75.557892 -8.024696
v 38.146957 75.785400 -8.252199
v 37.960186 75.499062 -7.965866
v 38.256851 75.710358 -8.177160
v 38.027672 75.430908 -7.897713
v 37.009224 74.826630 -7.293434
v 36.682457 74.635292 -7.102093
v 36.926025 74.885460 -7.352264
v 36.580235 74.715569 -7.182369
v 36.858540 74.953613 -7.420416
v 36.494808 74.805122 -7.271923
v 36.808815 75.029015 -7.495819
v 36.427841 74.902214 -7.369015
v 36.380630 75.004944 -7.471748
v 37.443108 74.714966 -7.181767
v 37.366722 74.419868 -6.886669
v 37.325893 74.722214 -7.189018
v 37.215443 74.434898 -6.901703
v 37.212242 74.743752 -7.210552
v 37.068596 74.464676 -6.931477
v 37.105606 74.778908 -7.245712
v 36.929035 74.508614 -6.975414
v 36.799480 74.565857 -7.032658
v 37.876987 74.826630 -7.293434
v 38.086731 74.565857 -7.032658
v 37.780605 74.778908 -7.245712
v 37.957176 74.508614 -6.975414
v 37.673969 74.743752 -7.210552
v 37.817619 74.464676 -6.931477
v 37.560318 74.722214 -7.189018
v 37.670769 74.434898 -6.901703
v 37.519489 74.419868 -6.886669
v 38.118107 75.192261 -7.659065
v 38.532108 75.111328 -7.578129
v 38.107853 75.109383 -7.576183
v 38.505581 75.004944 -7.471748
v 38.077400 75.029015 -7.495819
v 38.458374 74.902214 -7.369015
v 38.027672 74.953613 -7.420416
v 38.391403 74.805122 -7.271923
v 37.960186 74.885460 -7.352264
v 38.305977 74.715569 -7.182369
v 38.203758 74.635292 -7.102093
v 38.350903 75.625237 -8.092037
v 38.427284 75.531685 -7.998487
v 38.077400 75.355507 -7.822311
v 38.484512 75.431526 -7.898331
v 38.107849 75.275146 -7.741947
v 38.521469 75.326714 -7.793518
v 38.537437 75.219284 -7.686087
v 37.960186 82.639496 0.401770
v 38.304905 82.434959 0.606304
v 38.027672 82.707642 0.333618
v 38.417385 82.548546 0.492718
v 38.077400 82.783051 0.258213
v 38.500259 82.674217 0.367044
v 38.107853 82.863411 0.177851
v 38.551014 82.808159 0.233105
v 38.118107 82.946289 0.094969
v 38.568108 82.946289 0.094969
v 38.107853 83.029175 0.012087
v 38.551014 83.084427 -0.043167
v 38.077400 83.109543 -0.068277
v 38.500259 83.218369 -0.177107
v 38.027672 83.184944 -0.143681
v 38.417385 83.344040 -0.302778
v 37.960186 83.253098 -0.211832
v 38.304905 83.457626 -0.416367
v 37.876987 83.311920 -0.270662
v 38.166241 83.555679 -0.514416
v 37.780605 83.359642 -0.318382
v 38.005608 83.635208 -0.593950
v 37.673969 83.394806 -0.353544
v 37.827877 83.693817 -0.652554
v 37.560318 83.416336 -0.375076
v 37.638458 83.729706 -0.688442
v 37.443108 83.423592 -0.382328
v 37.443108 83.741791 -0.700527
v 37.325893 83.416336 -0.375076
v 37.247753 83.729706 -0.688442
v 37.212242 83.394806 -0.353544
v 37.058334 83.693817 -0.652554
v 37.105606 83.359642 -0.318382
v 36.880608 83.635208 -0.593950
v 37.009224 83.311920 -0.270662
v 36.719971 83.555679 -0.514416
v 36.926025 83.253098 -0.211832
v 36.581306 83.457626 -0.416367
v 36.858540 83.184944 -0.143681
v 36.468826 83.344040 -0.302780
v 36.808815 83.109543 -0.068277
v 36.385952 83.218369 -0.177107
v 36.778362 83.029175 0.012087
v 36.335197 83.084427 -0.043167
v 36.768105 82.946289 0.094969
v 36.318108 82.946289 0.094969
v 36.778362 82.863411 0.177851
v 36.335197 82.808159 0.233105
v 36.808815 82.783051 0.258213
v 36.385952 82.674217 0.367043
v 36.858540 82.707642 0.333618
v 36.468826 82.548546 0.492716
v 36.926025 82.639496 0.401770
v 36.581306 82.434959 0.606304
v 37.009224 82.580658 0.460600
v 36.719971 82.336906 0.704353
v 37.105606 82.532944 0.508320
v 36.880608 82.257370 0.783888
v 37.212242 82.497780 0.543482
v 37.058334 82.198776 0.842489
v 37.325893 82.476250 0.565014
v 37.247753 82.162888 0.878378
v 37.443108 82.468994 0.572266
v 37.443108 82.150795 0.890465
v 37.560318 82.476250 0.565014
v 37.638462 82.162888 0.878378
v 37.673969 82.497780 0.543482
v 37.827881 82.198776 0.842489
v 37.780605 82.532944 0.508320
v 38.005608 82.257370 0.783888
v 37.876987 82.580658 0.460600
v 38.166245 82.336906 0.704353
v 37.247753 74.430069 -6.854441
v 37.364632 74.419922 -6.844292
v 37.209206 74.435364 -6.859737
v 37.058334 74.465958 -6.890329
v 36.781849 74.569908 -6.994282
v 36.880608 74.524559 -6.948933
v 36.914951 74.511093 -6.935471
v 36.661617 74.641243 -7.065619
v 36.719971 74.604095 -7.028465
v 36.400024 74.915482 -7.339851
v 36.468826 74.815727 -7.240103
v 36.556595 74.723724 -7.148094
v 36.581306 74.702141 -7.126516
v 36.385952 74.941399 -7.365776
v 36.351524 75.021027 -7.445402
v 36.335197 75.075340 -7.499714
v 36.324268 75.130325 -7.554699
v 36.318108 75.213478 -7.637850
v 36.318790 75.241241 -7.665611
v 36.335197 75.351616 -7.775986
v 36.431961 75.562202 -7.986572
v 36.385952 75.485550 -7.909925
v 36.373169 75.459297 -7.883671
v 36.510437 75.658310 -8.082685
v 36.468826 75.611221 -8.035599
v 36.846947 75.888092 -8.312469
v 36.719971 75.822861 -8.247234
v 36.607067 75.745766 -8.170139
v 36.581306 75.724815 -8.149185
v 36.880608 75.902397 -8.326771
v 36.985527 75.940201 -8.364571
v 37.058334 75.960999 -8.385372
v 37.133015 75.978157 -8.402531
v 37.247749 75.996887 -8.421261
v 37.286537 76.001228 -8.425606
v 37.443104 76.008972 -8.433346
v 37.753197 75.978157 -8.402531
v 37.638458 75.996887 -8.421261
v 37.599674 76.001228 -8.425606
v 37.900684 75.940201 -8.364571
v 37.827877 75.960999 -8.385372
v 38.279144 75.745766 -8.170139
v 38.166241 75.822861 -8.247234
v 38.039265 75.888092 -8.312469
v 38.005604 75.902397 -8.326771
v 38.304905 75.724815 -8.149185
v 38.375774 75.658310 -8.082685
v 38.417385 75.611221 -8.035599
v 38.454250 75.562202 -7.986572
v 38.500259 75.485550 -7.909925
v 38.513046 75.459297 -7.883671
v 38.551014 75.351616 -7.775986
v 38.561943 75.130325 -7.554699
v 38.568108 75.213478 -7.637850
v 38.567421 75.241241 -7.665611
v 38.534691 75.021027 -7.445402
v 38.551014 75.075340 -7.499714
v 38.329620 74.723724 -7.148094
v 38.417385 74.815727 -7.240103
v 38.486187 74.915482 -7.339851
v 38.500259 74.941399 -7.365776
v 38.304905 74.702141 -7.126516
v 38.224598 74.641243 -7.065619
v 38.166241 74.604095 -7.028465
v 38.104366 74.569908 -6.994282
v 38.005608 74.524559 -6.948933
v 37.971264 74.511093 -6.935471
v 37.827881 74.465958 -6.890329
v 37.443108 74.417984 -6.842354
v 37.521584 74.419922 -6.844292
v 37.638462 74.430069 -6.854441
v 37.677006 74.435364 -6.859737
v 38.039024 75.884140 -8.315880
v 38.512611 75.455513 -7.887257
v 38.485767 74.911919 -7.343658
v 37.971046 74.507698 -6.939440
v 37.209301 74.431999 -6.863739
v 36.556953 74.720238 -7.151978
v 36.319248 75.237541 -7.669287
v 36.607407 75.741867 -8.173611
v 37.286598 75.997223 -8.428970
v 37.139847 75.940414 -8.406570
v 36.995609 75.903290 -8.369450
v 37.138454 75.944809 -8.409046
v 36.993557 75.907516 -8.371754
v 37.137150 75.949585 -8.410706
v 36.991627 75.912132 -8.373253
v 37.135967 75.954620 -8.411495
v 36.989887 75.917023 -8.373901
v 37.134949 75.959747 -8.411396
v 36.988380 75.922028 -8.373672
v 37.134121 75.964821 -8.410404
v 36.987164 75.926994 -8.372581
v 37.133511 75.969673 -8.408554
v 36.986263 75.931770 -8.370659
v 37.133141 75.974159 -8.405907
v 36.985714 75.936218 -8.367962
v 36.530991 75.627617 -8.093777
v 36.454243 75.533623 -7.999779
v 36.526802 75.630577 -8.094814
v 36.449703 75.536148 -8.000387
v 36.522873 75.634010 -8.095127
v 36.445446 75.539177 -8.000296
v 36.519321 75.637825 -8.094700
v 36.441593 75.542625 -7.999500
v 36.516258 75.641899 -8.093548
v 36.438271 75.546387 -7.998034
v 36.513771 75.646118 -8.091702
v 36.435574 75.550346 -7.995934
v 36.511940 75.650337 -8.089226
v 36.433590 75.554382 -7.993267
v 36.510815 75.654449 -8.086189
v 36.432373 75.558372 -7.990116
v 36.348923 75.111267 -7.577423
v 36.375576 75.004379 -7.470535
v 36.343899 75.111847 -7.576092
v 36.370678 75.004471 -7.468712
v 36.339188 75.113060 -7.574181
v 36.366077 75.005226 -7.466341
v 36.334927 75.114868 -7.571741
v 36.361923 75.006615 -7.463486
v 36.331249 75.117210 -7.568853
v 36.358334 75.008591 -7.460239
v 36.328266 75.120018 -7.565601
v 36.355423 75.011108 -7.456697
v 36.326069 75.123199 -7.562088
v 36.353279 75.014084 -7.452969
v 36.324722 75.126671 -7.558418
v 36.351967 75.017426 -7.449165
v 36.678837 74.632965 -7.099121
v 36.796421 74.563194 -7.029354
v 36.675327 74.631355 -7.095592
v 36.793449 74.561264 -7.025507
v 36.672035 74.630501 -7.091621
v 36.790665 74.560120 -7.021235
v 36.669060 74.630447 -7.087320
v 36.788147 74.559792 -7.016663
v 36.666492 74.631180 -7.082825
v 36.785973 74.560287 -7.011932
v 36.664406 74.632683 -7.078270
v 36.784210 74.561600 -7.007187
v 36.662872 74.634911 -7.073795
v 36.782909 74.563690 -7.002573
v 36.661934 74.637794 -7.069536
v 36.782116 74.566483 -6.998226
v 37.366360 74.416512 -6.882671
v 37.519852 74.416512 -6.882671
v 37.366009 74.413910 -6.878151
v 37.520206 74.413910 -6.878151
v 37.365677 74.412125 -6.873245
v 37.520535 74.412125 -6.873245
v 37.365379 74.411232 -6.868103
v 37.520836 74.411232 -6.868103
v 37.365120 74.411232 -6.862881
v 37.521091 74.411232 -6.862881
v 37.364910 74.412148 -6.857735
v 37.521301 74.412148 -6.857735
v 37.364758 74.413940 -6.852825
v 37.521458 74.413940 -6.852825
v 37.364662 74.416557 -6.848299
v 37.521549 74.416557 -6.848299
v 38.089794 74.563194 -7.029354
v 38.207375 74.632965 -7.099121
v 38.092762 74.561264 -7.025507
v 38.210884 74.631355 -7.095592
v 38.095547 74.560120 -7.021235
v 38.214176 74.630501 -7.091621
v 38.098064 74.559792 -7.016663
v 38.217152 74.630447 -7.087320
v 38.100239 74.560287 -7.011932
v 38.219723 74.631180 -7.082825
v 38.102001 74.561600 -7.007187
v 38.221806 74.632683 -7.078270
v 38.103302 74.563690 -7.002573
v 38.223339 74.634911 -7.073795
v 38.104095 74.566483 -6.998226
v 38.224281 74.637794 -7.069536
v 38.510635 75.004379 -7.470535
v 38.537289 75.111267 -7.577423
v 38.515537 75.004471 -7.468712
v 38.542313 75.111847 -7.576092
v 38.520134 75.005226 -7.466341
v 38.547024 75.113060 -7.574181
v 38.524292 75.006615 -7.463486
v 38.551285 75.114868 -7.571741
v 38.527878 75.008591 -7.460239
v 38.554962 75.117210 -7.568853
v 38.530788 75.011108 -7.456697
v 38.557945 75.120018 -7.565601
v 38.532932 75.014084 -7.452969
v 38.560143 75.123199 -7.562088
v 38.534248 75.017426 -7.449165
v 38.561489 75.126671 -7.558418
v 38.431969 75.533623 -7.999779
v 38.355221 75.627617 -8.093777
v 38.436508 75.536148 -8.000387
v 38.359409 75.630577 -8.094814
v 38.440765 75.539177 -8.000296
v 38.363338 75.634010 -8.095127
v 38.444618 75.542625 -7.999500
v 38.366890 75.637825 -8.094700
v 38.447941 75.546387 -7.998034
v 38.369953 75.641899 -8.093548
v 38.450638 75.550346 -7.995934
v 38.372440 75.646118 -8.091702
v 38.452621 75.554382 -7.993267
v 38.374271 75.650337 -8.089226
v 38.453838 75.558372 -7.990116
v 38.375397 75.654449 -8.086189
v 37.890602 75.903290 -8.369450
v 37.746365 75.940414 -8.406570
v 37.892654 75.907516 -8.371754
v 37.747757 75.944809 -8.409046
v 37.894585 75.912132 -8.373253
v 37.749062 75.949585 -8.410706
v 37.896324 75.917023 -8.373901
v 37.750244 75.954620 -8.411495
v 37.897831 75.922028 -8.373672
v 37.751263 75.959747 -8.411396
v 37.899052 75.926994 -8.372581
v 37.752090 75.964821 -8.410404
v 37.899948 75.931770 -8.370659
v 37.752701 75.969673 -8.408554
v 37.900497 75.936218 -8.367962
v 37.753071 75.974159 -8.405907
v 37.443104 75.970551 -8.436707
v 37.289986 75.962982 -8.429138
v 37.443104 75.975082 -8.439323
v 37.289284 75.967476 -8.431717
v 37.443104 75.979996 -8.441113
v 37.288624 75.972351 -8.433472
v 37.443104 75.985146 -8.442017
v 37.288029 75.977478 -8.434349
v 37.443104 75.990372 -8.442017
v 37.287514 75.982681 -8.434326
v 37.443104 75.995522 -8.441109
v 37.287094 75.987808 -8.433395
v 37.443104 76.000435 -8.439323
v 37.286789 75.992706 -8.431595
v 37.443104 76.004967 -8.436707
v 36.847187 75.884140 -8.315880
v 36.847904 75.879753 -8.318640
v 36.849075 75.875076 -8.320663
v 36.850666 75.870247 -8.321896
v 36.852627 75.865417 -8.322292
v 36.854897 75.860725 -8.321846
v 36.857407 75.856323 -8.320564
v 36.860085 75.852341 -8.318495
v 36.735905 75.788544 -8.254700
v 36.732658 75.792236 -8.256477
v 36.729610 75.796364 -8.257483
v 36.726856 75.800804 -8.257681
v 36.724480 75.805420 -8.257069
v 36.722553 75.810081 -8.255665
v 36.721134 75.814629 -8.253511
v 36.720261 75.818932 -8.250673
v 36.625492 75.713142 -8.179302
v 36.621738 75.716492 -8.180735
v 36.618214 75.720299 -8.181416
v 36.615032 75.724449 -8.181320
v 36.612282 75.728813 -8.180456
v 36.610054 75.733261 -8.178844
v 36.608414 75.737656 -8.176540
v 36.373600 75.455513 -7.887257
v 36.374889 75.451645 -7.890533
v 36.376991 75.447815 -7.893400
v 36.379841 75.444130 -7.895775
v 36.383358 75.440704 -7.897581
v 36.387432 75.437645 -7.898766
v 36.391941 75.435051 -7.899292
v 36.396744 75.432991 -7.899147
v 36.359612 75.327675 -7.793835
v 36.354637 75.329254 -7.793495
v 36.349968 75.331398 -7.792517
v 36.345749 75.334045 -7.790920
v 36.342110 75.337112 -7.788761
v 36.339157 75.340515 -7.786100
v 36.336979 75.344131 -7.783020
v 36.335648 75.347870 -7.779615
v 36.343567 75.219734 -7.685894
v 36.338520 75.220818 -7.685059
v 36.333782 75.222496 -7.683615
v 36.329502 75.224724 -7.681599
v 36.325806 75.227432 -7.679077
v 36.322807 75.230537 -7.676121
v 36.320599 75.233940 -7.672825
v 36.400448 74.911919 -7.343658
v 36.401703 74.908699 -7.347588
v 36.403751 74.905937 -7.351524
v 36.406532 74.903702 -7.355349
v 36.409962 74.902069 -7.358942
v 36.413933 74.901077 -7.362198
v 36.418327 74.900772 -7.365015
v 36.423012 74.901154 -7.367311
v 36.490295 74.803604 -7.269760
v 36.485924 74.802773 -7.267015
v 36.481819 74.802658 -7.263779
v 36.478107 74.803268 -7.260143
v 36.474907 74.804573 -7.256222
v 36.472309 74.806541 -7.252131
v 36.470394 74.809113 -7.247999
v 36.469223 74.812202 -7.243950
v 36.576130 74.713623 -7.179779
v 36.572147 74.712379 -7.176620
v 36.568413 74.711876 -7.172997
v 36.565037 74.712135 -7.169010
v 36.562126 74.713142 -7.164787
v 36.559761 74.714867 -7.160450
v 36.558022 74.717255 -7.156139
v 36.915165 74.507698 -6.939440
v 36.915802 74.504967 -6.943855
v 36.916836 74.502998 -6.948586
v 36.918247 74.501839 -6.953487
v 36.919983 74.501534 -6.958412
v 36.921993 74.502090 -6.963207
v 36.924217 74.503487 -6.967728
v 36.926590 74.505684 -6.971840
v 37.066811 74.461533 -6.927692
v 37.065086 74.459137 -6.923378
v 37.063465 74.457550 -6.918669
v 37.062000 74.456825 -6.913700
v 37.060734 74.456985 -6.908630
v 37.059708 74.458023 -6.903606
v 37.058952 74.459900 -6.898788
v 37.058491 74.462578 -6.894318
v 37.214359 74.431618 -6.897778
v 37.213310 74.429085 -6.893326
v 37.212326 74.427368 -6.888485
v 37.211433 74.426529 -6.883400
v 37.210667 74.426582 -6.878231
v 37.210041 74.427536 -6.873125
v 37.209583 74.429359 -6.868246
v 37.676910 74.431999 -6.863739
v 37.676632 74.429359 -6.868246
v 37.676170 74.427536 -6.873125
v 37.675549 74.426582 -6.878231
v 37.674778 74.426529 -6.883400
v 37.673889 74.427368 -6.888485
v 37.672901 74.429085 -6.893326
v 37.671852 74.431618 -6.897778
v 37.819401 74.461533 -6.927692
v 37.821129 74.459137 -6.923378
v 37.822750 74.457550 -6.918669
v 37.824215 74.456825 -6.913700
v 37.825478 74.456985 -6.908630
v 37.826504 74.458023 -6.903606
v 37.827259 74.459900 -6.898788
v 37.827724 74.462578 -6.894318
v 37.959625 74.505684 -6.971840
v 37.961994 74.503487 -6.967728
v 37.964218 74.502090 -6.963207
v 37.966232 74.501534 -6.958412
v 37.967968 74.501839 -6.953487
v 37.969376 74.502998 -6.948586
v 37.970413 74.504967 -6.943855
v 38.329258 74.720238 -7.151978
v 38.328194 74.717255 -7.156139
v 38.326450 74.714867 -7.160450
v 38.324089 74.713142 -7.164787
v 38.321175 74.712135 -7.169010
v 38.317799 74.711876 -7.172997
v 38.314064 74.712379 -7.176620
v 38.310081 74.713623 -7.179779
v 38.395916 74.803604 -7.269760
v 38.400291 74.802773 -7.267015
v 38.404396 74.802658 -7.263779
v 38.408104 74.803268 -7.260143
v 38.411308 74.804573 -7.256222
v 38.413902 74.806541 -7.252131
v 38.415817 74.809113 -7.247999
v 38.416988 74.812202 -7.243950
v 38.463203 74.901154 -7.367311
v 38.467888 74.900772 -7.365015
v 38.472279 74.901077 -7.362198
v 38.476254 74.902069 -7.358942
v 38.479679 74.903702 -7.355349
v 38.482460 74.905937 -7.351524
v 38.484512 74.908699 -7.347588
v 38.566967 75.237541 -7.669287
v 38.565613 75.233940 -7.672825
v 38.563404 75.230537 -7.676121
v 38.560406 75.227432 -7.679077
v 38.556709 75.224724 -7.681599
v 38.552429 75.222496 -7.683615
v 38.547695 75.220818 -7.685059
v 38.542645 75.219734 -7.685894
v 38.526600 75.327675 -7.793835
v 38.531574 75.329254 -7.793495
v 38.536243 75.331398 -7.792517
v 38.540462 75.334045 -7.790920
v 38.544102 75.337112 -7.788761
v 38.547058 75.340515 -7.786100
v 38.549232 75.344131 -7.783020
v 38.550568 75.347870 -7.779615
v 38.489468 75.432991 -7.899147
v 38.494270 75.435051 -7.899292
v 38.498779 75.437645 -7.898766
v 38.502853 75.440704 -7.897581
v 38.506371 75.444130 -7.895775
v 38.509220 75.447815 -7.893400
v 38.511322 75.451645 -7.890533
v 38.278805 75.741867 -8.173611
v 38.277798 75.737656 -8.176540
v 38.276157 75.733261 -8.178844
v 38.273930 75.728813 -8.180456
v 38.271179 75.724449 -8.181320
v 38.267998 75.720299 -8.181416
v 38.264473 75.716492 -8.180735
v 38.260719 75.713142 -8.179302
v 38.150307 75.788544 -8.254700
v 38.153553 75.792236 -8.256477
v 38.156601 75.796364 -8.257483
v 38.159355 75.800804 -8.257681
v 38.161732 75.805420 -8.257069
v 38.163658 75.810081 -8.255665
v 38.165077 75.814629 -8.253511
v 38.165947 75.818932 -8.250673
v 38.026127 75.852341 -8.318495
v 38.028805 75.856323 -8.320564
v 38.031315 75.860725 -8.321846
v 38.033585 75.865417 -8.322292
v 38.035545 75.870247 -8.321896
v 38.037136 75.875076 -8.320663
v 38.038307 75.879753 -8.318640
v 37.599613 75.997223 -8.428970
v 37.599422 75.992706 -8.431595
v 37.599117 75.987808 -8.433395
v 37.598698 75.982681 -8.434326
v 37.598183 75.977478 -8.434349
v 37.597588 75.972351 -8.433472
v 37.596928 75.967476 -8.431717
v 37.596226 75.962982 -8.429138
v 35.943104 80.867401 -4.105246
v 35.943104 89.082130 4.109489
v 38.943104 80.867401 -4.105247
v 38.943104 89.082130 4.109488
v 35.943108 78.746078 -1.983925
v 35.943108 86.960808 6.230810
v 38.943108 78.746078 -1.983927
v 38.943108 86.960808 6.230808
v 36.858540 79.525665 -2.848364
v 36.926025 79.457512 -2.780212
v 36.003105 78.746078 -2.068777
v 38.883106 80.782547 -4.105247
v 37.443108 80.241608 -3.564310
v 36.003105 80.782547 -4.105246
v 37.325893 80.234360 -3.557058
v 37.212242 80.212822 -3.535526
v 37.105606 80.177666 -3.500364
v 37.009224 80.129944 -3.452644
v 36.926025 80.071114 -3.393814
v 36.858540 80.002960 -3.325661
v 36.808815 79.927559 -3.250259
v 37.780605 79.350960 -2.673660
v 37.876987 79.398682 -2.721382
v 38.883106 78.746078 -2.068779
v 36.808815 79.601067 -2.923767
v 37.009224 79.398682 -2.721382
v 37.105606 79.350960 -2.673660
v 37.212242 79.315804 -2.638500
v 37.673969 79.315804 -2.638500
v 36.778362 79.847191 -3.169895
v 36.768105 79.764313 -3.087013
v 36.778362 79.681435 -3.004131
v 37.325893 79.294266 -2.616966
v 37.443108 79.287018 -2.609715
v 37.560318 79.294266 -2.616966
v 37.960186 79.457512 -2.780212
v 38.027672 79.525665 -2.848364
v 38.077400 79.601067 -2.923767
v 38.077400 79.927559 -3.250259
v 38.027672 80.002960 -3.325661
v 38.107853 79.681435 -3.004131
v 38.118107 79.764313 -3.087013
v 38.107853 79.847191 -3.169895
v 37.960186 80.071114 -3.393814
v 37.876987 80.129944 -3.452644
v 37.780605 80.177666 -3.500364
v 37.673969 80.212822 -3.535526
v 37.560318 80.234360 -3.557058
v 37.443108 82.946289 0.094969
v 38.929070 80.830200 -4.122591
v 38.932255 80.835388 -4.121910
v 38.932255 78.729416 -2.015934
v 38.935066 80.840500 -4.120775
v 38.935070 78.730553 -2.010822
v 38.937485 80.845497 -4.119202
v 38.937485 78.732124 -2.005831
v 38.939487 80.850327 -4.117199
v 38.939487 78.734123 -2.000996
v 38.941063 80.854973 -4.114782
v 38.941063 78.736542 -1.996353
v 38.942196 80.859390 -4.111969
v 38.942196 78.739357 -1.991938
v 38.942879 80.863541 -4.108784
v 38.942879 78.742538 -1.987785
v 38.929070 78.728737 -2.021122
v 38.921673 78.728737 -2.031582
v 38.921673 80.819740 -4.122593
v 38.913109 78.730553 -2.041882
v 38.913105 80.809448 -4.120775
v 38.903629 78.734131 -2.051710
v 38.903625 80.799614 -4.117199
v 38.893524 78.739357 -2.060768
v 38.893524 80.790558 -4.111969
v 35.957142 80.830200 -4.122589
v 35.953957 80.835388 -4.121908
v 35.951145 80.840500 -4.120773
v 35.948727 80.845497 -4.119200
v 35.946724 80.850327 -4.117197
v 35.945148 80.854973 -4.114780
v 35.944016 80.859390 -4.111967
v 35.943333 80.863541 -4.108782
v 35.964539 80.819740 -4.122591
v 35.973106 80.809448 -4.120773
v 35.982586 80.799614 -4.117197
v 35.992687 80.790558 -4.111967
v 35.992687 78.739357 -2.060766
v 35.982586 78.734131 -2.051708
v 35.973106 78.730553 -2.041880
v 35.964539 78.728737 -2.031580
v 35.957146 78.728737 -2.021120
v 35.953957 78.729416 -2.015932
v 35.951145 78.730553 -2.010820
v 35.945152 78.736542 -1.996351
v 35.946724 78.734123 -2.000994
v 35.948727 78.732124 -2.005829
v 35.943336 78.742538 -1.987783
v 35.944019 78.739357 -1.991936
v 47.909313 58.416279 69.257507
v 47.886791 58.158760 69.257507
v 47.340839 58.052906 69.257507
v 47.742447 57.854576 69.257507
v 47.909313 57.901184 69.257507
v 47.943813 57.751415 69.257507
v 47.348625 58.365494 69.257507
v 47.404285 58.673195 69.257507
v 47.976234 58.666027 69.257507
v 47.506516 58.968727 69.257507
v 48.085506 58.900337 69.257507
v 47.652851 59.245060 69.257507
v 48.233795 59.112156 69.257507
v 47.839882 59.495686 69.257507
v 48.416607 59.294968 69.257507
v 48.063137 59.714645 69.257507
v 48.628395 59.443226 69.257507
v 48.317345 59.896744 69.257507
v 48.862720 59.552513 69.257500
v 48.946411 59.580173 69.257500
v 50.812809 58.502632 69.257500
v 51.401482 58.116104 69.257500
v 50.830688 58.416279 69.257500
v 50.853226 58.158760 69.257500
v 50.506222 57.205338 69.257500
v 50.798401 56.713619 69.257507
v 50.323410 57.022526 69.257500
v 50.559753 56.511551 69.257507
v 50.111618 56.874237 69.257500
v 50.292923 56.348488 69.257507
v 49.877296 56.764980 69.257507
v 49.920376 56.597164 69.257507
v 49.730354 56.719963 69.257507
v 50.830688 57.901184 69.257500
v 51.370888 57.804890 69.257500
v 50.763783 57.651466 69.257500
v 51.292900 57.502079 69.257500
v 50.654510 57.417130 69.257500
v 51.169373 57.214813 69.257507
v 51.003227 56.949879 69.257507
v 36.299553 60.403103 69.257500
v 36.404308 60.290657 69.257500
v 35.731396 60.250256 69.257500
v 36.358208 62.375725 69.257500
v 36.299553 62.309891 69.257500
v 35.655136 62.335323 69.257500
v 36.151264 62.098129 69.257500
v 35.526047 62.050503 69.257500
v 36.041992 61.863789 69.257500
v 35.442165 61.749256 69.257500
v 35.975086 61.614071 69.257500
v 35.405514 61.438728 69.257500
v 35.952549 61.356495 69.257500
v 35.416939 61.126225 69.257500
v 35.975086 61.098949 69.257500
v 35.476181 60.819183 69.257500
v 36.041992 60.849201 69.257500
v 35.581829 60.524887 69.257500
v 36.151264 60.614918 69.257500
v 38.513340 62.375725 69.257507
v 39.216396 62.335323 69.257507
v 38.571980 62.309891 69.257507
v 38.720280 62.098129 69.257507
v 38.829540 61.863789 69.257507
v 39.345497 62.050503 69.257507
v 38.896458 61.614071 69.257507
v 39.429367 61.749256 69.257507
v 38.918995 61.356495 69.257507
v 39.466034 61.438728 69.257507
v 38.896458 61.098949 69.257507
v 39.454594 61.126225 69.257507
v 39.395363 60.819183 69.257507
v 38.829540 60.849201 69.257507
v 39.289700 60.524887 69.257507
v 38.720280 60.614918 69.257500
v 39.140152 60.250256 69.257507
v 38.571980 60.403103 69.257500
v 38.467224 60.290657 69.257500
v 25.925121 59.580173 69.257507
v 26.554199 59.896744 69.257500
v 26.008823 59.552513 69.257507
v 26.243134 59.443226 69.257507
v 26.927719 57.751415 69.257500
v 26.962217 57.901184 69.257500
v 27.530691 58.052906 69.257500
v 26.984753 58.158760 69.257500
v 27.522905 58.365494 69.257500
v 26.962217 58.416279 69.257500
v 27.467245 58.673195 69.257500
v 26.895298 58.666027 69.257500
v 26.454924 59.294968 69.257507
v 26.808409 59.714645 69.257500
v 26.637749 59.112156 69.257500
v 27.031666 59.495686 69.257500
v 26.786039 58.900337 69.257500
v 27.218679 59.245060 69.257500
v 27.365032 58.968727 69.257500
v 56.970261 50.375660 69.257507
v 56.821972 50.163898 69.257507
v 56.296249 50.345173 69.257507
v 56.712700 49.929562 69.257507
v 56.667698 49.782619 69.257507
v 58.450352 50.865074 69.257507
v 58.364029 50.882954 69.257507
v 58.063839 51.453751 69.257507
v 58.106480 50.905476 69.257507
v 57.752640 51.423153 69.257507
v 57.848919 50.882954 69.257507
v 57.449814 51.345150 69.257507
v 57.599186 50.816048 69.257507
v 57.162548 51.221634 69.257507
v 57.364861 50.706787 69.257507
v 56.897629 51.055496 69.257507
v 57.153072 50.558472 69.257507
v 56.661354 50.850655 69.257507
v 56.459286 50.612030 69.257507
v 59.527920 48.998688 69.257507
v 59.844463 48.369614 69.257507
v 59.500248 48.914974 69.257507
v 59.390976 48.680664 69.257507
v 57.699150 47.996078 69.257507
v 57.848919 47.961578 69.257507
v 58.000626 47.393093 69.257507
v 58.106480 47.939056 69.257507
v 58.313229 47.400894 69.257507
v 58.364029 47.961578 69.257507
v 58.620930 47.456539 69.257507
v 58.613762 48.028488 69.257507
v 59.242687 48.468872 69.257507
v 59.662365 48.115387 69.257507
v 59.059875 48.286060 69.257507
v 59.443420 47.892147 69.257507
v 58.848083 48.137745 69.257507
v 59.192795 47.705105 69.257507
v 58.916462 47.558765 69.257507
v 16.507504 50.882954 69.257507
v 16.421177 50.865074 69.257507
v 16.807697 51.453751 69.257507
v 18.203840 49.782619 69.257507
v 18.158831 49.929562 69.257507
v 18.575294 50.345173 69.257507
v 18.049564 50.163898 69.257507
v 18.412243 50.612030 69.257507
v 17.901276 50.375660 69.257507
v 18.210192 50.850655 69.257507
v 17.718456 50.558472 69.257507
v 17.973904 51.055496 69.257507
v 17.708996 51.221634 69.257507
v 17.506668 50.706787 69.257507
v 17.421722 51.345150 69.257507
v 17.272350 50.816048 69.257507
v 17.118906 51.423153 69.257507
v 17.022617 50.882954 69.257507
v 16.765064 50.905476 69.257507
v 16.507504 47.961578 69.257507
v 16.765064 47.939056 69.257507
v 16.870916 47.393093 69.257507
v 17.022617 47.961578 69.257507
v 17.172382 47.996078 69.257507
v 15.343611 48.998688 69.257507
v 15.371290 48.914974 69.257507
v 15.027075 48.369614 69.257507
v 15.480556 48.680664 69.257507
v 15.209173 48.115387 69.257507
v 15.628851 48.468872 69.257507
v 15.428123 47.892147 69.257507
v 15.811663 48.286060 69.257507
v 15.678736 47.705105 69.257507
v 16.023453 48.137745 69.257507
v 15.955076 47.558765 69.257507
v 16.257771 48.028488 69.257507
v 16.250601 47.456539 69.257507
v 16.558308 47.400894 69.257507
v 13.824854 38.948723 69.257507
v 14.104614 39.447628 69.257507
v 14.074581 38.881805 69.257507
v 14.398924 39.341965 69.257507
v 14.308905 38.772545 69.257507
v 14.673542 39.192413 69.257507
v 14.520687 38.624245 69.257507
v 14.644482 38.745464 69.257507
v 14.633139 38.519489 69.257507
v 12.548079 38.565590 69.257507
v 12.588480 39.268661 69.257507
v 12.613894 38.624245 69.257507
v 12.825682 38.772545 69.257507
v 13.059999 38.881805 69.257507
v 12.873287 39.397766 69.257507
v 13.309732 38.948723 69.257507
v 13.174532 39.481628 69.257507
v 13.567293 38.971245 69.257507
v 13.485081 39.518284 69.257507
v 13.797573 39.506859 69.257507
v 14.074581 36.094257 69.257507
v 14.308905 36.203529 69.257507
v 14.673542 35.783661 69.257507
v 14.644482 36.230598 69.257507
v 14.520687 36.351818 69.257507
v 14.633139 36.456573 69.257507
v 12.548079 36.410469 69.257507
v 12.613894 36.351818 69.257507
v 12.588480 35.707401 69.257507
v 12.825682 36.203529 69.257507
v 12.873287 35.578300 69.257507
v 13.059999 36.094257 69.257507
v 13.174532 35.494431 69.257507
v 13.309732 36.027351 69.257507
v 13.485081 35.457779 69.257507
v 13.567293 36.004814 69.257507
v 13.797573 35.469204 69.257507
v 13.824854 36.027351 69.257507
v 14.104614 35.528450 69.257507
v 14.398924 35.634094 69.257507
v 15.343611 25.977386 69.257515
v 15.027075 26.606464 69.257507
v 15.371290 26.061089 69.257507
v 15.480556 26.295399 69.257507
v 17.172382 26.979988 69.257507
v 17.022617 27.014481 69.257507
v 16.870916 27.582954 69.257507
v 16.765064 27.037018 69.257507
v 16.558308 27.575172 69.257507
v 16.507504 27.014481 69.257507
v 16.250601 27.519508 69.257507
v 16.257771 26.947563 69.257507
v 15.628851 26.507187 69.257507
v 15.209173 26.860661 69.257507
v 15.811663 26.690002 69.257507
v 15.428123 27.083931 69.257507
v 16.023453 26.838303 69.257507
v 15.678736 27.270943 69.257507
v 15.955076 27.417297 69.257507
v 17.901276 24.600403 69.257515
v 18.049564 24.812191 69.257515
v 18.575294 24.630890 69.257507
v 18.158831 25.046501 69.257515
v 18.203840 25.193443 69.257515
v 16.421177 24.110989 69.257515
v 16.507504 24.093109 69.257515
v 16.807697 23.522327 69.257515
v 16.765064 24.070572 69.257515
v 17.118906 23.552925 69.257515
v 17.022617 24.093109 69.257515
v 17.421722 23.630913 69.257515
v 17.272350 24.160027 69.257515
v 17.708996 23.754440 69.257515
v 17.506668 24.269287 69.257515
v 17.973904 23.920582 69.257515
v 17.718456 24.417576 69.257515
v 18.210192 24.125408 69.257515
v 18.412243 24.364059 69.257507
v 25.141178 18.256111 69.257515
v 24.994236 18.211098 69.257515
v 24.578625 18.627563 69.257515
v 24.759926 18.101837 69.257515
v 24.311794 18.464508 69.257515
v 24.548138 17.953537 69.257515
v 24.073143 18.262459 69.257515
v 24.365324 17.770721 69.257515
v 24.058723 16.473442 69.257523
v 23.470062 16.859970 69.257515
v 24.040844 16.559769 69.257523
v 24.018307 16.817329 69.257523
v 24.040844 17.074890 69.257515
v 23.500660 17.171158 69.257515
v 24.107763 17.324612 69.257515
v 23.578648 17.473995 69.257515
v 24.217022 17.558933 69.257515
v 23.702175 17.761261 69.257515
v 23.868317 18.026169 69.257515
v 26.962217 16.559769 69.257515
v 26.984753 16.817329 69.257515
v 27.530691 16.923168 69.257515
v 26.962217 17.074890 69.257515
v 26.927719 17.224648 69.257515
v 25.925121 15.395878 69.257515
v 26.008823 15.423561 69.257515
v 26.554199 15.079334 69.257515
v 26.243134 15.532822 69.257515
v 26.808409 15.261433 69.257515
v 26.454924 15.681110 69.257515
v 27.031666 15.480389 69.257515
v 26.637749 15.863922 69.257515
v 27.218679 15.731003 69.257515
v 26.786039 16.075710 69.257515
v 27.365032 16.007347 69.257515
v 26.895298 16.310036 69.257515
v 27.467245 16.302868 69.257515
v 27.522905 16.610580 69.257515
v 38.829540 14.126846 69.257515
v 38.720280 14.361156 69.257515
v 39.140152 14.725807 69.257515
v 38.571980 14.572945 69.257515
v 38.467224 14.685406 69.257515
v 39.289700 14.451191 69.257515
v 39.395363 14.156868 69.257515
v 38.896458 13.877113 69.257515
v 39.454594 13.849838 69.257515
v 38.918995 13.619553 69.257515
v 39.466034 13.537346 69.257523
v 38.896458 13.362007 69.257523
v 39.429367 13.226791 69.257523
v 38.829540 13.112259 69.257523
v 39.345497 12.925549 69.257523
v 38.720280 12.877949 69.257523
v 39.216396 12.640755 69.257523
v 38.571980 12.666161 69.257523
v 38.513340 12.600349 69.257523
v 48.946411 15.395878 69.257515
v 48.317345 15.079334 69.257515
v 48.862720 15.423561 69.257515
v 48.628395 15.532822 69.257515
v 47.976234 16.310036 69.257515
v 47.404285 16.302868 69.257523
v 47.909313 16.559769 69.257515
v 47.348625 16.610580 69.257523
v 47.886791 16.817329 69.257515
v 47.340839 16.923168 69.257515
v 47.909313 17.074890 69.257515
v 47.742447 17.121487 69.257507
v 47.943813 17.224648 69.257515
v 48.416607 15.681110 69.257515
v 48.063137 15.261433 69.257515
v 48.233795 15.863922 69.257515
v 47.839882 15.480389 69.257515
v 48.085506 16.075710 69.257515
v 47.652851 15.731003 69.257523
v 47.506516 16.007347 69.257523
v 50.323410 17.953537 69.257515
v 50.111618 18.101837 69.257515
v 50.292923 18.627563 69.257515
v 49.920376 18.378914 69.257515
v 49.877296 18.211098 69.257515
v 49.730354 18.256111 69.257515
v 50.812809 16.473442 69.257515
v 50.830688 16.559769 69.257515
v 51.401482 16.859970 69.257515
v 50.853226 16.817329 69.257515
v 51.370888 17.171158 69.257515
v 50.830688 17.074890 69.257515
v 51.292900 17.473995 69.257515
v 50.763783 17.324612 69.257515
v 51.169373 17.761261 69.257515
v 50.654510 17.558933 69.257515
v 51.003227 18.026169 69.257515
v 50.506222 17.770721 69.257515
v 50.798401 18.262459 69.257515
v 50.559753 18.464508 69.257515
v 58.364029 27.014481 69.257507
v 58.106480 27.037018 69.257507
v 58.000626 27.582954 69.257507
v 57.848919 27.014481 69.257507
v 57.699150 26.979988 69.257507
v 59.527920 25.977386 69.257515
v 59.500248 26.061089 69.257507
v 59.844463 26.606464 69.257507
v 59.390976 26.295399 69.257507
v 59.662365 26.860661 69.257507
v 59.242687 26.507187 69.257507
v 59.443420 27.083931 69.257507
v 59.059875 26.690002 69.257507
v 59.192795 27.270943 69.257507
v 58.848083 26.838303 69.257507
v 58.916462 27.417297 69.257507
v 58.613762 26.947563 69.257507
v 58.620930 27.519508 69.257507
v 58.313229 27.575172 69.257507
v 58.364029 24.093109 69.257507
v 58.450352 24.110989 69.257507
v 58.063839 23.522327 69.257507
v 56.667698 25.193443 69.257507
v 56.712700 25.046501 69.257507
v 56.296249 24.630890 69.257507
v 56.821972 24.812191 69.257507
v 56.459286 24.364059 69.257507
v 56.970261 24.600403 69.257507
v 56.661354 24.125408 69.257507
v 57.153072 24.417576 69.257507
v 56.897629 23.920582 69.257507
v 57.162548 23.754440 69.257507
v 57.364861 24.269287 69.257507
v 57.449814 23.630913 69.257507
v 57.599186 24.160027 69.257507
v 57.752640 23.552925 69.257507
v 57.848919 24.093109 69.257507
v 58.106480 24.070572 69.257507
v 60.796951 38.881805 69.257507
v 60.562637 38.772545 69.257507
v 60.197990 39.192413 69.257507
v 60.350849 38.624245 69.257507
v 60.238392 38.519489 69.257507
v 62.323460 38.565590 69.257507
v 62.257637 38.624245 69.257507
v 62.283058 39.268661 69.257507
v 62.045849 38.772545 69.257507
v 61.998253 39.397766 69.257507
v 61.811539 38.881805 69.257507
v 61.697006 39.481628 69.257507
v 61.561806 38.948723 69.257507
v 61.386463 39.518284 69.257507
v 61.304245 38.971245 69.257507
v 61.073956 39.506859 69.257507
v 61.046684 38.948723 69.257507
v 60.766930 39.447628 69.257507
v 60.472607 39.341965 69.257507
v 62.323460 36.410469 69.257507
v 62.283058 35.707401 69.257507
v 62.257637 36.351818 69.257507
v 62.045849 36.203529 69.257507
v 60.238392 36.456573 69.257507
v 60.350849 36.351818 69.257507
v 60.197990 35.783661 69.257507
v 60.562637 36.203529 69.257507
v 60.472607 35.634094 69.257507
v 60.796951 36.094257 69.257507
v 60.766930 35.528450 69.257507
v 61.046684 36.027351 69.257507
v 61.811539 36.094257 69.257507
v 61.998253 35.578300 69.257507
v 61.561806 36.027351 69.257507
v 61.697006 35.494431 69.257507
v 61.304245 36.004814 69.257507
v 61.386463 35.457779 69.257507
v 61.073956 35.469204 69.257507
v 18.260330 48.878033 68.708801
v 18.143106 48.626637 68.708801
v 19.128820 50.181808 68.708801
v 24.242401 55.438271 68.708801
v 26.297146 56.780689 68.708801
v 26.045765 56.663467 68.708801
v 23.917439 55.880386 68.708801
v 25.777849 56.591671 68.708801
v 24.578623 56.348488 68.708801
v 25.501530 56.567501 68.708801
v 25.225208 56.591671 68.708801
v 23.910295 58.158760 68.708801
v 23.934467 58.435066 68.708801
v 23.470062 58.116104 68.708801
v 24.006264 58.702969 68.708801
v 24.123486 58.954334 68.708801
v 24.282581 59.181561 68.708801
v 23.223047 58.611370 68.708801
v 24.478703 59.377693 68.708801
v 24.705914 59.536777 68.708801
v 15.387014 50.217896 68.708801
v 15.546110 50.445095 68.708801
v 15.953489 51.152176 68.708801
v 15.742237 50.641228 68.708801
v 15.969448 50.800339 68.708801
v 17.984016 50.445095 68.708801
v 18.143106 50.217896 68.708801
v 18.575294 50.345173 68.708809
v 24.957294 56.663467 68.708801
v 24.705914 56.780689 68.708801
v 24.311792 56.511551 68.708801
v 24.478703 56.939774 68.708801
v 24.073143 56.713619 68.708801
v 24.282581 57.135933 68.708801
v 23.934467 57.882427 68.708801
v 23.500658 57.804890 68.708801
v 24.006264 57.614498 68.708801
v 23.578648 57.502079 68.708801
v 24.123486 57.363129 68.708801
v 23.702175 57.214813 68.708801
v 23.868317 56.949879 68.708801
v 16.220829 50.917534 68.708801
v 16.807697 51.453751 68.708801
v 17.472309 53.288574 68.708801
v 17.282341 52.130341 68.708801
v 19.202744 55.257492 68.708801
v 18.923279 54.156769 68.708801
v 21.126457 57.038044 68.708801
v 20.767054 56.000523 68.708801
v 22.793442 57.641468 68.708801
v 18.332119 49.145962 68.708801
v 18.356297 49.422268 68.708801
v 22.347794 53.877937 68.708801
v 21.976181 54.281631 68.708801
v 20.636356 52.118641 68.708801
v 20.222570 52.479019 68.708801
v 18.677914 50.494423 68.708801
v 18.260330 49.966503 68.708801
v 18.332119 49.698574 68.708801
v 16.488750 50.989330 68.708801
v 16.765064 51.013500 68.708801
v 17.118906 51.423153 68.708801
v 17.041376 50.989330 68.708801
v 17.421722 51.345150 68.708801
v 17.309299 50.917534 68.708801
v 17.708996 51.221634 68.708801
v 17.560680 50.800339 68.708801
v 17.973904 51.055496 68.708801
v 17.787884 50.641228 68.708801
v 18.210192 50.850655 68.708801
v 18.412243 50.612030 68.708801
v 36.216812 62.379322 68.708801
v 36.412945 62.575485 68.708801
v 35.655136 62.335323 68.708801
v 35.596127 59.689182 68.708801
v 37.435772 59.765293 68.708801
v 37.159451 59.789463 68.708801
v 36.640156 62.734566 68.708801
v 36.891537 62.851791 68.708801
v 35.470909 62.871815 68.708801
v 37.159451 62.923588 68.708801
v 37.435772 62.947758 68.708801
v 35.550819 60.236000 68.708801
v 36.891537 59.861256 68.708801
v 35.731396 60.250256 68.708801
v 36.640156 59.978481 68.708801
v 36.412945 60.137562 68.708801
v 36.216812 60.333668 68.708801
v 36.057716 60.560894 68.708801
v 35.581829 60.524887 68.708801
v 35.940506 60.812290 68.708801
v 35.476181 60.819183 68.708801
v 35.868710 61.080189 68.708801
v 35.416939 61.126225 68.708801
v 24.957294 59.653999 68.708801
v 25.470301 59.960793 68.708801
v 25.225208 59.725796 68.708801
v 25.501530 59.749966 68.708801
v 27.068592 58.435066 68.708801
v 27.092762 58.158760 68.708801
v 27.530689 58.052906 68.708801
v 27.068592 57.882427 68.708801
v 26.996796 57.614498 68.708801
v 25.777849 59.725796 68.708801
v 26.554199 59.896744 68.708801
v 27.844391 61.071980 68.708801
v 27.303547 60.245365 68.708801
v 30.320148 61.933170 68.708801
v 29.737844 61.179810 68.708801
v 32.871338 62.535248 68.708801
v 32.256474 61.854671 68.708801
v 34.831860 62.262592 68.708801
v 33.164989 59.352070 68.708801
v 33.059795 59.890591 68.708801
v 30.785679 58.749550 68.708801
v 30.621887 59.273212 68.708801
v 28.487106 57.888935 68.708801
v 28.266693 58.391422 68.708801
v 35.405514 61.438728 68.708801
v 35.844540 61.356495 68.708801
v 35.442165 61.749256 68.708801
v 35.868710 61.632832 68.708801
v 35.526047 62.050503 68.708801
v 35.940506 61.900761 68.708801
v 36.057716 62.152126 68.708801
v 26.879572 57.363129 68.708801
v 26.720490 57.135933 68.708801
v 26.524357 56.939774 68.708801
v 26.045765 59.653999 68.708801
v 26.297146 59.536777 68.708801
v 26.808407 59.714645 68.708801
v 26.524357 59.377693 68.708801
v 27.031664 59.495686 68.708801
v 26.720490 59.181561 68.708801
v 27.218678 59.245060 68.708801
v 26.879572 58.954334 68.708801
v 27.365030 58.968727 68.708801
v 26.996796 58.702969 68.708801
v 27.467243 58.673195 68.708801
v 27.522903 58.365494 68.708801
v 49.914238 59.653999 68.708801
v 50.165619 59.536777 68.708801
v 48.228508 60.546940 68.708801
v 49.646320 59.725796 68.708801
v 48.317345 59.896744 68.708801
v 49.370003 59.749966 68.708801
v 47.494690 57.364998 68.708801
v 48.574387 56.780689 68.708801
v 48.347187 56.939774 68.708801
v 38.231388 59.978481 68.708801
v 37.980007 59.861256 68.708801
v 38.049606 59.756832 68.708801
v 37.712078 59.789463 68.708801
v 48.574387 59.536777 68.708801
v 48.825779 59.653999 68.708801
v 49.093697 59.725796 68.708801
v 37.712078 62.923588 68.708801
v 38.091301 62.939297 68.708801
v 37.980007 62.851791 68.708801
v 38.231388 62.734566 68.708801
v 38.458584 62.575485 68.708801
v 39.216396 62.335323 68.708801
v 40.704754 62.736984 68.708801
v 40.039684 62.262592 68.708801
v 43.283546 62.267044 68.708801
v 42.615059 61.854671 68.708801
v 45.800365 61.534447 68.708801
v 45.133686 61.179810 68.708801
v 47.567982 60.245365 68.708801
v 48.151054 57.135933 68.708801
v 47.991959 57.363129 68.708801
v 47.340839 58.052906 68.708801
v 47.874733 57.614498 68.708801
v 45.247009 58.350910 68.708801
v 45.439396 58.864796 68.708801
v 42.904507 59.083591 68.708801
v 43.039211 59.615494 68.708801
v 40.495628 59.554134 68.708801
v 40.570995 60.097630 68.708801
v 39.140152 60.250256 68.708801
v 38.458584 60.137562 68.708801
v 47.802952 57.882427 68.708801
v 47.778770 58.158760 68.708801
v 47.348625 58.365494 68.708801
v 47.802952 58.435066 68.708801
v 47.404285 58.673195 68.708801
v 47.874733 58.702969 68.708801
v 38.931038 60.812290 68.708801
v 38.813812 60.560894 68.708801
v 38.654720 60.333668 68.708801
v 48.347187 59.377693 68.708801
v 48.063137 59.714645 68.708801
v 48.151054 59.181561 68.708801
v 47.839882 59.495686 68.708801
v 47.991959 58.954334 68.708801
v 47.652851 59.245060 68.708801
v 47.506516 58.968727 68.708801
v 38.654720 62.379322 68.708801
v 38.813812 62.152126 68.708801
v 39.345497 62.050503 68.708801
v 38.931038 61.900761 68.708801
v 39.429367 61.749256 68.708801
v 39.002823 61.632832 68.708801
v 39.466034 61.438728 68.708801
v 39.027004 61.356495 68.708801
v 39.454594 61.126225 68.708801
v 39.002823 61.080189 68.708801
v 39.395363 60.819183 68.708801
v 39.289700 60.524887 68.708801
v 48.825779 56.663467 68.708801
v 49.620270 56.137798 68.708801
v 56.539417 49.145962 68.708801
v 56.414188 49.154037 68.708801
v 56.611198 48.878033 68.708801
v 56.728424 48.626637 68.708801
v 56.515247 49.422268 68.708801
v 56.539417 49.698574 68.708801
v 56.296249 50.345173 68.708801
v 49.646320 56.591671 68.708801
v 49.370003 56.567501 68.708801
v 50.292923 56.348488 68.708801
v 49.093697 56.591671 68.708801
v 58.650703 50.917534 68.708801
v 58.063839 51.453751 68.708801
v 58.382786 50.989330 68.708801
v 58.106480 51.013500 68.708801
v 58.902096 50.800339 68.708801
v 59.129295 50.641228 68.708801
v 58.186146 52.239929 68.708801
v 59.325428 50.445095 68.708801
v 59.484524 50.217896 68.708801
v 55.015640 51.171017 68.708801
v 55.448639 51.508022 68.708801
v 53.403702 53.021881 68.708801
v 53.797012 53.404480 68.708801
v 51.597946 54.684223 68.708801
v 51.946762 55.107746 68.708801
v 50.392830 59.377693 68.708801
v 50.542244 59.315018 68.708801
v 50.588963 59.181561 68.708801
v 51.401482 58.116104 68.708801
v 50.748058 58.954334 68.708801
v 50.865280 58.702969 68.708801
v 56.611198 49.966503 68.708801
v 56.728424 50.217896 68.708801
v 56.459286 50.612030 68.708801
v 56.887520 50.445095 68.708801
v 56.661354 50.850655 68.708801
v 57.083652 50.641228 68.708801
v 57.830162 50.989330 68.708801
v 57.752640 51.423153 68.708801
v 57.562244 50.917534 68.708801
v 57.449814 51.345150 68.708801
v 57.310863 50.800339 68.708801
v 57.162548 51.221634 68.708801
v 56.897629 51.055496 68.708801
v 52.717041 57.851692 68.708801
v 52.078091 57.641468 68.708801
v 54.729874 56.172543 68.708801
v 54.104492 56.000523 68.708801
v 56.559372 54.295307 68.708801
v 55.948257 54.156769 68.708801
v 57.589203 52.130341 68.708801
v 50.392830 56.939774 68.708801
v 50.165619 56.780689 68.708801
v 49.914238 56.663467 68.708801
v 50.937065 58.435066 68.708801
v 50.961235 58.158760 68.708801
v 51.370888 57.804890 68.708801
v 50.937065 57.882427 68.708801
v 51.292896 57.502079 68.708801
v 50.865280 57.614498 68.708801
v 51.169369 57.214813 68.708801
v 50.748058 57.363129 68.708801
v 51.003227 56.949879 68.708801
v 50.588963 57.135933 68.708801
v 50.798401 56.713619 68.708801
v 50.559753 56.511551 68.708801
v 62.871307 37.764343 68.708817
v 62.895477 37.488037 68.708817
v 62.760536 40.105820 68.708809
v 59.673531 49.145962 68.708801
v 59.844463 48.369614 68.708801
v 59.697712 49.422268 68.708801
v 59.673531 49.698574 68.708801
v 62.799511 38.032257 68.708817
v 62.283058 39.268661 68.708809
v 62.682289 38.283653 68.708809
v 59.577812 39.938717 68.708809
v 59.713013 37.488037 68.708809
v 59.737183 37.764343 68.708809
v 60.764923 47.683460 68.708801
v 59.601746 49.966503 68.708801
v 59.592972 50.028164 68.708801
v 60.123173 39.999073 68.708809
v 59.808975 38.032257 68.708809
v 60.197990 39.192413 68.708809
v 59.926201 38.283653 68.708809
v 60.085297 38.510849 68.708809
v 58.382786 47.855232 68.708801
v 58.106480 47.831036 68.708801
v 58.000626 47.393093 68.708801
v 57.830162 47.855232 68.708801
v 57.562244 47.927002 68.708801
v 62.099861 38.866081 68.708809
v 62.327072 38.706985 68.708809
v 62.523205 38.510849 68.708809
v 57.310863 48.044224 68.708801
v 57.083652 48.203335 68.708801
v 57.582352 46.995441 68.708801
v 56.887520 48.399441 68.708801
v 59.601746 48.878033 68.708801
v 59.484524 48.626637 68.708801
v 59.662365 48.115387 68.708801
v 59.325428 48.399441 68.708801
v 59.443420 47.892147 68.708801
v 59.129295 48.203335 68.708801
v 59.192795 47.705105 68.708801
v 58.902096 48.044224 68.708801
v 58.916462 47.558765 68.708801
v 58.650703 47.927002 68.708801
v 58.620930 47.456539 68.708801
v 58.313229 47.400894 68.708801
v 60.193100 47.620235 68.708801
v 61.689590 45.230709 68.708801
v 61.127541 45.185940 68.708801
v 62.357147 42.695873 68.708809
v 61.802406 42.667324 68.708809
v 62.210312 40.091949 68.708809
v 59.173817 42.359650 68.708801
v 59.709248 42.479637 68.708809
v 58.505970 44.721436 68.708801
v 59.024937 44.899609 68.708801
v 58.078575 47.229614 68.708801
v 60.281418 38.706985 68.708809
v 60.508629 38.866081 68.708809
v 60.472607 39.341965 68.708809
v 60.760010 38.983307 68.708809
v 60.766930 39.447628 68.708809
v 61.027924 39.055084 68.708809
v 61.848480 38.983307 68.708809
v 61.998253 39.397766 68.708809
v 61.580566 39.055084 68.708809
v 61.697006 39.481628 68.708809
v 61.304245 39.079269 68.708809
v 61.386463 39.518284 68.708809
v 61.073956 39.506859 68.708809
v 62.799511 36.943802 68.708817
v 62.210312 34.884125 68.708817
v 61.802406 32.308739 68.708809
v 59.484524 24.758179 68.708817
v 59.592972 24.947899 68.708817
v 59.601746 25.009560 68.708817
v 60.764923 27.292587 68.708817
v 59.673531 25.277473 68.708817
v 59.484524 26.349411 68.708817
v 59.601746 26.098030 68.708817
v 59.844463 26.606464 68.708817
v 59.673531 25.830116 68.708817
v 59.697712 25.553795 68.708817
v 57.582352 27.980637 68.708817
v 56.728424 26.349411 68.708809
v 56.887520 26.576622 68.708809
v 61.127541 29.790108 68.708817
v 58.078575 27.746460 68.708817
v 57.083652 26.772758 68.708809
v 58.000626 27.582954 68.708817
v 57.310863 26.931839 68.708809
v 57.562244 27.049065 68.708809
v 62.871307 37.211716 68.708817
v 61.689590 29.745354 68.708817
v 62.357147 32.280205 68.708817
v 62.760536 34.870243 68.708817
v 60.193100 27.355812 68.708817
v 62.283058 35.707401 68.708809
v 62.682289 36.692421 68.708817
v 62.523205 36.465210 68.708809
v 57.830162 27.120857 68.708817
v 58.106480 27.145027 68.708817
v 58.313229 27.575172 68.708817
v 58.382786 27.120857 68.708817
v 58.620930 27.519508 68.708817
v 58.650703 27.049065 68.708817
v 59.325428 26.576622 68.708817
v 59.662365 26.860661 68.708817
v 59.129295 26.772758 68.708817
v 59.443420 27.083931 68.708817
v 58.902096 26.931839 68.708817
v 59.192795 27.270943 68.708817
v 58.916462 27.417297 68.708817
v 58.505970 30.254623 68.708809
v 59.024937 30.076454 68.708817
v 59.173817 32.616425 68.708809
v 59.709248 32.496429 68.708809
v 59.577812 35.037361 68.708809
v 60.123173 34.976990 68.708809
v 60.197990 35.783661 68.708809
v 60.760010 35.992760 68.708809
v 60.508629 36.109982 68.708809
v 60.281418 36.269077 68.708809
v 60.085297 36.465210 68.708809
v 59.926201 36.692421 68.708809
v 59.808975 36.943802 68.708809
v 59.737183 37.211716 68.708809
v 62.327072 36.269077 68.708809
v 62.099861 36.109982 68.708809
v 61.998253 35.578300 68.708809
v 61.848480 35.992760 68.708809
v 61.697006 35.494431 68.708809
v 61.580566 35.920975 68.708809
v 61.386463 35.457779 68.708809
v 61.304245 35.896805 68.708809
v 61.073956 35.469204 68.708809
v 61.027924 35.920975 68.708809
v 60.766930 35.528450 68.708809
v 60.472607 35.634094 68.708809
v 59.325428 24.530968 68.708817
v 58.186146 22.736145 68.708817
v 59.129295 24.334835 68.708817
v 49.620270 18.838280 68.708817
v 48.574387 18.195374 68.708817
v 48.825779 18.312595 68.708817
v 50.748058 16.021713 68.708817
v 50.588963 15.794502 68.708817
v 50.542244 15.661060 68.708817
v 50.392830 15.598370 68.708817
v 50.165619 15.439274 68.708817
v 56.515247 25.553795 68.708817
v 56.539417 25.830116 68.708817
v 56.414188 25.822041 68.708817
v 56.611198 26.098030 68.708817
v 58.902096 24.175751 68.708817
v 58.650703 24.058529 68.708817
v 58.063839 23.522327 68.708817
v 49.093697 18.384377 68.708817
v 49.370003 18.408562 68.708817
v 50.292923 18.627563 68.708817
v 49.646320 18.384377 68.708817
v 50.961235 16.817329 68.708817
v 50.937065 16.541008 68.708817
v 51.401482 16.859970 68.708817
v 50.865280 16.273094 68.708817
v 56.539417 25.277473 68.708817
v 56.296249 24.630890 68.708817
v 55.448639 23.468040 68.708817
v 55.015640 23.805061 68.708817
v 53.797012 21.571568 68.708817
v 53.403702 21.954178 68.708817
v 51.946762 19.868301 68.708817
v 51.597946 20.291851 68.708817
v 52.078091 17.334606 68.708817
v 52.717041 17.124355 68.708817
v 54.104492 18.975552 68.708817
v 54.729874 18.803535 68.708817
v 55.948257 20.819321 68.708817
v 56.559372 20.680756 68.708817
v 57.589203 22.845707 68.708817
v 56.887520 24.530968 68.708817
v 56.728424 24.758179 68.708817
v 56.611198 25.009560 68.708817
v 56.459286 24.364059 68.708817
v 56.661354 24.125408 68.708817
v 57.083652 24.334835 68.708817
v 56.897629 23.920582 68.708817
v 57.310863 24.175751 68.708817
v 57.162548 23.754440 68.708817
v 57.562244 24.058529 68.708817
v 57.449814 23.630913 68.708817
v 57.830162 23.986732 68.708817
v 57.752640 23.552925 68.708817
v 58.106480 23.962563 68.708817
v 58.382786 23.986732 68.708817
v 49.914238 18.312595 68.708817
v 50.165619 18.195374 68.708817
v 50.559753 18.464508 68.708817
v 50.392830 18.036278 68.708817
v 50.798401 18.262459 68.708817
v 50.588963 17.840141 68.708817
v 50.937065 17.093651 68.708817
v 51.370888 17.171158 68.708817
v 50.865280 17.361549 68.708817
v 51.292896 17.473995 68.708817
v 50.748058 17.612946 68.708817
v 51.169369 17.761261 68.708817
v 51.003227 18.026169 68.708817
v 15.134350 37.764343 68.708809
v 15.158525 37.488037 68.708809
v 15.192350 38.715240 68.708809
v 12.009817 38.798668 68.708801
v 11.976061 37.488037 68.708809
v 12.000238 37.764343 68.708809
v 17.787884 48.203335 68.708801
v 17.843515 48.090836 68.708801
v 17.984016 48.399441 68.708801
v 15.198008 49.145962 68.708801
v 15.027075 48.369614 68.708801
v 15.269791 48.878033 68.708801
v 15.387014 48.626637 68.708801
v 15.062561 38.032257 68.708809
v 15.173832 49.422268 68.708801
v 15.198008 49.698574 68.708801
v 14.662390 48.870918 68.708801
v 15.269791 49.966503 68.708801
v 12.072020 38.032257 68.708809
v 12.189243 38.283653 68.708801
v 12.588480 39.268661 68.708801
v 12.348339 38.510849 68.708809
v 17.560680 48.044224 68.708809
v 17.309299 47.927002 68.708809
v 16.870916 47.393093 68.708801
v 17.041376 47.855232 68.708801
v 16.765064 47.831036 68.708801
v 16.558308 47.400894 68.708801
v 16.488750 47.855232 68.708801
v 16.250601 47.456539 68.708801
v 16.220829 47.927002 68.708801
v 15.546110 48.399441 68.708801
v 15.209173 48.115387 68.708801
v 15.742237 48.203335 68.708801
v 15.428123 47.892147 68.708801
v 15.969448 48.044224 68.708801
v 15.678736 47.705105 68.708801
v 15.955076 47.558765 68.708801
v 16.796032 45.871155 68.708801
v 16.287666 46.077644 68.708801
v 15.999090 43.549744 68.708809
v 15.471094 43.699051 68.708809
v 15.462360 41.154755 68.708809
v 14.921139 41.245060 68.708809
v 14.673542 39.192413 68.708809
v 14.590115 38.706985 68.708809
v 14.786247 38.510849 68.708809
v 14.945335 38.283653 68.708809
v 12.544466 38.706985 68.708809
v 12.771677 38.866081 68.708801
v 12.873287 39.397766 68.708801
v 13.023058 38.983307 68.708801
v 13.174532 39.481628 68.708801
v 13.290979 39.055084 68.708801
v 13.485081 39.518284 68.708801
v 13.567293 39.079269 68.708801
v 13.797573 39.506859 68.708801
v 13.843607 39.055084 68.708801
v 14.104614 39.447628 68.708809
v 14.111528 38.983307 68.708809
v 14.398924 39.341965 68.708809
v 14.362909 38.866081 68.708809
v 12.279339 41.406036 68.708801
v 12.661222 40.091949 68.708801
v 12.815527 43.971893 68.708801
v 13.069124 42.667324 68.708801
v 13.612694 46.469006 68.708801
v 13.743996 45.185940 68.708801
v 14.678431 47.620235 68.708801
v 12.000238 37.211716 68.708809
v 12.009817 36.177399 68.708809
v 12.072020 36.943802 68.708809
v 15.192350 36.260826 68.708809
v 15.134350 37.211716 68.708809
v 17.560680 26.931839 68.708817
v 17.787884 26.772758 68.708817
v 17.843515 26.885242 68.708817
v 17.984016 26.576622 68.708817
v 18.143106 26.349411 68.708817
v 15.387014 24.758179 68.708817
v 15.269791 25.009560 68.708817
v 14.662390 26.105156 68.708817
v 15.198008 25.277473 68.708817
v 15.062561 36.943802 68.708809
v 14.945335 36.692421 68.708809
v 14.673542 35.783661 68.708809
v 14.786247 36.465210 68.708809
v 12.771677 36.109982 68.708809
v 12.544466 36.269077 68.708809
v 12.588480 35.707401 68.708809
v 12.348339 36.465210 68.708809
v 12.189243 36.692421 68.708809
v 15.027075 26.606464 68.708817
v 15.173832 25.553795 68.708817
v 15.198008 25.830116 68.708817
v 16.488750 27.120857 68.708817
v 16.765064 27.145027 68.708817
v 16.870916 27.582954 68.708817
v 17.041376 27.120857 68.708817
v 17.309299 27.049065 68.708817
v 15.462360 33.821323 68.708809
v 14.921139 33.731003 68.708809
v 15.999090 31.426315 68.708817
v 15.471094 31.277016 68.708817
v 16.796032 29.104893 68.708817
v 16.287666 28.898418 68.708817
v 14.590115 36.269077 68.708809
v 14.362909 36.109982 68.708809
v 14.398924 35.634094 68.708809
v 14.111528 35.992760 68.708809
v 14.104614 35.528450 68.708809
v 13.843607 35.920975 68.708809
v 12.661222 34.884125 68.708809
v 12.279339 33.570023 68.708809
v 13.069124 32.308739 68.708809
v 12.815527 31.004181 68.708809
v 13.743996 29.790108 68.708809
v 13.612694 28.507072 68.708817
v 14.678431 27.355812 68.708817
v 13.023058 35.992760 68.708809
v 12.873287 35.578300 68.708809
v 13.290979 35.920975 68.708809
v 13.174532 35.494431 68.708809
v 13.567293 35.896805 68.708809
v 13.485081 35.457779 68.708809
v 13.797573 35.469204 68.708809
v 15.269791 26.098030 68.708817
v 15.387014 26.349411 68.708817
v 15.209173 26.860661 68.708817
v 15.546110 26.576622 68.708817
v 15.428123 27.083931 68.708817
v 15.742237 26.772758 68.708817
v 15.678736 27.270943 68.708817
v 15.969448 26.931839 68.708817
v 15.955076 27.417297 68.708817
v 16.220829 27.049065 68.708817
v 16.250601 27.519508 68.708817
v 16.558308 27.575172 68.708817
v 24.705914 15.439274 68.708817
v 24.478703 15.598370 68.708817
v 23.223047 16.364708 68.708817
v 24.282581 15.794502 68.708817
v 19.128820 24.794281 68.708817
v 18.260330 26.098030 68.708817
v 23.470062 16.859970 68.708817
v 24.123486 16.021713 68.708817
v 24.006264 16.273094 68.708817
v 24.478703 18.036278 68.708817
v 24.705914 18.195374 68.708817
v 24.578623 18.627563 68.708817
v 24.957294 18.312595 68.708817
v 25.225208 18.384377 68.708817
v 18.677914 24.481625 68.708817
v 18.332119 25.830116 68.708817
v 18.575294 24.630890 68.708817
v 18.356297 25.553795 68.708817
v 18.332119 25.277473 68.708817
v 23.934467 16.541008 68.708817
v 23.910295 16.817329 68.708817
v 23.500658 17.171158 68.708817
v 23.934467 17.093651 68.708817
v 23.578648 17.473995 68.708817
v 24.006264 17.361549 68.708817
v 23.702175 17.761261 68.708817
v 24.123486 17.612946 68.708817
v 23.868317 18.026169 68.708817
v 24.282581 17.840141 68.708817
v 24.073143 18.262459 68.708817
v 24.311792 18.464508 68.708817
v 16.807697 23.522327 68.708817
v 15.953489 23.823902 68.708817
v 17.282341 22.845707 68.708817
v 17.472309 21.687500 68.708817
v 18.923279 20.819321 68.708817
v 19.202744 19.718586 68.708817
v 20.767054 18.975552 68.708817
v 21.126457 17.938019 68.708817
v 22.793442 17.334606 68.708817
v 18.260330 25.009560 68.708817
v 18.143106 24.758179 68.708817
v 18.412243 24.364059 68.708817
v 17.984016 24.530968 68.708817
v 18.210192 24.125408 68.708817
v 17.787884 24.334835 68.708817
v 17.118906 23.552925 68.708817
v 17.041376 23.986732 68.708817
v 15.969448 24.175751 68.708817
v 15.742237 24.334835 68.708817
v 15.546110 24.530968 68.708817
v 25.501530 18.408562 68.708817
v 25.777849 18.384377 68.708817
v 24.242401 19.537804 68.708817
v 26.045765 18.312595 68.708817
v 26.297146 18.195374 68.708817
v 17.309299 24.058529 68.708817
v 17.421722 23.630913 68.708817
v 17.560680 24.175751 68.708817
v 17.708996 23.754440 68.708817
v 17.973904 23.920582 68.708817
v 20.636356 22.857407 68.708817
v 20.222570 22.497040 68.708817
v 22.347794 21.098137 68.708817
v 21.976181 20.694447 68.708817
v 23.917439 19.095688 68.708817
v 16.765064 23.962563 68.708817
v 16.488750 23.986732 68.708817
v 16.220829 24.058529 68.708817
v 37.159451 15.186615 68.708817
v 37.435772 15.210785 68.708817
v 35.596127 15.286880 68.708817
v 37.435772 12.028320 68.708817
v 37.159451 12.052490 68.708817
v 35.470909 12.104263 68.708817
v 36.891537 12.124287 68.708817
v 35.655136 12.640755 68.708817
v 36.640156 12.241508 68.708817
v 36.412945 12.400604 68.708817
v 28.487106 17.087128 68.708817
v 26.524357 18.036278 68.708817
v 25.501530 15.226097 68.708817
v 25.225208 15.250267 68.708817
v 25.470301 15.015282 68.708817
v 24.957294 15.322048 68.708817
v 26.554199 15.079334 68.708817
v 26.297146 15.439274 68.708817
v 26.045765 15.322048 68.708817
v 27.303547 14.730698 68.708817
v 27.844391 13.904099 68.708817
v 29.737844 13.796253 68.708817
v 30.320148 13.042908 68.708817
v 32.256474 13.121391 68.708817
v 32.871338 12.440830 68.708817
v 34.831860 12.713482 68.708817
v 28.266693 16.584641 68.708817
v 26.720490 17.840141 68.708817
v 27.530689 16.923168 68.708817
v 26.879572 17.612946 68.708817
v 26.996796 17.361549 68.708817
v 25.777849 15.250267 68.708817
v 36.891537 15.114819 68.708817
v 35.731396 14.725807 68.708817
v 36.640156 14.997597 68.708817
v 35.940506 14.163788 68.708817
v 36.057716 14.415184 68.708817
v 36.216812 14.642380 68.708817
v 36.412945 14.838512 68.708817
v 30.785679 16.226524 68.708817
v 30.621887 15.702835 68.708817
v 33.164989 15.624008 68.708817
v 33.059795 15.085487 68.708817
v 35.550819 14.740047 68.708817
v 36.216812 12.596725 68.708817
v 36.057716 12.823952 68.708817
v 35.526047 12.925549 68.708817
v 35.940506 13.075317 68.708817
v 35.442165 13.226791 68.708817
v 35.868710 13.343246 68.708817
v 35.405514 13.537346 68.708817
v 35.844540 13.619553 68.708817
v 35.416939 13.849838 68.708817
v 35.868710 13.895874 68.708817
v 35.476181 14.156868 68.708817
v 35.581829 14.451191 68.708817
v 27.068592 17.093651 68.708817
v 27.092762 16.817329 68.708817
v 27.522903 16.610580 68.708817
v 27.068592 16.541008 68.708817
v 27.467243 16.302868 68.708817
v 26.996796 16.273094 68.708817
v 26.524357 15.598370 68.708817
v 26.808407 15.261433 68.708817
v 26.720490 15.794502 68.708817
v 27.031664 15.480389 68.708817
v 26.879572 16.021713 68.708817
v 27.218678 15.731003 68.708817
v 27.365030 16.007347 68.708817
v 49.914238 15.322048 68.708817
v 48.228508 14.429108 68.708817
v 49.646320 15.250267 68.708817
v 48.347187 18.036278 68.708817
v 47.494690 17.611065 68.708817
v 47.802952 17.093651 68.708817
v 47.874733 17.361549 68.708817
v 47.340839 16.923168 68.708817
v 47.991959 17.612946 68.708817
v 37.712078 15.186615 68.708817
v 38.049606 15.219246 68.708817
v 37.980007 15.114819 68.708817
v 38.458584 12.400604 68.708817
v 38.231388 12.241508 68.708817
v 38.091301 12.036766 68.708817
v 48.151054 17.840141 68.708817
v 37.980007 12.124287 68.708817
v 37.712078 12.052490 68.708817
v 39.216396 12.640755 68.708817
v 38.813812 12.823952 68.708817
v 38.654720 12.596725 68.708817
v 48.317345 15.079334 68.708817
v 49.370003 15.226097 68.708817
v 49.093697 15.250267 68.708817
v 38.231388 14.997597 68.708817
v 38.458584 14.838512 68.708817
v 39.140152 14.725807 68.708817
v 40.039684 12.713482 68.708817
v 40.704754 12.239063 68.708817
v 42.615059 13.121391 68.708817
v 43.283546 12.709007 68.708817
v 45.133686 13.796253 68.708817
v 45.800365 13.441616 68.708817
v 47.567982 14.730698 68.708817
v 48.825779 15.322048 68.708817
v 48.574387 15.439274 68.708817
v 48.063137 15.261433 68.708817
v 48.347187 15.598370 68.708817
v 47.839882 15.480389 68.708817
v 48.151054 15.794502 68.708817
v 47.652851 15.731003 68.708817
v 47.991959 16.021713 68.708817
v 47.506516 16.007347 68.708817
v 47.874733 16.273094 68.708817
v 47.404285 16.302868 68.708817
v 47.802952 16.541008 68.708817
v 47.348625 16.610580 68.708817
v 47.778770 16.817329 68.708817
v 40.495628 15.421928 68.708817
v 40.570995 14.878422 68.708817
v 42.904507 15.892460 68.708817
v 43.039211 15.360558 68.708817
v 45.247009 16.625137 68.708817
v 45.439396 16.111279 68.708817
v 38.654720 14.642380 68.708817
v 38.813812 14.415184 68.708817
v 39.289700 14.451191 68.708817
v 38.931038 14.163788 68.708817
v 39.395363 14.156868 68.708817
v 39.002823 13.895874 68.708817
v 38.931038 13.075317 68.708817
v 39.345497 12.925549 68.708817
v 39.002823 13.343246 68.708817
v 39.429367 13.226791 68.708817
v 39.027004 13.619553 68.708817
v 39.466034 13.537346 68.708817
v 39.454594 13.849838 68.708817
v 50.961235 16.817329 66.514008
v 50.937065 17.093647 66.514008
v 50.865280 17.361549 66.514008
v 50.748058 17.612946 66.514008
v 50.588963 17.840141 66.514008
v 50.392830 18.036274 66.514008
v 50.165619 18.195374 66.514008
v 49.914238 18.312595 66.514008
v 49.646320 18.384377 66.514008
v 49.370003 18.408562 66.514008
v 49.093697 18.384377 66.514008
v 48.825779 18.312595 66.514008
v 48.574387 18.195374 66.514008
v 48.347187 18.036274 66.514008
v 48.151054 17.840141 66.514008
v 47.991959 17.612946 66.514008
v 47.874733 17.361549 66.514008
v 47.802952 17.093647 66.514008
v 47.778770 16.817329 66.514008
v 47.802952 16.541008 66.514008
v 47.874733 16.273094 66.514008
v 47.991959 16.021713 66.514008
v 48.151054 15.794502 66.514008
v 48.347187 15.598370 66.514008
v 48.574387 15.439270 66.514008
v 48.825779 15.322048 66.514008
v 49.093697 15.250267 66.514008
v 49.370003 15.226097 66.514008
v 49.646320 15.250267 66.514008
v 49.914238 15.322048 66.514008
v 50.165619 15.439270 66.514008
v 50.392830 15.598370 66.514008
v 50.588963 15.794502 66.514008
v 50.748058 16.021713 66.514008
v 50.865280 16.273094 66.514008
v 50.937065 16.541008 66.514008
v 49.370003 15.334106 66.514008
v 49.627563 15.356644 66.514008
v 49.877296 15.423561 66.514008
v 50.111618 15.532822 66.514008
v 50.323410 15.681107 66.514008
v 50.506222 15.863922 66.514008
v 50.654510 16.075710 66.514008
v 50.763783 16.310036 66.514008
v 50.830688 16.559769 66.514008
v 50.853226 16.817329 66.514008
v 50.830688 17.074890 66.514008
v 50.763783 17.324608 66.514008
v 50.654510 17.558933 66.514008
v 50.506222 17.770721 66.514008
v 50.323410 17.953533 66.514008
v 50.111618 18.101837 66.514008
v 49.877296 18.211098 66.514008
v 49.627563 18.278004 66.514008
v 49.370003 18.300552 66.514008
v 49.112453 18.278004 66.514008
v 48.862720 18.211098 66.514008
v 48.628395 18.101837 66.514008
v 48.416607 17.953533 66.514008
v 48.233795 17.770721 66.514008
v 48.085506 17.558933 66.514008
v 47.976234 17.324608 66.514008
v 47.909313 17.074890 66.514008
v 47.886791 16.817329 66.514008
v 47.909313 16.559769 66.514008
v 47.976234 16.310036 66.514008
v 48.085506 16.075710 66.514008
v 48.233795 15.863922 66.514008
v 48.416607 15.681107 66.514008
v 48.628395 15.532822 66.514008
v 48.862720 15.423561 66.514008
v 49.112453 15.356644 66.514008
v 47.976234 17.324612 69.257515
v 48.085506 17.558933 69.257515
v 48.233795 17.770721 69.257515
v 48.416607 17.953537 69.257515
v 48.628395 18.101837 69.257515
v 48.862720 18.211098 69.257515
v 49.112457 18.278004 69.257515
v 49.370003 18.300552 69.257515
v 49.627563 18.278004 69.257515
v 50.763783 16.310036 69.257515
v 50.654510 16.075710 69.257515
v 50.506222 15.863922 69.257515
v 50.323410 15.681110 69.257515
v 50.111618 15.532822 69.257515
v 49.877296 15.423561 69.257515
v 49.627563 15.356644 69.257515
v 49.370003 15.334106 69.257515
v 49.112457 15.356644 69.257515
v 31.878901 15.914982 70.025696
v 30.785679 16.226528 70.025696
v 16.813192 29.062790 70.025696
v 16.796034 29.104893 70.025696
v 59.696259 38.351837 70.025688
v 59.577812 39.938717 70.025688
v 59.562393 40.074261 70.025688
v 59.295437 41.781124 70.025688
v 59.173820 42.359650 70.025688
v 57.582352 46.995441 70.025681
v 57.716152 46.706612 70.025681
v 58.369537 45.107304 70.025681
v 58.505974 44.721436 70.025681
v 58.897018 43.462185 70.025688
v 56.940792 48.250465 70.025681
v 56.414192 49.154037 70.025681
v 56.048141 49.729584 70.025681
v 55.043533 51.135090 70.025681
v 55.015644 51.171017 70.025681
v 53.933052 52.458504 70.025681
v 53.403702 53.021881 70.025681
v 51.597946 54.684223 70.025681
v 52.723343 53.691910 70.025681
v 50.035938 55.859512 70.025681
v 51.421700 54.827869 70.025681
v 47.494690 57.364998 70.025681
v 48.574387 56.780689 70.025681
v 49.620270 56.137798 70.025681
v 45.459541 58.270107 70.025681
v 47.045856 57.585823 70.025681
v 42.151943 59.260334 70.025681
v 42.904503 59.083591 70.025681
v 43.824955 58.829395 70.025681
v 45.247009 58.350910 70.025681
v 40.495628 59.554134 70.025681
v 40.450573 59.560341 70.025681
v 38.731075 59.727608 70.025681
v 35.596127 59.689182 70.025681
v 37.003777 59.761089 70.025681
v 38.049606 59.756832 70.025681
v 33.567360 59.426857 70.025681
v 35.279087 59.660648 70.025681
v 30.223866 58.565613 70.025681
v 30.785679 58.749550 70.025681
v 31.878901 59.061096 70.025681
v 33.164989 59.352070 70.025681
v 28.612198 57.943375 70.025681
v 28.487106 57.888935 70.025681
v 27.053608 57.198090 70.025681
v 26.297146 56.780689 70.025681
v 22.347794 53.877937 70.025681
v 22.788002 54.272511 70.025681
v 24.132715 55.357136 70.025681
v 24.242401 55.438271 70.025681
v 25.557436 56.334259 70.025681
v 20.636358 52.118641 70.025681
v 21.531387 53.086948 70.025681
v 19.312075 50.442074 70.025681
v 20.370407 51.807564 70.025681
v 16.796034 45.871155 70.025688
v 16.813192 45.913288 70.025688
v 17.528101 47.486038 70.025688
v 17.843517 48.090836 70.025688
v 18.362732 48.998688 70.025688
v 19.128822 50.181808 70.025681
v 16.222313 44.289841 70.025688
v 15.999092 43.549744 70.025688
v 15.462362 41.154755 70.025688
v 15.759012 42.625519 70.025688
v 15.225517 39.214348 70.025688
v 15.426079 40.930290 70.025688
v 15.462362 33.821323 70.025696
v 15.426079 34.045776 70.025696
v 15.225517 35.761715 70.025696
v 15.192352 36.260826 70.025696
v 15.158527 37.488037 70.025696
v 15.192352 38.715240 70.025688
v 15.759012 32.350540 70.025696
v 15.999092 31.426315 70.025696
v 16.222313 30.686211 70.025696
v 17.528101 27.490028 70.025696
v 17.843517 26.885242 70.025696
v 18.362732 25.977402 70.025696
v 19.128822 24.794281 70.025696
v 19.312075 24.533989 70.025696
v 20.370407 23.168499 70.025696
v 21.531387 21.889126 70.025696
v 20.636358 22.857407 70.025696
v 24.242401 19.537804 70.025696
v 24.132715 19.618938 70.025696
v 22.788002 20.703552 70.025696
v 22.347794 21.098137 70.025696
v 25.557436 18.641788 70.025696
v 26.297146 18.195374 70.025696
v 30.223866 16.410465 70.025696
v 28.612198 17.032703 70.025696
v 28.487106 17.087128 70.025696
v 27.053608 17.777988 70.025696
v 33.164989 15.624008 70.025696
v 33.567360 15.549232 70.025696
v 35.279087 15.315430 70.025696
v 38.049606 15.219246 70.025696
v 37.003777 15.214989 70.025696
v 35.596127 15.286880 70.025696
v 40.450573 15.415737 70.025696
v 38.731075 15.248482 70.025696
v 43.824955 16.146671 70.025696
v 42.904503 15.892460 70.025696
v 42.151943 15.715733 70.025696
v 40.495628 15.421928 70.025696
v 45.247009 16.625137 70.025696
v 45.459541 16.705956 70.025696
v 47.045856 17.390224 70.025696
v 51.597946 20.291851 70.025696
v 51.421700 20.148205 70.025696
v 50.035938 19.116547 70.025696
v 49.620270 18.838280 70.025696
v 48.574387 18.195374 70.025696
v 47.494690 17.611065 70.025696
v 52.723343 21.284149 70.025696
v 53.403702 21.954178 70.025696
v 56.414192 25.822041 70.025696
v 56.048141 25.246479 70.025696
v 55.043533 23.840984 70.025696
v 55.015644 23.805061 70.025696
v 53.933052 22.517544 70.025696
v 56.940792 26.725609 70.025696
v 57.582352 27.980637 70.025696
v 57.716152 28.269463 70.025696
v 58.369537 29.868774 70.025696
v 58.505974 30.254623 70.025696
v 58.897018 31.513893 70.025696
v 59.173820 32.616425 70.025696
v 59.562393 34.901802 70.025688
v 59.295437 33.194939 70.025696
v 59.713013 37.488037 70.025696
v 59.696259 36.624222 70.025696
v 59.577812 35.037361 70.025688
v 59.637894 49.948456 70.025681
v 59.592972 50.028164 70.025681
v 55.106693 55.816586 70.025681
v 54.729874 56.172543 70.025681
v 50.698757 59.220261 70.025681
v 50.542244 59.315018 70.025681
v 12.043980 39.346474 70.025688
v 12.009819 38.798668 70.025688
v 42.060192 12.451828 70.025696
v 43.283546 12.709007 70.025696
v 62.357147 32.280205 70.025696
v 62.624157 33.781075 70.025696
v 61.816002 30.153114 70.025696
v 62.286385 31.952332 70.025696
v 61.215546 28.393036 70.025696
v 61.689590 29.745354 70.025696
v 60.488220 26.681488 70.025696
v 60.764927 27.292587 70.025696
v 57.587036 21.927731 70.025696
v 58.186150 22.736145 70.025696
v 58.669106 23.440189 70.025696
v 59.592972 24.947899 70.025696
v 59.637894 25.027592 70.025696
v 56.559372 20.680756 70.025696
v 56.397449 20.498283 70.025696
v 55.106693 19.159492 70.025696
v 53.721661 17.918503 70.025696
v 54.729874 18.803535 70.025696
v 52.249722 16.781914 70.025696
v 52.717041 17.124359 70.025696
v 48.228508 14.429108 70.025696
v 49.077023 14.845642 70.025696
v 50.542244 15.661060 70.025696
v 50.698757 15.755802 70.025696
v 43.875381 12.856182 70.025696
v 45.656212 13.391945 70.025696
v 45.800365 13.441616 70.025696
v 47.393177 14.056286 70.025696
v 40.704754 12.239067 70.025696
v 40.220325 12.181057 70.025696
v 38.365616 12.045307 70.025696
v 35.470909 12.104263 70.025696
v 36.505932 12.045307 70.025696
v 38.091301 12.036766 70.025696
v 30.320147 13.042908 70.025696
v 30.996162 12.856182 70.025696
v 32.811352 12.451828 70.025696
v 32.871338 12.440830 70.025696
v 34.651207 12.181057 70.025696
v 27.844391 13.904099 70.025696
v 29.215334 13.391945 70.025696
v 25.794506 14.845642 70.025696
v 27.478355 14.056286 70.025696
v 22.621807 16.781914 70.025696
v 23.223047 16.364708 70.025696
v 24.172775 15.755802 70.025696
v 25.470301 15.015282 70.025696
v 18.474085 20.498283 70.025696
v 19.202745 19.718586 70.025696
v 19.764841 19.159492 70.025696
v 21.149887 17.918503 70.025696
v 17.472311 21.687500 70.025696
v 17.284498 21.927731 70.025696
v 16.202429 23.440189 70.025696
v 14.662392 26.105156 70.025696
v 15.233646 25.027592 70.025696
v 15.953491 23.823902 70.025696
v 13.655996 28.393036 70.025696
v 14.383326 26.681488 70.025696
v 12.585165 31.952332 70.025688
v 12.815529 31.004181 70.025696
v 13.055538 30.153114 70.025696
v 13.612696 28.507072 70.025696
v 12.279341 33.570023 70.025688
v 12.247377 33.781075 70.025688
v 12.043980 35.629593 70.025688
v 11.976063 37.488037 70.025688
v 12.009819 36.177399 70.025688
v 12.247377 41.194992 70.025688
v 12.279341 41.406036 70.025688
v 12.585165 43.023746 70.025688
v 12.815529 43.971893 70.025681
v 14.662392 48.870918 70.025681
v 14.383326 48.294575 70.025681
v 13.655996 46.583015 70.025681
v 13.612696 46.469006 70.025681
v 13.055538 44.822952 70.025681
v 15.233646 49.948456 70.025681
v 15.953491 51.152176 70.025681
v 16.202429 51.535873 70.025681
v 17.284498 53.048332 70.025681
v 19.764841 55.816586 70.025681
v 19.202745 55.257492 70.025681
v 18.474085 54.477791 70.025681
v 17.472311 53.288574 70.025681
v 21.149887 57.057545 70.025681
v 22.621807 58.194138 70.025681
v 23.223047 58.611370 70.025681
v 24.172775 59.220261 70.025681
v 25.470301 59.960793 70.025681
v 25.794506 60.130421 70.025681
v 27.478355 60.919788 70.025681
v 30.996162 62.119881 70.025681
v 30.320147 61.933170 70.025681
v 29.215334 61.584133 70.025681
v 27.844391 61.071980 70.025681
v 32.811352 62.524235 70.025681
v 32.871338 62.535248 70.025681
v 34.651207 62.794991 70.025681
v 35.470909 62.871815 70.025681
v 36.505932 62.930756 70.025681
v 38.091301 62.939297 70.025681
v 38.365616 62.930756 70.025681
v 40.220325 62.794991 70.025681
v 40.704754 62.736984 70.025681
v 42.060192 62.524235 70.025681
v 43.283546 62.267044 70.025681
v 45.656212 61.584133 70.025681
v 43.875381 62.119881 70.025681
v 49.077023 60.130421 70.025681
v 48.228508 60.546940 70.025681
v 47.393177 60.919788 70.025681
v 45.800365 61.534447 70.025681
v 52.249722 58.194138 70.025681
v 52.717041 57.851692 70.025681
v 53.721661 57.057545 70.025681
v 56.397449 54.477791 70.025681
v 56.559372 54.295307 70.025681
v 57.587036 53.048332 70.025681
v 58.186150 52.239929 70.025681
v 58.669106 51.535873 70.025681
v 60.488220 48.294575 70.025688
v 60.764927 47.683460 70.025688
v 62.357147 42.695873 70.025688
v 62.286385 43.023746 70.025688
v 61.816002 44.822952 70.025688
v 61.689590 45.230709 70.025688
v 61.215546 46.583015 70.025688
v 62.624157 41.194992 70.025688
v 62.760536 40.105820 70.025696
v 62.760536 34.870243 70.025696
v 62.827553 35.629593 70.025696
v 62.895477 37.488037 70.025696
v 62.827553 39.346474 70.025696
v 20.118214 22.956875 70.354919
v 17.545073 22.128944 70.354919
v 19.044231 24.342552 70.354912
v 16.476995 23.621834 70.354919
v 18.080862 25.807289 70.354919
v 15.520739 25.188721 70.354919
v 17.233891 27.342274 70.354919
v 14.681410 26.821236 70.354912
v 16.508423 28.938271 70.354919
v 13.963488 28.510643 70.354912
v 15.908810 30.585686 70.354912
v 13.370796 30.247963 70.354912
v 15.438663 32.274628 70.354912
v 12.906507 32.023903 70.354912
v 15.100813 33.994907 70.354912
v 12.573086 33.829002 70.354904
v 14.897285 35.736198 70.354912
v 12.372324 35.653625 70.354904
v 14.829300 37.488037 70.354912
v 12.305281 37.488037 70.354904
v 14.897285 39.239861 70.354904
v 12.372324 39.322441 70.354904
v 15.100813 40.981155 70.354904
v 12.573086 41.147064 70.354904
v 15.438663 42.701435 70.354904
v 12.906507 42.952145 70.354904
v 15.908810 44.390366 70.354904
v 13.370796 44.728085 70.354904
v 16.508423 46.037792 70.354904
v 13.963488 46.465408 70.354904
v 17.233891 47.633804 70.354904
v 14.681410 48.154831 70.354904
v 18.080862 49.168785 70.354904
v 15.520739 49.787342 70.354904
v 19.044231 50.633511 70.354904
v 45.578110 16.398834 70.354919
v 45.549904 13.703545 70.354919
v 43.919380 15.831280 70.354919
v 43.792107 13.174690 70.354919
v 42.221649 15.393967 70.354919
v 42.000385 12.775585 70.354919
v 40.495136 15.089539 70.354919
v 40.184319 12.508312 70.354919
v 38.750217 14.919815 70.354919
v 38.353584 12.374310 70.354919
v 36.997406 14.885811 70.354919
v 36.517948 12.374310 70.354919
v 35.247211 14.987762 70.354919
v 34.687214 12.508312 70.354919
v 33.510193 15.225014 70.354919
v 32.871147 12.775585 70.354919
v 31.796793 15.596157 70.354919
v 31.079426 13.174690 70.354919
v 30.117285 16.098976 70.354919
v 29.321627 13.703545 70.354919
v 28.481804 16.730415 70.354919
v 27.607113 14.359291 70.354919
v 26.900171 17.486698 70.354919
v 25.945047 15.138439 70.354919
v 25.381901 18.363274 70.354919
v 24.344284 16.036819 70.354919
v 23.936129 19.354858 70.354919
v 22.813366 17.049664 70.354919
v 22.571529 20.455521 70.354919
v 21.360479 18.171547 70.354919
v 21.296347 21.658592 70.354919
v 19.993347 19.396507 70.354919
v 18.719276 20.717983 70.354912
v 16.476995 51.354214 70.354904
v 17.545073 52.847145 70.354904
v 20.118214 52.019188 70.354904
v 18.719276 54.258064 70.354904
v 21.296347 53.317471 70.354904
v 19.993347 55.579556 70.354904
v 22.571529 54.520554 70.354904
v 21.360479 56.804504 70.354904
v 23.936129 55.621193 70.354904
v 22.813366 57.926399 70.354904
v 25.381901 56.612793 70.354904
v 24.344284 58.939228 70.354904
v 26.900171 57.489365 70.354904
v 25.945047 59.837635 70.354904
v 28.481804 58.245663 70.354904
v 27.607113 60.616787 70.354904
v 30.117285 58.877102 70.354904
v 29.321627 61.272507 70.354904
v 31.796793 59.379890 70.354904
v 31.079426 61.801388 70.354904
v 33.510193 59.751064 70.354904
v 32.871147 62.200493 70.354904
v 35.247211 59.988316 70.354904
v 34.687214 62.467762 70.354904
v 36.997406 60.090267 70.354904
v 36.517948 62.601742 70.354904
v 38.750217 60.056263 70.354904
v 38.353584 62.601742 70.354904
v 40.495136 59.886524 70.354904
v 40.184319 62.467762 70.354904
v 42.221649 59.582096 70.354904
v 42.000385 62.200493 70.354904
v 43.919380 59.144783 70.354904
v 60.025230 38.364609 70.354912
v 62.566257 37.488037 70.354912
v 60.025230 36.611450 70.354912
v 62.499214 35.653625 70.354912
v 59.889370 34.863583 70.354912
v 62.298454 33.829002 70.354912
v 59.618488 33.131493 70.354912
v 61.965031 32.023903 70.354919
v 59.214176 31.425606 70.354912
v 61.500732 30.247963 70.354912
v 58.678894 29.756165 70.354912
v 60.908051 28.510643 70.354919
v 58.015858 28.133232 70.354912
v 60.190121 26.821236 70.354919
v 57.229042 26.566570 70.354912
v 59.350792 25.188721 70.354919
v 56.323193 25.065575 70.354912
v 58.394543 23.621834 70.354919
v 55.303757 23.639305 70.354912
v 57.326466 22.128944 70.354919
v 54.176849 22.296307 70.354919
v 56.152260 20.717983 70.354912
v 52.949265 21.044689 70.354919
v 54.878189 19.396507 70.354919
v 51.628380 19.891949 70.354919
v 53.511063 18.171547 70.354919
v 50.222141 18.845051 70.354919
v 52.058163 17.049664 70.354919
v 48.739002 17.910263 70.354919
v 50.527245 16.036819 70.354919
v 47.187881 17.093212 70.354919
v 48.926498 15.138439 70.354919
v 47.264416 14.359291 70.354919
v 43.792107 61.801388 70.354904
v 45.549904 61.272507 70.354904
v 45.578110 58.577229 70.354904
v 47.264416 60.616787 70.354904
v 47.187881 57.882839 70.354904
v 48.926498 59.837635 70.354904
v 48.739002 57.065784 70.354904
v 50.527245 58.939228 70.354904
v 50.222141 56.131012 70.354904
v 52.058163 57.926399 70.354904
v 51.628380 55.084126 70.354904
v 53.511063 56.804504 70.354904
v 52.949265 53.931385 70.354904
v 54.878189 55.579556 70.354904
v 54.176849 52.679768 70.354904
v 56.152260 54.258064 70.354904
v 55.303757 51.336773 70.354904
v 57.326466 52.847145 70.354904
v 56.323193 49.910500 70.354904
v 58.394543 51.354214 70.354904
v 57.229042 48.409492 70.354904
v 59.350792 49.787342 70.354904
v 58.015858 46.842842 70.354904
v 60.190121 48.154831 70.354904
v 58.678894 45.219887 70.354904
v 60.908051 46.465408 70.354904
v 59.214176 43.550461 70.354904
v 61.500732 44.728085 70.354904
v 59.618488 41.844570 70.354904
v 61.965031 42.952145 70.354904
v 59.889370 40.112480 70.354904
v 62.298454 41.147064 70.354912
v 62.499214 39.322441 70.354912
v 59.697716 25.553795 66.514008
v 59.673531 25.830116 66.514008
v 59.601749 26.098030 66.514008
v 59.484528 26.349411 66.514008
v 59.325432 26.576622 66.514008
v 59.129295 26.772758 66.514008
v 58.902100 26.931839 66.514008
v 58.650703 27.049065 66.514008
v 58.382790 27.120857 66.514008
v 58.106483 27.145027 66.514008
v 57.830162 27.120857 66.514008
v 57.562248 27.049065 66.514008
v 57.310867 26.931839 66.514008
v 57.083656 26.772758 66.514008
v 56.887520 26.576622 66.514008
v 56.728424 26.349411 66.514008
v 56.611202 26.098030 66.514008
v 56.539421 25.830116 66.514008
v 56.515251 25.553795 66.514008
v 56.539421 25.277473 66.514008
v 56.611202 25.009560 66.514008
v 56.728424 24.758179 66.514008
v 56.887520 24.530968 66.514008
v 57.083656 24.334835 66.514008
v 57.310867 24.175751 66.514008
v 57.562248 24.058529 66.514008
v 57.830162 23.986732 66.514008
v 58.106483 23.962563 66.514008
v 58.382790 23.986732 66.514008
v 58.650703 24.058529 66.514008
v 58.902100 24.175751 66.514008
v 59.129295 24.334835 66.514008
v 59.325432 24.530968 66.514008
v 59.484528 24.758179 66.514008
v 59.601749 25.009560 66.514008
v 59.673531 25.277473 66.514008
v 56.970261 26.507187 66.514008
v 56.821976 26.295399 66.514008
v 56.712700 26.061089 66.514008
v 56.645798 25.811356 66.514008
v 56.623260 25.553795 66.514008
v 56.645798 25.296234 66.514008
v 56.712700 25.046501 66.514008
v 56.821976 24.812191 66.514008
v 56.970261 24.600403 66.514008
v 57.153076 24.417576 66.514008
v 57.364864 24.269287 66.514008
v 57.599190 24.160027 66.514008
v 57.848923 24.093109 66.514008
v 58.106483 24.070572 66.514008
v 58.364029 24.093109 66.514008
v 58.613762 24.160027 66.514008
v 58.848087 24.269287 66.514008
v 59.059875 24.417576 66.514008
v 59.242691 24.600403 66.514008
v 59.390976 24.812191 66.514008
v 59.500252 25.046501 66.514008
v 59.567169 25.296234 66.514008
v 59.589691 25.553795 66.514008
v 59.567169 25.811356 66.514008
v 59.500252 26.061089 66.514008
v 59.390976 26.295399 66.514008
v 59.242691 26.507187 66.514008
v 59.059875 26.690002 66.514008
v 58.848087 26.838303 66.514008
v 58.613762 26.947563 66.514008
v 58.364029 27.014481 66.514008
v 58.106483 27.037018 66.514008
v 57.848923 27.014481 66.514008
v 57.599190 26.947563 66.514008
v 57.364864 26.838303 66.514008
v 57.153076 26.690002 66.514008
v 59.567169 25.811356 69.257515
v 59.589691 25.553795 69.257515
v 59.567169 25.296234 69.257515
v 59.500248 25.046501 69.257515
v 59.390976 24.812191 69.257515
v 59.242687 24.600403 69.257515
v 59.059875 24.417576 69.257515
v 58.848083 24.269287 69.257507
v 58.613762 24.160027 69.257507
v 56.645794 25.296234 69.257507
v 56.623257 25.553795 69.257507
v 56.645794 25.811356 69.257507
v 56.712700 26.061089 69.257507
v 56.821972 26.295399 69.257507
v 56.970261 26.507187 69.257507
v 57.153072 26.690002 69.257507
v 57.364861 26.838303 69.257507
v 57.599186 26.947563 69.257507
v 39.027004 13.619553 66.514015
v 39.002823 13.895874 66.514015
v 38.931038 14.163788 66.514015
v 38.813812 14.415184 66.514015
v 38.654720 14.642380 66.514015
v 38.458584 14.838512 66.514015
v 38.231388 14.997597 66.514015
v 37.980007 15.114819 66.514015
v 37.712078 15.186615 66.514015
v 37.435772 15.210785 66.514015
v 37.159451 15.186615 66.514015
v 36.891537 15.114819 66.514015
v 36.640156 14.997597 66.514015
v 36.412945 14.838512 66.514015
v 36.216812 14.642380 66.514015
v 36.057716 14.415184 66.514008
v 35.940506 14.163788 66.514008
v 35.868710 13.895874 66.514008
v 35.844540 13.619553 66.514015
v 35.868710 13.343246 66.514015
v 35.940506 13.075317 66.514015
v 36.057716 12.823952 66.514015
v 36.216812 12.596725 66.514015
v 36.412945 12.400604 66.514015
v 36.640156 12.241508 66.514015
v 36.891537 12.124287 66.514015
v 37.159451 12.052490 66.514015
v 37.435772 12.028320 66.514015
v 37.712078 12.052490 66.514015
v 37.980007 12.124287 66.514015
v 38.231388 12.241508 66.514015
v 38.458584 12.400604 66.514015
v 38.654720 12.596725 66.514015
v 38.813812 12.823952 66.514015
v 38.931038 13.075317 66.514015
v 39.002823 13.343246 66.514015
v 38.829540 14.126846 66.514015
v 38.720280 14.361156 66.514015
v 38.571980 14.572945 66.514015
v 38.389168 14.755760 66.514015
v 38.177376 14.904060 66.514015
v 37.943066 15.013332 66.514015
v 37.693333 15.080238 66.514015
v 37.435772 15.102776 66.514015
v 37.178211 15.080238 66.514015
v 36.928478 15.013332 66.514015
v 36.694153 14.904060 66.514015
v 36.482380 14.755760 66.514015
v 36.299553 14.572945 66.514015
v 36.151264 14.361156 66.514008
v 36.041992 14.126846 66.514008
v 35.975086 13.877113 66.514008
v 35.952549 13.619553 66.514015
v 35.975086 13.362007 66.514015
v 36.041992 13.112259 66.514015
v 36.151264 12.877949 66.514015
v 36.299553 12.666157 66.514015
v 36.482380 12.483345 66.514015
v 36.694153 12.335060 66.514015
v 36.928478 12.225784 66.514015
v 37.178211 12.158867 66.514015
v 37.435772 12.136345 66.514015
v 37.693333 12.158867 66.514015
v 37.943066 12.225784 66.514015
v 38.177376 12.335060 66.514015
v 38.389168 12.483345 66.514015
v 38.571980 12.666157 66.514015
v 38.720280 12.877949 66.514015
v 38.829540 13.112259 66.514015
v 38.896458 13.362007 66.514015
v 38.918995 13.619553 66.514015
v 38.896458 13.877113 66.514015
v 36.404308 14.685406 69.257515
v 36.482380 14.755760 69.257515
v 36.694153 14.904060 69.257515
v 36.928478 15.013332 69.257515
v 37.178211 15.080238 69.257515
v 37.435772 15.102776 69.257515
v 37.693333 15.080238 69.257515
v 37.943066 15.013332 69.257515
v 38.177376 14.904060 69.257515
v 38.389168 14.755760 69.257515
v 38.389168 12.483345 69.257523
v 38.177376 12.335060 69.257523
v 37.943066 12.225784 69.257523
v 37.693333 12.158867 69.257523
v 37.435772 12.136345 69.257523
v 37.178211 12.158867 69.257523
v 36.928478 12.225784 69.257523
v 36.694153 12.335060 69.257523
v 36.482380 12.483345 69.257523
v 36.358208 12.600349 69.257523
v 36.299553 12.666161 69.257523
v 36.151264 12.877949 69.257523
v 36.041992 13.112259 69.257523
v 35.975086 13.362007 69.257523
v 35.952549 13.619553 69.257515
v 35.975086 13.877113 69.257515
v 36.041992 14.126846 69.257515
v 36.151264 14.361156 69.257515
v 36.299553 14.572945 69.257515
v 62.895477 37.488037 66.514008
v 62.871307 37.764343 66.514008
v 62.799515 38.032257 66.514008
v 62.682289 38.283653 66.514008
v 62.523209 38.510849 66.514008
v 62.327072 38.706985 66.514008
v 62.099861 38.866081 66.514008
v 61.848480 38.983307 66.514008
v 61.580566 39.055084 66.514008
v 61.304245 39.079269 66.514008
v 61.027924 39.055084 66.514008
v 60.760010 38.983307 66.514008
v 60.508629 38.866081 66.514008
v 60.281418 38.706985 66.514008
v 60.085297 38.510849 66.514008
v 59.926201 38.283653 66.514008
v 59.808979 38.032257 66.514008
v 59.737183 37.764343 66.514008
v 59.713013 37.488037 66.514008
v 59.737183 37.211716 66.514008
v 59.808979 36.943802 66.514008
v 59.926201 36.692421 66.514008
v 60.085297 36.465210 66.514008
v 60.281418 36.269077 66.514008
v 60.508629 36.109982 66.514008
v 60.760010 35.992760 66.514008
v 61.027924 35.920975 66.514008
v 61.304245 35.896805 66.514008
v 61.580566 35.920975 66.514008
v 61.848480 35.992760 66.514008
v 62.099861 36.109982 66.514008
v 62.327072 36.269077 66.514008
v 62.523209 36.465210 66.514008
v 62.682289 36.692421 66.514008
v 62.799515 36.943802 66.514008
v 62.871307 37.211716 66.514008
v 60.796951 38.881805 66.514008
v 60.562641 38.772545 66.514008
v 60.350853 38.624245 66.514008
v 60.168037 38.441429 66.514008
v 60.019737 38.229645 66.514008
v 59.910477 37.995316 66.514008
v 59.843559 37.745583 66.514008
v 59.821022 37.488037 66.514008
v 59.843559 37.230476 66.514008
v 59.910477 36.980743 66.514008
v 60.019737 36.746422 66.514008
v 60.168037 36.534630 66.514008
v 60.350853 36.351818 66.514008
v 60.562641 36.203529 66.514008
v 60.796951 36.094257 66.514008
v 61.046684 36.027351 66.514008
v 61.304245 36.004814 66.514008
v 61.561806 36.027351 66.514008
v 61.811539 36.094257 66.514008
v 62.045853 36.203529 66.514008
v 62.257637 36.351818 66.514008
v 62.440453 36.534630 66.514008
v 62.588753 36.746422 66.514008
v 62.698013 36.980743 66.514008
v 62.764931 37.230476 66.514008
v 62.787468 37.488037 66.514008
v 62.764931 37.745583 66.514008
v 62.698013 37.995316 66.514008
v 62.588753 38.229645 66.514008
v 62.440453 38.441429 66.514008
v 62.257637 38.624245 66.514008
v 62.045853 38.772545 66.514008
v 61.811539 38.881805 66.514008
v 61.561806 38.948723 66.514008
v 61.304245 38.971245 66.514008
v 61.046684 38.948723 66.514008
v 62.440453 38.441429 69.257507
v 62.588753 38.229645 69.257507
v 62.698013 37.995316 69.257507
v 62.764931 37.745583 69.257507
v 62.787468 37.488037 69.257507
v 62.764931 37.230476 69.257507
v 62.698013 36.980743 69.257507
v 62.588753 36.746422 69.257507
v 62.440453 36.534630 69.257507
v 60.168037 36.534630 69.257507
v 60.019737 36.746422 69.257507
v 59.910477 36.980743 69.257507
v 59.843555 37.230476 69.257507
v 59.821022 37.488037 69.257507
v 59.843555 37.745583 69.257507
v 59.910477 37.995316 69.257507
v 60.019737 38.229645 69.257507
v 60.168037 38.441429 69.257507
v 27.092762 16.817329 66.514008
v 27.068592 17.093647 66.514008
v 26.996796 17.361549 66.514008
v 26.879572 17.612946 66.514008
v 26.720490 17.840141 66.514008
v 26.524357 18.036274 66.514008
v 26.297146 18.195374 66.514008
v 26.045765 18.312595 66.514008
v 25.777849 18.384377 66.514008
v 25.501530 18.408562 66.514015
v 25.225208 18.384377 66.514015
v 24.957294 18.312595 66.514015
v 24.705914 18.195374 66.514015
v 24.478703 18.036274 66.514015
v 24.282581 17.840141 66.514008
v 24.123486 17.612946 66.514008
v 24.006264 17.361549 66.514008
v 23.934467 17.093647 66.514008
v 23.910295 16.817329 66.514015
v 23.934467 16.541008 66.514015
v 24.006264 16.273094 66.514015
v 24.123486 16.021713 66.514015
v 24.282581 15.794502 66.514015
v 24.478703 15.598370 66.514015
v 24.705914 15.439270 66.514015
v 24.957294 15.322048 66.514015
v 25.225208 15.250267 66.514015
v 25.501530 15.226097 66.514008
v 25.777849 15.250267 66.514008
v 26.045765 15.322048 66.514008
v 26.297146 15.439270 66.514008
v 26.524357 15.598370 66.514008
v 26.720490 15.794502 66.514008
v 26.879572 16.021713 66.514008
v 26.996796 16.273094 66.514008
v 27.068592 16.541008 66.514008
v 24.217022 17.558933 66.514008
v 24.107761 17.324608 66.514008
v 24.040842 17.074890 66.514008
v 24.018307 16.817329 66.514015
v 24.040842 16.559769 66.514015
v 24.107761 16.310036 66.514015
v 24.217022 16.075710 66.514015
v 24.365322 15.863922 66.514015
v 24.548136 15.681107 66.514015
v 24.759926 15.532822 66.514015
v 24.994236 15.423561 66.514015
v 25.243969 15.356644 66.514015
v 25.501530 15.334106 66.514008
v 25.759090 15.356644 66.514008
v 26.008823 15.423561 66.514008
v 26.243134 15.532822 66.514008
v 26.454922 15.681107 66.514008
v 26.637749 15.863922 66.514008
v 26.786037 16.075710 66.514008
v 26.895296 16.310036 66.514008
v 26.962215 16.559769 66.514008
v 26.984753 16.817329 66.514008
v 26.962215 17.074890 66.514008
v 26.895296 17.324608 66.514008
v 26.786037 17.558933 66.514008
v 26.637749 17.770721 66.514008
v 26.454922 17.953533 66.514008
v 26.243134 18.101837 66.514008
v 26.008823 18.211098 66.514008
v 25.759090 18.278004 66.514008
v 25.501530 18.300552 66.514015
v 25.243969 18.278004 66.514015
v 24.994236 18.211098 66.514015
v 24.759926 18.101837 66.514015
v 24.548136 17.953533 66.514015
v 24.365322 17.770721 66.514015
v 25.243969 18.278004 69.257515
v 25.501530 18.300552 69.257523
v 25.759090 18.278004 69.257515
v 26.008823 18.211098 69.257515
v 26.243134 18.101837 69.257515
v 26.454924 17.953537 69.257515
v 26.637749 17.770721 69.257515
v 26.786039 17.558933 69.257515
v 26.895298 17.324612 69.257515
v 25.759090 15.356644 69.257515
v 25.501530 15.334106 69.257515
v 25.243969 15.356644 69.257523
v 24.994236 15.423561 69.257523
v 24.759926 15.532822 69.257523
v 24.548138 15.681110 69.257523
v 24.365324 15.863922 69.257523
v 24.217022 16.075710 69.257523
v 24.107763 16.310036 69.257523
v 18.356298 25.553795 66.514008
v 18.332121 25.830116 66.514008
v 18.260332 26.098030 66.514008
v 18.143108 26.349411 66.514008
v 17.984018 26.576622 66.514008
v 17.787886 26.772758 66.514008
v 17.560682 26.931839 66.514008
v 17.309301 27.049065 66.514008
v 17.041378 27.120857 66.514008
v 16.765066 27.145027 66.514008
v 16.488752 27.120857 66.514008
v 16.220831 27.049065 66.514008
v 15.969450 26.931839 66.514008
v 15.742239 26.772758 66.514008
v 15.546112 26.576622 66.514008
v 15.387016 26.349411 66.514008
v 15.269793 26.098030 66.514008
v 15.198009 25.830116 66.514008
v 15.173834 25.553795 66.514008
v 15.198009 25.277473 66.514008
v 15.269793 25.009560 66.514008
v 15.387016 24.758179 66.514008
v 15.546112 24.530968 66.514008
v 15.742239 24.334835 66.514008
v 15.969450 24.175751 66.514008
v 16.220831 24.058529 66.514008
v 16.488752 23.986732 66.514008
v 16.765066 23.962563 66.514008
v 17.041378 23.986732 66.514008
v 17.309301 24.058529 66.514008
v 17.560682 24.175751 66.514008
v 17.787886 24.334835 66.514008
v 17.984018 24.530968 66.514008
v 18.143108 24.758179 66.514008
v 18.260332 25.009560 66.514008
v 18.332121 25.277473 66.514008
v 16.257772 26.947563 66.514008
v 16.023455 26.838303 66.514008
v 15.811665 26.690002 66.514008
v 15.628853 26.507187 66.514008
v 15.480558 26.295399 66.514008
v 15.371292 26.061089 66.514008
v 15.304379 25.811356 66.514008
v 15.281843 25.553795 66.514008
v 15.304379 25.296234 66.514008
v 15.371292 25.046501 66.514008
v 15.480558 24.812191 66.514008
v 15.628853 24.600403 66.514008
v 15.811665 24.417576 66.514008
v 16.023455 24.269287 66.514008
v 16.257772 24.160027 66.514008
v 16.507505 24.093109 66.514008
v 16.765066 24.070572 66.514008
v 17.022619 24.093109 66.514008
v 17.272352 24.160027 66.514008
v 17.506670 24.269287 66.514008
v 17.718458 24.417576 66.514008
v 17.901278 24.600403 66.514008
v 18.049566 24.812191 66.514008
v 18.158833 25.046501 66.514008
v 18.225752 25.296234 66.514008
v 18.248281 25.553795 66.514008
v 18.225752 25.811356 66.514008
v 18.158833 26.061089 66.514008
v 18.049566 26.295399 66.514008
v 17.901278 26.507187 66.514008
v 17.718458 26.690002 66.514008
v 17.506670 26.838303 66.514008
v 17.272352 26.947563 66.514008
v 17.022619 27.014481 66.514008
v 16.765066 27.037018 66.514008
v 16.507505 27.014481 66.514008
v 17.272350 26.947563 69.257507
v 17.506668 26.838303 69.257507
v 17.718456 26.690002 69.257507
v 17.901276 26.507187 69.257507
v 18.049564 26.295399 69.257515
v 18.158831 26.061089 69.257515
v 18.225750 25.811356 69.257515
v 18.248280 25.553795 69.257515
v 18.225750 25.296234 69.257515
v 16.257771 24.160027 69.257515
v 16.023453 24.269287 69.257515
v 15.811663 24.417576 69.257515
v 15.628851 24.600403 69.257515
v 15.480556 24.812191 69.257515
v 15.371290 25.046501 69.257515
v 15.304377 25.296234 69.257515
v 15.281841 25.553795 69.257515
v 15.304377 25.811356 69.257515
v 59.697716 49.422268 66.514008
v 59.673531 49.698574 66.514008
v 59.601749 49.966503 66.514008
v 59.484528 50.217896 66.514008
v 59.325432 50.445095 66.514000
v 59.129295 50.641228 66.514000
v 58.902100 50.800339 66.514000
v 58.650703 50.917534 66.514000
v 58.382790 50.989330 66.514000
v 58.106483 51.013500 66.514000
v 57.830162 50.989330 66.514000
v 57.562248 50.917534 66.514000
v 57.310867 50.800339 66.514000
v 57.083656 50.641228 66.514000
v 56.887520 50.445095 66.514000
v 56.728424 50.217896 66.514000
v 56.611202 49.966503 66.514000
v 56.539421 49.698574 66.514000
v 56.515251 49.422268 66.514000
v 56.539421 49.145962 66.514000
v 56.611202 48.878033 66.514000
v 56.728424 48.626637 66.514000
v 56.887520 48.399441 66.514000
v 57.083656 48.203335 66.514000
v 57.310867 48.044224 66.514008
v 57.562248 47.927002 66.514008
v 57.830162 47.855232 66.514008
v 58.106483 47.831036 66.514008
v 58.382790 47.855232 66.514008
v 58.650703 47.927002 66.514008
v 58.902100 48.044224 66.514008
v 59.129295 48.203335 66.514008
v 59.325432 48.399441 66.514008
v 59.484528 48.626637 66.514008
v 59.601749 48.878033 66.514008
v 59.673531 49.145962 66.514008
v 56.970261 50.375660 66.514000
v 56.821976 50.163898 66.514000
v 56.712700 49.929562 66.514000
v 56.645798 49.679840 66.514000
v 56.623260 49.422268 66.514000
v 56.645798 49.164692 66.514000
v 56.712700 48.914974 66.514000
v 56.821976 48.680664 66.514000
v 56.970261 48.468872 66.514000
v 57.153076 48.286060 66.514000
v 57.364864 48.137745 66.514008
v 57.599190 48.028488 66.514008
v 57.848923 47.961578 66.514008
v 58.106483 47.939056 66.514008
v 58.364029 47.961578 66.514008
v 58.613762 48.028488 66.514008
v 58.848087 48.137745 66.514008
v 59.059875 48.286060 66.514008
v 59.242691 48.468872 66.514008
v 59.390976 48.680664 66.514008
v 59.500252 48.914974 66.514008
v 59.567169 49.164692 66.514008
v 59.589691 49.422268 66.514008
v 59.567169 49.679840 66.514008
v 59.500252 49.929562 66.514008
v 59.390976 50.163898 66.514008
v 59.242691 50.375660 66.514000
v 59.059875 50.558472 66.514000
v 58.848087 50.706787 66.514000
v 58.613762 50.816048 66.514000
v 58.364029 50.882954 66.514000
v 58.106483 50.905476 66.514000
v 57.848923 50.882954 66.514000
v 57.599190 50.816048 66.514000
v 57.364864 50.706787 66.514000
v 57.153076 50.558472 66.514000
v 58.613762 50.816048 69.257507
v 58.848083 50.706787 69.257507
v 59.059875 50.558472 69.257507
v 59.242687 50.375660 69.257507
v 59.390976 50.163898 69.257507
v 59.500248 49.929562 69.257507
v 59.567169 49.679840 69.257507
v 59.589691 49.422268 69.257507
v 59.567169 49.164692 69.257507
v 57.599186 48.028488 69.257507
v 57.364861 48.137745 69.257507
v 57.153072 48.286060 69.257507
v 56.970261 48.468872 69.257507
v 56.821972 48.680664 69.257507
v 56.712700 48.914974 69.257507
v 56.645794 49.164692 69.257507
v 56.623257 49.422268 69.257507
v 56.645794 49.679840 69.257507
v 50.961235 58.158760 66.513992
v 50.937065 58.435066 66.513992
v 50.865280 58.702969 66.513992
v 50.748058 58.954334 66.513992
v 50.588963 59.181561 66.513992
v 50.392830 59.377693 66.513992
v 50.165619 59.536777 66.513992
v 49.914238 59.653999 66.513992
v 49.646320 59.725796 66.513992
v 49.370003 59.749966 66.513992
v 49.093697 59.725796 66.513992
v 48.825779 59.653999 66.513992
v 48.574387 59.536777 66.514000
v 48.347187 59.377693 66.514000
v 48.151054 59.181561 66.514000
v 47.991959 58.954334 66.514000
v 47.874733 58.702969 66.514000
v 47.802952 58.435066 66.514000
v 47.778770 58.158760 66.514000
v 47.802952 57.882427 66.514000
v 47.874733 57.614498 66.514000
v 47.991959 57.363129 66.514000
v 48.151054 57.135933 66.514000
v 48.347187 56.939774 66.514000
v 48.574387 56.780689 66.514000
v 48.825779 56.663467 66.513992
v 49.093697 56.591671 66.513992
v 49.370003 56.567501 66.513992
v 49.646320 56.591671 66.513992
v 49.914238 56.663467 66.514000
v 50.165619 56.780689 66.514000
v 50.392830 56.939774 66.514000
v 50.588963 57.135933 66.514000
v 50.748058 57.363129 66.514000
v 50.865280 57.614498 66.513992
v 50.937065 57.882427 66.513992
v 48.416607 59.294968 66.514000
v 48.233795 59.112156 66.514000
v 48.085506 58.900337 66.514000
v 47.976234 58.666027 66.514000
v 47.909313 58.416279 66.514000
v 47.886791 58.158760 66.514000
v 47.909313 57.901184 66.514000
v 47.976234 57.651466 66.514000
v 48.085506 57.417130 66.514000
v 48.233795 57.205338 66.514000
v 48.416607 57.022526 66.514000
v 48.628395 56.874237 66.513992
v 48.862720 56.764980 66.513992
v 49.112453 56.698074 66.513992
v 49.370003 56.675522 66.513992
v 49.627563 56.698074 66.513992
v 49.877296 56.764980 66.514000
v 50.111618 56.874237 66.514000
v 50.323410 57.022526 66.514000
v 50.506222 57.205338 66.514000
v 50.654510 57.417130 66.514000
v 50.763783 57.651466 66.513992
v 50.830688 57.901184 66.513992
v 50.853226 58.158760 66.513992
v 50.830688 58.416279 66.513992
v 50.763783 58.666027 66.513992
v 50.654510 58.900337 66.513992
v 50.506222 59.112156 66.513992
v 50.323410 59.294968 66.513992
v 50.111618 59.443226 66.513992
v 49.877296 59.552513 66.513992
v 49.627563 59.619419 66.513992
v 49.370003 59.641972 66.513992
v 49.112453 59.619419 66.513992
v 48.862720 59.552513 66.513992
v 48.628395 59.443226 66.514000
v 49.112457 59.619419 69.257500
v 49.370003 59.641972 69.257500
v 49.627563 59.619419 69.257500
v 49.877296 59.552513 69.257500
v 50.111618 59.443226 69.257500
v 50.323410 59.294968 69.257500
v 50.506222 59.112156 69.257500
v 50.654510 58.900337 69.257500
v 50.763783 58.666027 69.257500
v 49.627563 56.698074 69.257507
v 49.370003 56.675522 69.257507
v 49.112457 56.698074 69.257507
v 48.862720 56.764980 69.257500
v 48.628395 56.874237 69.257500
v 48.416607 57.022526 69.257507
v 48.233795 57.205338 69.257507
v 48.085506 57.417130 69.257507
v 47.976234 57.651466 69.257507
v 39.027004 61.356495 66.514000
v 39.002823 61.632832 66.514000
v 38.931038 61.900761 66.514000
v 38.813812 62.152126 66.513992
v 38.654720 62.379322 66.513992
v 38.458584 62.575485 66.513992
v 38.231388 62.734566 66.513992
v 37.980007 62.851791 66.513992
v 37.712078 62.923588 66.513992
v 37.435772 62.947758 66.513992
v 37.159451 62.923588 66.513992
v 36.891537 62.851791 66.513992
v 36.640156 62.734566 66.513992
v 36.412945 62.575485 66.513992
v 36.216812 62.379322 66.513992
v 36.057716 62.152126 66.513992
v 35.940506 61.900761 66.513992
v 35.868710 61.632832 66.513992
v 35.844540 61.356495 66.513992
v 35.868710 61.080189 66.513992
v 35.940506 60.812290 66.513992
v 36.057716 60.560894 66.514000
v 36.216812 60.333668 66.514000
v 36.412945 60.137562 66.514000
v 36.640156 59.978481 66.514000
v 36.891537 59.861256 66.514000
v 37.159451 59.789463 66.514000
v 37.435772 59.765293 66.514000
v 37.712078 59.789463 66.514000
v 37.980007 59.861256 66.514000
v 38.231388 59.978481 66.514000
v 38.458584 60.137562 66.514000
v 38.654720 60.333668 66.514000
v 38.813812 60.560894 66.514000
v 38.931038 60.812290 66.514000
v 39.002823 61.080189 66.514000
v 38.829540 61.863789 66.514000
v 38.720280 62.098129 66.513992
v 38.571980 62.309891 66.513992
v 38.389168 62.492702 66.513992
v 38.177376 62.641018 66.513992
v 37.943066 62.750278 66.513992
v 37.693333 62.817184 66.513992
v 37.435772 62.839733 66.513992
v 37.178211 62.817184 66.513992
v 36.928478 62.750278 66.513992
v 36.694153 62.641018 66.513992
v 36.482380 62.492702 66.513992
v 36.299553 62.309891 66.513992
v 36.151264 62.098129 66.513992
v 36.041992 61.863789 66.513992
v 35.975086 61.614071 66.513992
v 35.952549 61.356495 66.513992
v 35.975086 61.098949 66.513992
v 36.041992 60.849201 66.513992
v 36.151264 60.614918 66.513992
v 36.299553 60.403103 66.514000
v 36.482380 60.220291 66.514000
v 36.694153 60.072002 66.514000
v 36.928478 59.962742 66.514000
v 37.178211 59.895809 66.514000
v 37.435772 59.873287 66.514000
v 37.693333 59.895809 66.514000
v 37.943066 59.962742 66.514000
v 38.177376 60.072002 66.514000
v 38.389168 60.220291 66.514000
v 38.571980 60.403103 66.514000
v 38.720280 60.614918 66.514000
v 38.829540 60.849201 66.514000
v 38.896458 61.098949 66.514000
v 38.918995 61.356495 66.514000
v 38.896458 61.614071 66.514000
v 36.482380 62.492702 69.257500
v 36.694153 62.641018 69.257500
v 36.928478 62.750278 69.257500
v 37.178211 62.817184 69.257500
v 37.435772 62.839733 69.257500
v 37.693333 62.817184 69.257500
v 37.943066 62.750278 69.257500
v 38.177376 62.641018 69.257500
v 38.389168 62.492702 69.257507
v 38.389168 60.220291 69.257500
v 38.177376 60.072002 69.257500
v 37.943066 59.962742 69.257500
v 37.693333 59.895809 69.257500
v 37.435772 59.873287 69.257500
v 37.178211 59.895809 69.257500
v 36.928478 59.962742 69.257500
v 36.694153 60.072002 69.257500
v 36.482380 60.220291 69.257500
v 27.092762 58.158760 66.513992
v 27.068592 58.435066 66.513992
v 26.996796 58.702969 66.513992
v 26.879572 58.954334 66.513992
v 26.720490 59.181561 66.513992
v 26.524357 59.377693 66.513992
v 26.297146 59.536777 66.514000
v 26.045765 59.653999 66.514000
v 25.777849 59.725796 66.514000
v 25.501530 59.749966 66.514000
v 25.225208 59.725796 66.514000
v 24.957294 59.653999 66.514000
v 24.705914 59.536777 66.514000
v 24.478703 59.377693 66.514000
v 24.282581 59.181561 66.514000
v 24.123486 58.954334 66.514000
v 24.006264 58.702969 66.514000
v 23.934467 58.435066 66.514000
v 23.910295 58.158760 66.514000
v 23.934467 57.882427 66.514000
v 24.006264 57.614498 66.514000
v 24.123486 57.363129 66.514000
v 24.282581 57.135933 66.514000
v 24.478703 56.939774 66.514000
v 24.705914 56.780689 66.514000
v 24.957294 56.663467 66.514000
v 25.225208 56.591671 66.514000
v 25.501530 56.567501 66.514000
v 25.777849 56.591671 66.514000
v 26.045765 56.663467 66.514000
v 26.297146 56.780689 66.514000
v 26.524357 56.939774 66.513992
v 26.720490 57.135933 66.513992
v 26.879572 57.363129 66.513992
v 26.996796 57.614498 66.513992
v 27.068592 57.882427 66.513992
v 24.217022 58.900337 66.514000
v 24.107761 58.666027 66.514000
v 24.040842 58.416279 66.514000
v 24.018307 58.158760 66.514000
v 24.040842 57.901184 66.514000
v 24.107761 57.651466 66.514000
v 24.217022 57.417130 66.514000
v 24.365322 57.205338 66.514000
v 24.548136 57.022526 66.514000
v 24.759926 56.874237 66.514000
v 24.994236 56.764980 66.514000
v 25.243969 56.698074 66.514000
v 25.501530 56.675522 66.514000
v 25.759090 56.698074 66.514000
v 26.008823 56.764980 66.514000
v 26.243134 56.874237 66.514000
v 26.454922 57.022526 66.513992
v 26.637749 57.205338 66.513992
v 26.786037 57.417130 66.513992
v 26.895296 57.651466 66.513992
v 26.962215 57.901184 66.513992
v 26.984753 58.158760 66.513992
v 26.962215 58.416279 66.513992
v 26.895296 58.666027 66.513992
v 26.786037 58.900337 66.513992
v 26.637749 59.112156 66.513992
v 26.454922 59.294968 66.514000
v 26.243134 59.443226 66.514000
v 26.008823 59.552513 66.514000
v 25.759090 59.619419 66.514000
v 25.501530 59.641972 66.514000
v 25.243969 59.619419 66.514000
v 24.994236 59.552513 66.514000
v 24.759926 59.443226 66.514000
v 24.548136 59.294968 66.514000
v 24.365322 59.112156 66.514000
v 24.058723 58.502632 69.257507
v 24.107763 58.666027 69.257507
v 24.217022 58.900337 69.257507
v 24.365324 59.112156 69.257507
v 24.548138 59.294968 69.257507
v 24.759926 59.443226 69.257507
v 24.994236 59.552513 69.257507
v 25.243969 59.619419 69.257507
v 25.501530 59.641972 69.257507
v 25.759090 59.619419 69.257507
v 26.895298 57.651466 69.257500
v 26.786039 57.417130 69.257500
v 26.637749 57.205338 69.257500
v 26.454924 57.022526 69.257500
v 26.243134 56.874237 69.257507
v 26.008823 56.764980 69.257507
v 25.759090 56.698074 69.257507
v 25.501530 56.675522 69.257507
v 25.243969 56.698074 69.257507
v 25.141178 56.719963 69.257507
v 24.994236 56.764980 69.257507
v 24.759926 56.874237 69.257507
v 24.548138 57.022526 69.257507
v 24.365324 57.205338 69.257507
v 24.217022 57.417130 69.257507
v 24.107763 57.651466 69.257507
v 24.040844 57.901184 69.257507
v 24.018307 58.158760 69.257507
v 24.040844 58.416279 69.257507
v 15.158527 37.488037 66.514008
v 15.134352 37.764343 66.514008
v 15.062563 38.032257 66.514008
v 14.945337 38.283653 66.514008
v 14.786249 38.510849 66.514008
v 14.590117 38.706985 66.514008
v 14.362911 38.866081 66.514008
v 14.111530 38.983307 66.514008
v 13.843609 39.055084 66.514008
v 13.567295 39.079269 66.514008
v 13.290981 39.055084 66.514008
v 13.023060 38.983307 66.514008
v 12.771679 38.866081 66.514008
v 12.544468 38.706985 66.514008
v 12.348341 38.510849 66.514008
v 12.189245 38.283653 66.514008
v 12.072021 38.032257 66.514008
v 12.000240 37.764343 66.514008
v 11.976063 37.488037 66.514008
v 12.000240 37.211716 66.514008
v 12.072021 36.943802 66.514008
v 12.189245 36.692421 66.514008
v 12.348341 36.465210 66.514008
v 12.544468 36.269077 66.514008
v 12.771679 36.109982 66.514008
v 13.023060 35.992760 66.514008
v 13.290981 35.920975 66.514008
v 13.567295 35.896805 66.514008
v 13.843609 35.920975 66.514008
v 14.111530 35.992760 66.514008
v 14.362911 36.109982 66.514008
v 14.590117 36.269077 66.514008
v 14.786249 36.465210 66.514008
v 14.945337 36.692421 66.514008
v 15.062563 36.943802 66.514008
v 15.134352 37.211716 66.514008
v 13.060001 38.881805 66.514008
v 12.825684 38.772545 66.514008
v 12.613895 38.624245 66.514008
v 12.431082 38.441429 66.514008
v 12.282787 38.229645 66.514008
v 12.173521 37.995316 66.514008
v 12.106607 37.745583 66.514008
v 12.084072 37.488037 66.514008
v 12.106607 37.230476 66.514008
v 12.173521 36.980743 66.514008
v 12.282787 36.746422 66.514008
v 12.431082 36.534630 66.514008
v 12.613895 36.351818 66.514008
v 12.825684 36.203529 66.514008
v 13.060001 36.094257 66.514008
v 13.309734 36.027351 66.514008
v 13.567295 36.004814 66.514008
v 13.824856 36.027351 66.514008
v 14.074583 36.094257 66.514008
v 14.308907 36.203529 66.514008
v 14.520689 36.351818 66.514008
v 14.703508 36.534630 66.514008
v 14.851803 36.746422 66.514008
v 14.961061 36.980743 66.514008
v 15.027983 37.230476 66.514008
v 15.050512 37.488037 66.514008
v 15.027983 37.745583 66.514008
v 14.961061 37.995316 66.514008
v 14.851803 38.229645 66.514008
v 14.703508 38.441429 66.514008
v 14.520689 38.624245 66.514008
v 14.308907 38.772545 66.514008
v 14.074583 38.881805 66.514008
v 13.824856 38.948723 66.514008
v 13.567295 38.971245 66.514008
v 13.309734 38.948723 66.514008
v 14.703506 38.441429 69.257507
v 14.851801 38.229645 69.257507
v 14.961060 37.995316 69.257507
v 15.027981 37.745583 69.257507
v 15.050510 37.488037 69.257507
v 15.027981 37.230476 69.257507
v 14.961060 36.980743 69.257507
v 14.851801 36.746422 69.257507
v 14.703506 36.534630 69.257507
v 12.431080 36.534630 69.257507
v 12.282785 36.746422 69.257507
v 12.173519 36.980743 69.257507
v 12.106606 37.230476 69.257507
v 12.084070 37.488037 69.257507
v 12.106606 37.745583 69.257507
v 12.173519 37.995316 69.257507
v 12.282785 38.229645 69.257507
v 12.431080 38.441429 69.257507
v 18.356298 49.422268 66.514008
v 18.332121 49.698574 66.514008
v 18.260332 49.966503 66.514008
v 18.143108 50.217896 66.514008
v 17.984018 50.445095 66.514008
v 17.787886 50.641228 66.514008
v 17.560682 50.800339 66.514008
v 17.309301 50.917534 66.514008
v 17.041378 50.989330 66.514008
v 16.765066 51.013500 66.514008
v 16.488752 50.989330 66.514008
v 16.220831 50.917534 66.514008
v 15.969450 50.800339 66.514000
v 15.742239 50.641228 66.514000
v 15.546112 50.445095 66.514000
v 15.387016 50.217896 66.514008
v 15.269793 49.966503 66.514008
v 15.198009 49.698574 66.514008
v 15.173834 49.422268 66.514008
v 15.198009 49.145962 66.514008
v 15.269793 48.878033 66.514008
v 15.387016 48.626637 66.514008
v 15.546112 48.399441 66.514008
v 15.742239 48.203335 66.514008
v 15.969450 48.044224 66.514008
v 16.220831 47.927002 66.514008
v 16.488752 47.855232 66.514008
v 16.765066 47.831036 66.514008
v 17.041378 47.855232 66.514008
v 17.309301 47.927002 66.514008
v 17.560682 48.044224 66.514008
v 17.787886 48.203335 66.514008
v 17.984018 48.399441 66.514008
v 18.143108 48.626637 66.514008
v 18.260332 48.878033 66.514008
v 18.332121 49.145962 66.514008
v 16.257772 50.816048 66.514008
v 16.023455 50.706787 66.514000
v 15.811665 50.558472 66.514000
v 15.628853 50.375660 66.514000
v 15.480558 50.163898 66.514008
v 15.371292 49.929562 66.514008
v 15.304379 49.679840 66.514008
v 15.281843 49.422268 66.514008
v 15.304379 49.164692 66.514008
v 15.371292 48.914974 66.514008
v 15.480558 48.680664 66.514008
v 15.628853 48.468872 66.514008
v 15.811665 48.286060 66.514008
v 16.023455 48.137745 66.514008
v 16.257772 48.028488 66.514008
v 16.507505 47.961578 66.514008
v 16.765066 47.939056 66.514008
v 17.022619 47.961578 66.514008
v 17.272352 48.028488 66.514008
v 17.506670 48.137745 66.514008
v 17.718458 48.286060 66.514008
v 17.901278 48.468872 66.514008
v 18.049566 48.680664 66.514008
v 18.158833 48.914974 66.514008
v 18.225752 49.164692 66.514008
v 18.248281 49.422268 66.514008
v 18.225752 49.679840 66.514008
v 18.158833 49.929562 66.514008
v 18.049566 50.163898 66.514008
v 17.901278 50.375660 66.514008
v 17.718458 50.558472 66.514008
v 17.506670 50.706787 66.514008
v 17.272352 50.816048 66.514008
v 17.022619 50.882954 66.514008
v 16.765066 50.905476 66.514008
v 16.507505 50.882954 66.514008
v 18.225750 49.679840 69.257507
v 18.248280 49.422268 69.257507
v 18.225750 49.164692 69.257507
v 18.158831 48.914974 69.257507
v 18.049564 48.680664 69.257507
v 17.901276 48.468872 69.257507
v 17.718456 48.286060 69.257507
v 17.506668 48.137745 69.257507
v 17.272350 48.028488 69.257507
v 15.304377 49.164692 69.257507
v 15.281841 49.422268 69.257507
v 15.304377 49.679840 69.257507
v 15.371290 49.929562 69.257507
v 15.480556 50.163898 69.257507
v 15.628851 50.375660 69.257507
v 15.811663 50.558472 69.257507
v 16.023453 50.706787 69.257507
v 16.257771 50.816048 69.257507
v 15.221472 35.761398 70.077194
v 15.154470 37.488037 70.077194
v 15.422075 34.045158 70.077194
v 15.755064 32.349609 70.077194
v 16.218454 30.684975 70.077194
v 16.809437 29.061249 70.077194
v 19.308771 24.531639 70.077194
v 18.359257 25.975300 70.077194
v 17.524475 27.488197 70.077194
v 22.785339 20.700500 70.077194
v 21.528490 21.886284 70.077194
v 20.367304 23.165890 70.077194
v 24.130299 19.615685 70.077194
v 25.555279 18.638355 70.077194
v 27.051714 17.774391 70.077194
v 28.610592 17.028996 70.077194
v 33.566662 15.545235 70.077194
v 31.877897 15.911057 70.077194
v 30.222561 16.406620 70.077194
v 38.731308 15.244431 70.077194
v 37.003708 15.210922 70.077194
v 35.278702 15.311394 70.077194
v 40.451122 15.411713 70.077194
v 42.152805 15.711761 70.077194
v 45.460999 16.702179 70.077194
v 43.826122 16.142784 70.077194
v 50.038216 19.113213 70.077194
v 48.576416 18.191872 70.077194
v 47.047615 17.386574 70.077194
v 51.424240 20.145046 70.077194
v 52.726120 21.281197 70.077194
v 53.936058 22.514824 70.077194
v 55.046749 23.838501 70.077194
v 57.719833 28.267792 70.077194
v 56.944351 26.723663 70.077194
v 56.051517 25.244255 70.077194
v 59.299408 33.194153 70.077194
v 58.900917 31.512794 70.077194
v 58.373341 29.867386 70.077194
v 59.566414 34.901337 70.077194
v 59.700310 36.624073 70.077194
v 59.700310 38.352005 70.077194
v 59.566414 40.074730 70.077194
v 58.373341 45.108704 70.077187
v 58.900917 43.463284 70.077194
v 59.299408 41.781906 70.077194
v 56.051517 49.731808 70.077187
v 56.944351 48.252388 70.077187
v 57.719833 46.708260 70.077187
v 55.046749 51.137562 70.077187
v 53.936058 52.461250 70.077187
v 51.424240 54.831001 70.077187
v 52.726120 53.694851 70.077187
v 47.047615 57.589504 70.077179
v 48.576416 56.784206 70.077187
v 50.038216 55.862865 70.077179
v 45.460999 58.273895 70.077179
v 43.826122 58.833267 70.077179
v 42.152805 59.264317 70.077179
v 40.451122 59.564350 70.077187
v 35.278702 59.664658 70.077179
v 37.003708 59.765125 70.077179
v 38.731308 59.731617 70.077179
v 30.222561 58.569431 70.077179
v 31.877897 59.065022 70.077179
v 33.566662 59.430813 70.077187
v 28.610592 57.947083 70.077179
v 27.051714 57.201687 70.077179
v 25.555279 56.337723 70.077187
v 24.130299 55.360378 70.077187
v 20.367304 51.810173 70.077187
v 21.528490 53.089779 70.077187
v 22.785339 54.275558 70.077187
v 17.524475 47.487850 70.077194
v 18.359257 49.000778 70.077194
v 19.308771 50.444435 70.077179
v 16.809437 45.914825 70.077194
v 16.218454 44.291103 70.077194
v 15.422075 40.930908 70.077194
v 15.755064 42.626453 70.077194
v 15.221472 39.214661 70.077194
v 15.209450 39.215599 70.127426
v 15.410162 40.932774 70.127426
v 15.743330 42.629242 70.127426
v 16.206966 44.294785 70.127426
v 16.798271 45.919388 70.127426
v 17.513700 47.493286 70.127426
v 18.348936 49.006985 70.127426
v 19.298965 50.451439 70.127419
v 20.358068 51.817947 70.127419
v 21.519876 53.098236 70.127419
v 22.777414 54.284653 70.127419
v 24.123102 55.370045 70.127419
v 25.548853 56.347912 70.127419
v 27.046097 57.212341 70.127411
v 28.605827 57.958149 70.127419
v 30.218647 58.580856 70.127419
v 31.874891 59.076694 70.127419
v 33.564560 59.442707 70.127419
v 35.277534 59.676685 70.127411
v 37.003475 59.777210 70.127419
v 38.732010 59.743675 70.127419
v 40.452755 59.576298 70.127419
v 42.155361 59.276070 70.127411
v 43.829582 58.844830 70.127411
v 45.465336 58.285156 70.127419
v 47.052807 57.600380 70.127419
v 48.582447 56.794643 70.127419
v 50.045044 55.872807 70.127419
v 51.431805 54.840393 70.127419
v 52.734398 53.703640 70.127419
v 53.944984 52.469326 70.127419
v 55.056282 51.144951 70.127426
v 56.061600 49.738453 70.127419
v 56.954910 48.258240 70.127419
v 57.730820 46.713257 70.127419
v 58.384670 45.112823 70.127426
v 58.912537 43.466496 70.127426
v 59.311241 41.784241 70.127426
v 59.578392 40.076126 70.127426
v 59.712368 38.352470 70.127426
v 59.712368 36.623604 70.127426
v 59.578392 34.899933 70.127426
v 59.311241 33.191833 70.127426
v 58.912537 31.509567 70.127426
v 58.384670 29.863251 70.127426
v 57.730820 28.262802 70.127426
v 56.954910 26.717838 70.127426
v 56.061600 25.237637 70.127426
v 55.056282 23.831112 70.127426
v 53.944984 22.506721 70.127426
v 52.734398 21.272438 70.127426
v 51.431805 20.135666 70.127426
v 50.045044 19.103256 70.127426
v 48.582447 18.181419 70.127426
v 47.052807 17.375698 70.127434
v 45.465336 16.690918 70.127426
v 43.829582 16.131233 70.127426
v 42.155361 15.699982 70.127426
v 40.452755 15.399765 70.127426
v 38.732010 15.232399 70.127434
v 37.003475 15.198864 70.127426
v 35.277534 15.299393 70.127426
v 33.564560 15.533371 70.127426
v 31.874891 15.899368 70.127434
v 30.218647 16.395222 70.127426
v 28.605827 17.017914 70.127426
v 27.046097 17.763718 70.127426
v 25.548853 18.628151 70.127434
v 24.123102 19.606018 70.127426
v 22.777414 20.691410 70.127426
v 21.519876 21.877838 70.127426
v 20.358068 23.158142 70.127426
v 19.298965 24.524624 70.127426
v 18.348936 25.969063 70.127426
v 17.513700 27.482788 70.127426
v 16.798271 29.056690 70.127426
v 16.206966 30.681293 70.127426
v 15.743330 32.346832 70.127426
v 15.410162 34.043289 70.127426
v 15.209450 35.760468 70.127426
v 15.142412 37.488037 70.127426
v 15.189743 39.217133 70.175156
v 15.390627 40.935837 70.175156
v 15.724096 42.633801 70.175156
v 16.188147 44.300827 70.175156
v 16.779972 45.926857 70.175156
v 17.496035 47.502132 70.175156
v 18.332010 49.017200 70.175156
v 19.282877 50.462948 70.175140
v 20.342920 51.830635 70.175148
v 21.505762 53.112080 70.175148
v 22.764408 54.299538 70.175148
v 24.111292 55.385921 70.175148
v 25.538307 56.364639 70.175148
v 27.036882 57.229839 70.175140
v 28.597984 57.976303 70.175140
v 30.212246 58.599560 70.175140
v 31.869961 59.095840 70.175148
v 33.561127 59.462177 70.175148
v 35.275612 59.696354 70.175140
v 37.003090 59.796959 70.175140
v 38.733162 59.763424 70.175148
v 40.455433 59.595882 70.175148
v 42.159550 59.295406 70.175140
v 43.835239 58.863781 70.175140
v 45.472466 58.303589 70.175140
v 47.061333 57.618206 70.175148
v 48.592335 56.811783 70.175148
v 50.056221 55.889095 70.175140
v 51.444221 54.855774 70.175148
v 52.747967 53.718033 70.175148
v 53.959625 52.482620 70.175148
v 55.071907 51.157063 70.175148
v 56.078117 49.749302 70.175148
v 56.972214 48.267769 70.175148
v 57.748810 46.721443 70.175148
v 58.403252 45.119583 70.175156
v 58.931583 43.471798 70.175156
v 59.330650 41.788048 70.175156
v 59.598030 40.078423 70.175156
v 59.732117 38.353241 70.175156
v 59.732117 36.622837 70.175156
v 59.598030 34.897640 70.175156
v 59.330650 33.188019 70.175156
v 58.931583 31.504265 70.175156
v 58.403252 29.856495 70.175156
v 57.748810 28.254620 70.175156
v 56.972214 26.708282 70.175156
v 56.078117 25.226772 70.175156
v 55.071907 23.819000 70.175156
v 53.959625 22.493431 70.175156
v 52.747967 21.258057 70.175156
v 51.444221 20.120274 70.175156
v 50.056221 19.086952 70.175156
v 48.592335 18.164295 70.175156
v 47.061333 17.357857 70.175156
v 45.472466 16.672489 70.175156
v 43.835239 16.112297 70.175156
v 42.159550 15.680656 70.175156
v 40.455433 15.380165 70.175156
v 38.733162 15.212654 70.175156
v 37.003090 15.179104 70.175156
v 35.275612 15.279724 70.175156
v 33.561127 15.513897 70.175156
v 31.869961 15.880226 70.175156
v 30.212246 16.376518 70.175156
v 28.597984 16.999760 70.175156
v 27.036882 17.746239 70.175156
v 25.538307 18.611439 70.175156
v 24.111292 19.590157 70.175156
v 22.764408 20.676525 70.175156
v 21.505762 21.863995 70.175156
v 20.342920 23.145428 70.175156
v 19.282877 24.513130 70.175156
v 18.332010 25.958847 70.175156
v 17.496035 27.473915 70.175156
v 16.779972 29.049206 70.175156
v 16.188147 30.675251 70.175156
v 15.724096 32.342278 70.175156
v 15.390627 34.040237 70.175156
v 15.189743 35.758942 70.175156
v 15.122644 37.488037 70.175156
v 15.162827 39.219223 70.219200
v 15.363958 40.939995 70.219200
v 15.697832 42.640022 70.219200
v 16.162437 44.309067 70.219200
v 16.754986 45.937073 70.219200
v 17.471912 47.514271 70.219193
v 18.308899 49.031155 70.219200
v 19.260920 50.478630 70.219193
v 20.322247 51.847992 70.219193
v 21.486494 53.130978 70.219193
v 22.746666 54.319862 70.219193
v 24.095169 55.407562 70.219193
v 25.523914 56.387489 70.219193
v 27.024303 57.253708 70.219193
v 28.587299 58.001106 70.219193
v 30.203514 58.625103 70.219193
v 31.863218 59.121986 70.219193
v 33.556442 59.488766 70.219193
v 35.273003 59.723213 70.219193
v 37.002567 59.823959 70.219193
v 38.734726 59.790340 70.219193
v 40.459087 59.622635 70.219193
v 42.165264 59.321774 70.219193
v 43.842987 58.889626 70.219193
v 45.482185 58.328773 70.219193
v 47.072979 57.642567 70.219193
v 48.605835 56.835129 70.219193
v 50.071491 55.911369 70.219193
v 51.461166 54.876816 70.219193
v 52.766495 53.737640 70.219193
v 53.979622 52.500774 70.219193
v 55.093235 51.173599 70.219193
v 56.100670 49.764133 70.219193
v 56.995850 48.280842 70.219193
v 57.773392 46.732594 70.219193
v 58.428616 45.128811 70.219193
v 58.957596 43.479050 70.219200
v 59.357124 41.793251 70.219200
v 59.624832 40.081566 70.219200
v 59.759087 38.354282 70.219200
v 59.759087 36.621780 70.219200
v 59.624832 34.894508 70.219208
v 59.357124 33.182812 70.219200
v 58.957596 31.497028 70.219208
v 58.428616 29.847267 70.219208
v 57.773392 28.243454 70.219208
v 56.995850 26.695236 70.219208
v 56.100670 25.211941 70.219208
v 55.093235 23.802464 70.219208
v 53.979622 22.475304 70.219208
v 52.766495 21.238419 70.219208
v 51.461166 20.099262 70.219208
v 50.071491 19.064693 70.219208
v 48.605835 18.140923 70.219208
v 47.072979 17.333508 70.219208
v 45.482185 16.647301 70.219208
v 43.842987 16.086422 70.219208
v 42.165264 15.654278 70.219208
v 40.459087 15.353443 70.219208
v 38.734726 15.185707 70.219208
v 37.002567 15.152119 70.219208
v 35.273003 15.252850 70.219208
v 33.556442 15.487312 70.219208
v 31.863218 15.854092 70.219208
v 30.203514 16.350975 70.219208
v 28.587299 16.974972 70.219208
v 27.024303 17.722343 70.219208
v 25.523914 18.588589 70.219208
v 24.095169 19.568512 70.219208
v 22.746666 20.656185 70.219208
v 21.486494 21.845100 70.219208
v 20.322247 23.128082 70.219208
v 19.260920 24.497433 70.219208
v 18.308899 25.944908 70.219208
v 17.471912 27.461807 70.219208
v 16.754986 29.039001 70.219208
v 16.162437 30.667011 70.219208
v 15.697832 32.336040 70.219200
v 15.363958 34.036064 70.219200
v 15.162827 35.756840 70.219200
v 15.095652 37.488037 70.219200
v 15.129379 39.221817 70.258484
v 15.330814 40.945190 70.258484
v 15.665182 42.647755 70.258484
v 16.130487 44.319283 70.258484
v 16.723928 45.949764 70.258484
v 17.441927 47.529324 70.258484
v 18.280176 49.048512 70.258484
v 19.233625 50.498158 70.258476
v 20.296545 51.869553 70.258476
v 21.462543 53.154461 70.258476
v 22.724598 54.345158 70.258476
v 24.075134 55.434479 70.258484
v 25.506035 56.415833 70.258484
v 27.008661 57.283398 70.258476
v 28.574007 58.031895 70.258476
v 30.192650 58.656826 70.258476
v 31.854855 59.154453 70.258476
v 33.550621 59.521778 70.258476
v 35.269749 59.756611 70.258476
v 37.001907 59.857494 70.258476
v 38.736679 59.823849 70.258476
v 40.463631 59.655869 70.258476
v 42.172363 59.354568 70.258469
v 43.852612 58.921761 70.258476
v 45.494270 58.360085 70.258476
v 47.087456 57.672836 70.258476
v 48.622601 56.864185 70.258484
v 50.090469 55.939026 70.258476
v 51.482231 54.902908 70.258476
v 52.789509 53.762032 70.258476
v 54.004463 52.523323 70.258484
v 55.119751 51.194141 70.258484
v 56.128696 49.782562 70.258476
v 57.025223 48.297047 70.258484
v 57.803932 46.746490 70.258484
v 58.460144 45.140289 70.258484
v 58.989906 43.488056 70.258484
v 59.390057 41.799721 70.258484
v 59.658165 40.085453 70.258484
v 59.792610 38.355576 70.258484
v 59.792610 36.620491 70.258484
v 59.658165 34.890610 70.258484
v 59.390057 33.176357 70.258484
v 58.989906 31.488033 70.258484
v 58.460144 29.835785 70.258484
v 57.803932 28.229568 70.258484
v 57.025223 26.679031 70.258484
v 56.128696 25.193501 70.258484
v 55.119751 23.781906 70.258492
v 54.004463 22.452751 70.258484
v 52.789509 21.214016 70.258484
v 51.482231 20.073158 70.258484
v 50.090469 19.037022 70.258484
v 48.622601 18.111862 70.258484
v 47.087456 17.303242 70.258492
v 45.494270 16.615990 70.258492
v 43.852612 16.054291 70.258492
v 42.172363 15.621483 70.258484
v 40.463631 15.320183 70.258484
v 38.736679 15.152214 70.258492
v 37.001907 15.118568 70.258492
v 35.269749 15.219467 70.258492
v 33.550621 15.454273 70.258484
v 31.854855 15.821598 70.258492
v 30.192650 16.319221 70.258492
v 28.574007 16.944168 70.258484
v 27.008661 17.692665 70.258484
v 25.506035 18.560215 70.258492
v 24.075134 19.541595 70.258492
v 22.724598 20.630905 70.258484
v 21.462543 21.821602 70.258484
v 20.296545 23.106506 70.258484
v 19.233625 24.477917 70.258484
v 18.280176 25.927578 70.258484
v 17.441927 27.446754 70.258484
v 16.723928 29.026314 70.258484
v 16.130487 30.656769 70.258484
v 15.665182 32.328308 70.258484
v 15.330814 34.030876 70.258484
v 15.129379 35.754242 70.258484
v 15.062101 37.488037 70.258484
v 15.090212 39.224869 70.292038
v 15.291996 40.951256 70.292038
v 15.626955 42.656818 70.292038
v 16.093079 44.331284 70.292038
v 16.687561 45.964596 70.292038
v 17.406822 47.546955 70.292038
v 18.246536 49.068783 70.292038
v 19.201660 50.520981 70.292023
v 20.266447 51.894794 70.292023
v 21.434500 53.181953 70.292030
v 22.698765 54.374741 70.292030
v 24.051678 55.465984 70.292030
v 25.485077 56.449066 70.292030
v 26.990356 57.318142 70.292023
v 28.558449 58.067959 70.292023
v 30.179934 58.694016 70.292023
v 31.845049 59.192520 70.292030
v 33.543797 59.560478 70.292030
v 35.265945 59.795723 70.292023
v 37.001152 59.896770 70.292023
v 38.738972 59.863071 70.292030
v 40.468945 59.694813 70.292030
v 42.180672 59.392963 70.292023
v 43.863873 58.959389 70.292023
v 45.508415 58.396725 70.292023
v 47.104401 57.708267 70.292030
v 48.642239 56.898216 70.292023
v 50.112690 55.971436 70.292023
v 51.506897 54.933502 70.292030
v 52.816467 53.790623 70.292030
v 54.033546 52.549717 70.292030
v 55.150803 51.218201 70.292030
v 56.161514 49.804153 70.292030
v 57.059620 48.315998 70.292030
v 57.839691 46.762753 70.292030
v 58.497059 45.153721 70.292030
v 59.027752 43.498577 70.292038
v 59.428604 41.807285 70.292038
v 59.697178 40.090012 70.292038
v 59.831871 38.357098 70.292038
v 59.831871 36.618965 70.292038
v 59.697178 34.886047 70.292038
v 59.428604 33.168777 70.292038
v 59.027752 31.477486 70.292038
v 58.497059 29.822357 70.292038
v 57.839691 28.213310 70.292038
v 57.059620 26.660049 70.292038
v 56.161514 25.171909 70.292038
v 55.150803 23.757847 70.292038
v 54.033546 22.426357 70.292038
v 52.816467 21.185440 70.292038
v 51.506897 20.042572 70.292038
v 50.112690 19.004639 70.292038
v 48.642239 18.077847 70.292038
v 47.104401 17.267796 70.292038
v 45.508415 16.579353 70.292038
v 43.863873 16.016663 70.292038
v 42.180672 15.583084 70.292038
v 40.468945 15.281261 70.292038
v 38.738972 15.113007 70.292038
v 37.001152 15.079292 70.292038
v 35.265945 15.180355 70.292038
v 33.543797 15.415585 70.292038
v 31.845049 15.783558 70.292038
v 30.179934 16.282063 70.292038
v 28.558449 16.908089 70.292038
v 26.990356 17.657906 70.292038
v 25.485077 18.526981 70.292038
v 24.051678 19.510094 70.292038
v 22.698765 20.601311 70.292038
v 21.434500 21.794094 70.292038
v 20.266447 23.081268 70.292038
v 19.201660 24.455078 70.292038
v 18.246536 25.907269 70.292038
v 17.406822 27.429123 70.292038
v 16.687561 29.011452 70.292038
v 16.093079 30.644775 70.292038
v 15.626955 32.319244 70.292038
v 15.291996 34.024803 70.292038
v 15.090212 35.751198 70.292038
v 15.022818 37.488037 70.292038
v 15.046293 39.228287 70.319031
v 15.248476 40.958054 70.319031
v 15.584095 42.666981 70.319031
v 16.051138 44.344742 70.319023
v 16.646782 45.981266 70.319031
v 17.367458 47.566730 70.319031
v 18.208824 49.091553 70.319031
v 19.165831 50.546608 70.319016
v 20.232706 51.923111 70.319023
v 21.403051 53.212826 70.319023
v 22.669804 54.407944 70.319023
v 24.025379 55.501331 70.319023
v 25.461594 56.486366 70.319023
v 26.969826 57.357143 70.319016
v 28.541008 58.108414 70.319016
v 30.165680 58.735680 70.319016
v 31.834064 59.235172 70.319016
v 33.536148 59.603848 70.319023
v 35.261688 59.839558 70.319016
v 37.000301 59.940800 70.319016
v 38.741524 59.907043 70.319016
v 40.474907 59.738430 70.319023
v 42.189995 59.436031 70.319016
v 43.876507 59.001606 70.319016
v 45.524277 58.437813 70.319016
v 47.123405 57.748009 70.319023
v 48.664268 56.936367 70.319016
v 50.137604 56.007748 70.319016
v 51.534542 54.967781 70.319023
v 52.846695 53.822678 70.319023
v 54.066162 52.579300 70.319023
v 55.185616 51.245201 70.319023
v 56.198318 49.828377 70.319023
v 57.098183 48.337311 70.319023
v 57.879791 46.780991 70.319023
v 58.538448 45.168800 70.319023
v 59.070187 43.510387 70.319031
v 59.471821 41.815773 70.319031
v 59.740929 40.095135 70.319031
v 59.875885 38.358814 70.319031
v 59.875885 36.617249 70.319031
v 59.740929 34.880928 70.319031
v 59.471821 33.160290 70.319031
v 59.070187 31.465675 70.319031
v 58.538448 29.807289 70.319031
v 57.879791 28.195087 70.319031
v 57.098183 26.638779 70.319031
v 56.198318 25.147713 70.319031
v 55.185616 23.730862 70.319031
v 54.066162 22.396751 70.319031
v 52.846695 21.153400 70.319031
v 51.534542 20.008297 70.319031
v 50.137604 18.968304 70.319031
v 48.664268 18.039711 70.319031
v 47.123405 17.228065 70.319031
v 45.524277 16.538265 70.319031
v 43.876507 15.974461 70.319031
v 42.189995 15.540047 70.319031
v 40.474907 15.237617 70.319031
v 38.741524 15.069035 70.319031
v 37.000301 15.035252 70.319031
v 35.261688 15.136517 70.319031
v 33.536148 15.372204 70.319031
v 31.834064 15.740906 70.319031
v 30.165680 16.240383 70.319031
v 28.541008 16.867661 70.319031
v 26.969826 17.618935 70.319031
v 25.461594 18.489712 70.319031
v 24.025379 19.474747 70.319031
v 22.669804 20.568130 70.319031
v 21.403051 21.763252 70.319031
v 20.232706 23.052948 70.319031
v 19.165831 24.429466 70.319031
v 18.208824 25.884510 70.319031
v 17.367458 27.409348 70.319031
v 16.646782 28.994797 70.319031
v 16.051138 30.631332 70.319031
v 15.584095 32.309097 70.319031
v 15.248476 34.018005 70.319031
v 15.046293 35.747787 70.319031
v 14.978769 37.488037 70.319031
v 14.998709 39.231979 70.338791
v 15.201324 40.965431 70.338791
v 15.537657 42.677979 70.338791
v 16.005688 44.359329 70.338791
v 16.602604 45.999313 70.338791
v 17.324810 47.588154 70.338791
v 18.167963 49.116215 70.338791
v 19.127001 50.574348 70.338791
v 20.196148 51.953793 70.338791
v 21.368967 53.246223 70.338791
v 22.638424 54.443897 70.338791
v 23.996868 55.539593 70.338791
v 25.436146 56.526741 70.338791
v 26.947590 57.399357 70.338791
v 28.522097 58.152222 70.338791
v 30.150230 58.780861 70.338791
v 31.822157 59.281399 70.338791
v 33.527866 59.650867 70.338791
v 35.257057 59.887047 70.338791
v 36.999367 59.988533 70.338791
v 38.744301 59.954697 70.338791
v 40.481361 59.785725 70.338791
v 42.200104 59.482670 70.338791
v 43.890198 59.047337 70.338791
v 45.541473 58.482334 70.338791
v 47.143990 57.791046 70.338791
v 48.688133 56.977703 70.338791
v 50.164600 56.047134 70.338791
v 51.564507 55.004913 70.338791
v 52.879448 53.857391 70.338791
v 54.101509 52.611378 70.338791
v 55.223339 51.274452 70.338791
v 56.238201 49.854580 70.338791
v 57.139973 48.360355 70.338791
v 57.923241 46.800735 70.338791
v 58.583302 45.185116 70.338791
v 59.116165 43.523186 70.338791
v 59.518650 41.824974 70.338791
v 59.788338 40.100670 70.338791
v 59.923576 38.360668 70.338799
v 59.923576 36.615410 70.338799
v 59.788338 34.875393 70.338799
v 59.518650 33.151089 70.338799
v 59.116165 31.452877 70.338799
v 58.583302 29.790962 70.338799
v 57.923241 28.175339 70.338799
v 57.139973 26.615723 70.338799
v 56.238201 25.121483 70.338799
v 55.223339 23.701622 70.338806
v 54.101509 22.364685 70.338806
v 52.879448 21.118683 70.338806
v 51.564507 19.971134 70.338806
v 50.164600 18.928944 70.338806
v 48.688133 17.998375 70.338806
v 47.143990 17.185001 70.338806
v 45.541473 16.493740 70.338806
v 43.890198 15.928741 70.338806
v 42.200104 15.493397 70.338806
v 40.481361 15.190338 70.338806
v 38.744301 15.021381 70.338806
v 36.999367 14.987541 70.338806
v 35.257057 15.089016 70.338806
v 33.527866 15.325211 70.338806
v 31.822157 15.694679 70.338806
v 30.150230 16.195217 70.338806
v 28.522097 16.823826 70.338806
v 26.947590 17.576721 70.338806
v 25.436146 18.449337 70.338806
v 23.996868 19.436459 70.338806
v 22.638424 20.532150 70.338806
v 21.368967 21.729824 70.338806
v 20.196148 23.022270 70.338806
v 19.127001 24.401714 70.338799
v 18.167963 25.859848 70.338806
v 17.324810 27.387924 70.338806
v 16.602604 28.976753 70.338806
v 16.005688 30.616749 70.338799
v 15.537657 32.298080 70.338799
v 15.201324 34.010632 70.338799
v 14.998709 35.744080 70.338799
v 14.931040 37.488037 70.338799
v 14.948631 39.235867 70.350861
v 15.151693 40.973206 70.350861
v 15.488775 42.689571 70.350861
v 15.957850 44.374653 70.350861
v 16.556097 46.018318 70.350853
v 17.279917 47.610676 70.350861
v 18.124958 49.142170 70.350853
v 19.086132 50.603573 70.350845
v 20.157661 51.986092 70.350845
v 21.333111 53.281406 70.350853
v 22.605396 54.481747 70.350845
v 23.966877 55.579884 70.350853
v 25.409367 56.569229 70.350853
v 26.924175 57.443798 70.350845
v 28.502197 58.198364 70.350845
v 30.133957 58.828377 70.350845
v 31.809631 59.330013 70.350845
v 33.519146 59.700336 70.350853
v 35.252197 59.937061 70.350845
v 36.998394 60.038742 70.350845
v 38.747223 60.004848 70.350845
v 40.488159 59.835495 70.350853
v 42.210747 59.531776 70.350845
v 43.904606 59.095455 70.350845
v 45.559559 58.529194 70.350845
v 47.165665 57.836365 70.350845
v 48.713253 57.021210 70.350845
v 50.193016 56.088551 70.350845
v 51.596050 55.044025 70.350845
v 52.913929 53.893921 70.350853
v 54.138714 52.645161 70.350853
v 55.263039 51.305214 70.350853
v 56.280167 49.882183 70.350853
v 57.183960 48.384609 70.350853
v 57.968971 46.821529 70.350853
v 58.630501 45.202282 70.350853
v 59.164558 43.536671 70.350861
v 59.567951 41.834656 70.350861
v 59.838226 40.106506 70.350861
v 59.973770 38.362602 70.350861
v 59.973770 36.613457 70.350861
v 59.838226 34.869556 70.350861
v 59.567951 33.141418 70.350861
v 59.164558 31.439407 70.350861
v 58.630501 29.773781 70.350861
v 57.968971 28.154549 70.350861
v 57.183960 26.591438 70.350861
v 56.280167 25.093880 70.350861
v 55.263039 23.670849 70.350861
v 54.138714 22.330914 70.350861
v 52.913929 21.082153 70.350861
v 51.596050 19.932053 70.350861
v 50.193016 18.887527 70.350861
v 48.713253 17.954868 70.350861
v 47.165665 17.139683 70.350861
v 45.559559 16.446884 70.350861
v 43.904606 15.880623 70.350861
v 42.210747 15.444302 70.350861
v 40.488159 15.140572 70.350861
v 38.747223 14.971230 70.350861
v 36.998394 14.937309 70.350861
v 35.252197 15.039017 70.350861
v 33.519146 15.275730 70.350861
v 31.809631 15.646038 70.350861
v 30.133957 16.147701 70.350861
v 28.502197 16.777710 70.350861
v 26.924175 17.532265 70.350861
v 25.409367 18.406845 70.350861
v 23.966877 19.396164 70.350861
v 22.605396 20.494316 70.350861
v 21.333111 21.694656 70.350861
v 20.157661 22.989983 70.350861
v 19.086132 24.372505 70.350861
v 18.124958 25.833893 70.350861
v 17.279917 27.365387 70.350861
v 16.556097 28.957745 70.350861
v 15.957850 30.601425 70.350861
v 15.488775 32.286507 70.350861
v 15.151693 34.002872 70.350861
v 14.948631 35.740196 70.350861
v 14.880806 37.488037 70.350861
v 12.048971 39.346100 70.082855
v 12.590048 43.022648 70.082855
v 13.060331 44.821522 70.082855
v 15.238007 49.946041 70.082855
v 16.206602 51.533127 70.082855
v 18.477814 54.474442 70.082855
v 19.768316 55.812958 70.082855
v 24.175385 59.215977 70.082855
v 25.796801 60.125973 70.082855
v 29.216942 61.579380 70.082855
v 30.997427 62.115047 70.082855
v 34.651752 62.790047 70.082848
v 36.506107 62.925755 70.082848
v 38.365421 62.925755 70.082855
v 42.059288 62.519318 70.082848
v 43.874115 62.115047 70.082855
v 47.391228 60.915176 70.082855
v 49.074745 60.125973 70.082848
v 50.696148 59.215977 70.082855
v 53.718460 57.053699 70.082855
v 55.103218 55.812958 70.082855
v 57.583080 53.045284 70.082855
v 58.664948 51.533127 70.082855
v 61.210876 46.581257 70.082855
v 61.811211 44.821522 70.082855
v 62.619213 41.194260 70.082855
v 62.822571 39.346100 70.082855
v 62.619213 33.781799 70.082855
v 62.281494 31.953415 70.082863
v 61.210876 28.394821 70.082863
v 60.483688 26.683617 70.082863
v 58.664948 23.442951 70.082863
v 57.583080 21.930779 70.082863
v 56.393730 20.501637 70.082863
v 53.718460 17.922348 70.082870
v 52.246811 16.785980 70.082870
v 49.074745 14.850090 70.082863
v 47.391228 14.060886 70.082870
v 42.059288 12.456745 70.082870
v 40.219776 12.186031 70.082863
v 36.506107 12.050308 70.082870
v 34.651752 12.186031 70.082870
v 29.216942 13.396694 70.082870
v 27.480318 14.060886 70.082863
v 24.175385 15.760075 70.082870
v 22.624718 16.785980 70.082870
v 18.477814 20.501637 70.082863
v 17.288462 21.930779 70.082863
v 15.238007 25.030048 70.082863
v 14.387850 26.683617 70.082863
v 13.060331 30.154556 70.082855
v 12.590048 31.953415 70.082855
v 12.252327 33.781799 70.082855
v 11.981062 37.488037 70.082855
v 32.860764 12.719360 70.349915
v 34.680965 12.451488 70.349915
v 32.850697 12.664841 70.335068
v 34.674908 12.396393 70.335068
v 32.841248 12.613701 70.310806
v 34.669209 12.344673 70.310806
v 32.832706 12.567474 70.277893
v 34.664074 12.297955 70.277893
v 32.825333 12.527565 70.237320
v 34.659637 12.257618 70.237320
v 32.819359 12.495213 70.190308
v 34.656040 12.224895 70.190308
v 32.814949 12.471359 70.138298
v 34.653374 12.200794 70.138298
v 32.812256 12.456745 70.082863
v 45.568375 13.649437 70.349915
v 47.286774 14.306667 70.349915
v 45.586269 13.596977 70.335068
v 47.308456 14.255661 70.335068
v 45.603065 13.547756 70.310814
v 47.328796 14.207790 70.310814
v 45.618240 13.503262 70.277893
v 47.347183 14.164528 70.277893
v 45.631340 13.464851 70.237320
v 47.363060 14.127174 70.237320
v 45.641968 13.433693 70.190308
v 47.375927 14.096882 70.190308
v 45.649796 13.410744 70.138298
v 47.385418 14.074551 70.138298
v 45.654591 13.396694 70.082870
v 59.400642 49.815304 70.349899
v 58.442223 51.385773 70.349899
v 59.448982 49.842438 70.335052
v 58.488449 51.416340 70.335052
v 59.494343 49.867901 70.310799
v 58.531830 51.445068 70.310799
v 59.535339 49.890915 70.277878
v 58.571026 51.470997 70.277878
v 59.570724 49.910774 70.237305
v 58.604877 51.493382 70.237305
v 59.599426 49.926868 70.190292
v 58.632332 51.511536 70.190292
v 59.620575 49.938736 70.138290
v 58.652557 51.524940 70.138283
v 59.633530 49.946041 70.082855
v 13.910095 46.485840 70.349907
v 13.316050 44.744564 70.349899
v 13.858322 46.505646 70.335052
v 13.262972 44.760548 70.335052
v 13.809742 46.524239 70.310799
v 13.213169 44.775543 70.310799
v 13.765833 46.541019 70.277878
v 13.168156 44.789059 70.277878
v 13.727936 46.555496 70.237305
v 13.129297 44.800758 70.237305
v 13.697187 46.567276 70.190292
v 13.097775 44.810261 70.190292
v 13.674536 46.575928 70.138290
v 13.074551 44.817238 70.138290
v 13.660666 46.581257 70.082855
v 12.048971 35.629959 70.082855
v 12.063782 35.631046 70.138290
v 11.995914 37.488037 70.138290
v 12.087973 35.632820 70.190300
v 12.020166 37.488037 70.190300
v 12.120800 35.635223 70.237305
v 12.053083 37.488037 70.237305
v 12.161272 35.638176 70.277885
v 12.093664 37.488037 70.277885
v 12.208155 35.641609 70.310806
v 12.140671 37.488037 70.310806
v 12.260023 35.645409 70.335052
v 12.192677 37.488037 70.335052
v 12.315306 35.649448 70.349907
v 12.248110 37.488037 70.349907
v 12.516527 33.820679 70.349907
v 12.461683 33.812614 70.335052
v 12.410234 33.805038 70.310806
v 12.363722 33.798195 70.277885
v 12.323582 33.792278 70.237305
v 12.291014 33.787483 70.190300
v 12.267021 33.783958 70.138290
v 12.850702 32.011475 70.349907
v 12.796602 31.999420 70.335052
v 12.745832 31.988117 70.310806
v 12.699951 31.977898 70.277893
v 12.660347 31.969070 70.237305
v 12.628218 31.961914 70.190300
v 12.604542 31.956642 70.138290
v 13.074551 30.158836 70.138290
v 13.097775 30.165817 70.190308
v 13.129297 30.175304 70.237305
v 13.168156 30.186989 70.277893
v 13.213169 30.200531 70.310806
v 13.262972 30.215530 70.335052
v 13.316050 30.231483 70.349915
v 13.660666 28.394821 70.082855
v 13.674536 28.400131 70.138290
v 13.697187 28.408798 70.190308
v 13.727936 28.420555 70.237305
v 13.765833 28.435059 70.277893
v 13.809742 28.451836 70.310806
v 13.858322 28.470421 70.335060
v 13.910095 28.490219 70.349915
v 14.629650 26.796967 70.349915
v 14.579456 26.773430 70.335060
v 14.532368 26.751358 70.310806
v 14.489803 26.731407 70.277893
v 14.453062 26.714188 70.237312
v 14.423262 26.700203 70.190308
v 14.401302 26.689919 70.138290
v 15.470888 25.160748 70.349915
v 15.422548 25.133610 70.335060
v 15.377195 25.108162 70.310806
v 15.336205 25.085159 70.277893
v 15.300814 25.065289 70.237312
v 15.272112 25.049179 70.190308
v 15.250957 25.037315 70.138290
v 16.206602 23.442951 70.082863
v 16.218990 23.451149 70.138290
v 16.239212 23.464523 70.190308
v 16.266665 23.482681 70.237312
v 16.300508 23.505077 70.277893
v 16.339714 23.531021 70.310806
v 16.383089 23.559708 70.335060
v 16.429321 23.590290 70.349915
v 17.499828 22.093994 70.349915
v 17.455952 22.060116 70.335068
v 17.414787 22.028336 70.310806
v 17.377581 21.999607 70.277893
v 17.345467 21.974808 70.237320
v 17.319408 21.954689 70.190308
v 17.300217 21.939857 70.138290
v 18.676704 20.679832 70.349915
v 18.635418 20.642838 70.335060
v 18.596684 20.608135 70.310806
v 18.561674 20.576767 70.277893
v 18.531454 20.549686 70.237312
v 18.506933 20.527729 70.190308
v 18.488874 20.511536 70.138290
v 19.768316 19.163101 70.082863
v 19.778622 19.173801 70.138290
v 19.795458 19.191254 70.190308
v 19.818304 19.214947 70.237312
v 19.846470 19.244171 70.277893
v 19.879089 19.278008 70.310806
v 19.915194 19.315445 70.335060
v 19.953667 19.355350 70.349915
v 21.323910 18.127613 70.349915
v 21.288450 18.085003 70.335060
v 21.255177 18.045040 70.310806
v 21.225103 18.008892 70.277893
v 21.199148 17.977707 70.237320
v 21.178095 17.952396 70.190308
v 21.162577 17.933762 70.138290
v 21.153088 17.922348 70.082863
v 22.780106 17.003178 70.349915
v 22.747849 16.958092 70.335068
v 22.717594 16.915783 70.310806
v 22.690239 16.877563 70.277893
v 22.666630 16.844563 70.237320
v 22.647472 16.817783 70.190308
v 22.633369 16.798065 70.138298
v 24.314499 15.988026 70.349915
v 24.285631 15.940720 70.335068
v 24.258537 15.896305 70.310806
v 24.234037 15.856178 70.277893
v 24.212902 15.821545 70.237320
v 24.195763 15.793446 70.190308
v 24.183128 15.772751 70.138298
v 25.796801 14.850090 70.082863
v 25.803585 14.863304 70.138290
v 25.814682 14.884876 70.190308
v 25.829731 14.914143 70.237312
v 25.848286 14.950230 70.277893
v 25.869778 14.992035 70.310806
v 25.893562 15.038300 70.335060
v 25.918900 15.087589 70.349915
v 27.584757 14.306667 70.349915
v 27.563072 14.255661 70.335060
v 27.542734 14.207790 70.310806
v 27.524345 14.164528 70.277893
v 27.508484 14.127174 70.237320
v 27.495602 14.096882 70.190308
v 27.486126 14.074551 70.138290
v 29.303169 13.649437 70.349915
v 29.285276 13.596977 70.335068
v 29.268480 13.547756 70.310814
v 29.253292 13.503262 70.277893
v 29.240191 13.464851 70.237320
v 29.229576 13.433693 70.190308
v 29.221733 13.410744 70.138298
v 30.997427 12.861031 70.082870
v 31.001175 12.875393 70.138298
v 31.007313 12.898849 70.190308
v 31.015636 12.930710 70.237320
v 31.025909 12.969959 70.277893
v 31.037788 13.015442 70.310814
v 31.050943 13.065762 70.335068
v 31.064964 13.119389 70.349915
v 36.515858 12.317181 70.349915
v 36.513840 12.261780 70.335068
v 36.511944 12.209816 70.310814
v 36.510231 12.162834 70.277893
v 36.508747 12.122280 70.237320
v 36.507538 12.089390 70.190308
v 36.506657 12.065151 70.138298
v 38.365421 12.050308 70.082870
v 38.364887 12.065151 70.138298
v 38.363995 12.089390 70.190308
v 38.362797 12.122280 70.237320
v 38.361317 12.162834 70.277893
v 38.359600 12.209816 70.310814
v 38.357704 12.261780 70.335068
v 38.355671 12.317181 70.349915
v 40.190567 12.451488 70.349915
v 40.196636 12.396393 70.335068
v 40.202324 12.344673 70.310806
v 40.207474 12.297955 70.277893
v 40.211906 12.257618 70.237320
v 40.215504 12.224895 70.190308
v 40.218155 12.200794 70.138290
v 42.010780 12.719360 70.349915
v 42.020847 12.664841 70.335068
v 42.030296 12.613701 70.310806
v 42.038826 12.567474 70.277893
v 42.046196 12.527565 70.237320
v 42.052170 12.495213 70.190308
v 42.056580 12.471359 70.138298
v 43.874115 12.861031 70.082870
v 43.870354 12.875393 70.138298
v 43.864216 12.898849 70.190308
v 43.855896 12.930710 70.237320
v 43.845634 12.969959 70.277893
v 43.833744 13.015442 70.310814
v 43.820587 13.065762 70.335068
v 43.806564 13.119389 70.349915
v 48.952629 15.087589 70.349915
v 48.977982 15.038300 70.335060
v 49.001755 14.992035 70.310806
v 49.023247 14.950230 70.277893
v 49.041813 14.914143 70.237320
v 49.056862 14.884876 70.190308
v 49.067947 14.863304 70.138290
v 50.696148 15.760075 70.082863
v 50.688416 15.772751 70.138298
v 50.675781 15.793446 70.190308
v 50.658630 15.821545 70.237320
v 50.637493 15.856178 70.277893
v 50.613007 15.896305 70.310806
v 50.585915 15.940720 70.335068
v 50.557034 15.988026 70.349915
v 52.091423 17.003178 70.349915
v 52.123684 16.958092 70.335068
v 52.153950 16.915783 70.310806
v 52.181293 16.877563 70.277893
v 52.204914 16.844563 70.237320
v 52.224056 16.817783 70.190308
v 52.238174 16.798065 70.138298
v 53.547634 18.127613 70.349915
v 53.583092 18.085003 70.335068
v 53.616352 18.045040 70.310806
v 53.646431 18.008892 70.277893
v 53.672386 17.977707 70.237320
v 53.693439 17.952396 70.190308
v 53.708958 17.933762 70.138298
v 55.103218 19.163101 70.082870
v 55.092918 19.173801 70.138298
v 55.076080 19.191254 70.190308
v 55.053230 19.214947 70.237320
v 55.025078 19.244171 70.277893
v 54.992447 19.278008 70.310806
v 54.956345 19.315445 70.335068
v 54.917877 19.355350 70.349915
v 56.194832 20.679832 70.349915
v 56.236115 20.642838 70.335060
v 56.274853 20.608135 70.310806
v 56.309860 20.576767 70.277893
v 56.340088 20.549686 70.237312
v 56.364601 20.527729 70.190308
v 56.382660 20.511536 70.138290
v 57.371716 22.093994 70.349915
v 57.415577 22.060116 70.335060
v 57.456749 22.028336 70.310806
v 57.493954 21.999607 70.277893
v 57.526077 21.974808 70.237312
v 57.552124 21.954689 70.190308
v 57.571327 21.939857 70.138290
v 58.652557 23.451149 70.138290
v 58.632332 23.464523 70.190308
v 58.604877 23.482681 70.237312
v 58.571026 23.505077 70.277893
v 58.531830 23.531021 70.310806
v 58.488449 23.559708 70.335060
v 58.442223 23.590290 70.349915
v 59.633530 25.030048 70.082863
v 59.620575 25.037315 70.138290
v 59.599426 25.049179 70.190308
v 59.570724 25.065289 70.237312
v 59.535339 25.085159 70.277893
v 59.494343 25.108162 70.310806
v 59.448982 25.133610 70.335060
v 59.400642 25.160748 70.349915
v 60.241894 26.796967 70.349915
v 60.292072 26.773430 70.335060
v 60.339165 26.751358 70.310806
v 60.381737 26.731407 70.277893
v 60.418472 26.714188 70.237312
v 60.448288 26.700203 70.190308
v 60.470245 26.689919 70.138290
v 60.961441 28.490219 70.349915
v 61.013214 28.470421 70.335060
v 61.061802 28.451836 70.310806
v 61.105709 28.435059 70.277893
v 61.143612 28.420555 70.237312
v 61.174347 28.408798 70.190308
v 61.197006 28.400131 70.138290
v 61.811211 30.154556 70.082863
v 61.796997 30.158836 70.138290
v 61.773758 30.165817 70.190308
v 61.742241 30.175304 70.237312
v 61.703377 30.186989 70.277893
v 61.658375 30.200531 70.310806
v 61.608566 30.215530 70.335060
v 61.555489 30.231483 70.349915
v 62.020828 32.011475 70.349915
v 62.074936 31.999420 70.335052
v 62.125706 31.988117 70.310806
v 62.171589 31.977898 70.277893
v 62.211197 31.969070 70.237312
v 62.243332 31.961914 70.190308
v 62.266991 31.956642 70.138290
v 62.355003 33.820679 70.349915
v 62.409851 33.812614 70.335060
v 62.461311 33.805038 70.310806
v 62.507812 33.798195 70.277893
v 62.547966 33.792278 70.237312
v 62.580528 33.787483 70.190308
v 62.604519 33.783958 70.138290
v 62.822571 35.629959 70.082855
v 62.807755 35.631046 70.138290
v 62.783569 35.632820 70.190308
v 62.750748 35.635223 70.237312
v 62.710274 35.638176 70.277893
v 62.663391 35.641609 70.310806
v 62.611519 35.645409 70.335052
v 62.556232 35.649448 70.349915
v 62.623428 37.488037 70.349915
v 62.678856 37.488037 70.335052
v 62.730858 37.488037 70.310806
v 62.777885 37.488037 70.277893
v 62.818451 37.488037 70.237312
v 62.851368 37.488037 70.190308
v 62.875618 37.488037 70.138290
v 62.890480 37.488037 70.082855
v 62.556232 39.326614 70.349915
v 62.611519 39.330666 70.335052
v 62.663391 39.334457 70.310806
v 62.710274 39.337891 70.277885
v 62.750748 39.340855 70.237305
v 62.783569 39.343258 70.190300
v 62.807755 39.345032 70.138290
v 62.355003 41.155384 70.349907
v 62.409851 41.163460 70.335052
v 62.461311 41.171028 70.310806
v 62.507812 41.177879 70.277893
v 62.547966 41.183784 70.237305
v 62.580528 41.188576 70.190300
v 62.604519 41.192108 70.138290
v 62.281494 43.022648 70.082855
v 62.266991 43.019436 70.138290
v 62.243332 43.014160 70.190300
v 62.211197 43.006992 70.237305
v 62.171589 42.998177 70.277885
v 62.125706 42.987961 70.310806
v 62.074936 42.976643 70.335052
v 62.020828 42.964584 70.349907
v 61.555489 44.744564 70.349907
v 61.608566 44.760548 70.335052
v 61.658375 44.775543 70.310806
v 61.703377 44.789059 70.277885
v 61.742241 44.800758 70.237305
v 61.773758 44.810261 70.190300
v 61.796997 44.817238 70.138290
v 60.961441 46.485840 70.349907
v 61.013214 46.505646 70.335052
v 61.061802 46.524239 70.310806
v 61.105709 46.541019 70.277885
v 61.143612 46.555496 70.237305
v 61.174347 46.567276 70.190292
v 61.197006 46.575928 70.138290
v 60.483688 48.292435 70.082855
v 60.470245 48.286144 70.138290
v 60.448288 48.275845 70.190292
v 60.418472 48.261890 70.237305
v 60.381737 48.244644 70.277878
v 60.339165 48.224701 70.310799
v 60.292072 48.202621 70.335052
v 60.241894 48.179108 70.349907
v 57.371716 52.882080 70.349899
v 57.415577 52.915947 70.335052
v 57.456749 52.947723 70.310791
v 57.493954 52.976456 70.277878
v 57.526077 53.001282 70.237305
v 57.552124 53.021389 70.190292
v 57.571327 53.036221 70.138283
v 56.393730 54.474442 70.082855
v 56.382660 54.464523 70.138283
v 56.364601 54.448349 70.190292
v 56.340088 54.426376 70.237305
v 56.309860 54.399292 70.277878
v 56.274853 54.367928 70.310791
v 56.236115 54.333210 70.335052
v 56.194832 54.296242 70.349899
v 54.917877 55.620697 70.349899
v 54.956345 55.660633 70.335052
v 54.992447 55.698044 70.310799
v 55.025078 55.731907 70.277878
v 55.053230 55.761105 70.237305
v 55.076080 55.784805 70.190292
v 55.092918 55.802277 70.138290
v 53.547634 56.848450 70.349899
v 53.583092 56.891048 70.335052
v 53.616352 56.931038 70.310799
v 53.646431 56.967182 70.277878
v 53.672386 56.998356 70.237305
v 53.693439 57.023651 70.190292
v 53.708958 57.042301 70.138283
v 52.246811 58.190071 70.082855
v 52.238174 58.177986 70.138283
v 52.224056 58.158264 70.190292
v 52.204914 58.131516 70.237305
v 52.181293 58.098499 70.277878
v 52.153950 58.060268 70.310791
v 52.123684 58.017971 70.335052
v 52.091423 57.972900 70.349899
v 50.557034 58.988037 70.349899
v 50.585915 59.035358 70.335052
v 50.613007 59.079746 70.310791
v 50.637493 59.119900 70.277878
v 50.658630 59.154507 70.237305
v 50.675781 59.182632 70.190292
v 50.688416 59.203312 70.138283
v 48.952629 59.888477 70.349899
v 48.977982 59.937778 70.335045
v 49.001755 59.984028 70.310791
v 49.023247 60.025833 70.277878
v 49.041813 60.061924 70.237305
v 49.056862 60.091202 70.190292
v 49.067947 60.112762 70.138275
v 47.385418 60.901497 70.138283
v 47.375927 60.879196 70.190292
v 47.363060 60.848873 70.237305
v 47.347183 60.811546 70.277878
v 47.328796 60.768288 70.310799
v 47.308456 60.720417 70.335052
v 47.286774 60.669411 70.349899
v 45.654591 61.579380 70.082855
v 45.649796 61.565319 70.138283
v 45.641968 61.542385 70.190292
v 45.631340 61.511211 70.237305
v 45.618240 61.472813 70.277878
v 45.603065 61.428318 70.310791
v 45.586269 61.379101 70.335052
v 45.568375 61.326614 70.349899
v 43.806564 61.856678 70.349899
v 43.820587 61.910316 70.335052
v 43.833744 61.960636 70.310791
v 43.845634 62.006119 70.277878
v 43.855896 62.045368 70.237305
v 43.864216 62.077198 70.190292
v 43.870354 62.100681 70.138283
v 42.010780 62.256718 70.349899
v 42.020847 62.311207 70.335045
v 42.030296 62.362350 70.310791
v 42.038826 62.408604 70.277878
v 42.046196 62.448483 70.237297
v 42.052170 62.480865 70.190292
v 42.056580 62.504734 70.138275
v 40.219776 62.790047 70.082855
v 40.218155 62.775272 70.138283
v 40.215504 62.751156 70.190292
v 40.211906 62.718445 70.237305
v 40.207474 62.678097 70.277878
v 40.202324 62.631405 70.310791
v 40.196636 62.579685 70.335052
v 40.190567 62.524590 70.349899
v 38.355671 62.658871 70.349899
v 38.357704 62.714298 70.335052
v 38.359600 62.766262 70.310791
v 38.361317 62.813229 70.277878
v 38.362797 62.853767 70.237305
v 38.363995 62.886673 70.190292
v 38.364887 62.910896 70.138283
v 36.515858 62.658871 70.349899
v 36.513840 62.714298 70.335052
v 36.511944 62.766262 70.310791
v 36.510231 62.813229 70.277878
v 36.508747 62.853767 70.237297
v 36.507538 62.886673 70.190292
v 36.506657 62.910896 70.138275
v 34.653374 62.775272 70.138275
v 34.656040 62.751156 70.190292
v 34.659637 62.718445 70.237297
v 34.664074 62.678097 70.277878
v 34.669209 62.631405 70.310791
v 34.674908 62.579685 70.335045
v 34.680965 62.524590 70.349899
v 32.812256 62.519318 70.082855
v 32.814949 62.504734 70.138283
v 32.819359 62.480865 70.190292
v 32.825333 62.448483 70.237305
v 32.832706 62.408604 70.277878
v 32.841248 62.362350 70.310791
v 32.850697 62.311207 70.335052
v 32.860764 62.256718 70.349899
v 31.064964 61.856678 70.349899
v 31.050943 61.910316 70.335052
v 31.037788 61.960636 70.310791
v 31.025909 62.006119 70.277878
v 31.015636 62.045368 70.237305
v 31.007313 62.077198 70.190292
v 31.001175 62.100681 70.138283
v 29.303169 61.326614 70.349899
v 29.285276 61.379101 70.335052
v 29.268480 61.428318 70.310791
v 29.253292 61.472813 70.277878
v 29.240191 61.511211 70.237305
v 29.229576 61.542385 70.190292
v 29.221733 61.565319 70.138283
v 27.480318 60.915176 70.082848
v 27.486126 60.901497 70.138275
v 27.495602 60.879196 70.190292
v 27.508484 60.848873 70.237305
v 27.524345 60.811546 70.277878
v 27.542734 60.768288 70.310791
v 27.563072 60.720417 70.335045
v 27.584757 60.669411 70.349899
v 25.918900 59.888477 70.349899
v 25.893562 59.937778 70.335052
v 25.869778 59.984028 70.310799
v 25.848286 60.025833 70.277878
v 25.829731 60.061924 70.237305
v 25.814682 60.091202 70.190292
v 25.803585 60.112762 70.138283
v 24.314499 58.988037 70.349899
v 24.285631 59.035358 70.335052
v 24.258537 59.079746 70.310799
v 24.234037 59.119900 70.277878
v 24.212902 59.154507 70.237305
v 24.195763 59.182632 70.190292
v 24.183128 59.203312 70.138283
v 22.624718 58.190071 70.082855
v 22.633369 58.177986 70.138283
v 22.647472 58.158264 70.190292
v 22.666630 58.131516 70.237305
v 22.690239 58.098499 70.277878
v 22.717594 58.060268 70.310791
v 22.747849 58.017971 70.335052
v 22.780106 57.972900 70.349899
v 21.323910 56.848450 70.349899
v 21.288450 56.891048 70.335052
v 21.255177 56.931038 70.310791
v 21.225103 56.967182 70.277878
v 21.199148 56.998356 70.237305
v 21.178095 57.023651 70.190292
v 21.162577 57.042301 70.138283
v 21.153088 57.053699 70.082855
v 19.953667 55.620697 70.349899
v 19.915194 55.660633 70.335052
v 19.879089 55.698044 70.310799
v 19.846470 55.731907 70.277878
v 19.818304 55.761105 70.237305
v 19.795458 55.784805 70.190292
v 19.778622 55.802277 70.138283
v 18.676704 54.296242 70.349899
v 18.635418 54.333210 70.335052
v 18.596684 54.367928 70.310799
v 18.561674 54.399292 70.277885
v 18.531454 54.426376 70.237305
v 18.506933 54.448349 70.190292
v 18.488874 54.464523 70.138290
v 17.288462 53.045284 70.082855
v 17.300217 53.036221 70.138290
v 17.319408 53.021389 70.190292
v 17.345467 53.001282 70.237305
v 17.377581 52.976456 70.277878
v 17.414787 52.947723 70.310799
v 17.455952 52.915947 70.335052
v 17.499828 52.882080 70.349899
v 16.429321 51.385773 70.349899
v 16.383089 51.416340 70.335052
v 16.339714 51.445068 70.310799
v 16.300508 51.470997 70.277878
v 16.266665 51.493382 70.237305
v 16.239212 51.511536 70.190292
v 16.218990 51.524940 70.138290
v 15.470888 49.815304 70.349899
v 15.422548 49.842438 70.335052
v 15.377195 49.867901 70.310799
v 15.336205 49.890915 70.277878
v 15.300814 49.910774 70.237305
v 15.272112 49.926868 70.190292
v 15.250957 49.938736 70.138290
v 14.387850 48.292435 70.082855
v 14.401302 48.286144 70.138290
v 14.423262 48.275845 70.190292
v 14.453062 48.261890 70.237305
v 14.489803 48.244644 70.277878
v 14.532368 48.224701 70.310799
v 14.579456 48.202621 70.335052
v 14.629650 48.179108 70.349899
v 12.850702 42.964584 70.349907
v 12.796602 42.976643 70.335052
v 12.745832 42.987961 70.310806
v 12.699951 42.998177 70.277885
v 12.660347 43.006992 70.237305
v 12.628218 43.014160 70.190292
v 12.604542 43.019436 70.138290
v 12.252327 41.194260 70.082855
v 12.267021 41.192108 70.138290
v 12.291014 41.188576 70.190292
v 12.323582 41.183784 70.237305
v 12.363722 41.177879 70.277885
v 12.410234 41.171028 70.310806
v 12.461683 41.163460 70.335052
v 12.516527 41.155384 70.349907
v 12.315306 39.326614 70.349907
v 12.260023 39.330666 70.335052
v 12.208155 39.334457 70.310806
v 12.161272 39.337891 70.277885
v 12.120800 39.340855 70.237305
v 12.087973 39.343258 70.190292
v 12.063782 39.345032 70.138290
v 24.578625 56.348488 69.257507
v 23.470062 58.116104 69.257507
v 23.500660 57.804890 69.257507
v 23.578648 57.502079 69.257507
v 23.702175 57.214813 69.257507
v 23.868317 56.949879 69.257507
v 24.073143 56.713619 69.257507
v 24.311794 56.511551 69.257507
v 35.655136 12.640755 69.257515
v 35.731396 14.725807 69.257515
v 35.581829 14.451191 69.257515
v 35.476181 14.156868 69.257515
v 35.416939 13.849838 69.257515
v 35.405514 13.537346 69.257515
v 35.442165 13.226791 69.257515
v 35.526047 12.925549 69.257515
v 16.287666 46.077644 69.806206
v 17.360949 48.351978 69.806206
v 17.360949 48.351978 69.257507
v 18.677914 50.494423 69.806206
v 14.921139 41.245060 69.806213
v 14.644482 38.745464 69.806213
v 14.644482 36.230598 69.806213
v 14.609821 37.488037 69.806213
v 14.609821 37.488037 69.257507
v 14.921139 33.731003 69.806213
v 16.287666 28.898418 69.806213
v 17.360949 26.624084 69.806213
v 18.677914 24.481625 69.806213
v 17.360949 26.624084 69.257507
v 23.917439 19.095688 69.806213
v 26.022789 17.720184 69.806213
v 26.022789 17.720184 69.257515
v 28.266693 16.584641 69.806213
v 40.570995 14.878422 69.806213
v 38.064728 14.670753 69.806213
v 38.064728 14.670753 69.257515
v 35.550819 14.740047 69.806213
v 45.439396 16.111279 69.806213
v 47.742447 17.121487 69.806213
v 49.920376 18.378914 69.806213
v 48.848740 17.720184 69.257515
v 51.946762 19.868301 69.806213
v 55.448639 23.468040 69.806213
v 56.881630 25.534706 69.806213
v 58.078575 27.746460 69.806213
v 56.881630 25.534706 69.257507
v 60.123173 34.976990 69.806213
v 60.261711 37.488037 69.806213
v 60.261711 37.488037 69.257507
v 60.123173 39.999073 69.806213
v 55.448639 51.508022 69.806206
v 56.881630 49.441357 69.806206
v 56.881630 49.441357 69.257507
v 58.078575 47.229614 69.806206
v 51.946762 55.107746 69.806206
v 49.920376 56.597164 69.806198
v 48.848740 57.255875 69.257500
v 47.742447 57.854576 69.806206
v 45.439396 58.864796 69.806198
v 40.570995 60.097630 69.806198
v 38.064728 60.305325 69.806198
v 35.550819 60.236000 69.806198
v 38.064728 60.305325 69.257500
v 28.266693 58.391422 69.806198
v 26.022789 57.255875 69.806206
v 26.022789 57.255875 69.257507
v 23.917439 55.880386 69.806206
v 59.024937 30.076454 69.806213
v 59.709248 32.496429 69.806213
v 53.797012 21.571568 69.806213
v 43.039211 15.360558 69.806213
v 30.621887 15.702835 69.806213
v 33.059795 15.085487 69.806213
v 20.222570 22.497040 69.806213
v 21.976181 20.694447 69.806213
v 15.471094 31.277016 69.806213
v 15.471094 43.699051 69.806206
v 21.976181 54.281631 69.806198
v 20.222570 52.479019 69.806198
v 33.059795 59.890591 69.806198
v 30.621887 59.273212 69.806198
v 43.039211 59.615494 69.806198
v 53.797012 53.404480 69.806206
v 59.709248 42.479637 69.806213
v 59.024937 44.899609 69.806206
v 15.862200 49.943542 69.806206
v 15.862200 49.943542 69.257507
v 14.678431 47.620235 69.806206
v 17.282341 52.130341 69.806206
v 24.980268 59.061619 69.806206
v 24.980270 59.061619 69.257507
v 22.793442 57.641468 69.806198
v 27.303547 60.245365 69.806198
v 37.435772 62.399044 69.806198
v 37.435772 62.399044 69.257500
v 34.831860 62.262592 69.806198
v 40.039684 62.262592 69.806198
v 49.891273 59.061619 69.806198
v 49.891277 59.061619 69.257500
v 47.567982 60.245365 69.806198
v 52.078091 57.641468 69.806198
v 59.009338 49.943542 69.806206
v 59.009338 49.943542 69.257507
v 57.589203 52.130341 69.806198
v 60.193100 47.620235 69.806206
v 62.346779 37.488037 69.806213
v 62.346779 37.488037 69.257507
v 62.210312 40.091949 69.806213
v 62.210312 34.884125 69.806213
v 59.009338 25.032536 69.806213
v 59.009338 25.032536 69.257515
v 60.193100 27.355812 69.806213
v 57.589203 22.845707 69.806213
v 49.891273 15.914459 69.806213
v 49.891277 15.914459 69.257515
v 52.078091 17.334606 69.806213
v 47.567982 14.730698 69.806213
v 37.435772 12.577034 69.806213
v 37.435772 12.577034 69.257523
v 40.039684 12.713482 69.806221
v 34.831860 12.713482 69.806213
v 24.980268 15.914459 69.806213
v 24.980270 15.914459 69.257523
v 27.303547 14.730698 69.806213
v 22.793442 17.334606 69.806213
v 15.862200 25.032536 69.806213
v 15.862200 25.032536 69.257515
v 17.282341 22.845707 69.806213
v 14.678431 27.355812 69.806213
v 12.524759 37.488037 69.806213
v 12.524759 37.488037 69.257507
v 12.661222 34.884125 69.806213
v 12.661222 40.091949 69.806206
v 61.802406 42.667324 69.806213
v 61.127541 45.185940 69.806206
v 55.948257 54.156769 69.806206
v 54.104492 56.000523 69.806206
v 45.133686 61.179810 69.806198
v 42.615059 61.854671 69.806198
v 32.256474 61.854671 69.806198
v 29.737844 61.179810 69.806198
v 20.767054 56.000523 69.806198
v 18.923279 54.156769 69.806206
v 13.743996 45.185940 69.806206
v 13.069124 42.667324 69.806206
v 13.069124 32.308739 69.806213
v 13.743996 29.790108 69.806213
v 18.923279 20.819321 69.806213
v 20.767054 18.975552 69.806213
v 29.737844 13.796253 69.806213
v 32.256474 13.121391 69.806213
v 42.615059 13.121391 69.806213
v 45.133686 13.796253 69.806213
v 54.104492 18.975552 69.806213
v 55.948257 20.819321 69.806213
v 61.127541 29.790108 69.806213
v 61.802406 32.308739 69.806213
vn 0.9997 -0.0257 -0.0000
vn 0.9997 0.0257 0.0000
vn 0.9997 0.0258 0.0000
vn 0.9947 0.1029 0.0000
vn 0.9947 0.1028 -0.0000
vn 0.9789 0.2045 0.0000
vn 0.9789 0.2046 -0.0000
vn 0.9527 0.3040 0.0000
vn 0.9526 0.3041 0.0000
vn 0.9164 0.4004 -0.0000
vn 0.9163 0.4005 -0.0000
vn 0.8703 0.4925 -0.0000
vn 0.8151 0.5793 0.0000
vn 0.7511 0.6602 0.0000
vn 0.6792 0.7339 0.0000
vn 0.6793 0.7339 -0.0000
vn 0.6002 0.7999 -0.0000
vn 0.6002 0.7998 -0.0000
vn 0.5148 0.8573 0.0000
vn 0.5147 0.8574 0.0000
vn 0.4239 0.9057 -0.0000
vn 0.3285 0.9445 0.0000
vn 0.2297 0.9733 0.0000
vn 0.2296 0.9733 -0.0000
vn 0.1284 0.9917 -0.0000
vn 0.0257 0.9997 -0.0000
vn -0.0772 0.9970 -0.0000
vn -0.1792 0.9838 -0.0000
vn -0.2794 0.9602 -0.0000
vn -0.3768 0.9263 -0.0000
vn -0.3767 0.9263 -0.0000
vn -0.4700 0.8827 0.0000
vn -0.5583 0.8297 0.0000
vn -0.5582 0.8297 -0.0000
vn -0.6405 0.7679 -0.0000
vn -0.6406 0.7679 0.0000
vn -0.7161 0.6980 0.0000
vn -0.7162 0.6979 -0.0000
vn -0.7841 0.6206 -0.0000
vn -0.8437 0.5368 0.0000
vn -0.8944 0.4472 0.0000
vn -0.8945 0.4471 -0.0000
vn -0.9357 0.3527 -0.0000
vn -0.9358 0.3526 -0.0000
vn -0.9670 0.2548 0.0000
vn -0.9670 0.2547 -0.0000
vn -0.9881 0.1539 -0.0000
vn -0.9987 0.0514 0.0000
vn -0.9987 0.0515 -0.0000
vn -0.9987 -0.0514 0.0000
vn -0.9987 -0.0515 0.0000
vn -0.9881 -0.1539 0.0000
vn -0.9670 -0.2547 0.0000
vn -0.9358 -0.3527 0.0000
vn -0.9358 -0.3526 -0.0000
vn -0.8945 -0.4471 -0.0000
vn -0.8438 -0.5367 -0.0000
vn -0.8437 -0.5368 0.0000
vn -0.7841 -0.6206 0.0000
vn -0.7161 -0.6980 -0.0000
vn -0.7162 -0.6979 0.0000
vn -0.6406 -0.7679 0.0000
vn -0.5582 -0.8297 -0.0000
vn -0.4701 -0.8826 0.0000
vn -0.4700 -0.8827 0.0000
vn -0.3767 -0.9263 0.0000
vn -0.2793 -0.9602 -0.0000
vn -0.2794 -0.9602 0.0000
vn -0.1791 -0.9838 -0.0000
vn -0.0771 -0.9970 0.0000
vn -0.0772 -0.9970 0.0000
vn 0.0257 -0.9997 -0.0000
vn 0.1284 -0.9917 0.0000
vn 0.2296 -0.9733 0.0000
vn 0.3286 -0.9445 -0.0000
vn 0.3285 -0.9445 0.0000
vn 0.4238 -0.9057 -0.0000
vn 0.4239 -0.9057 -0.0000
vn 0.5147 -0.8574 0.0000
vn 0.6002 -0.7998 0.0000
vn 0.6792 -0.7340 -0.0000
vn 0.6793 -0.7339 -0.0000
vn 0.7512 -0.6601 0.0000
vn 0.7511 -0.6602 -0.0000
vn 0.8150 -0.5794 0.0000
vn 0.8151 -0.5793 0.0000
vn 0.8703 -0.4925 0.0000
vn 0.9163 -0.4004 -0.0000
vn 0.9163 -0.4005 -0.0000
vn 0.9526 -0.3041 0.0000
vn 0.9789 -0.2045 0.0000
vn 0.9789 -0.2046 -0.0000
vn 0.9947 -0.1029 -0.0000
vn -0.0000 0.0000 -1.0000
vn -0.0000 -0.0001 -1.0000
vn -0.0000 -0.0000 1.0000
vn -0.0000 0.0001 1.0000
vn 0.9996 -0.0286 -0.0000
vn 0.9996 -0.0281 0.0000
vn 0.9996 0.0286 0.0000
vn 0.9933 0.1160 0.0001
vn 0.9935 0.1141 0.0000
vn 0.9736 0.2284 0.0001
vn 0.9740 0.2265 0.0000
vn 0.9412 0.3379 0.0001
vn 0.9418 0.3361 -0.0000
vn 0.8965 0.4430 0.0001
vn 0.8974 0.4413 0.0000
vn 0.8402 0.5423 0.0001
vn 0.8413 0.5406 0.0000
vn 0.7729 0.6345 0.0001
vn 0.7741 0.6331 -0.0000
vn 0.6955 0.7185 0.0001
vn 0.6970 0.7171 0.0000
vn 0.6091 0.7931 0.0001
vn 0.6107 0.7919 -0.0000
vn 0.5147 0.8574 0.0001
vn 0.5163 0.8564 0.0000
vn 0.4136 0.9105 0.0001
vn 0.4155 0.9096 0.0000
vn 0.3071 0.9517 0.0001
vn 0.3091 0.9510 0.0000
vn 0.1966 0.9805 0.0001
vn 0.1986 0.9801 0.0000
vn 0.0836 0.9965 0.0001
vn 0.0855 0.9963 -0.0000
vn -0.0305 0.9995 0.0001
vn -0.0285 0.9996 -0.0000
vn -0.1443 0.9895 0.0001
vn -0.1423 0.9898 0.0000
vn -0.2561 0.9666 0.0001
vn -0.2543 0.9671 -0.0000
vn -0.3647 0.9311 0.0001
vn -0.3629 0.9318 -0.0000
vn -0.4684 0.8835 0.0001
vn -0.4668 0.8844 0.0000
vn -0.5661 0.8244 0.0001
vn -0.5644 0.8255 0.0000
vn -0.6564 0.7545 0.0001
vn -0.6549 0.7557 0.0000
vn -0.7381 0.6747 0.0001
vn -0.7368 0.6761 -0.0000
vn -0.8102 0.5862 0.0001
vn -0.8090 0.5878 -0.0000
vn -0.8717 0.4900 0.0001
vn -0.8708 0.4917 -0.0000
vn -0.9219 0.3874 0.0001
vn -0.9212 0.3892 0.0000
vn -0.9600 0.2798 0.0001
vn -0.9595 0.2816 -0.0000
vn -0.9857 0.1686 0.0001
vn -0.9853 0.1706 -0.0000
vn -0.9985 0.0551 0.0001
vn -0.9984 0.0571 0.0000
vn -0.9983 -0.0591 0.0001
vn -0.9984 -0.0572 0.0000
vn -0.9850 -0.1725 0.0001
vn -0.9853 -0.1706 0.0000
vn -0.9589 -0.2836 0.0001
vn -0.9595 -0.2816 0.0000
vn -0.9204 -0.3911 0.0001
vn -0.9211 -0.3892 -0.0000
vn -0.8698 -0.4935 0.0001
vn -0.8708 -0.4916 -0.0000
vn -0.8078 -0.5894 0.0001
vn -0.8090 -0.5877 -0.0000
vn -0.7354 -0.6776 0.0001
vn -0.7368 -0.6761 0.0000
vn -0.6534 -0.7570 0.0001
vn -0.6549 -0.7557 -0.0000
vn -0.5628 -0.8266 0.0001
vn -0.5645 -0.8254 -0.0000
vn -0.4649 -0.8854 0.0001
vn -0.4667 -0.8844 0.0000
vn -0.3610 -0.9326 0.0001
vn -0.3628 -0.9319 0.0000
vn -0.2523 -0.9676 0.0001
vn -0.2543 -0.9671 -0.0000
vn -0.1404 -0.9901 0.0001
vn -0.1422 -0.9898 0.0000
vn -0.0266 -0.9996 0.0001
vn -0.0286 -0.9996 0.0000
vn 0.0876 -0.9962 0.0001
vn 0.0855 -0.9963 -0.0000
vn 0.2005 -0.9797 0.0001
vn 0.1986 -0.9801 0.0000
vn 0.3109 -0.9504 0.0001
vn 0.3090 -0.9511 -0.0000
vn 0.4172 -0.9088 0.0001
vn 0.4155 -0.9096 -0.0000
vn 0.5181 -0.8553 0.0001
vn 0.5164 -0.8564 -0.0000
vn 0.6122 -0.7907 0.0001
vn 0.6106 -0.7919 -0.0000
vn 0.6984 -0.7157 0.0001
vn 0.6969 -0.7172 -0.0000
vn 0.7754 -0.6315 0.0001
vn 0.7741 -0.6330 0.0000
vn 0.8423 -0.5390 0.0001
vn 0.8412 -0.5407 -0.0000
vn 0.8983 -0.4394 0.0001
vn 0.8974 -0.4413 0.0000
vn 0.9425 -0.3342 0.0001
vn 0.9418 -0.3361 0.0000
vn 0.9745 -0.2246 0.0001
vn 0.9740 -0.2265 -0.0000
vn 0.9935 -0.1141 0.0000
vn 0.0001 -0.0000 1.0000
vn -0.0001 0.0000 1.0000
vn 0.9962 -0.0871 0.0000
vn 0.9962 -0.0872 0.0000
vn 0.9659 -0.2588 -0.0000
vn 0.9659 -0.2589 -0.0000
vn 0.9063 -0.4226 0.0000
vn 0.9063 -0.4227 0.0000
vn 0.8192 -0.5735 -0.0000
vn 0.8191 -0.5736 0.0000
vn 0.7071 -0.7071 -0.0000
vn 0.5736 -0.8191 0.0000
vn 0.5735 -0.8192 -0.0000
vn 0.4227 -0.9063 0.0000
vn 0.4226 -0.9063 0.0000
vn 0.2589 -0.9659 -0.0000
vn 0.2588 -0.9659 -0.0000
vn 0.0872 -0.9962 -0.0000
vn 0.0871 -0.9962 -0.0000
vn -0.0871 -0.9962 0.0000
vn -0.0872 -0.9962 -0.0000
vn -0.2588 -0.9659 0.0000
vn -0.2589 -0.9659 0.0000
vn -0.4226 -0.9063 -0.0000
vn -0.5736 -0.8192 0.0000
vn -0.5736 -0.8191 0.0000
vn -0.7071 -0.7071 0.0000
vn -0.8191 -0.5736 -0.0000
vn -0.8192 -0.5735 0.0000
vn -0.9063 -0.4227 -0.0000
vn -0.9063 -0.4226 0.0000
vn -0.9659 -0.2588 0.0000
vn -0.9962 -0.0872 0.0000
vn -0.9962 -0.0871 -0.0000
vn -0.9962 0.0871 -0.0000
vn -0.9962 0.0872 -0.0000
vn -0.9659 0.2588 -0.0000
vn -0.9659 0.2589 0.0000
vn -0.9063 0.4226 -0.0000
vn -0.9063 0.4227 -0.0000
vn -0.8192 0.5736 -0.0000
vn -0.8191 0.5736 0.0000
vn -0.7071 0.7071 0.0000
vn -0.5736 0.8191 -0.0000
vn -0.5735 0.8192 0.0000
vn -0.4226 0.9063 0.0000
vn -0.2589 0.9659 0.0000
vn -0.2588 0.9659 0.0000
vn -0.0872 0.9962 0.0008
vn -0.0871 0.9962 0.0000
vn 0.0871 0.9962 0.0000
vn 0.0872 0.9962 0.0000
vn 0.2588 0.9659 0.0000
vn 0.2589 0.9659 -0.0000
vn 0.4226 0.9063 -0.0000
vn 0.4227 0.9063 0.0000
vn 0.5735 0.8192 -0.0000
vn 0.5736 0.8191 0.0000
vn 0.7071 0.7071 -0.0000
vn 0.8191 0.5736 -0.0000
vn 0.8192 0.5735 -0.0000
vn 0.9063 0.4226 0.0000
vn 0.9659 0.2588 -0.0000
vn 0.8192 -0.5736 0.0000
vn 0.0872 -0.9962 -0.0002
vn -0.4227 -0.9063 -0.0000
vn -0.9659 -0.2589 0.0000
vn -0.4227 0.9063 0.0000
vn -0.0872 0.9962 -0.0000
vn 0.9659 0.2589 -0.0000
vn -0.4225 -0.9063 0.0000
vn -0.5735 -0.8192 -0.0000
vn -0.9063 -0.4226 0.0001
vn -0.9660 -0.2587 -0.0002
vn -0.9659 -0.2589 -0.0002
vn -0.9962 -0.0872 -0.0007
vn -0.9962 0.0872 -0.0002
vn -0.9659 0.2588 0.0001
vn -0.8192 0.5735 -0.0000
vn 0.5736 0.8192 -0.0000
vn 0.7072 0.7071 0.0000
vn 0.9063 0.4227 -0.0000
vn 0.9962 -0.0872 0.0011
vn 0.9962 -0.0870 -0.0010
vn 0.9659 -0.2588 0.0001
vn 0.9064 -0.4225 0.0001
vn 0.7071 -0.7072 0.0000
vn -0.8192 -0.5736 -0.0000
vn 0.9659 0.2587 -0.0002
vn 0.9962 -0.0871 0.0001
vn 0.9064 -0.4225 0.0000
vn -0.7072 -0.7071 0.0000
vn -0.8191 -0.5736 0.0001
vn -0.9063 -0.4227 -0.0001
vn -0.9659 -0.2587 -0.0002
vn -0.9659 -0.2589 -0.0001
vn -0.9962 -0.0872 0.0001
vn -0.9962 -0.0871 0.0005
vn -0.9962 0.0871 -0.0003
vn -0.9659 0.2589 -0.0001
vn -0.9063 0.4227 0.0001
vn -0.5736 0.8192 0.0000
vn 0.8192 0.5736 0.0000
vn 0.9659 0.2587 -0.0000
vn 0.2587 -0.9659 0.0000
vn -0.0873 -0.9962 -0.0000
vn -0.2588 0.9659 -0.0001
vn -0.0872 0.9962 0.0003
vn -0.0871 0.9962 0.0005
vn 0.0872 -0.9962 0.0003
vn -0.2587 0.9659 0.0000
vn -0.0873 0.9962 -0.0000
vn -0.0872 0.9962 -0.0005
vn 0.9962 -0.0872 0.0004
vn 0.9962 -0.0870 -0.0005
vn 0.9962 -0.0871 -0.0001
vn 0.9962 -0.0872 -0.0001
vn -0.9659 -0.2588 -0.0001
vn 0.4225 0.9064 0.0000
vn 0.9660 0.2587 -0.0002
vn 0.9659 0.2589 -0.0002
vn -0.9962 -0.0872 0.0007
vn -0.9962 -0.0872 -0.0010
vn -0.9962 0.0871 -0.0002
vn 0.9962 -0.0871 -0.0002
vn 0.9659 -0.2587 0.0000
vn 0.9063 -0.4226 0.0001
vn 0.9659 0.2588 -0.0002
vn -0.9962 0.0872 -0.0001
vn 0.9996 0.0285 0.0000
vn 0.9996 -0.0285 -0.0000
vn 0.9933 -0.1160 -0.0001
vn 0.9935 -0.1140 -0.0000
vn 0.9736 -0.2284 -0.0001
vn 0.9412 -0.3379 -0.0001
vn 0.9418 -0.3360 -0.0000
vn 0.8965 -0.4430 -0.0001
vn 0.8974 -0.4412 -0.0000
vn 0.8402 -0.5423 -0.0001
vn 0.8413 -0.5406 -0.0000
vn 0.7729 -0.6345 -0.0001
vn 0.7742 -0.6330 -0.0000
vn 0.6955 -0.7185 -0.0001
vn 0.6970 -0.7171 -0.0000
vn 0.6091 -0.7931 -0.0001
vn 0.6107 -0.7919 -0.0000
vn 0.5147 -0.8574 -0.0001
vn 0.5164 -0.8563 -0.0000
vn 0.4136 -0.9105 -0.0001
vn 0.4154 -0.9096 -0.0000
vn 0.3071 -0.9517 -0.0001
vn 0.1966 -0.9805 -0.0001
vn 0.0836 -0.9965 -0.0001
vn 0.0856 -0.9963 -0.0000
vn -0.0305 -0.9995 -0.0001
vn -0.0285 -0.9996 -0.0000
vn -0.1443 -0.9895 -0.0001
vn -0.1423 -0.9898 -0.0000
vn -0.2561 -0.9666 -0.0001
vn -0.2542 -0.9672 -0.0000
vn -0.3647 -0.9311 -0.0001
vn -0.4684 -0.8835 -0.0001
vn -0.5661 -0.8244 -0.0001
vn -0.5644 -0.8255 -0.0000
vn -0.6564 -0.7544 -0.0001
vn -0.6548 -0.7558 -0.0000
vn -0.7381 -0.6747 -0.0001
vn -0.7367 -0.6762 -0.0000
vn -0.8102 -0.5862 -0.0001
vn -0.8090 -0.5878 -0.0000
vn -0.8717 -0.4900 -0.0001
vn -0.8708 -0.4917 -0.0000
vn -0.9219 -0.3874 -0.0001
vn -0.9211 -0.3893 -0.0000
vn -0.9601 -0.2798 -0.0001
vn -0.9595 -0.2817 -0.0000
vn -0.9857 -0.1686 -0.0001
vn -0.9854 -0.1705 -0.0000
vn -0.9985 -0.0551 -0.0001
vn -0.9984 -0.0571 -0.0000
vn -0.9983 0.0591 -0.0001
vn -0.9850 0.1725 -0.0001
vn -0.9854 0.1705 0.0000
vn -0.9589 0.2836 -0.0001
vn -0.9595 0.2817 0.0000
vn -0.9204 0.3911 -0.0001
vn -0.9211 0.3893 0.0000
vn -0.8698 0.4935 -0.0001
vn -0.8078 0.5894 -0.0001
vn -0.7354 0.6776 -0.0001
vn -0.7368 0.6762 0.0000
vn -0.6534 0.7570 -0.0001
vn -0.5628 0.8266 -0.0001
vn -0.5645 0.8255 0.0000
vn -0.4649 0.8854 -0.0001
vn -0.4667 0.8844 0.0000
vn -0.3610 0.9326 -0.0001
vn -0.3628 0.9319 0.0000
vn -0.2523 0.9676 -0.0001
vn -0.2542 0.9671 0.0000
vn -0.1404 0.9901 -0.0001
vn -0.0266 0.9996 -0.0001
vn -0.0286 0.9996 0.0000
vn 0.0875 0.9962 -0.0001
vn 0.0856 0.9963 0.0000
vn 0.2005 0.9797 -0.0001
vn 0.3109 0.9504 -0.0001
vn 0.3090 0.9511 0.0000
vn 0.4172 0.9088 -0.0001
vn 0.4154 0.9096 0.0000
vn 0.5181 0.8553 -0.0001
vn 0.5164 0.8564 0.0000
vn 0.6122 0.7907 -0.0001
vn 0.6106 0.7919 0.0000
vn 0.6984 0.7157 -0.0001
vn 0.6969 0.7171 0.0000
vn 0.7754 0.6315 -0.0001
vn 0.7741 0.6330 0.0000
vn 0.8423 0.5390 -0.0001
vn 0.8412 0.5407 0.0000
vn 0.8983 0.4394 -0.0001
vn 0.8974 0.4412 0.0000
vn 0.9425 0.3342 -0.0001
vn 0.9745 0.2246 -0.0001
vn 0.9935 0.1140 0.0000
vn -0.0001 0.0000 -1.0000
vn 0.0000 0.0001 -1.0000
vn 0.0001 -0.0000 -1.0000
vn 0.9962 0.0871 0.0000
vn 0.5736 -0.8192 -0.0000
vn 0.9564 -0.2920 0.0000
vn 0.9836 -0.1803 -0.0000
vn 0.9926 -0.1217 0.0000
vn 0.9982 -0.0592 0.0000
vn 0.9982 0.0593 -0.0000
vn 0.9842 0.1769 0.0000
vn 0.9564 0.2921 0.0000
vn 0.9151 0.4032 -0.0000
vn 0.8610 0.5086 -0.0000
vn 0.7948 0.6068 -0.0000
vn 0.7175 0.6966 0.0000
vn 0.6301 0.7766 0.0000
vn 0.5338 0.8456 0.0000
vn 0.4300 0.9028 -0.0000
vn 0.3202 0.9473 -0.0000
vn 0.2059 0.9786 -0.0000
vn 0.0887 0.9961 -0.0000
vn -0.0297 0.9996 0.0000
vn -0.1477 0.9890 0.0000
vn -0.2636 0.9646 0.0000
vn -0.3759 0.9267 0.0000
vn -0.4828 0.8757 0.0000
vn -0.5830 0.8125 0.0000
vn -0.6750 0.7378 -0.0000
vn -0.7575 0.6528 -0.0000
vn -0.8294 0.5586 -0.0000
vn -0.8897 0.4566 0.0000
vn -0.9374 0.3482 -0.0000
vn -0.9720 0.2348 -0.0000
vn -0.9930 0.1182 -0.0000
vn -1.0000 -0.0000 0.0000
vn -0.9930 -0.1183 0.0000
vn -0.9720 -0.2349 0.0000
vn -0.9374 -0.3482 -0.0000
vn -0.8896 -0.4567 0.0000
vn -0.8294 -0.5587 -0.0000
vn -0.7575 -0.6529 0.0000
vn -0.6749 -0.7379 -0.0000
vn -0.5829 -0.8125 0.0000
vn -0.4828 -0.8758 0.0000
vn -0.3758 -0.9267 0.0000
vn -0.2635 -0.9646 0.0000
vn -0.1476 -0.9890 0.0000
vn -0.0296 -0.9996 -0.0000
vn 0.0888 -0.9960 0.0000
vn 0.2060 -0.9785 -0.0000
vn 0.3203 -0.9473 -0.0000
vn 0.4301 -0.9028 -0.0000
vn 0.5339 -0.8456 -0.0000
vn 0.6301 -0.7765 0.0000
vn 0.7175 -0.6965 -0.0000
vn 0.7949 -0.6068 -0.0000
vn 0.8611 -0.5085 -0.0000
vn -0.0000 -0.7071 -0.7071
vn 0.0001 -0.7068 -0.7074
vn -0.0001 -0.7073 -0.7069
vn 0.0000 -0.7073 -0.7069
vn -0.0001 -0.7071 -0.7071
vn 0.0002 -0.7071 -0.7071
vn -0.0000 -0.7077 -0.7065
vn 0.0001 -0.7072 -0.7070
vn -0.0000 -0.7070 -0.7072
vn -0.0001 -0.7072 -0.7071
vn -0.0003 -0.7071 -0.7071
vn -0.0001 -0.7069 -0.7073
vn 0.0000 -0.7067 -0.7075
vn 0.0001 -0.7074 -0.7068
vn -0.0001 -0.7074 -0.7068
vn -0.0001 -0.7072 -0.7070
vn -0.0003 -0.7069 -0.7073
vn 0.0000 -0.7069 -0.7073
vn -0.0000 -0.7072 -0.7070
vn 0.0001 -0.7067 -0.7075
vn 0.0001 -0.7073 -0.7069
vn -0.0001 -0.7075 -0.7067
vn -0.0001 -0.7070 -0.7072
vn 0.0000 -0.7071 -0.7072
vn 0.0001 -0.7071 -0.7071
vn 0.0003 -0.7071 -0.7071
vn 0.0000 -0.7073 -0.7070
vn -0.0002 -0.7073 -0.7069
vn 0.0002 -0.7069 -0.7073
vn 0.0001 -0.7070 -0.7073
vn -0.0000 0.7071 0.7071
vn -0.0000 0.7072 0.7070
vn 0.0000 0.7070 0.7072
vn 0.0000 0.7071 0.7072
vn -0.0001 0.7072 0.7070
vn 0.0001 0.7071 0.7071
vn -0.0001 0.7071 0.7071
vn -0.0001 0.7070 0.7072
vn 0.0000 0.7072 0.7071
vn 0.0001 0.7070 0.7072
vn -0.1219 -0.7020 0.7017
vn -0.1219 -0.7014 0.7022
vn -0.1905 -0.6940 0.6943
vn -0.2754 -0.6796 0.6799
vn -0.5733 -0.5787 0.5800
vn -0.5449 -0.5934 0.5925
vn -0.4851 -0.6181 0.6186
vn -0.7071 -0.4999 0.5001
vn -0.6694 -0.5255 0.5251
vn -0.8989 -0.3100 0.3096
vn -0.8988 -0.3102 0.3097
vn -0.8287 -0.3953 0.3962
vn -0.7771 -0.4453 0.4447
vn -0.9337 -0.2526 0.2540
vn -0.9562 -0.2071 0.2067
vn -0.9782 -0.1470 0.1468
vn -0.9903 -0.0983 0.0984
vn -0.9986 -0.0366 0.0371
vn -0.9998 0.0121 -0.0125
vn -0.9945 0.0740 -0.0741
vn -0.9062 0.2989 -0.2992
vn -0.9205 0.2766 -0.2761
vn -0.9454 0.2316 -0.2292
vn -0.8193 0.4061 -0.4048
vn -0.8483 0.3745 -0.3745
vn -0.5873 0.5718 -0.5727
vn -0.5876 0.5722 -0.5721
vn -0.6945 0.5086 -0.5090
vn -0.7548 0.4638 -0.4638
vn -0.5151 0.6069 -0.6053
vn -0.4542 0.6302 -0.6298
vn -0.3746 0.6556 -0.6557
vn -0.3090 0.6725 -0.6726
vn -0.2250 0.6889 -0.6891
vn -0.1564 0.6985 -0.6983
vn -0.0698 0.7057 -0.7050
vn 0.2588 0.6832 -0.6828
vn 0.2249 0.6888 -0.6891
vn 0.1564 0.6993 -0.6975
vn 0.4228 0.6413 -0.6403
vn 0.3746 0.6555 -0.6558
vn 0.6944 0.5089 -0.5087
vn 0.6945 0.5086 -0.5089
vn 0.5875 0.5719 -0.5725
vn 0.5150 0.6061 -0.6061
vn 0.7548 0.4649 -0.4629
vn 0.7987 0.4258 -0.4251
vn 0.8482 0.3745 -0.3745
vn 0.8828 0.3318 -0.3326
vn 0.9206 0.2760 -0.2762
vn 0.9454 0.2306 -0.2303
vn 0.9703 0.1711 -0.1710
vn 0.9962 -0.0618 0.0619
vn 0.9986 -0.0366 0.0370
vn 0.9998 0.0133 -0.0113
vn 0.9660 -0.1827 0.1829
vn 0.9781 -0.1473 0.1472
vn 0.8289 -0.3954 0.3957
vn 0.8291 -0.3954 0.3953
vn 0.8988 -0.3101 0.3100
vn 0.9336 -0.2533 0.2533
vn 0.7772 -0.4443 0.4455
vn 0.7313 -0.4826 0.4819
vn 0.6692 -0.5253 0.5255
vn 0.6154 -0.5569 0.5577
vn 0.5451 -0.5936 0.5921
vn 0.4849 -0.6191 0.6177
vn 0.4067 -0.6462 0.6457
vn -0.0349 -0.7072 0.7062
vn 0.0348 -0.7058 0.7075
vn 0.1219 -0.7019 0.7017
vn 0.1906 -0.6930 0.6952
vn 0.0001 0.7072 0.7070
vn 0.0001 0.7073 0.7069
vn -0.0002 0.7073 0.7069
vn -0.0002 0.7072 0.7070
vn -0.0003 0.7072 0.7070
vn -0.0002 0.7071 0.7071
vn -0.0004 0.7072 0.7071
vn -0.0006 0.7071 0.7071
vn -0.0005 0.7070 0.7072
vn -0.0001 0.7070 0.7073
vn -0.0001 0.7069 0.7073
vn -0.0001 0.7074 0.7069
vn 0.0001 0.7071 0.7072
vn 0.0002 0.7071 0.7072
vn 0.5128 0.5421 -0.6658
vn 0.9418 0.1679 -0.2911
vn 0.9301 -0.3138 0.1908
vn 0.4833 -0.6783 0.5535
vn -0.1898 -0.7525 0.6306
vn -0.7739 -0.5048 0.3825
vn -0.9960 -0.0496 -0.0740
vn -0.7516 0.4005 -0.5241
vn -0.1559 0.6344 -0.7571
vn -0.0298 -0.6464 -0.7624
vn -0.0299 -0.6468 -0.7621
vn -0.0888 -0.5105 -0.8553
vn -0.0887 -0.5103 -0.8554
vn -0.1446 -0.3593 -0.9220
vn -0.1446 -0.3594 -0.9219
vn -0.1963 -0.1971 -0.9605
vn -0.1967 -0.1969 -0.9605
vn -0.2421 -0.0293 -0.9698
vn -0.2419 -0.0289 -0.9699
vn -0.2806 0.1400 -0.9496
vn -0.2800 0.1399 -0.9498
vn -0.3101 0.3041 -0.9008
vn -0.3303 0.4591 -0.8247
vn -0.3307 0.4595 -0.8244
vn -0.0756 -0.6733 -0.7355
vn -0.0756 -0.6734 -0.7354
vn -0.2250 -0.5907 -0.7749
vn -0.2248 -0.5912 -0.7746
vn -0.3664 -0.4911 -0.7903
vn -0.3665 -0.4910 -0.7903
vn -0.4975 -0.3758 -0.7818
vn -0.4974 -0.3758 -0.7819
vn -0.6133 -0.2491 -0.7495
vn -0.6129 -0.2494 -0.7497
vn -0.7102 -0.1149 -0.6945
vn -0.7104 -0.1148 -0.6944
vn -0.7851 0.0221 -0.6190
vn -0.7855 0.0227 -0.6184
vn -0.8367 0.1590 -0.5241
vn -0.8363 0.1587 -0.5248
vn -0.0854 -0.7150 -0.6939
vn -0.0859 -0.7149 -0.6939
vn -0.2555 -0.7146 -0.6513
vn -0.2558 -0.7149 -0.6508
vn -0.4174 -0.6922 -0.5887
vn -0.4172 -0.6926 -0.5885
vn -0.5662 -0.6490 -0.5082
vn -0.5655 -0.6494 -0.5085
vn -0.6974 -0.5860 -0.4126
vn -0.6969 -0.5864 -0.4129
vn -0.8073 -0.5056 -0.3044
vn -0.8078 -0.5048 -0.3042
vn -0.8926 -0.4101 -0.1874
vn -0.8933 -0.4088 -0.1868
vn -0.9513 -0.3014 -0.0642
vn -0.9513 -0.3014 -0.0639
vn -0.0562 -0.7521 -0.6567
vn -0.0559 -0.7518 -0.6570
vn -0.1666 -0.8235 -0.5424
vn -0.1670 -0.8230 -0.5429
vn -0.2722 -0.8702 -0.4106
vn -0.2724 -0.8698 -0.4114
vn -0.3696 -0.8902 -0.2662
vn -0.3693 -0.8900 -0.2673
vn -0.4549 -0.8829 -0.1160
vn -0.4548 -0.8830 -0.1162
vn -0.5270 -0.8489 0.0394
vn -0.5270 -0.8490 0.0394
vn -0.5829 -0.7893 0.1930
vn -0.5828 -0.7895 0.1924
vn -0.6210 -0.7061 0.3403
vn -0.6208 -0.7061 0.3408
vn -0.0000 -0.7658 -0.6431
vn -0.0000 -0.7657 -0.6431
vn -0.0000 -0.8663 -0.4996
vn 0.0000 -0.8667 -0.4989
vn -0.0000 -0.9405 -0.3398
vn 0.0000 -0.9402 -0.3407
vn -0.0000 -0.9853 -0.1710
vn 0.0000 -0.9850 -0.1728
vn 0.0001 -1.0000 0.0016
vn -0.0000 -1.0000 0.0006
vn -0.0000 -0.9845 0.1753
vn 0.0000 -0.9846 0.1746
vn -0.0001 -0.9394 0.3427
vn 0.0000 -0.9395 0.3424
vn -0.0000 -0.8655 0.5009
vn -0.0001 -0.8653 0.5012
vn 0.0559 -0.7521 -0.6567
vn 0.0561 -0.7516 -0.6572
vn 0.1671 -0.8234 -0.5423
vn 0.1666 -0.8233 -0.5426
vn 0.2725 -0.8702 -0.4106
vn 0.2721 -0.8700 -0.4111
vn 0.3693 -0.8901 -0.2669
vn 0.3696 -0.8900 -0.2671
vn 0.4549 -0.8829 -0.1165
vn 0.4549 -0.8829 -0.1164
vn 0.5271 -0.8488 0.0399
vn 0.5269 -0.8490 0.0392
vn 0.5829 -0.7892 0.1933
vn 0.5827 -0.7895 0.1928
vn 0.6209 -0.7059 0.3409
vn 0.6208 -0.7064 0.3401
vn 0.0859 -0.7151 -0.6938
vn 0.0855 -0.7150 -0.6939
vn 0.2558 -0.7148 -0.6509
vn 0.2556 -0.7145 -0.6513
vn 0.4172 -0.6929 -0.5881
vn 0.4175 -0.6922 -0.5887
vn 0.5656 -0.6497 -0.5079
vn 0.5662 -0.6490 -0.5083
vn 0.6971 -0.5866 -0.4122
vn 0.6974 -0.5860 -0.4127
vn 0.8076 -0.5056 -0.3037
vn 0.8075 -0.5054 -0.3042
vn 0.8929 -0.4098 -0.1867
vn 0.8928 -0.4098 -0.1870
vn 0.9513 -0.3016 -0.0644
vn 0.9513 -0.3017 -0.0641
vn 0.0756 -0.6739 -0.7349
vn 0.0756 -0.6739 -0.7350
vn 0.2248 -0.5913 -0.7745
vn 0.2252 -0.5914 -0.7743
vn 0.3667 -0.4907 -0.7904
vn 0.3666 -0.4915 -0.7899
vn 0.4975 -0.3757 -0.7819
vn 0.4974 -0.3756 -0.7820
vn 0.6129 -0.2491 -0.7499
vn 0.6129 -0.2485 -0.7501
vn 0.7102 -0.1147 -0.6946
vn 0.7099 -0.1147 -0.6949
vn 0.7852 0.0223 -0.6189
vn 0.7851 0.0219 -0.6190
vn 0.8362 0.1585 -0.5251
vn 0.8367 0.1588 -0.5241
vn 0.0298 -0.6463 -0.7625
vn 0.0298 -0.6470 -0.7619
vn 0.0889 -0.5104 -0.8553
vn 0.0888 -0.5109 -0.8550
vn 0.1446 -0.3595 -0.9219
vn 0.1447 -0.3594 -0.9219
vn 0.1966 -0.1969 -0.9605
vn 0.1965 -0.1970 -0.9605
vn 0.2421 -0.0289 -0.9698
vn 0.2421 -0.0291 -0.9698
vn 0.2804 0.1400 -0.9496
vn 0.2806 0.1401 -0.9496
vn 0.3102 0.3043 -0.9006
vn 0.3102 0.3044 -0.9006
vn 0.3307 0.4594 -0.8244
vn 0.3304 0.4593 -0.8246
vn -0.0061 -0.6429 -0.7659
vn -0.0062 -0.6430 -0.7658
vn -0.0181 -0.4995 -0.8661
vn -0.0181 -0.4997 -0.8660
vn -0.0295 -0.3420 -0.9392
vn -0.0296 -0.3420 -0.9392
vn -0.0401 -0.1732 -0.9841
vn -0.0402 -0.1735 -0.9840
vn -0.0494 -0.0002 -0.9988
vn -0.0494 0.0000 -0.9988
vn -0.0572 0.1731 -0.9832
vn -0.0572 0.1740 -0.9831
vn -0.0632 0.3406 -0.9381
vn -0.0633 0.3419 -0.9376
vn -0.0674 0.4986 -0.8642
vn -0.5127 0.5418 -0.6660
vn -0.4536 0.4203 -0.7859
vn -0.4256 0.2677 -0.8644
vn -0.3850 0.1071 -0.9167
vn -0.3327 -0.0573 -0.9413
vn -0.2697 -0.2201 -0.9375
vn -0.1987 -0.3766 -0.9048
vn -0.1220 -0.5210 -0.8448
vn -0.0511 -0.6546 -0.7542
vn -0.1524 -0.5342 -0.8315
vn -0.2487 -0.3984 -0.8828
vn -0.3380 -0.2500 -0.9073
vn -0.4165 -0.0945 -0.9042
vn -0.4819 0.0644 -0.8739
vn -0.5327 0.2205 -0.8171
vn -0.5675 0.3701 -0.7355
vn -0.0605 -0.6606 -0.7483
vn -0.1806 -0.5509 -0.8148
vn -0.2945 -0.4250 -0.8559
vn -0.3992 -0.2860 -0.8711
vn -0.4922 -0.1390 -0.8593
vn -0.5702 0.0125 -0.8214
vn -0.6301 0.1628 -0.7592
vn -0.9417 0.1680 -0.2914
vn -0.8953 0.0732 -0.4393
vn -0.8406 -0.0582 -0.5385
vn -0.7603 -0.1879 -0.6218
vn -0.6563 -0.3120 -0.6870
vn -0.5323 -0.4269 -0.7310
vn -0.3924 -0.5289 -0.7525
vn -0.2411 -0.6142 -0.7514
vn -0.0847 -0.6892 -0.7196
vn -0.2522 -0.6382 -0.7274
vn -0.4110 -0.5678 -0.7132
vn -0.5577 -0.4796 -0.6775
vn -0.6872 -0.3776 -0.6206
vn -0.7955 -0.2646 -0.5451
vn -0.8797 -0.1434 -0.4534
vn -0.9374 -0.0172 -0.3479
vn -0.0867 -0.6982 -0.7106
vn -0.2583 -0.6638 -0.7019
vn -0.4210 -0.6096 -0.6717
vn -0.5713 -0.5365 -0.6211
vn -0.7039 -0.4474 -0.5517
vn -0.8153 -0.3449 -0.4652
vn -0.9017 -0.2314 -0.3651
vn -0.9299 -0.3142 0.1912
vn -0.9186 -0.3942 0.0292
vn -0.8622 -0.4966 -0.0999
vn -0.7797 -0.5840 -0.2257
vn -0.6733 -0.6542 -0.3444
vn -0.5466 -0.7044 -0.4528
vn -0.4025 -0.7332 -0.5482
vn -0.2468 -0.7398 -0.6260
vn -0.0780 -0.7311 -0.6778
vn -0.2331 -0.7631 -0.6028
vn -0.3807 -0.7718 -0.5093
vn -0.5164 -0.7567 -0.4009
vn -0.6361 -0.7188 -0.2804
vn -0.7370 -0.6589 -0.1507
vn -0.8151 -0.5791 -0.0176
vn -0.8684 -0.4822 0.1160
vn -0.0722 -0.7390 -0.6698
vn -0.2150 -0.7854 -0.5804
vn -0.3511 -0.8081 -0.4729
vn -0.4766 -0.8062 -0.3506
vn -0.5870 -0.7792 -0.2196
vn -0.6797 -0.7290 -0.0810
vn -0.7516 -0.6568 0.0604
vn -0.4831 -0.6780 0.5540
vn -0.5119 -0.7618 0.3969
vn -0.4806 -0.8420 0.2451
vn -0.4346 -0.8964 0.0871
vn -0.3750 -0.9240 -0.0750
vn -0.3042 -0.9233 -0.2346
vn -0.2244 -0.8946 -0.3864
vn -0.1375 -0.8386 -0.5272
vn -0.0353 -0.7600 -0.6490
vn -0.1056 -0.8501 -0.5159
vn -0.1722 -0.9140 -0.3673
vn -0.2338 -0.9498 -0.2078
vn -0.2880 -0.9567 -0.0420
vn -0.3334 -0.9344 0.1256
vn -0.3687 -0.8836 0.2887
vn -0.3927 -0.8063 0.4424
vn -0.0240 -0.7638 -0.6450
vn -0.0716 -0.8598 -0.5057
vn -0.1168 -0.9289 -0.3513
vn -0.1584 -0.9693 -0.1878
vn -0.1950 -0.9806 -0.0193
vn -0.2260 -0.9623 0.1512
vn -0.2499 -0.9144 0.3183
vn 0.1899 -0.7526 0.6305
vn 0.1345 -0.8588 0.4943
vn 0.1262 -0.9330 0.3370
vn 0.1140 -0.9792 0.1680
vn 0.0985 -0.9951 -0.0043
vn 0.0800 -0.9812 -0.1755
vn 0.0590 -0.9371 -0.3441
vn 0.0361 -0.8650 -0.5004
vn 0.0239 -0.7632 -0.6457
vn 0.0716 -0.8589 -0.5072
vn 0.1167 -0.9284 -0.3527
vn 0.1586 -0.9695 -0.1869
vn 0.1952 -0.9806 -0.0166
vn 0.2260 -0.9624 0.1508
vn 0.2501 -0.9154 0.3155
vn 0.2664 -0.8397 0.4733
vn 0.0353 -0.7602 -0.6487
vn 0.1056 -0.8507 -0.5149
vn 0.1720 -0.9139 -0.3677
vn 0.2335 -0.9496 -0.2090
vn 0.2880 -0.9567 -0.0417
vn 0.3335 -0.9344 0.1253
vn 0.3690 -0.8839 0.2874
vn 0.7740 -0.5046 0.3825
vn 0.7179 -0.6394 0.2753
vn 0.6740 -0.7270 0.1314
vn 0.6095 -0.7926 -0.0168
vn 0.5263 -0.8344 -0.1637
vn 0.4270 -0.8509 -0.3062
vn 0.3144 -0.8410 -0.4403
vn 0.1929 -0.8057 -0.5600
vn 0.0719 -0.7388 -0.6701
vn 0.2149 -0.7853 -0.5806
vn 0.3512 -0.8080 -0.4731
vn 0.4763 -0.8060 -0.3516
vn 0.5867 -0.7793 -0.2202
vn 0.6798 -0.7289 -0.0810
vn 0.7516 -0.6569 0.0600
vn 0.8008 -0.5648 0.1990
vn 0.0781 -0.7316 -0.6773
vn 0.2333 -0.7634 -0.6023
vn 0.3808 -0.7715 -0.5097
vn 0.5165 -0.7566 -0.4010
vn 0.6365 -0.7188 -0.2798
vn 0.7367 -0.6591 -0.1512
vn 0.8149 -0.5794 -0.0178
vn 0.9960 -0.0493 -0.0739
vn 0.9654 -0.2067 -0.1591
vn 0.9060 -0.3208 -0.2760
vn 0.8194 -0.4250 -0.3846
vn 0.7076 -0.5169 -0.4818
vn 0.5741 -0.5932 -0.5644
vn 0.4232 -0.6512 -0.6300
vn 0.2594 -0.6896 -0.6762
vn 0.0869 -0.6979 -0.7109
vn 0.2584 -0.6637 -0.7020
vn 0.4209 -0.6096 -0.6718
vn 0.5712 -0.5365 -0.6212
vn 0.7042 -0.4468 -0.5518
vn 0.8157 -0.3439 -0.4652
vn 0.9016 -0.2318 -0.3652
vn 0.9607 -0.1118 -0.2541
vn 0.0845 -0.6893 -0.7195
vn 0.2517 -0.6384 -0.7274
vn 0.4107 -0.5680 -0.7132
vn 0.5574 -0.4807 -0.6770
vn 0.6870 -0.3784 -0.6203
vn 0.7958 -0.2645 -0.5447
vn 0.8798 -0.1433 -0.4531
vn 0.7516 0.4006 -0.5241
vn 0.7612 0.2379 -0.6033
vn 0.7149 0.0967 -0.6925
vn 0.6465 -0.0482 -0.7614
vn 0.5581 -0.1915 -0.8074
vn 0.4527 -0.3281 -0.8291
vn 0.3335 -0.4554 -0.8255
vn 0.2044 -0.5694 -0.7962
vn 0.0603 -0.6600 -0.7488
vn 0.1803 -0.5510 -0.8148
vn 0.2943 -0.4259 -0.8556
vn 0.3990 -0.2865 -0.8710
vn 0.4918 -0.1392 -0.8595
vn 0.5697 0.0124 -0.8217
vn 0.6297 0.1630 -0.7595
vn 0.6708 0.3086 -0.6744
vn 0.0513 -0.6552 -0.7537
vn 0.1524 -0.5344 -0.8314
vn 0.2486 -0.3977 -0.8832
vn 0.3378 -0.2499 -0.9074
vn 0.4164 -0.0945 -0.9043
vn 0.4816 0.0641 -0.8740
vn 0.5327 0.2201 -0.8172
vn 0.1557 0.6342 -0.7574
vn 0.2010 0.4858 -0.8507
vn 0.1887 0.3294 -0.9251
vn 0.1706 0.1624 -0.9719
vn 0.1471 -0.0099 -0.9891
vn 0.1194 -0.1817 -0.9761
vn 0.0880 -0.3480 -0.9334
vn 0.0540 -0.5027 -0.8628
vn 0.0001 0.7070 -0.7072
vn -0.0000 0.7071 -0.7071
vn -0.0001 0.7075 -0.7067
vn -1.0000 0.0001 0.0000
vn -1.0000 -0.0001 0.0000
vn -0.0001 -0.7071 0.7071
vn 0.0000 -0.7071 0.7071
vn 0.0000 -0.7072 -0.7071
vn -0.0002 0.7070 0.7072
vn 0.0003 0.7072 0.7070
vn -0.0002 0.7074 0.7068
vn 0.0001 0.7072 0.7071
vn -0.0003 0.7071 0.7071
vn -0.0003 0.7072 0.7071
vn -0.0002 0.7071 0.7072
vn -0.0004 0.7070 0.7072
vn -0.0003 0.7070 0.7072
vn -0.0001 0.7071 0.7072
vn -0.0001 0.7072 0.7071
vn 0.0001 0.7069 0.7073
vn -0.0000 0.7073 0.7069
vn 0.7935 -0.4303 -0.4304
vn 0.7932 -0.4308 -0.4304
vn 0.7937 -0.4301 -0.4302
vn 0.8431 -0.3807 -0.3799
vn 0.8436 -0.3795 -0.3800
vn 0.8871 -0.3263 -0.3265
vn 0.8869 -0.3264 -0.3268
vn 0.9237 -0.2711 -0.2707
vn 0.9240 -0.2705 -0.2702
vn 0.9534 -0.2135 -0.2130
vn 0.9537 -0.2129 -0.2126
vn 0.9764 -0.1526 -0.1528
vn 0.9761 -0.1539 -0.1537
vn 0.9916 -0.0913 -0.0914
vn 0.9914 -0.0929 -0.0921
vn 0.7929 -0.4304 -0.4314
vn 0.7071 -0.5002 -0.4999
vn 0.7072 -0.4999 -0.5001
vn 0.5736 -0.5794 -0.5790
vn 0.5735 -0.5793 -0.5793
vn 0.4226 -0.6411 -0.6406
vn 0.4227 -0.6410 -0.6407
vn 0.2588 -0.6830 -0.6830
vn 0.2587 -0.6831 -0.6829
vn 0.0000 0.1302 -0.9915
vn -0.0001 0.1306 -0.9914
vn -0.0000 0.2158 -0.9764
vn 0.0002 0.3009 -0.9537
vn -0.0001 0.3833 -0.9236
vn -0.0001 0.4621 -0.8868
vn -0.0001 0.5377 -0.8431
vn 0.0000 0.6086 -0.7935
vn 0.0001 -0.1737 -0.9848
vn -0.0001 -0.3416 -0.9398
vn 0.0001 -0.4997 -0.8662
vn -0.0001 -0.7661 -0.6427
vn 0.0000 -0.8660 -0.5000
vn 0.0000 -0.9396 -0.3421
vn -0.0001 -0.9848 -0.1736
vn 0.0005 -1.0000 0.0004
vn -0.0001 -0.9915 0.1303
vn -0.0003 -0.9764 0.2161
vn 0.0001 -0.8432 0.5377
vn 0.0002 -0.8869 0.4619
vn 0.0002 -0.9240 0.3824
vn 0.0001 -0.7368 0.6761
vn -0.0004 -0.7930 0.6092
vn -0.8990 0.1585 -0.4082
vn -0.9292 0.0000 -0.3695
vn -0.0394 -0.5010 0.8645
vn -0.3830 -0.7616 0.5228
vn -0.9146 -0.1446 -0.3776
vn 0.0007 0.0004 1.0000
vn 0.9430 -0.0965 -0.3186
vn 0.9072 -0.2375 -0.3473
vn -0.8591 0.3127 -0.4051
vn 0.8601 -0.3738 -0.3470
vn -0.7921 0.4573 -0.4042
vn 0.7928 -0.5015 -0.3464
vn -0.7012 0.5883 -0.4028
vn 0.7067 -0.6175 -0.3454
vn -0.5889 0.7019 -0.4007
vn 0.6045 -0.7185 -0.3441
vn -0.4587 0.7945 -0.3980
vn 0.4365 0.4345 0.7878
vn -0.3520 0.8868 -0.2994
vn -0.0076 -0.0760 0.9971
vn -0.1527 -0.1094 0.9822
vn 0.1455 0.5541 0.8197
vn 0.9249 0.1358 -0.3552
vn 0.9231 0.0000 -0.3846
vn 0.6990 -0.5865 -0.4092
vn -0.6592 0.6669 -0.3473
vn 0.5876 -0.7003 -0.4052
vn -0.5491 0.7602 -0.3472
vn 0.4572 -0.7919 -0.4048
vn -0.5138 -0.3530 0.7819
vn 0.3339 -0.8691 -0.3650
vn -0.5072 -0.7721 0.3827
vn -0.0120 -0.0776 0.9969
vn 0.9023 -0.1591 -0.4008
vn -0.9244 0.1643 -0.3441
vn 0.8620 -0.3137 -0.3982
vn -0.8891 0.3036 -0.3426
vn 0.7956 -0.4593 -0.3949
vn -0.8326 0.4367 -0.3407
vn -0.7618 0.5638 -0.3192
vn -0.7223 -0.5846 -0.3696
vn -0.0346 -0.0883 0.9955
vn 0.1979 -0.4557 0.8678
vn 0.0314 -0.0697 0.9971
vn -0.7483 0.5920 -0.2993
vn 0.1607 0.5947 0.7877
vn -0.7945 0.4587 -0.3980
vn 0.8825 -0.3207 -0.3441
vn -0.8613 0.3124 -0.4007
vn 0.9208 -0.1814 -0.3454
vn -0.9014 0.1589 -0.4028
vn 0.9373 -0.0379 -0.3464
vn -0.9147 -0.0000 -0.4042
vn 0.9318 0.1063 -0.3470
vn -0.9004 -0.1588 -0.4050
vn 0.9044 0.2480 -0.3473
vn -0.8578 -0.3122 -0.4082
vn 0.8648 0.3880 -0.3186
vn -0.8000 -0.4619 -0.3830
vn -0.0775 -0.1710 0.9822
vn -0.1510 0.5526 0.8197
vn 0.7331 0.5800 -0.3551
vn 0.7994 0.4616 -0.3846
vn 0.8609 0.3133 -0.4008
vn -0.8827 -0.3200 -0.3442
vn 0.9034 0.1593 -0.3982
vn -0.9218 -0.1816 -0.3426
vn 0.9187 0.0000 -0.3950
vn -0.9394 -0.0381 -0.3407
vn 0.8986 -0.1584 -0.4092
vn -0.9416 0.1074 -0.3192
vn -0.9044 0.2480 -0.3473
vn 0.8591 -0.3127 -0.4052
vn -0.8556 0.3838 -0.3472
vn 0.7919 -0.4572 -0.4048
vn -0.2950 -0.6613 0.6897
vn 0.7371 -0.5966 -0.3174
vn 0.0386 -0.1043 0.9938
vn 0.0184 -0.1867 0.9822
vn -0.4070 0.4030 0.8197
vn 0.3448 0.8688 -0.3553
vn 0.4616 0.7994 -0.3845
vn 0.0883 -0.0721 0.9935
vn 0.9367 -0.1481 -0.3174
vn 0.0713 -0.6467 0.7594
vn 0.9144 0.0000 -0.4048
vn -0.9329 -0.0954 -0.3472
vn 0.9003 0.1588 -0.4052
vn -0.9072 -0.2374 -0.3473
vn 0.8574 0.3120 -0.4092
vn 0.5888 0.7019 -0.4008
vn -0.6045 -0.7184 -0.3442
vn 0.7027 0.5896 -0.3982
vn -0.7075 -0.6182 -0.3426
vn 0.7956 0.4593 -0.3949
vn -0.7945 -0.5026 -0.3407
vn -0.8692 -0.3777 -0.3192
vn -0.6993 0.5868 -0.4082
vn -0.8000 0.4619 -0.3830
vn -0.3651 -0.5139 0.7763
vn -0.8674 0.3332 -0.3696
vn 0.0262 0.0043 0.9996
vn -0.0446 -0.0620 0.9971
vn 0.1385 0.9440 -0.2994
vn 0.5953 0.1581 0.7878
vn 0.0000 0.9174 -0.3980
vn 0.1635 -0.9246 -0.3441
vn -0.1601 0.9021 -0.4007
vn 0.3033 -0.8881 -0.3454
vn -0.3130 0.8601 -0.4028
vn 0.4358 -0.8307 -0.3464
vn -0.4573 0.7921 -0.4042
vn 0.5580 -0.7538 -0.3470
vn -0.5877 0.7004 -0.4050
vn 0.6669 -0.6592 -0.3473
vn 0.7684 -0.5550 -0.3186
vn -0.1869 -0.0184 0.9822
vn 0.4030 0.4071 0.8197
vn 0.8689 -0.3448 -0.3552
vn 0.7994 -0.4616 -0.3845
vn -0.1434 -0.1822 0.9728
vn -0.1481 -0.9367 -0.3174
vn -0.6556 -0.0750 0.7514
vn 0.0000 -0.9144 -0.4048
vn -0.0955 0.9329 -0.3472
vn 0.1588 -0.9003 -0.4052
vn -0.2374 0.9072 -0.3473
vn 0.3121 -0.8574 -0.4092
vn 0.7018 -0.5889 -0.4008
vn -0.7184 0.6045 -0.3442
vn 0.5897 -0.7027 -0.3981
vn -0.6182 0.7075 -0.3426
vn 0.4594 -0.7956 -0.3950
vn -0.5026 0.7945 -0.3407
vn -0.3777 0.8691 -0.3193
vn -0.1357 0.9249 -0.3552
vn 0.1094 -0.1527 0.9822
vn -0.5540 0.1455 0.8197
vn 0.2295 -0.0331 0.9727
vn 0.8853 0.3401 -0.3173
vn 0.3928 -0.5303 0.7514
vn 0.7919 0.4572 -0.4048
vn -0.7602 -0.5491 -0.3472
vn 0.7003 0.5877 -0.4052
vn -0.6669 -0.6592 -0.3473
vn 0.5865 0.6989 -0.4092
vn -0.5638 -0.7617 -0.3192
vn -0.4367 -0.8326 -0.3407
vn 0.4594 0.7956 -0.3950
vn -0.3036 -0.8891 -0.3426
vn 0.3137 0.8620 -0.3982
vn -0.1635 -0.9246 -0.3442
vn 0.1601 0.9021 -0.4008
vn 0.0000 0.9231 -0.3845
vn -0.1585 -0.8990 -0.4082
vn -0.0000 -0.9237 -0.3830
vn 0.6275 -0.0592 0.7764
vn 0.1451 -0.9178 -0.3696
vn -0.0169 0.0207 0.9996
vn 0.0761 -0.0076 0.9971
vn -0.8868 -0.3519 -0.2994
vn -0.4346 0.4365 0.7878
vn -0.7945 -0.4587 -0.3980
vn 0.7190 0.6039 -0.3441
vn -0.7012 -0.5897 -0.4006
vn 0.6175 0.7067 -0.3454
vn -0.5884 -0.7012 -0.4028
vn 0.5015 0.7928 -0.3463
vn -0.4573 -0.7921 -0.4043
vn 0.3738 0.8601 -0.3470
vn -0.3127 -0.8592 -0.4051
vn 0.2374 0.9072 -0.3473
vn 0.0964 0.9430 -0.3186
vn 0.1585 0.8986 -0.4092
vn -0.2480 -0.9044 -0.3473
vn 0.3127 0.8591 -0.4052
vn -0.3838 -0.8556 -0.3472
vn 0.4572 0.7919 -0.4048
vn 0.5627 -0.2685 0.7819
vn 0.5857 0.7237 -0.3650
vn 0.9223 -0.0532 0.3828
vn 0.0732 0.0286 0.9969
vn 0.1711 -0.0775 0.9822
vn -0.5526 -0.1510 0.8197
vn -0.5800 0.7331 -0.3552
vn -0.4616 0.7994 -0.3846
vn -0.3134 0.8609 -0.4008
vn 0.3199 -0.8827 -0.3442
vn -0.1593 0.9034 -0.3982
vn 0.1816 -0.9218 -0.3426
vn 0.0000 0.9187 -0.3949
vn 0.0380 -0.9394 -0.3407
vn -0.1074 -0.9416 -0.3193
vn 0.3122 -0.8578 -0.4082
vn 0.4646 -0.8048 -0.3695
vn 0.4535 0.2163 0.8646
vn 0.8510 0.0489 0.5229
vn 0.5825 -0.7198 -0.3776
vn -0.0158 0.0062 0.9999
vn 0.0697 0.0314 0.9971
vn -0.5921 -0.7482 -0.2994
vn -0.5947 0.1607 0.7877
vn -0.4587 -0.7945 -0.3980
vn 0.3207 0.8825 -0.3441
vn -0.3124 -0.8613 -0.4007
vn 0.1814 0.9208 -0.3454
vn -0.1590 -0.9014 -0.4027
vn 0.0379 0.9373 -0.3464
vn 0.0000 -0.9147 -0.4042
vn -0.1063 0.9318 -0.3470
vn 0.1588 -0.9004 -0.4050
vn -0.2480 0.9044 -0.3473
vn -0.3880 0.8648 -0.3186
vn 0.1869 0.0184 0.9822
vn -0.4030 -0.4071 0.8197
vn -0.8688 0.3449 -0.3552
vn -0.7994 0.4615 -0.3846
vn 0.0710 0.0857 0.9938
vn 0.1481 0.9367 -0.3173
vn 0.7203 0.0751 0.6896
vn -0.0000 0.9144 -0.4048
vn 0.0954 -0.9329 -0.3472
vn -0.1588 0.9003 -0.4052
vn 0.2374 -0.9072 -0.3473
vn -0.3121 0.8574 -0.4092
vn -0.7018 0.5889 -0.4008
vn 0.7184 -0.6045 -0.3442
vn -0.5897 0.7027 -0.3982
vn 0.6182 -0.7075 -0.3426
vn -0.4594 0.7956 -0.3950
vn 0.5026 -0.7945 -0.3407
vn 0.3778 -0.8691 -0.3193
vn 0.6993 -0.5868 -0.4082
vn 0.8000 -0.4619 -0.3830
vn 0.2957 0.3992 0.8679
vn 0.8674 -0.3332 -0.3696
vn 0.0937 0.0142 0.9955
vn 0.0446 0.0620 0.9971
vn -0.1386 -0.9440 -0.2993
vn -0.5954 -0.1582 0.7877
vn -0.0000 -0.9174 -0.3980
vn -0.1635 0.9246 -0.3441
vn 0.1601 -0.9021 -0.4007
vn -0.3033 0.8881 -0.3454
vn 0.3130 -0.8601 -0.4028
vn -0.4358 0.8307 -0.3464
vn 0.4573 -0.7921 -0.4043
vn -0.5580 0.7538 -0.3470
vn 0.5877 -0.7004 -0.4051
vn -0.6670 0.6592 -0.3473
vn -0.7684 0.5550 -0.3186
vn 0.0183 0.1126 0.9935
vn -0.3401 0.8852 -0.3173
vn 0.5243 0.3850 0.7595
vn -0.4572 0.7919 -0.4048
vn 0.5491 -0.7602 -0.3472
vn -0.5877 0.7003 -0.4052
vn 0.6592 -0.6669 -0.3473
vn -0.6989 0.5865 -0.4092
vn 0.1527 0.1094 0.9822
vn -0.1455 -0.5540 0.8197
vn -0.9249 -0.1357 -0.3552
vn -0.9231 -0.0000 -0.3846
vn -0.9022 0.1591 -0.4008
vn 0.9244 -0.1643 -0.3441
vn -0.8620 0.3137 -0.3981
vn 0.8891 -0.3036 -0.3426
vn -0.7956 0.4593 -0.3950
vn 0.8325 -0.4368 -0.3407
vn 0.7617 -0.5638 -0.3193
vn 0.8990 -0.1585 -0.4082
vn 0.9237 -0.0000 -0.3830
vn 0.0701 0.6231 0.7790
vn 0.9178 0.1451 -0.3696
vn 0.0142 0.0115 0.9998
vn 0.0077 0.0760 0.9971
vn 0.3520 -0.8868 -0.2993
vn -0.4365 -0.4346 0.7878
vn 0.4587 -0.7945 -0.3980
vn -0.6039 0.7190 -0.3441
vn 0.5897 -0.7012 -0.4006
vn -0.7067 0.6175 -0.3454
vn 0.7012 -0.5884 -0.4028
vn -0.7928 0.5015 -0.3464
vn 0.7921 -0.4573 -0.4042
vn -0.8601 0.3738 -0.3470
vn 0.8592 -0.3127 -0.4050
vn -0.9072 0.2374 -0.3473
vn -0.9430 0.0964 -0.3186
vn 0.8578 0.3122 -0.4082
vn 0.8000 0.4619 -0.3830
vn -0.2625 0.5731 0.7763
vn 0.7223 0.5846 -0.3696
vn -0.0095 -0.0250 0.9996
vn -0.8649 -0.3879 -0.3186
vn -0.9044 -0.2480 -0.3473
vn 0.9004 0.1588 -0.4050
vn -0.9318 -0.1063 -0.3470
vn 0.9147 -0.0000 -0.4042
vn -0.9373 0.0379 -0.3464
vn 0.9014 -0.1589 -0.4028
vn -0.9207 0.1814 -0.3454
vn 0.8610 -0.3134 -0.4007
vn -0.8827 0.3200 -0.3441
vn 0.7945 -0.4587 -0.3980
vn -0.1608 -0.5947 0.7877
vn 0.7482 -0.5920 -0.2994
vn -0.0314 0.0697 0.9971
vn -0.0184 0.1869 0.9822
vn 0.4071 -0.4030 0.8197
vn -0.3449 -0.8689 -0.3552
vn -0.4615 -0.7994 -0.3846
vn -0.8574 -0.3121 -0.4092
vn 0.9072 0.2375 -0.3473
vn -0.9003 -0.1587 -0.4053
vn 0.9329 0.0954 -0.3472
vn -0.9144 0.0000 -0.4048
vn -0.0488 0.6216 0.7818
vn -0.9196 0.1454 -0.3651
vn -0.4151 0.8253 0.3828
vn -0.0614 0.0490 0.9969
vn -0.5889 -0.7018 -0.4008
vn 0.6045 0.7184 -0.3442
vn -0.7027 -0.5896 -0.3982
vn 0.7075 0.6182 -0.3426
vn -0.7956 -0.4593 -0.3949
vn 0.7945 0.5026 -0.3407
vn 0.8691 0.3777 -0.3193
vn 0.5868 0.6993 -0.4082
vn 0.4646 0.8047 -0.3695
vn -0.4141 0.2846 0.8646
vn -0.4679 0.7125 0.5229
vn 0.3321 0.8644 -0.3775
vn -0.0119 0.0777 0.9969
vn -0.0620 0.0446 0.9971
vn 0.9440 -0.1386 -0.2993
vn 0.1582 -0.5954 0.7877
vn 0.9174 -0.0000 -0.3980
vn -0.9246 -0.1635 -0.3441
vn 0.9021 0.1601 -0.4007
vn -0.8881 -0.3033 -0.3454
vn 0.8601 0.3131 -0.4028
vn -0.8307 -0.4358 -0.3464
vn 0.7921 0.4574 -0.4042
vn -0.7538 -0.5580 -0.3470
vn 0.7004 0.5877 -0.4051
vn -0.6592 -0.6670 -0.3473
vn -0.5550 -0.7684 -0.3186
vn 0.1585 0.8990 -0.4082
vn 0.0000 0.9237 -0.3830
vn -0.4936 0.0565 0.8679
vn -0.1451 0.9178 -0.3696
vn -0.0591 0.0741 0.9955
vn -0.0760 0.0077 0.9971
vn 0.8868 0.3520 -0.2993
vn 0.4347 -0.4365 0.7877
vn 0.7945 0.4587 -0.3980
vn -0.7190 -0.6039 -0.3441
vn 0.7012 0.5897 -0.4006
vn -0.6175 -0.7067 -0.3454
vn 0.5884 0.7012 -0.4028
vn -0.5015 -0.7928 -0.3464
vn 0.4573 0.7921 -0.4042
vn -0.3739 -0.8601 -0.3470
vn 0.3127 0.8592 -0.4050
vn -0.2374 -0.9072 -0.3473
vn -0.0964 -0.9430 -0.3186
vn 0.1357 -0.9249 -0.3552
vn -0.1094 0.1527 0.9822
vn 0.5541 -0.1455 0.8197
vn -0.1097 0.0187 0.9938
vn -0.8852 -0.3401 -0.3173
vn -0.4252 0.5863 0.6896
vn -0.7919 -0.4572 -0.4048
vn 0.7602 0.5491 -0.3472
vn -0.7003 -0.5876 -0.4052
vn 0.6669 0.6592 -0.3473
vn -0.5865 -0.6989 -0.4092
vn 0.5638 0.7617 -0.3192
vn 0.4367 0.8326 -0.3407
vn -0.4594 -0.7956 -0.3950
vn 0.3036 0.8891 -0.3426
vn -0.3137 -0.8620 -0.3981
vn 0.1635 0.9246 -0.3442
vn -0.1601 -0.9021 -0.4008
vn 0.0000 -0.9231 -0.3846
vn -0.3122 0.8578 -0.4082
vn -0.4619 0.8000 -0.3830
vn -0.5747 -0.2509 0.7790
vn -0.5846 0.7223 -0.3696
vn -0.0170 0.0065 0.9998
vn -0.0697 -0.0314 0.9971
vn 0.5921 0.7482 -0.2994
vn 0.5947 -0.1607 0.7877
vn 0.4587 0.7945 -0.3980
vn -0.3207 -0.8825 -0.3441
vn 0.3124 0.8613 -0.4007
vn -0.1814 -0.9208 -0.3454
vn 0.1590 0.9014 -0.4028
vn -0.0379 -0.9373 -0.3464
vn -0.0000 0.9147 -0.4042
vn 0.1063 -0.9318 -0.3470
vn -0.1588 0.9004 -0.4051
vn 0.2480 -0.9044 -0.3473
vn 0.3880 -0.8648 -0.3186
vn -0.1711 0.0775 0.9822
vn 0.5526 0.1510 0.8197
vn 0.5800 -0.7331 -0.3552
vn 0.4616 -0.7994 -0.3845
vn -0.1066 -0.0405 0.9935
vn -0.5966 -0.7372 -0.3173
vn -0.5957 0.2616 0.7594
vn -0.4572 -0.7919 -0.4048
vn 0.3838 0.8556 -0.3472
vn -0.3127 -0.8591 -0.4053
vn 0.2480 0.9044 -0.3473
vn -0.1584 -0.8986 -0.4092
vn 0.3134 -0.8609 -0.4008
vn -0.3199 0.8827 -0.3442
vn 0.1593 -0.9034 -0.3981
vn -0.1816 0.9218 -0.3426
vn 0.0000 -0.9187 -0.3950
vn -0.0380 0.9394 -0.3407
vn 0.1074 0.9416 -0.3192
vn -0.8842 0.3217 -0.3386
vn -0.0845 0.0495 -0.9952
vn -0.7786 0.5466 0.3082
vn -0.5650 0.7715 0.2926
vn -0.0439 0.0759 -0.9962
vn -0.3216 0.8836 -0.3404
vn 0.5876 -0.7690 0.2517
vn -0.1673 0.9494 -0.2658
vn 0.5208 0.0176 0.8535
vn -0.0000 0.9413 -0.3375
vn 0.1595 0.9043 -0.3961
vn 0.8543 0.0001 -0.5197
vn 0.8826 -0.1556 -0.4436
vn 0.2009 0.4373 0.8766
vn 0.8736 -0.3179 -0.3685
vn 0.8208 -0.4739 -0.3189
vn 0.7365 -0.6180 -0.2750
vn 0.5418 -0.7960 0.2698
vn 0.6087 -0.7255 -0.3212
vn 0.0502 -0.0866 -0.9950
vn 0.0866 -0.0497 -0.9950
vn 0.7242 -0.6076 -0.3261
vn 0.8032 -0.5228 0.2856
vn 0.5930 -0.7067 -0.3858
vn 0.4362 -0.7556 -0.4887
vn -0.6294 -0.5282 -0.5700
vn -0.7435 -0.4292 -0.5128
vn -0.0142 -0.5254 0.8507
vn 0.2996 0.8232 -0.4822
vn 0.4097 0.7097 -0.5731
vn 0.5499 0.7612 0.3437
vn 0.5260 0.6268 -0.5749
vn 0.6601 0.6678 0.3438
vn 0.6274 0.5264 -0.5738
vn 0.8177 0.1443 -0.5572
vn 0.9260 0.1648 0.3397
vn 0.7868 0.2865 -0.5467
vn 0.8908 0.3042 0.3375
vn 0.7321 0.4228 -0.5342
vn 0.8344 0.4377 0.3349
vn 0.7620 0.5641 0.3180
vn 0.3065 -0.8423 -0.4433
vn -0.4432 -0.2036 0.8730
vn 0.7522 -0.5933 0.2868
vn -0.7792 0.5877 0.2177
vn 0.6852 -0.6723 0.2801
vn -0.7238 0.6518 0.2263
vn 0.6274 -0.7447 0.2276
vn -0.6515 0.7235 0.2281
vn -0.5814 0.7708 0.2604
vn -0.9388 0.1655 -0.3021
vn -0.9413 -0.0001 -0.3375
vn -0.6401 0.6956 0.3262
vn 0.6535 -0.7099 0.2624
vn -0.7096 0.6230 0.3292
vn 0.7277 -0.6337 0.2624
vn 0.7587 -0.5554 0.3405
vn -0.8232 -0.2996 -0.4822
vn -0.9042 -0.1595 -0.3962
vn 0.1556 -0.8826 -0.4436
vn 0.0000 -0.8377 -0.5462
vn -0.1638 -0.9262 0.3396
vn -0.1443 -0.8181 -0.5567
vn -0.3038 -0.8895 0.3414
vn -0.2821 -0.7753 -0.5652
vn -0.4364 -0.8319 0.3426
vn -0.4106 -0.7110 -0.5708
vn -0.5588 -0.7549 0.3434
vn -0.5262 -0.6271 -0.5743
vn -0.6679 -0.6601 0.3438
vn -0.7688 -0.5553 0.3170
vn 0.6865 -0.5761 -0.4437
vn 0.5976 -0.7121 -0.3684
vn 0.3944 0.2796 0.8754
vn -0.0817 0.9530 0.2917
vn -0.0004 0.0950 -0.9955
vn 0.1634 0.9266 -0.3386
vn 0.4739 -0.8208 -0.3190
vn 0.3291 -0.9041 -0.2726
vn 0.0781 -0.9586 0.2737
vn 0.1645 -0.9331 -0.3199
vn 0.0004 -0.1002 -0.9950
vn 0.1043 -0.9601 0.2594
vn 0.3310 0.9093 -0.2521
vn 0.4426 -0.2399 0.8641
vn 0.4707 0.8152 -0.3375
vn 0.5902 0.7034 -0.3962
vn 0.6712 0.5631 -0.4821
vn 0.7097 0.4098 -0.5731
vn 0.8568 0.3843 0.3437
vn 0.7688 0.2798 -0.5750
vn 0.9056 0.2483 0.3438
vn 0.8066 0.1422 -0.5737
vn 0.9420 0.1074 0.3181
vn 0.3230 -0.8873 -0.3291
vn 0.4366 -0.8471 0.3029
vn 0.1587 -0.8997 -0.4066
vn 0.0001 -0.8554 -0.5179
vn -0.8092 -0.1427 -0.5700
vn -0.8585 -0.0000 -0.5128
vn -0.2835 -0.4549 0.8442
vn -0.8628 0.1521 -0.4822
vn -0.8629 0.3140 -0.3961
vn -0.1619 -0.9184 -0.3611
vn -0.4854 0.0453 0.8731
vn 0.3621 -0.8848 0.2932
vn -0.3800 0.8962 0.2291
vn 0.2649 -0.9208 0.2864
vn -0.3003 0.9241 0.2362
vn 0.1758 -0.9431 0.2822
vn -0.2020 0.9499 0.2385
vn -0.1178 0.9557 0.2697
vn -0.1786 0.9243 0.3372
vn 0.1850 -0.9471 0.2624
vn -0.2845 0.8998 0.3309
vn 0.2881 -0.9210 0.2624
vn -0.3816 0.8788 0.2867
vn 0.3665 -0.8800 0.3022
vn 0.9415 -0.0381 0.3348
vn 0.8454 -0.0000 -0.5342
vn 0.9236 -0.1820 0.3375
vn 0.8246 -0.1454 -0.5467
vn 0.8840 -0.3213 0.3397
vn 0.7803 -0.2839 -0.5572
vn 0.7399 -0.4272 -0.5197
vn -0.8152 0.4706 -0.3375
vn -0.7307 0.6130 -0.3004
vn -0.6044 0.7204 -0.3403
vn -0.3065 -0.8422 -0.4436
vn -0.4188 -0.7255 -0.5462
vn -0.6050 -0.7202 0.3396
vn -0.5339 -0.6363 -0.5567
vn -0.7078 -0.6184 0.3414
vn -0.6321 -0.5303 -0.5651
vn -0.7940 -0.5022 0.3426
vn -0.7110 -0.4105 -0.5710
vn -0.8613 -0.3744 0.3434
vn -0.7694 -0.2800 -0.5742
vn -0.9085 -0.2377 0.3438
vn -0.9435 -0.0965 0.3170
vn -0.3241 -0.8907 -0.3188
vn -0.0453 -0.0805 -0.9957
vn -0.4094 -0.8711 0.2712
vn -0.1671 -0.9481 -0.2706
vn 0.4834 0.0451 0.8742
vn 0.0001 -0.9478 -0.3189
vn 0.4258 0.8628 0.2727
vn 0.0489 0.0847 -0.9952
vn 0.6050 0.7209 -0.3379
vn -0.4743 0.8213 -0.3169
vn -0.2937 0.8068 -0.5126
vn 0.0407 0.9511 0.3062
vn -0.1630 0.9244 -0.3449
vn 0.4272 -0.7398 -0.5197
vn 0.3065 -0.8422 -0.4436
vn 0.1615 -0.9155 -0.3685
vn -0.1637 -0.9282 -0.3341
vn -0.0391 -0.9537 0.2981
vn -0.3004 -0.8252 -0.4784
vn -0.4626 -0.8013 -0.3793
vn -0.6137 -0.7314 -0.2975
vn -0.3975 0.2818 0.8733
vn -0.1208 -0.9448 0.3047
vn 0.1186 0.9626 0.2437
vn -0.2222 -0.9294 0.2947
vn 0.2013 0.9473 0.2490
vn -0.3109 -0.9038 0.2941
vn 0.2990 0.9204 0.2519
vn 0.3745 0.8833 0.2820
vn 0.7282 0.6109 -0.3106
vn 0.8152 0.4707 -0.3375
vn 0.2997 -0.4663 0.8323
vn 0.8629 0.3140 -0.3961
vn 0.3323 0.8791 0.3417
vn -0.3370 -0.9039 0.2633
vn 0.2287 0.9161 0.3292
vn -0.2369 -0.9354 0.2624
vn 0.1297 0.9312 0.3407
vn -0.1438 -0.9541 0.2628
vn -0.4712 -0.2471 0.8467
vn -0.5902 0.7033 -0.3962
vn 0.8627 0.1521 -0.4822
vn 0.8195 -0.0000 -0.5731
vn 0.9342 -0.0956 0.3437
vn 0.8057 -0.1421 -0.5750
vn 0.9084 -0.2378 0.3438
vn 0.7696 -0.2801 -0.5737
vn -0.7722 0.2810 -0.5699
vn -0.7435 0.4292 -0.5128
vn -0.6712 0.5631 -0.4821
vn 0.5338 -0.6361 -0.5572
vn 0.6057 -0.7195 0.3397
vn 0.6415 -0.5382 -0.5467
vn 0.7089 -0.6194 0.3375
vn 0.7322 -0.4226 -0.5341
vn 0.7963 -0.5038 0.3348
vn 0.8695 -0.3779 0.3181
vn -0.6865 -0.5761 -0.4437
vn -0.7255 -0.4189 -0.5461
vn -0.8840 -0.3212 0.3396
vn -0.7805 -0.2842 -0.5568
vn -0.9222 -0.1817 0.3413
vn -0.8125 -0.1433 -0.5651
vn -0.9387 -0.0380 0.3426
vn -0.8210 -0.0000 -0.5709
vn -0.9331 0.1065 0.3435
vn -0.8062 0.1422 -0.5743
vn -0.9056 0.2483 0.3438
vn -0.8653 0.3882 0.3170
vn 0.3218 0.8845 -0.3379
vn 0.5334 0.8011 0.2714
vn 0.8455 0.1491 -0.5127
vn 0.8021 0.5123 0.3068
vn 0.8821 0.3211 -0.3447
vn 0.0852 0.0485 -0.9952
vn 0.9485 0.0001 -0.3169
vn 0.9042 -0.1595 -0.3962
vn 0.0222 -0.5458 0.8376
vn -0.1595 0.9043 -0.3961
vn -0.5361 0.0255 0.8438
vn 0.1650 0.9362 -0.3104
vn -0.3179 -0.8735 -0.3686
vn 0.4425 -0.2033 0.8734
vn -0.1556 -0.8826 -0.4436
vn 0.0001 -0.8543 -0.5197
vn -0.4738 -0.8209 -0.3188
vn -0.6191 -0.7378 -0.2691
vn -0.7857 -0.5557 0.2719
vn -0.7263 -0.6094 -0.3179
vn -0.0828 -0.0493 -0.9953
vn 0.7418 0.5722 0.3496
vn -0.7540 -0.6013 0.2644
vn 0.6750 0.6603 0.3292
vn -0.6917 -0.6728 0.2624
vn 0.6022 0.7248 0.3347
vn -0.6161 -0.7460 0.2529
vn -0.6019 -0.7174 -0.3508
vn -0.5092 -0.8159 0.2740
vn -0.7139 -0.5991 -0.3626
vn -0.2028 0.4416 0.8740
vn -0.8393 -0.4847 -0.2463
vn -0.8736 -0.3179 -0.3685
vn 0.8232 -0.2997 -0.4822
vn 0.7097 -0.4097 -0.5731
vn 0.7613 -0.5499 0.3437
vn 0.6267 -0.5260 -0.5750
vn 0.6678 -0.6602 0.3438
vn 0.5265 -0.6274 -0.5737
vn 0.1443 -0.8177 -0.5572
vn 0.1648 -0.9260 0.3397
vn 0.2863 -0.7869 -0.5467
vn 0.3042 -0.8908 0.3375
vn 0.4227 -0.7322 -0.5341
vn 0.4377 -0.8345 0.3348
vn 0.5640 -0.7620 0.3180
vn -0.5714 -0.7591 0.3119
vn 0.5811 0.7706 0.2617
vn -0.6475 -0.7049 0.2895
vn 0.6453 0.7167 0.2646
vn -0.7130 -0.6302 0.3075
vn 0.7160 0.6446 0.2679
vn 0.7625 0.5752 0.2962
vn -0.5282 0.6294 -0.5699
vn -0.4293 0.7435 -0.5128
vn -0.2996 0.8232 -0.4822
vn -0.8826 -0.1556 -0.4436
vn -0.8377 0.0000 -0.5462
vn -0.9262 0.1638 0.3396
vn -0.8180 0.1443 -0.5568
vn -0.8895 0.3038 0.3413
vn -0.7754 0.2821 -0.5650
vn -0.8319 0.4364 0.3426
vn -0.7110 0.4105 -0.5709
vn -0.7549 0.5588 0.3434
vn -0.6272 0.5262 -0.5743
vn -0.6601 0.6679 0.3438
vn -0.5553 0.7688 0.3170
vn -0.9341 -0.1648 -0.3167
vn -0.1029 -0.0002 -0.9947
vn -0.9575 -0.0958 0.2720
vn -0.9155 0.1615 -0.3685
vn 0.0451 0.4834 0.8742
vn -0.9478 -0.0000 -0.3189
vn -0.9493 -0.1673 -0.2663
vn -0.9054 -0.3296 -0.2677
vn 0.2822 -0.3981 0.8729
vn -0.8207 -0.4738 -0.3193
vn 0.9506 0.1036 0.2926
vn 0.0876 0.0001 -0.9962
vn 0.9260 -0.1632 -0.3403
vn -0.8812 -0.3830 0.2771
vn -0.9034 -0.3288 -0.2753
vn -0.8422 -0.4553 0.2889
vn -0.9598 -0.1245 0.2517
vn 0.9059 -0.3298 -0.2658
vn -0.2451 -0.4598 0.8535
vn 0.8152 -0.4707 -0.3374
vn 0.7033 -0.5902 -0.3962
vn -0.1426 0.8091 -0.5701
vn -0.0000 0.8586 -0.5127
vn -0.4480 0.2750 0.8507
vn 0.1521 0.8627 -0.4823
vn 0.3140 0.8629 -0.3961
vn -0.4271 -0.7399 -0.5197
vn -0.5761 -0.6866 -0.4436
vn -0.7121 -0.5976 -0.3685
vn 0.4707 0.8152 -0.3374
vn 0.6127 0.7303 -0.3021
vn 0.8624 0.4014 0.3085
vn 0.7208 0.6049 -0.3386
vn -0.8422 0.3065 -0.4436
vn -0.7256 0.4188 -0.5460
vn -0.7202 0.6050 0.3396
vn -0.6363 0.5339 -0.5567
vn -0.6184 0.7078 0.3414
vn -0.5303 0.6319 -0.5652
vn -0.5023 0.7939 0.3426
vn -0.4106 0.7110 -0.5709
vn -0.3744 0.8613 0.3434
vn -0.2800 0.7693 -0.5742
vn -0.2377 0.9085 0.3438
vn -0.0965 0.9435 0.3170
vn 0.8840 0.3748 0.2796
vn -0.9057 -0.2935 0.3058
vn 0.9133 0.2967 0.2791
vn -0.9284 -0.1959 0.3158
vn 0.9387 0.1995 0.2810
vn 0.9449 0.1164 0.3061
vn 0.9224 0.2066 0.3262
vn -0.9416 -0.2110 0.2624
vn 0.8934 0.3023 0.3324
vn -0.9127 -0.3133 0.2624
vn -0.8603 -0.3794 0.3405
vn 0.5631 -0.6711 -0.4822
vn 0.4097 -0.7097 -0.5731
vn 0.3843 -0.8568 0.3437
vn 0.2798 -0.7689 -0.5749
vn 0.2483 -0.9056 0.3438
vn 0.1422 -0.8066 -0.5738
vn -0.2839 -0.7803 -0.5572
vn -0.3202 -0.8843 0.3397
vn -0.1453 -0.8246 -0.5467
vn -0.1819 -0.9236 0.3375
vn 0.0000 -0.8454 -0.5341
vn -0.0381 -0.9415 0.3348
vn 0.1074 -0.9420 0.3181
vn -0.9210 0.3352 -0.1985
vn 0.9711 -0.1197 0.2067
vn 0.9656 -0.2052 0.1599
vn -0.0875 0.0516 -0.9948
vn -0.8420 0.4554 0.2890
vn -0.9034 0.3287 -0.2754
vn -0.8882 0.3890 0.2447
vn -0.9493 0.1673 -0.2663
vn -0.7398 -0.4272 -0.5197
vn -0.8422 -0.3065 -0.4436
vn 0.0454 -0.4865 0.8725
vn -0.9155 -0.1615 -0.3685
vn -0.9478 -0.0001 -0.3189
vn 0.8662 -0.4058 0.2918
vn 0.0825 -0.0472 -0.9955
vn 0.7208 -0.6048 -0.3386
vn 0.9276 -0.3015 0.2205
vn -0.8837 0.3897 0.2593
vn 0.6220 -0.7414 -0.2520
vn -0.4289 -0.2633 0.8641
vn 0.4707 -0.8152 -0.3375
vn 0.3140 -0.8628 -0.3962
vn -0.9761 0.1721 -0.1329
vn -0.9160 0.2905 0.2767
vn -0.9468 0.1939 0.2567
vn -0.9575 0.1012 0.2699
vn 0.8776 -0.3721 0.3024
vn 0.2746 0.3874 0.8801
vn -0.8208 0.4739 -0.3190
vn -0.7121 0.5976 -0.3685
vn 0.1521 -0.8628 -0.4822
vn -0.0000 -0.8195 -0.5731
vn -0.0956 -0.9342 0.3437
vn -0.1421 -0.8058 -0.5749
vn -0.2378 -0.9084 0.3438
vn -0.2801 -0.7696 -0.5737
vn -0.6360 -0.5338 -0.5572
vn -0.7195 -0.6057 0.3397
vn -0.5382 -0.6415 -0.5467
vn -0.6194 -0.7089 0.3375
vn -0.4226 -0.7322 -0.5342
vn -0.5037 -0.7963 0.3348
vn -0.3779 -0.8695 0.3181
vn 0.8898 -0.3075 0.3372
vn -0.9127 0.3133 0.2624
vn 0.9215 -0.2035 0.3309
vn -0.9416 0.2110 0.2624
vn 0.9518 -0.1089 0.2867
vn -0.9454 0.1225 0.3021
vn -0.2521 0.4730 0.8442
vn 0.2810 0.7721 -0.5700
vn 0.4293 0.7435 -0.5128
vn 0.5631 0.6711 -0.4822
vn 0.7034 0.5902 -0.3962
vn 0.8963 0.3263 -0.3003
vn 0.9260 0.1632 -0.3404
vn -0.5761 0.6866 -0.4436
vn -0.4188 0.7254 -0.5462
vn -0.3212 0.8840 0.3396
vn -0.2841 0.7806 -0.5568
vn -0.1816 0.9222 0.3413
vn -0.1433 0.8125 -0.5651
vn -0.0380 0.9387 0.3426
vn 0.0000 0.8210 -0.5710
vn 0.1065 0.9331 0.3434
vn 0.1422 0.8062 -0.5743
vn 0.2483 0.9056 0.3438
vn 0.3882 0.8654 0.3170
vn -0.7264 0.6094 -0.3179
vn -0.7792 0.5586 0.2845
vn -0.6190 0.7379 -0.2689
vn 0.5339 -0.8018 0.2685
vn 0.0489 -0.0847 -0.9952
vn 0.3219 -0.8844 -0.3379
vn -0.8394 0.4846 -0.2462
vn -0.7139 0.5991 -0.3626
vn -0.5108 0.8184 0.2634
vn -0.6019 0.7174 -0.3508
vn -0.0497 0.0874 -0.9949
vn 0.9484 0.0001 -0.3169
vn 0.8456 -0.1491 -0.5126
vn 0.8033 -0.5108 0.3062
vn 0.8820 -0.3210 -0.3450
vn -0.4740 0.8208 -0.3189
vn -0.3179 0.8736 -0.3685
vn 0.4396 0.2019 0.8752
vn 0.1652 -0.9361 -0.3105
vn -0.0000 -0.9414 -0.3374
vn -0.5537 -0.0263 0.8323
vn -0.1595 -0.9042 -0.3962
vn -0.8543 -0.0001 -0.5197
vn -0.8826 0.1556 -0.4436
vn -0.1999 -0.4354 0.8778
vn -0.8736 0.3179 -0.3685
vn 0.9042 0.1595 -0.3961
vn 0.0216 0.5316 0.8467
vn -0.7544 0.6016 0.2628
vn 0.7418 -0.5776 0.3407
vn -0.6917 0.6729 0.2624
vn 0.6776 -0.6576 0.3292
vn -0.6169 0.7417 0.2632
vn 0.5978 -0.7266 0.3386
vn 0.5797 -0.7687 0.2702
vn -0.5700 0.7613 0.3091
vn 0.6443 -0.7156 0.2700
vn -0.6483 0.6968 0.3068
vn 0.7150 -0.6438 0.2725
vn -0.7182 0.6277 0.3001
vn 0.7674 -0.5788 0.2759
vn 0.6294 0.5282 -0.5700
vn 0.7435 0.4293 -0.5128
vn 0.8232 0.2997 -0.4822
vn 0.7689 0.5553 0.3170
vn 0.6678 0.6601 0.3438
vn 0.5262 0.6272 -0.5742
vn 0.5588 0.7549 0.3434
vn 0.4104 0.7110 -0.5710
vn 0.4365 0.8319 0.3426
vn 0.2821 0.7753 -0.5650
vn 0.3038 0.8895 0.3413
vn 0.1442 0.8181 -0.5567
vn 0.1648 0.9260 0.3395
vn -0.0001 0.8377 -0.5462
vn -0.1557 0.8826 -0.4436
vn -0.2997 -0.8232 -0.4822
vn -0.4098 -0.7097 -0.5731
vn -0.5499 -0.7612 0.3437
vn -0.5260 -0.6267 -0.5749
vn -0.6601 -0.6678 0.3438
vn -0.6274 -0.5265 -0.5738
vn -0.8177 -0.1442 -0.5573
vn -0.9260 -0.1648 0.3397
vn -0.7868 -0.2864 -0.5468
vn -0.8908 -0.3042 0.3375
vn -0.7321 -0.4228 -0.5341
vn -0.8344 -0.4378 0.3348
vn -0.7620 -0.5640 0.3181
vn -0.9269 -0.1635 -0.3379
vn -0.0977 0.0000 -0.9952
vn -0.9605 0.0614 0.2715
vn 0.9663 -0.0587 0.2506
vn 0.0995 -0.0000 -0.9950
vn 0.9316 -0.1642 -0.3241
vn -0.5519 0.6577 -0.5127
vn -0.8430 0.4404 0.3087
vn -0.7190 0.6033 -0.3449
vn 0.9155 0.1615 -0.3685
vn -0.0446 0.4777 0.8774
vn 0.8422 0.3066 -0.4436
vn 0.7398 0.4272 -0.5197
vn -0.8932 -0.3252 -0.3105
vn 0.9478 0.0000 -0.3189
vn 0.9459 -0.1668 -0.2782
vn 0.8674 -0.4243 0.2599
vn 0.8894 -0.3237 -0.3227
vn 0.9014 -0.3280 -0.2827
vn 0.8207 -0.4740 -0.3190
vn -0.2812 -0.3967 0.8738
vn 0.7121 -0.5976 -0.3685
vn -0.3140 0.8629 -0.3961
vn 0.4616 0.2921 0.8376
vn -0.1521 0.8627 -0.4823
vn 0.0000 0.8195 -0.5730
vn 0.0956 0.9342 0.3437
vn 0.1421 0.8057 -0.5751
vn 0.2378 0.9084 0.3438
vn 0.2802 0.7697 -0.5737
vn 0.6360 0.5338 -0.5572
vn 0.7195 0.6058 0.3396
vn 0.5383 0.6414 -0.5468
vn 0.6193 0.7089 0.3375
vn 0.4227 0.7322 -0.5341
vn 0.5038 0.7963 0.3348
vn 0.3779 0.8695 0.3181
vn -0.8691 0.3533 0.3463
vn 0.8977 -0.3524 0.2644
vn -0.9094 0.2544 0.3292
vn 0.9285 -0.2626 0.2624
vn -0.9288 0.1591 0.3347
vn 0.9541 -0.1605 0.2529
vn 0.2459 -0.4770 0.8438
vn -0.5631 -0.6712 -0.4821
vn -0.7033 -0.5902 -0.3962
vn -0.8152 -0.4707 -0.3374
vn 0.5761 -0.6866 -0.4436
vn 0.4189 -0.7255 -0.5461
vn 0.3212 -0.8840 0.3396
vn 0.2841 -0.7806 -0.5567
vn 0.1817 -0.9222 0.3413
vn 0.1433 -0.8124 -0.5652
vn 0.0380 -0.9387 0.3426
vn -0.0000 -0.8210 -0.5709
vn -0.1064 -0.9331 0.3434
vn -0.1422 -0.8062 -0.5743
vn -0.2483 -0.9056 0.3438
vn -0.2811 -0.7721 -0.5700
vn -0.3882 -0.8653 0.3170
vn -0.4292 -0.7435 -0.5128
vn 0.9497 -0.1450 0.2775
vn -0.9706 0.1196 0.2088
vn 0.9287 -0.2475 0.2763
vn -0.9545 0.2029 0.2186
vn 0.9046 -0.3395 0.2579
vn -0.9278 0.3015 0.2200
vn -0.8906 0.3776 0.2533
vn 0.9316 0.1643 -0.3242
vn 0.9632 0.0585 0.2624
vn 0.9013 0.3281 -0.2827
vn -0.9613 -0.0615 0.2685
vn -0.9268 0.1635 -0.3380
vn -0.4742 -0.8214 -0.3169
vn -0.5519 -0.6578 -0.5126
vn -0.8425 -0.4424 0.3073
vn -0.7191 -0.6033 -0.3449
vn -0.0821 -0.0479 -0.9955
vn 0.0849 0.0490 -0.9952
vn 0.8895 0.3238 -0.3226
vn 0.8677 0.4259 0.2564
vn 0.9459 0.1667 -0.2782
vn -0.8933 0.3251 -0.3104
vn -0.8152 0.4707 -0.3375
vn 0.2540 0.4927 0.8323
vn -0.7033 0.5902 -0.3961
vn 0.4271 0.7399 -0.5197
vn 0.5761 0.6866 -0.4436
vn -0.2771 0.3908 0.8778
vn 0.7121 0.5976 -0.3685
vn 0.8208 0.4739 -0.3189
vn -0.0442 -0.4739 0.8795
vn 0.9478 0.0001 -0.3189
vn 0.9155 -0.1615 -0.3685
vn 0.1427 -0.8092 -0.5700
vn 0.0000 -0.8585 -0.5128
vn 0.4495 -0.2845 0.8467
vn -0.1521 -0.8628 -0.4822
vn -0.3140 -0.8628 -0.3961
vn -0.9283 -0.1535 0.3386
vn 0.9513 0.1601 0.2633
vn -0.9078 -0.2600 0.3292
vn 0.9285 0.2626 0.2624
vn -0.8732 -0.3500 0.3391
vn 0.8981 0.3525 0.2628
vn -0.5631 0.6711 -0.4822
vn -0.4097 0.7097 -0.5731
vn -0.3843 0.8568 0.3437
vn -0.2798 0.7689 -0.5749
vn -0.2483 0.9056 0.3438
vn -0.1422 0.8066 -0.5737
vn -0.9613 -0.1184 0.2487
vn 0.9508 0.1505 0.2706
vn -0.9491 -0.2017 0.2419
vn 0.9274 0.2415 0.2858
vn -0.9228 -0.2998 0.2422
vn 0.8962 0.3416 0.2829
vn -0.8947 -0.3793 0.2360
vn 0.2839 0.7803 -0.5572
vn 0.3203 0.8843 0.3397
vn 0.1453 0.8246 -0.5467
vn 0.1819 0.9236 0.3375
vn -0.0001 0.8454 -0.5342
vn 0.0381 0.9415 0.3348
vn -0.1075 0.9420 0.3181
vn 0.8422 -0.3065 -0.4436
vn 0.7255 -0.4189 -0.5461
vn 0.7202 -0.6050 0.3396
vn 0.6363 -0.5339 -0.5568
vn 0.6184 -0.7078 0.3414
vn 0.5304 -0.6320 -0.5651
vn 0.5022 -0.7939 0.3426
vn 0.4104 -0.7110 -0.5710
vn 0.3744 -0.8613 0.3434
vn 0.2800 -0.7694 -0.5742
vn 0.2377 -0.9085 0.3438
vn 0.0965 -0.9435 0.3170
vn 0.0479 0.0828 -0.9954
vn 0.6087 0.7255 -0.3212
vn 0.5403 0.7986 0.2652
vn 0.7365 0.6180 -0.2751
vn -0.7851 -0.5481 0.2885
vn -0.8842 -0.3218 -0.3386
vn 0.1993 -0.4340 0.8786
vn 0.8208 0.4740 -0.3188
vn 0.8736 0.3179 -0.3685
vn 0.5282 -0.6294 -0.5700
vn 0.4293 -0.7435 -0.5128
vn 0.5357 -0.0181 0.8442
vn 0.2996 -0.8232 -0.4822
vn 0.1595 -0.9042 -0.3962
vn 0.7793 0.5704 0.2593
vn -0.9530 -0.1680 -0.2520
vn -0.0135 0.5031 0.8641
vn -0.9414 -0.0000 -0.3373
vn -0.9042 0.1595 -0.3962
vn 0.8826 0.1556 -0.4436
vn 0.8377 -0.0000 -0.5462
vn 0.9262 -0.1638 0.3396
vn 0.8181 -0.1442 -0.5567
vn 0.8895 -0.3038 0.3413
vn 0.7752 -0.2821 -0.5651
vn 0.8319 -0.4365 0.3426
vn 0.7110 -0.4105 -0.5709
vn 0.7549 -0.5587 0.3434
vn 0.6271 -0.5263 -0.5743
vn 0.6601 -0.6679 0.3438
vn 0.5553 -0.7689 0.3170
vn -0.4354 0.2000 0.8777
vn 0.7991 0.5191 0.3033
vn -0.7730 -0.5830 0.2502
vn 0.7525 0.5997 0.2722
vn -0.7207 -0.6489 0.2442
vn 0.6875 0.6668 0.2875
vn -0.6488 -0.7205 0.2450
vn 0.6194 0.7428 0.2541
vn -0.5846 -0.7750 0.2402
vn -0.8232 0.2996 -0.4822
vn -0.7097 0.4097 -0.5731
vn -0.7613 0.5499 0.3437
vn -0.6268 0.5260 -0.5749
vn -0.6679 0.6601 0.3438
vn -0.5265 0.6274 -0.5737
vn -0.1648 0.9260 0.3397
vn -0.1443 0.8177 -0.5573
vn 0.4361 0.7556 -0.4888
vn 0.5930 0.7067 -0.3858
vn 0.7242 0.6076 -0.3262
vn -0.1656 -0.9394 -0.3003
vn -0.5676 -0.7707 0.2896
vn -0.3217 -0.8836 -0.3404
vn -0.0437 -0.0759 -0.9962
vn -0.2864 0.7867 -0.5468
vn -0.3042 0.8908 0.3375
vn -0.4227 0.7321 -0.5342
vn -0.4378 0.8344 0.3348
vn -0.5640 0.7620 0.3181
vn -0.7125 -0.6174 0.3335
vn 0.7277 0.6337 0.2624
vn -0.6372 -0.6937 0.3358
vn 0.6535 0.7099 0.2624
vn 0.5788 0.7574 0.3021
vn 0.0000 0.8543 -0.5197
vn 0.1574 0.8929 -0.4219
vn 0.2989 0.8214 -0.4858
vn 0.1634 -0.9266 -0.3386
vn -0.0006 -0.0979 -0.9952
vn -0.0836 -0.9475 0.3085
vn 0.0003 0.0918 -0.9958
vn 0.1645 0.9331 -0.3199
vn 0.0773 0.9609 0.2659
vn 0.3291 0.9041 -0.2726
vn 0.3915 -0.2776 0.8773
vn 0.4739 0.8208 -0.3190
vn 0.5976 0.7121 -0.3685
vn -0.3856 -0.8750 0.2926
vn -0.6044 -0.7203 -0.3404
vn -0.0001 0.8554 -0.5179
vn 0.1587 0.8997 -0.4067
vn 0.4386 0.8441 0.3083
vn 0.3230 0.8874 -0.3290
vn -0.4771 -0.0445 0.8777
vn -0.4272 0.7398 -0.5197
vn -0.3182 0.8743 -0.3666
vn -0.3776 -0.8905 0.2540
vn 0.3584 0.8914 0.2775
vn -0.2993 -0.9210 0.2494
vn 0.2673 0.9195 0.2881
vn -0.2013 -0.9469 0.2509
vn 0.1715 0.9449 0.2788
vn -0.1185 -0.9614 0.2482
vn 0.3721 0.8934 0.2517
vn -0.7385 -0.6196 -0.2659
vn -0.2756 0.4422 0.8535
vn -0.8152 -0.4706 -0.3375
vn -0.8628 -0.3140 -0.3962
vn -0.1601 0.9088 -0.3853
vn 0.3261 -0.8957 -0.3021
vn 0.4621 0.2505 0.8507
vn 0.7720 -0.2811 -0.5701
vn 0.7436 -0.4293 -0.5127
vn 0.6711 -0.5631 -0.4822
vn 0.5902 -0.7034 -0.3961
vn -0.2823 -0.9021 0.3262
vn 0.2880 0.9210 0.2624
vn -0.1849 -0.9249 0.3324
vn 0.1850 0.9471 0.2624
vn 0.1015 0.9348 0.3405
vn 0.6866 0.5761 -0.4436
vn 0.7254 0.4189 -0.5462
vn 0.8840 0.3212 0.3396
vn 0.7806 0.2841 -0.5568
vn 0.9222 0.1817 0.3413
vn 0.8125 0.1434 -0.5651
vn 0.9387 0.0380 0.3426
vn 0.8210 -0.0001 -0.5709
vn 0.9331 -0.1065 0.3434
vn 0.8063 -0.1422 -0.5742
vn 0.9056 -0.2483 0.3438
vn 0.8653 -0.3882 0.3170
vn -0.8628 -0.1521 -0.4821
vn -0.8195 0.0001 -0.5731
vn -0.9342 0.0956 0.3437
vn -0.8058 0.1421 -0.5749
vn -0.9084 0.2378 0.3438
vn -0.7696 0.2801 -0.5738
vn -0.5338 0.6360 -0.5572
vn -0.6057 0.7195 0.3397
vn -0.6415 0.5382 -0.5467
vn -0.7089 0.6194 0.3375
vn -0.7322 0.4226 -0.5341
vn -0.7963 0.5037 0.3348
vn -0.8695 0.3779 0.3181
vn -0.3241 0.8907 -0.3188
vn -0.4017 0.8706 0.2841
vn -0.1671 0.9481 -0.2707
vn 0.6050 -0.7209 -0.3379
vn 0.4256 -0.8622 0.2747
vn 0.8628 -0.1521 -0.4822
vn 0.8628 -0.3140 -0.3961
vn 0.2901 0.4515 0.8438
vn -0.1630 -0.9244 -0.3449
vn 0.0427 -0.9508 0.3068
vn -0.2937 -0.8068 -0.5127
vn -0.6136 0.7314 -0.2977
vn -0.4626 0.8013 -0.3794
vn -0.0343 0.9563 0.2903
vn 0.7282 -0.6110 -0.3105
vn -0.3004 0.8252 -0.4784
vn -0.1637 0.9282 -0.3341
vn -0.3909 -0.2771 0.8777
vn -0.7399 0.4271 -0.5197
vn -0.6866 0.5761 -0.4436
vn 0.4801 -0.0448 0.8761
vn -0.0001 0.9478 -0.3189
vn 0.1615 0.9155 -0.3685
vn -0.5902 -0.7033 -0.3962
vn -0.4838 0.2536 0.8376
vn 0.1180 -0.9582 0.2607
vn -0.1277 0.9509 0.2821
vn 0.2009 -0.9450 0.2581
vn -0.2197 0.9302 0.2941
vn 0.2984 -0.9183 0.2603
vn -0.3162 0.9038 0.2884
vn 0.3768 -0.8889 0.2605
vn 0.3065 0.8422 -0.4436
vn 0.4188 0.7255 -0.5461
vn 0.6050 0.7202 0.3396
vn 0.5339 0.6363 -0.5568
vn 0.7078 0.6184 0.3414
vn 0.6320 0.5304 -0.5651
vn 0.7939 0.5023 0.3426
vn 0.7110 0.4104 -0.5709
vn 0.8613 0.3744 0.3434
vn 0.7693 0.2800 -0.5742
vn 0.9084 0.2378 0.3438
vn 0.8092 0.1426 -0.5700
vn 0.9435 0.0965 0.3170
vn 0.8585 0.0001 -0.5127
vn 0.1246 -0.9286 0.3496
vn -0.1437 0.9536 0.2644
vn 0.2343 -0.9147 0.3292
vn -0.2369 0.9354 0.2624
vn 0.3277 -0.8826 0.3370
vn -0.3380 0.9065 0.2529
vn -0.6711 -0.5631 -0.4822
vn -0.7097 -0.4097 -0.5731
vn -0.8568 -0.3843 0.3437
vn -0.7689 -0.2798 -0.5749
vn -0.9056 -0.2483 0.3438
vn -0.8066 -0.1422 -0.5738
vn -0.7803 0.2840 -0.5572
vn -0.8844 0.3203 0.3396
vn -0.8245 0.1455 -0.5468
vn -0.9236 0.1820 0.3375
vn -0.8454 -0.0000 -0.5341
vn -0.9415 0.0381 0.3348
vn -0.9420 -0.1075 0.3181
vn -0.3899 0.0507 0.9195
vn -0.3751 -0.1177 0.9195
vn -0.3490 -0.1810 0.9195
vn -0.3123 -0.2389 0.9195
vn -0.2661 -0.2895 0.9195
vn -0.2118 -0.3313 0.9195
vn -0.1510 -0.3630 0.9195
vn -0.0857 -0.3837 0.9195
vn -0.0178 -0.3928 0.9195
vn 0.0507 -0.3899 0.9194
vn 0.1176 -0.3752 0.9195
vn 0.1810 -0.3490 0.9195
vn 0.2389 -0.3123 0.9195
vn 0.2895 -0.2661 0.9195
vn 0.3313 -0.2118 0.9195
vn 0.3630 -0.1510 0.9195
vn 0.3837 -0.0857 0.9195
vn 0.3927 -0.0178 0.9195
vn 0.3899 0.0507 0.9195
vn 0.3751 0.1176 0.9195
vn 0.3490 0.1810 0.9195
vn 0.3123 0.2389 0.9195
vn 0.2661 0.2895 0.9195
vn 0.2118 0.3313 0.9195
vn 0.1510 0.3630 0.9195
vn 0.0857 0.3837 0.9195
vn 0.0177 0.3928 0.9195
vn -0.0507 0.3899 0.9195
vn -0.1176 0.3752 0.9195
vn -0.1810 0.3490 0.9195
vn -0.2389 0.3123 0.9195
vn -0.2895 0.2661 0.9195
vn -0.3313 0.2118 0.9195
vn -0.3630 0.1510 0.9195
vn -0.3837 0.0857 0.9195
vn -0.3928 0.0177 0.9195
vn 0.0000 -0.9322 0.3619
vn 0.1619 -0.9180 0.3619
vn 0.3188 -0.8760 0.3619
vn 0.4661 -0.8073 0.3619
vn 0.5992 -0.7141 0.3619
vn 0.7141 -0.5992 0.3619
vn 0.8073 -0.4661 0.3619
vn 0.8758 -0.3193 0.3619
vn 0.9058 -0.1592 0.3926
vn 0.9322 -0.0000 0.3619
vn 0.9181 0.1619 0.3619
vn 0.8760 0.3188 0.3619
vn 0.8073 0.4661 0.3619
vn 0.7141 0.5992 0.3619
vn 0.5992 0.7141 0.3619
vn 0.4661 0.8073 0.3619
vn 0.3193 0.8758 0.3620
vn 0.1592 0.9059 0.3925
vn 0.0000 0.9322 0.3619
vn -0.1619 0.9180 0.3619
vn -0.3188 0.8760 0.3619
vn -0.4661 0.8073 0.3619
vn -0.5992 0.7141 0.3619
vn -0.7141 0.5992 0.3619
vn -0.8073 0.4661 0.3619
vn -0.8757 0.3193 0.3622
vn -0.9059 0.1591 0.3924
vn -0.9322 -0.0000 0.3619
vn -0.9181 -0.1619 0.3619
vn -0.8760 -0.3189 0.3619
vn -0.8073 -0.4661 0.3619
vn -0.7141 -0.5992 0.3619
vn -0.5992 -0.7141 0.3619
vn -0.4661 -0.8073 0.3619
vn -0.3193 -0.8757 0.3623
vn -0.1592 -0.9059 0.3924
vn 0.5095 -0.1081 0.8537
vn 0.5106 -0.1523 0.8462
vn 0.4925 -0.2513 0.8333
vn 0.4643 -0.3590 0.8097
vn 0.4070 -0.4543 0.7925
vn 0.3134 -0.4961 0.8097
vn 0.2157 -0.5091 0.8333
vn 0.1234 -0.5183 0.8462
vn 0.0245 -0.3917 0.9197
vn -0.5148 0.0871 0.8529
vn -0.5106 0.1523 0.8462
vn -0.4925 0.2513 0.8333
vn -0.4642 0.3590 0.8097
vn -0.4070 0.4543 0.7925
vn -0.3135 0.4961 0.8097
vn -0.2157 0.5091 0.8333
vn -0.1234 0.5183 0.8462
vn -0.0352 0.3946 0.9182
vn -0.2068 -0.9718 -0.1130
vn -0.3005 -0.9323 0.2011
vn -0.9074 -0.4127 -0.0788
vn -0.9434 -0.3264 -0.0587
vn 0.9973 0.0308 -0.0663
vn 0.9948 0.0916 0.0434
vn 0.9837 0.1590 -0.0839
vn 0.9776 0.1985 -0.0698
vn 0.9484 0.2451 0.2012
vn 0.8802 0.4628 0.1055
vn 0.9237 0.3736 -0.0844
vn 0.9389 0.3360 -0.0752
vn 0.9514 0.2754 0.1376
vn 0.9647 0.2550 -0.0655
vn 0.8623 0.5000 -0.0800
vn 0.8240 0.5232 0.2176
vn 0.8049 0.5855 -0.0964
vn 0.7921 0.6079 -0.0556
vn 0.7590 0.6488 -0.0545
vn 0.7269 0.6810 -0.0888
vn 0.6807 0.6959 0.2288
vn 0.6285 0.7760 0.0525
vn 0.6924 0.7185 -0.0663
vn 0.5625 0.8238 -0.0704
vn 0.6281 0.7746 -0.0745
vn 0.4401 0.8803 0.1773
vn 0.5219 0.8494 -0.0782
vn 0.5422 0.8215 0.1767
vn 0.3530 0.9325 -0.0765
vn 0.4351 0.8975 -0.0715
vn 0.1638 0.9814 -0.1003
vn 0.2623 0.9375 0.2287
vn 0.3186 0.9437 -0.0897
vn 0.3439 0.9372 0.0580
vn 0.1511 0.9882 -0.0263
vn 0.0911 0.9924 -0.0833
vn 0.0508 0.9964 -0.0681
vn -0.0862 0.9909 0.1031
vn -0.0006 0.9974 -0.0716
vn 0.0393 0.9749 0.2192
vn -0.1766 0.9817 -0.0714
vn -0.0930 0.9930 -0.0731
vn -0.3652 0.9263 -0.0928
vn -0.2620 0.9438 0.2015
vn -0.2193 0.9714 -0.0904
vn -0.1889 0.9712 0.1449
vn -0.3935 0.9173 -0.0607
vn -0.4455 0.8953 0.0040
vn -0.4802 0.8726 -0.0895
vn -0.5038 0.8321 0.2321
vn -0.6863 0.6988 0.2015
vn -0.6194 0.7795 -0.0933
vn -0.5978 0.7993 -0.0607
vn -0.5447 0.8386 0.0069
vn -0.5254 0.8482 -0.0668
vn -0.7589 0.6365 0.1375
vn -0.7032 0.7080 -0.0654
vn -0.8141 0.5760 -0.0742
vn -0.7612 0.6445 -0.0723
vn -0.9415 0.3327 -0.0547
vn -0.9074 0.4128 -0.0791
vn -0.8842 0.4591 -0.0864
vn -0.8444 0.4876 0.2219
vn -0.8354 0.5431 -0.0847
vn -0.8189 0.5642 0.1055
vn -0.9533 0.2889 -0.0886
vn -0.9430 0.2417 0.2288
vn -0.9863 0.1564 0.0520
vn -0.9684 0.2403 -0.0666
vn -0.9947 0.0753 -0.0704
vn -0.9848 0.1566 -0.0747
vn -0.9761 -0.2096 0.0582
vn -0.9901 -0.1133 -0.0825
vn -0.9944 -0.0693 -0.0794
vn -0.9839 -0.0185 0.1775
vn -0.9966 0.0274 -0.0782
vn -0.9825 0.0589 0.1767
vn -0.9642 -0.2496 -0.0899
vn -0.9321 -0.2806 0.2289
vn -0.9524 -0.2973 -0.0676
vn -0.8841 -0.4592 -0.0868
vn -0.8446 -0.4889 0.2185
vn -0.8340 -0.5452 -0.0855
vn -0.8195 -0.5610 0.1167
vn -0.7849 -0.6137 -0.0855
vn -0.7610 -0.6447 -0.0725
vn -0.7126 -0.6985 -0.0653
vn -0.7467 -0.6492 0.1447
vn -0.5527 -0.8334 0.0041
vn -0.6268 -0.7750 -0.0806
vn -0.6633 -0.7437 -0.0830
vn -0.6864 -0.6988 0.2012
vn -0.5156 -0.8522 -0.0893
vn -0.4687 -0.8523 0.2324
vn -0.3653 -0.9262 -0.0935
vn -0.3934 -0.9174 -0.0606
vn -0.4540 -0.8910 0.0067
vn -0.4719 -0.8791 -0.0665
vn -0.1962 -0.9627 0.1864
vn -0.1311 -0.9876 -0.0862
vn -0.0929 -0.9929 -0.0738
vn 0.0307 -0.9746 0.2219
vn -0.0528 -0.9950 -0.0849
vn -0.0791 -0.9913 0.1052
vn 0.1443 -0.9862 -0.0817
vn 0.0509 -0.9963 -0.0688
vn 0.3277 -0.9388 -0.1065
vn 0.2230 -0.9475 0.2290
vn 0.1726 -0.9810 -0.0887
vn 0.1440 -0.9881 -0.0546
vn 0.3362 -0.9372 0.0931
vn 0.3990 -0.9130 -0.0846
vn 0.4352 -0.8975 -0.0712
vn 0.6695 -0.7405 0.0583
vn 0.5931 -0.8009 -0.0825
vn 0.5572 -0.8266 -0.0790
vn 0.5080 -0.8428 0.1777
vn 0.4746 -0.8767 -0.0780
vn 0.4403 -0.8803 0.1768
vn 0.6982 -0.7102 -0.0898
vn 0.7091 -0.6670 0.2288
vn 0.8456 -0.4869 0.2187
vn 0.8047 -0.5857 -0.0967
vn 0.7921 -0.6079 -0.0557
vn 0.7544 -0.6538 -0.0587
vn 0.7337 -0.6761 -0.0676
vn 0.8891 -0.4497 -0.0855
vn 0.8956 -0.4293 0.1168
vn 0.9237 -0.3738 -0.0843
vn 0.9389 -0.3359 -0.0752
vn 0.9479 -0.2838 0.1448
vn 0.9659 -0.2427 -0.0905
vn 0.9577 -0.2058 0.2013
vn 0.9911 -0.1076 -0.0787
vn 0.9777 -0.1983 -0.0697
vn 0.9724 -0.0203 0.2324
vn 0.9932 -0.0754 -0.0892
vn 0.9949 -0.1011 0.0042
vn -0.8863 -0.4555 -0.0838
vn -0.8376 -0.5310 -0.1281
vn -0.7210 -0.6889 -0.0744
vn -0.6214 -0.7305 -0.2832
vn -0.5507 -0.8306 -0.0826
vn -0.4663 -0.8676 -0.1725
vn 0.9908 -0.1139 -0.0732
vn 0.9550 -0.0189 -0.2960
vn -0.1441 0.9883 -0.0497
vn -0.2243 0.9238 -0.3103
vn -0.9505 0.2082 -0.2306
vn -0.9861 0.1358 -0.0956
vn -0.9530 0.2890 -0.0910
vn -0.9727 0.2142 -0.0897
vn -0.9298 0.3551 -0.0968
vn -0.9178 0.2934 -0.2674
vn -0.9010 0.4234 -0.0944
vn -0.8784 0.3551 -0.3200
vn -0.7645 0.6421 -0.0578
vn -0.7759 0.5337 -0.3365
vn -0.8494 0.5221 -0.0772
vn -0.8598 0.4949 -0.1257
vn -0.8863 0.4555 -0.0842
vn -0.7392 0.6322 -0.2322
vn -0.7151 0.6946 -0.0790
vn -0.6884 0.7195 -0.0919
vn -0.6367 0.7650 -0.0969
vn -0.6519 0.7001 -0.2915
vn -0.5794 0.8097 -0.0931
vn -0.5951 0.7438 -0.3045
vn -0.3838 0.8592 -0.3382
vn -0.4822 0.8724 -0.0795
vn -0.5025 0.8478 -0.1693
vn -0.5507 0.8306 -0.0826
vn -0.2927 0.9535 -0.0714
vn -0.3189 0.9424 -0.1014
vn -0.3730 0.9137 -0.1614
vn -0.3945 0.9139 -0.0959
vn -0.1282 0.9389 -0.3196
vn -0.0705 0.9945 -0.0770
vn -0.0344 0.9954 -0.0890
vn 0.0975 0.9397 -0.3278
vn 0.0148 0.9954 -0.0943
vn -0.0197 0.9765 -0.2145
vn 0.2886 0.9010 -0.3240
vn 0.2105 0.9752 -0.0682
vn 0.1849 0.9770 -0.1060
vn 0.1296 0.9856 -0.1087
vn 0.1034 0.9901 -0.0950
vn 0.3759 0.8921 -0.2505
vn 0.3119 0.9453 -0.0960
vn 0.4580 0.8844 -0.0899
vn 0.3868 0.9177 -0.0902
vn 0.5805 0.8087 -0.0950
vn 0.5056 0.8004 -0.3220
vn 0.4992 0.8615 -0.0922
vn 0.4574 0.8539 -0.2483
vn 0.7698 0.6358 -0.0561
vn 0.6666 0.6669 -0.3331
vn 0.6653 0.7428 -0.0754
vn 0.6099 0.7880 -0.0841
vn 0.7503 0.6086 -0.2580
vn 0.8127 0.5774 -0.0784
vn 0.8324 0.5466 -0.0911
vn 0.8548 0.4150 -0.3115
vn 0.8567 0.5080 -0.0891
vn 0.8106 0.5164 -0.2761
vn 0.9330 0.3498 -0.0843
vn 0.8996 0.4268 -0.0929
vn 0.9825 0.1765 -0.0589
vn 0.9061 0.2548 -0.3377
vn 0.9445 0.3199 -0.0743
vn 0.9290 0.3407 -0.1446
vn 0.9620 0.1638 -0.2183
vn 0.9913 0.1054 -0.0792
vn 0.9934 0.0687 -0.0922
vn 0.9961 0.0245 -0.0850
vn 0.9530 0.0530 -0.2983
vn 0.9847 -0.1438 -0.0982
vn 0.9629 -0.1928 -0.1887
vn 0.9696 -0.2332 -0.0737
vn 0.9061 -0.2548 -0.3376
vn 0.8363 -0.4486 -0.3153
vn 0.9204 -0.3846 -0.0703
vn 0.9279 -0.3584 -0.1024
vn 0.9430 -0.3003 -0.1436
vn 0.9548 -0.2813 -0.0957
vn 0.8566 -0.5088 -0.0851
vn 0.8113 -0.5182 -0.2707
vn 0.8095 -0.5821 -0.0771
vn 0.7869 -0.6106 -0.0893
vn 0.6602 -0.7483 -0.0648
vn 0.6904 -0.6422 -0.3332
vn 0.7625 -0.6428 -0.0733
vn 0.7610 -0.6080 -0.2264
vn 0.6127 -0.7827 -0.1097
vn 0.5707 -0.8176 -0.0763
vn 0.5072 -0.7971 -0.3277
vn 0.4972 -0.8635 -0.0844
vn 0.4564 -0.8563 -0.2417
vn 0.4204 -0.9040 -0.0780
vn 0.3868 -0.9177 -0.0905
vn 0.2106 -0.9752 -0.0678
vn 0.2885 -0.9010 -0.3240
vn 0.3485 -0.9345 -0.0730
vn 0.3628 -0.8954 -0.2582
vn 0.1852 -0.9770 -0.1062
vn 0.1357 -0.9843 -0.1127
vn 0.0956 -0.9926 -0.0743
vn 0.0518 -0.9408 -0.3351
vn 0.0091 -0.9966 -0.0819
vn -0.0222 -0.9779 -0.2079
vn -0.0746 -0.9940 -0.0805
vn -0.1143 -0.9898 -0.0849
vn -0.1556 -0.9462 -0.2836
vn -0.2038 -0.9763 -0.0725
vn -0.2243 -0.9239 -0.3099
vn -0.3276 -0.9409 -0.0855
vn -0.2476 -0.9645 -0.0924
vn -0.4930 -0.8679 -0.0599
vn -0.3838 -0.8593 -0.3380
vn -0.3590 -0.9304 -0.0741
vn -0.3325 -0.9294 -0.1599
vn -0.5862 -0.8061 -0.0818
vn -0.5951 -0.7438 -0.3045
vn -0.6277 -0.7725 -0.0963
vn -0.7410 -0.6645 -0.0968
vn -0.7623 -0.6149 -0.2018
vn -0.8000 -0.5955 -0.0733
vn -0.7758 -0.5337 -0.3365
vn -0.8271 -0.5539 -0.0950
vn -0.9068 -0.4141 -0.0786
vn -0.8783 -0.3552 -0.3199
vn -0.9579 -0.1610 -0.2377
vn -0.9638 -0.2546 -0.0793
vn -0.9528 -0.2906 -0.0879
vn -0.9060 -0.3343 -0.2596
vn -0.9260 -0.3653 -0.0957
vn -0.9894 -0.1258 -0.0729
vn -0.9399 -0.0858 -0.3306
vn -0.9399 0.0858 -0.3306
vn -0.9965 0.0360 -0.0754
vn -0.9960 -0.0397 -0.0804
vn -0.9925 -0.0781 -0.0939
vn -0.0580 -0.0486 -0.9971
vn 0.0696 0.0537 -0.9961
vn -0.0617 -0.0440 -0.9971
vn 0.0734 0.0485 -0.9961
vn -0.0648 -0.0391 -0.9971
vn 0.0767 0.0430 -0.9961
vn -0.0677 -0.0340 -0.9971
vn 0.0797 0.0373 -0.9961
vn -0.0701 -0.0286 -0.9971
vn 0.0821 0.0314 -0.9961
vn -0.0720 -0.0231 -0.9971
vn 0.0840 0.0253 -0.9961
vn -0.0736 -0.0174 -0.9971
vn 0.0859 0.0191 -0.9961
vn -0.0748 -0.0117 -0.9971
vn 0.0869 0.0128 -0.9961
vn -0.0754 -0.0059 -0.9971
vn 0.0877 0.0064 -0.9961
vn -0.0756 -0.0000 -0.9971
vn 0.0879 -0.0000 -0.9961
vn -0.0754 0.0059 -0.9971
vn 0.0876 -0.0064 -0.9961
vn -0.0747 0.0117 -0.9971
vn 0.0871 -0.0128 -0.9961
vn -0.0736 0.0174 -0.9971
vn 0.0859 -0.0191 -0.9961
vn -0.0720 0.0231 -0.9971
vn 0.0843 -0.0254 -0.9961
vn -0.0701 0.0286 -0.9971
vn 0.0822 -0.0314 -0.9961
vn -0.0675 0.0339 -0.9971
vn 0.0797 -0.0374 -0.9961
vn -0.0648 0.0391 -0.9971
vn 0.0768 -0.0431 -0.9961
vn -0.0615 0.0440 -0.9971
vn 0.0272 -0.0706 -0.9971
vn -0.0284 0.0832 -0.9961
vn 0.0217 -0.0725 -0.9971
vn -0.0222 0.0851 -0.9961
vn 0.0160 -0.0740 -0.9971
vn -0.0160 0.0865 -0.9961
vn 0.0102 -0.0750 -0.9971
vn -0.0096 0.0874 -0.9961
vn 0.0044 -0.0756 -0.9971
vn -0.0032 0.0879 -0.9961
vn -0.0015 -0.0757 -0.9971
vn 0.0032 0.0879 -0.9961
vn -0.0073 -0.0754 -0.9971
vn 0.0096 0.0874 -0.9961
vn -0.0132 -0.0746 -0.9971
vn 0.0160 0.0865 -0.9961
vn -0.0189 -0.0733 -0.9971
vn 0.0223 0.0851 -0.9961
vn -0.0245 -0.0717 -0.9971
vn 0.0281 0.0834 -0.9961
vn -0.0300 -0.0695 -0.9971
vn 0.0344 0.0810 -0.9961
vn -0.0353 -0.0670 -0.9971
vn 0.0402 0.0783 -0.9961
vn -0.0404 -0.0641 -0.9971
vn 0.0458 0.0751 -0.9961
vn -0.0452 -0.0608 -0.9971
vn 0.0513 0.0716 -0.9961
vn -0.0499 -0.0571 -0.9971
vn 0.0563 0.0677 -0.9961
vn -0.0541 -0.0531 -0.9971
vn 0.0611 0.0634 -0.9961
vn 0.0657 0.0588 -0.9961
vn 0.0735 -0.0487 -0.9961
vn 0.0696 -0.0538 -0.9961
vn -0.0580 0.0487 -0.9971
vn 0.0655 -0.0587 -0.9961
vn -0.0541 0.0530 -0.9971
vn 0.0610 -0.0633 -0.9961
vn -0.0498 0.0570 -0.9971
vn 0.0562 -0.0676 -0.9961
vn -0.0452 0.0607 -0.9971
vn 0.0512 -0.0715 -0.9961
vn -0.0403 0.0640 -0.9971
vn 0.0458 -0.0751 -0.9961
vn -0.0353 0.0670 -0.9971
vn 0.0402 -0.0782 -0.9961
vn -0.0300 0.0695 -0.9971
vn 0.0344 -0.0809 -0.9961
vn -0.0245 0.0717 -0.9971
vn 0.0281 -0.0834 -0.9961
vn -0.0189 0.0733 -0.9971
vn 0.0223 -0.0852 -0.9961
vn -0.0132 0.0745 -0.9971
vn 0.0160 -0.0865 -0.9961
vn -0.0073 0.0754 -0.9971
vn 0.0096 -0.0875 -0.9961
vn -0.0015 0.0757 -0.9971
vn 0.0032 -0.0880 -0.9961
vn 0.0044 0.0756 -0.9971
vn -0.0032 -0.0880 -0.9961
vn 0.0103 0.0750 -0.9971
vn -0.0096 -0.0875 -0.9961
vn 0.0161 0.0741 -0.9971
vn -0.0160 -0.0866 -0.9961
vn 0.0217 0.0725 -0.9971
vn 0.0755 0.0029 -0.9971
vn -0.0879 0.0000 -0.9961
vn 0.0756 -0.0029 -0.9971
vn -0.0876 0.0064 -0.9961
vn 0.0752 -0.0088 -0.9971
vn -0.0869 0.0128 -0.9961
vn 0.0742 -0.0146 -0.9971
vn -0.0859 0.0191 -0.9961
vn 0.0729 -0.0203 -0.9971
vn -0.0843 0.0253 -0.9961
vn 0.0711 -0.0259 -0.9971
vn -0.0821 0.0314 -0.9961
vn 0.0689 -0.0313 -0.9971
vn -0.0796 0.0373 -0.9961
vn 0.0663 -0.0366 -0.9971
vn -0.0768 0.0431 -0.9961
vn 0.0632 -0.0416 -0.9971
vn -0.0734 0.0486 -0.9961
vn 0.0599 -0.0463 -0.9971
vn -0.0696 0.0538 -0.9961
vn 0.0561 -0.0509 -0.9971
vn -0.0656 0.0587 -0.9961
vn 0.0519 -0.0551 -0.9971
vn -0.0611 0.0634 -0.9961
vn 0.0476 -0.0589 -0.9971
vn -0.0563 0.0677 -0.9961
vn 0.0428 -0.0625 -0.9971
vn -0.0512 0.0716 -0.9961
vn 0.0378 -0.0656 -0.9971
vn -0.0459 0.0751 -0.9961
vn 0.0327 -0.0683 -0.9971
vn -0.0402 0.0783 -0.9961
vn -0.0345 0.0812 -0.9961
vn -0.0223 -0.0853 -0.9961
vn -0.0284 -0.0832 -0.9961
vn 0.0273 0.0706 -0.9971
vn -0.0344 -0.0809 -0.9961
vn 0.0327 0.0683 -0.9971
vn -0.0402 -0.0783 -0.9961
vn 0.0379 0.0656 -0.9971
vn -0.0458 -0.0751 -0.9961
vn 0.0428 0.0624 -0.9971
vn -0.0511 -0.0715 -0.9961
vn 0.0475 0.0589 -0.9971
vn -0.0563 -0.0676 -0.9961
vn 0.0520 0.0550 -0.9971
vn -0.0611 -0.0633 -0.9961
vn 0.0560 0.0508 -0.9971
vn -0.0655 -0.0587 -0.9961
vn 0.0598 0.0463 -0.9971
vn -0.0696 -0.0538 -0.9961
vn 0.0632 0.0416 -0.9971
vn -0.0734 -0.0486 -0.9961
vn 0.0662 0.0366 -0.9971
vn -0.0768 -0.0431 -0.9961
vn 0.0689 0.0313 -0.9971
vn -0.0796 -0.0373 -0.9961
vn 0.0711 0.0259 -0.9971
vn -0.0822 -0.0314 -0.9961
vn 0.0728 0.0203 -0.9971
vn -0.0842 -0.0253 -0.9961
vn 0.0742 0.0146 -0.9971
vn -0.0859 -0.0191 -0.9961
vn 0.0751 0.0088 -0.9971
vn -0.0871 -0.0128 -0.9961
vn -0.0879 -0.0064 -0.9961
vn -0.3899 0.0508 0.9195
vn -0.3751 -0.1176 0.9195
vn -0.1511 -0.3630 0.9195
vn 0.0507 -0.3899 0.9195
vn 0.3928 -0.0178 0.9195
vn 0.0178 0.3928 0.9195
vn -0.1177 0.3752 0.9195
vn -0.3928 0.0178 0.9195
vn -0.8760 0.3189 0.3619
vn -0.9181 0.1619 0.3619
vn -0.9181 -0.1612 0.3622
vn -0.8641 -0.3152 0.3924
vn -0.3188 -0.8760 0.3619
vn -0.1619 -0.9180 0.3619
vn 0.1614 -0.9180 0.3623
vn 0.3151 -0.8642 0.3924
vn 0.8760 -0.3189 0.3619
vn 0.9180 -0.1619 0.3619
vn 0.9181 0.1613 0.3619
vn 0.8640 0.3151 0.3926
vn 0.3188 0.8760 0.3619
vn 0.1619 0.9180 0.3619
vn -0.1614 0.9181 0.3620
vn -0.3151 0.8641 0.3926
vn -0.4894 -0.1820 0.8529
vn -0.5183 -0.1234 0.8462
vn -0.5521 -0.0286 0.8333
vn -0.5815 0.0788 0.8097
vn -0.5796 0.1899 0.7925
vn -0.5195 0.2729 0.8097
vn -0.4413 0.3330 0.8333
vn -0.3660 0.3872 0.8462
vn -0.2278 0.3242 0.9182
vn 0.5234 0.1659 0.8357
vn 0.5959 0.1253 0.7932
vn 0.5394 0.0305 0.8415
vn 0.4961 -0.0505 0.8668
vn 0.4694 -0.1303 0.8733
vn 0.4405 -0.2105 0.8727
vn 0.4020 -0.2890 0.8688
vn 0.3511 -0.3631 0.8631
vn 0.2131 -0.3179 0.9238
vn -0.3491 -0.1810 0.9195
vn 0.1177 -0.3752 0.9195
vn 0.3312 -0.2118 0.9195
vn 0.3631 -0.1510 0.9194
vn 0.3928 -0.0177 0.9195
vn 0.3752 0.1177 0.9195
vn -0.1811 0.3490 0.9195
vn -0.3838 0.0857 0.9194
vn 0.8760 0.3188 0.3620
vn 0.7144 0.5988 0.3620
vn 0.5908 0.7049 0.3926
vn 0.3189 0.8760 0.3619
vn 0.1619 0.9181 0.3619
vn -0.1619 0.9181 0.3619
vn -0.5987 0.7144 0.3622
vn -0.7050 0.5908 0.3923
vn -0.8760 0.3188 0.3619
vn -0.9180 -0.1619 0.3619
vn -0.8760 -0.3188 0.3620
vn -0.7143 -0.5987 0.3623
vn -0.5908 -0.7050 0.3924
vn -0.3189 -0.8760 0.3619
vn 0.1618 -0.9181 0.3619
vn 0.5988 -0.7145 0.3619
vn 0.7049 -0.5908 0.3927
vn 0.8760 -0.3189 0.3620
vn -0.0017 0.9940 -0.1096
vn 0.3817 -0.3419 0.8587
vn 0.2789 -0.4091 0.8688
vn 0.2021 -0.4444 0.8727
vn 0.1218 -0.4716 0.8733
vn 0.0365 -0.4973 0.8668
vn -0.0637 -0.5364 0.8415
vn -0.1894 -0.5788 0.7932
vn -0.1946 -0.3783 0.9050
vn -0.4023 0.3329 0.8528
vn -0.3008 0.4639 0.8333
vn -0.2225 0.5430 0.8097
vn -0.1253 0.5969 0.7925
vn -0.0234 0.5864 0.8097
vn 0.0678 0.5487 0.8333
vn 0.1523 0.5106 0.8462
vn 0.1668 0.3594 0.9182
vn -0.0637 -0.9969 0.0457
vn -0.2565 -0.1567 -0.9538
vn -0.2864 -0.1050 -0.9523
vn -0.3165 -0.0616 -0.9466
vn -0.3196 -0.0050 -0.9475
vn -0.3121 0.0510 -0.9487
vn -0.3145 0.1054 -0.9434
vn -0.2870 0.1574 -0.9449
vn -0.2549 0.2046 -0.9451
vn -0.1613 0.1914 -0.9682
vn -0.3752 -0.1177 0.9195
vn 0.3928 -0.0177 0.9194
vn -0.5988 0.7144 0.3620
vn -0.7049 0.5908 0.3926
vn -0.9180 0.1619 0.3619
vn -0.8760 -0.3188 0.3619
vn -0.7144 -0.5987 0.3622
vn -0.1619 -0.9181 0.3619
vn 0.1619 -0.9181 0.3619
vn 0.5987 -0.7144 0.3623
vn 0.7049 -0.5909 0.3924
vn 0.8760 -0.3188 0.3619
vn 0.9180 0.1619 0.3619
vn 0.7144 0.5988 0.3619
vn 0.5908 0.7049 0.3927
vn -0.1618 0.9181 0.3619
vn -0.3329 -0.4023 0.8528
vn -0.3872 -0.3660 0.8463
vn -0.4639 -0.3008 0.8333
vn -0.5430 -0.2226 0.8097
vn -0.5969 -0.1253 0.7925
vn -0.5864 -0.0234 0.8097
vn -0.5487 0.0677 0.8333
vn -0.3594 0.1668 0.9182
vn 0.3484 0.3871 0.8537
vn 0.3872 0.3660 0.8462
vn 0.4639 0.3008 0.8333
vn 0.5430 0.2226 0.8097
vn 0.5969 0.1253 0.7925
vn 0.5864 0.0234 0.8097
vn 0.5487 -0.0678 0.8333
vn 0.5106 -0.1523 0.8463
vn 0.3515 -0.1747 0.9197
vn 0.0508 -0.3899 0.9194
vn 0.3751 0.1177 0.9195
vn 0.3491 0.1810 0.9195
vn -0.9180 -0.1613 0.3623
vn -0.8641 -0.3151 0.3924
vn 0.1614 -0.9181 0.3619
vn 0.3150 -0.8640 0.3927
vn 0.9181 0.1613 0.3620
vn 0.8641 0.3151 0.3925
vn -0.1613 0.9181 0.3622
vn -0.3151 0.8641 0.3924
vn 0.1611 -0.4953 0.8536
vn 0.0286 -0.5521 0.8333
vn -0.0788 -0.5816 0.8097
vn -0.1899 -0.5796 0.7925
vn -0.2729 -0.5195 0.8097
vn -0.3330 -0.4413 0.8333
vn -0.3872 -0.3660 0.8462
vn -0.3270 -0.2171 0.9198
vn -0.1820 0.4894 0.8528
vn -0.0286 0.5522 0.8333
vn 0.0788 0.5816 0.8097
vn 0.1899 0.5796 0.7925
vn 0.2729 0.5195 0.8097
vn 0.3330 0.4413 0.8333
vn 0.3242 0.2278 0.9182
vn -0.8757 0.3193 0.3623
vn -0.9059 0.1592 0.3924
vn -0.3193 -0.8758 0.3619
vn -0.1592 -0.9058 0.3927
vn 0.8758 -0.3194 0.3620
vn 0.9059 -0.1592 0.3926
vn 0.3194 0.8757 0.3622
vn 0.1592 0.9059 0.3924
vn -0.1180 -0.5363 0.8358
vn -0.1895 -0.5788 0.7932
vn -0.2433 -0.4823 0.8415
vn -0.2917 -0.4044 0.8668
vn -0.3476 -0.3414 0.8733
vn -0.4026 -0.2762 0.8727
vn -0.4514 -0.2036 0.8688
vn -0.4900 -0.1225 0.8631
vn -0.3819 -0.0256 0.9239
vn 0.0871 0.5149 0.8528
vn 0.2513 0.4924 0.8333
vn 0.3590 0.4642 0.8097
vn 0.4543 0.4070 0.7925
vn 0.4961 0.3135 0.8097
vn 0.5091 0.2157 0.8333
vn 0.5183 0.1234 0.8462
vn 0.3946 0.0352 0.9182
vn -0.2660 -0.2895 0.9195
vn -0.2118 -0.3312 0.9195
vn -0.1510 -0.3631 0.9194
vn 0.2389 -0.3123 0.9194
vn 0.2895 -0.2660 0.9195
vn 0.3838 -0.0856 0.9195
vn 0.3752 0.1176 0.9195
vn 0.2660 0.2895 0.9195
vn 0.2117 0.3313 0.9195
vn 0.0178 0.3927 0.9195
vn -0.0507 0.3900 0.9194
vn -0.1176 0.3751 0.9195
vn -0.1810 0.3491 0.9195
vn -0.2389 0.3123 0.9194
vn -0.2894 0.2661 0.9195
vn -0.3837 0.0856 0.9195
vn -0.8758 0.3193 0.3620
vn -0.9058 0.1592 0.3926
vn -0.3193 -0.8757 0.3622
vn -0.1591 -0.9059 0.3924
vn 0.8757 -0.3193 0.3623
vn 0.9059 -0.1592 0.3924
vn 0.9181 0.1618 0.3619
vn 0.3193 0.8758 0.3619
vn 0.1592 0.9058 0.3927
vn -0.0871 -0.5149 0.8528
vn -0.1523 -0.5106 0.8462
vn -0.2512 -0.4926 0.8332
vn -0.3590 -0.4643 0.8097
vn -0.4543 -0.4070 0.7925
vn -0.4961 -0.3135 0.8097
vn -0.5091 -0.2157 0.8333
vn -0.3946 -0.0352 0.9182
vn 0.1052 0.5015 0.8587
vn 0.1389 0.4856 0.8631
vn 0.2149 0.4461 0.8688
vn 0.2838 0.3972 0.8727
vn 0.3475 0.3413 0.8733
vn 0.4124 0.2802 0.8668
vn 0.4964 0.2131 0.8415
vn 0.4249 0.0206 0.9050
vn -0.3490 -0.1811 0.9195
vn -0.1510 -0.3631 0.9195
vn -0.0177 -0.3928 0.9195
vn 0.1811 -0.3490 0.9195
vn 0.2661 0.2894 0.9195
vn 0.2118 0.3313 0.9194
vn 0.1510 0.3631 0.9194
vn -0.2895 0.2661 0.9194
vn -0.3313 0.2117 0.9195
vn -0.9181 -0.1613 0.3620
vn -0.8641 -0.3151 0.3926
vn -0.4661 -0.8073 0.3620
vn 0.1612 -0.9181 0.3622
vn 0.9180 0.1613 0.3623
vn 0.8642 0.3151 0.3924
vn -0.1614 0.9181 0.3619
vn -0.3150 0.8640 0.3927
vn 0.1819 -0.4894 0.8529
vn -0.0786 -0.5816 0.8097
vn -0.3241 -0.2278 0.9182
vn -0.1611 0.4953 0.8536
vn -0.0285 0.5521 0.8333
vn 0.0788 0.5815 0.8097
vn 0.3270 0.2171 0.9198
vn -0.3491 -0.1810 0.9194
vn -0.2661 -0.2894 0.9195
vn -0.2118 -0.3313 0.9194
vn 0.2896 -0.2660 0.9194
vn 0.3313 -0.2117 0.9195
vn 0.2661 0.2895 0.9194
vn -0.3313 0.2118 0.9194
vn -0.3631 0.1509 0.9195
vn 0.8759 0.3190 0.3619
vn 0.7143 0.5987 0.3623
vn 0.5909 0.7049 0.3924
vn -0.5988 0.7145 0.3619
vn -0.7048 0.5908 0.3927
vn -0.7145 -0.5987 0.3620
vn -0.5907 -0.7049 0.3926
vn 0.3189 -0.8760 0.3619
vn 0.5987 -0.7144 0.3622
vn 0.7050 -0.5908 0.3924
vn 0.4022 -0.3330 0.8528
vn 0.3660 -0.3871 0.8462
vn 0.3008 -0.4639 0.8333
vn 0.2225 -0.5430 0.8097
vn 0.1253 -0.5969 0.7925
vn 0.0234 -0.5864 0.8097
vn -0.0677 -0.5487 0.8333
vn -0.1670 -0.3593 0.9182
vn -0.4055 0.3702 0.8357
vn -0.4065 0.4535 0.7932
vn -0.2961 0.4519 0.8415
vn -0.2044 0.4548 0.8668
vn -0.1218 0.4717 0.8733
vn -0.0379 0.4867 0.8727
vn 0.0494 0.4927 0.8688
vn 0.1688 0.3435 0.9238
vn -0.3123 -0.2388 0.9195
vn -0.1509 -0.3631 0.9195
vn 0.1509 0.3631 0.9195
vn -0.2388 0.3123 0.9195
vn -0.8758 0.3193 0.3619
vn -0.9058 0.1592 0.3927
vn -0.3193 -0.8758 0.3620
vn -0.1592 -0.9059 0.3925
vn 0.8757 -0.3194 0.3622
vn 0.5992 0.7142 0.3619
vn 0.3193 0.8756 0.3623
vn -0.5992 0.7142 0.3619
vn -0.5447 0.8379 0.0357
vn 0.5149 -0.0871 0.8528
vn 0.4643 -0.3589 0.8097
vn 0.3135 -0.4961 0.8097
vn 0.0352 -0.3947 0.9182
vn -0.5095 0.1081 0.8537
vn -0.5106 0.1522 0.8463
vn -0.4924 0.2513 0.8333
vn -0.3136 0.4961 0.8096
vn -0.0245 0.3917 0.9197
vn 0.5264 -0.8440 -0.1031
vn -0.1480 -0.2672 -0.9522
vn -0.1949 -0.2325 -0.9529
vn -0.2478 -0.2187 -0.9438
vn -0.2796 -0.1697 -0.9450
vn -0.3041 -0.1180 -0.9453
vn -0.3185 -0.0627 -0.9458
vn -0.3223 -0.0058 -0.9466
vn -0.3154 0.0506 -0.9476
vn -0.2302 0.0749 -0.9702
vn -0.3752 -0.1176 0.9195
vn 0.1176 -0.3751 0.9195
vn -0.5987 0.7143 0.3623
vn -0.7049 0.5908 0.3924
vn -0.7145 -0.5988 0.3619
vn -0.5907 -0.7049 0.3927
vn 0.5987 -0.7145 0.3620
vn 0.7049 -0.5908 0.3925
vn 0.7144 0.5987 0.3622
vn 0.5908 0.7050 0.3924
vn -0.3484 -0.3872 0.8536
vn -0.5430 -0.2225 0.8097
vn -0.3515 0.1746 0.9198
vn 0.3329 0.4023 0.8528
vn 0.5430 0.2225 0.8097
vn 0.5487 -0.0677 0.8333
vn 0.3595 -0.1667 0.9182
vn 0.2389 -0.3124 0.9194
vn 0.2896 -0.2660 0.9195
vn 0.3837 -0.0856 0.9195
vn 0.0856 0.3838 0.9194
vn -0.3148 0.8643 0.3924
vn -0.8073 0.4661 0.3620
vn -0.9181 -0.1614 0.3619
vn -0.8640 -0.3150 0.3926
vn 0.1613 -0.9181 0.3620
vn 0.3151 -0.8641 0.3926
vn 0.9180 0.1613 0.3622
vn 0.8641 0.3151 0.3924
vn 0.1618 0.9181 0.3619
vn -0.1613 0.9180 0.3623
vn -0.4869 -0.1596 0.8588
vn -0.4937 -0.0370 0.8688
vn -0.4859 0.0472 0.8727
vn -0.4694 0.1303 0.8733
vn -0.4489 0.2171 0.8668
vn -0.4327 0.3234 0.8415
vn -0.4065 0.4534 0.7932
vn -0.2305 0.3577 0.9050
vn 0.4894 0.1820 0.8528
vn 0.5521 0.0286 0.8333
vn 0.5815 -0.0788 0.8097
vn 0.5796 -0.1899 0.7925
vn 0.5195 -0.2730 0.8097
vn 0.4413 -0.3330 0.8333
vn 0.2278 -0.3242 0.9182
vn -0.8731 -0.1182 -0.4729
vn -0.8794 0.0381 -0.4745
vn -0.9592 -0.1743 -0.2228
vn -0.8964 -0.2464 -0.3685
vn -0.7992 -0.3055 -0.5177
vn -0.8832 -0.4115 -0.2250
vn -0.7112 -0.5724 -0.4082
vn -0.7977 -0.4408 -0.4116
vn -0.8578 -0.4615 -0.2261
vn -0.5334 -0.6860 -0.4948
vn -0.6472 -0.5791 -0.4957
vn -0.7303 -0.6453 -0.2241
vn -0.5623 -0.7965 -0.2222
vn -0.4790 -0.8183 -0.3177
vn -0.3563 -0.7753 -0.5215
vn -0.3377 -0.9144 -0.2232
vn -0.1050 -0.8898 -0.4440
vn -0.2583 -0.8567 -0.4465
vn -0.2902 -0.9300 -0.2255
vn 0.0980 -0.8543 -0.5104
vn -0.0581 -0.8578 -0.5106
vn -0.0702 -0.9722 -0.2235
vn 0.1608 -0.9613 -0.2237
vn 0.2328 -0.9374 -0.2592
vn 0.3840 -0.8483 -0.3646
vn 0.2348 -0.8994 -0.3688
vn 0.5390 -0.6970 -0.4729
vn 0.4067 -0.7807 -0.4745
vn 0.4433 -0.8678 -0.2245
vn 0.6305 -0.7435 -0.2228
vn 0.6615 -0.6532 -0.3684
vn 0.6642 -0.5394 -0.5175
vn 0.7979 -0.5592 -0.2251
vn 0.8513 -0.3297 -0.4082
vn 0.7806 -0.4705 -0.4114
vn 0.8285 -0.5123 -0.2261
vn 0.8609 -0.1190 -0.4947
vn 0.8252 -0.2710 -0.4956
vn 0.9240 -0.3099 -0.2242
vn 0.9709 -0.0888 -0.2223
vn 0.9481 -0.0057 -0.3180
vn 0.8496 0.0790 -0.5214
vn 0.9607 0.1647 -0.2233
vn 0.8231 0.3540 -0.4440
vn 0.8711 0.2047 -0.4465
vn 0.9505 0.2136 -0.2256
vn 0.6909 0.5120 -0.5104
vn 0.7720 0.3786 -0.5105
vn 0.8770 0.4253 -0.2235
vn 0.7521 0.6200 -0.2237
vn 0.6954 0.6703 -0.2591
vn 0.5428 0.7567 -0.3645
vn 0.6615 0.6530 -0.3688
vn 0.3342 0.8152 -0.4731
vn 0.4728 0.7425 -0.4745
vn 0.5299 0.8178 -0.2247
vn 0.3286 0.9178 -0.2230
vn 0.2349 0.8995 -0.3685
vn 0.1349 0.8449 -0.5177
vn 0.0854 0.9707 -0.2247
vn -0.1400 0.9022 -0.4081
vn 0.0171 0.9112 -0.4116
vn 0.0294 0.9737 -0.2259
vn -0.3274 0.8050 -0.4948
vn -0.1779 0.8503 -0.4954
vn -0.1937 0.9551 -0.2240
vn -0.4087 0.8853 -0.2220
vn -0.4692 0.8240 -0.3176
vn -0.4931 0.6962 -0.5216
vn -0.6230 0.7497 -0.2230
vn -0.7181 0.5357 -0.4442
vn -0.6128 0.6520 -0.4465
vn -0.6602 0.7164 -0.2255
vn -0.7888 0.3423 -0.5105
vn -0.7141 0.4794 -0.5101
vn -0.8068 0.5469 -0.2233
vn -0.9129 0.3413 -0.2238
vn -0.9281 0.2670 -0.2594
vn -0.9266 0.0916 -0.3647
vn -0.8962 0.2464 -0.3688
vn -0.9731 0.0500 -0.2247
vn -0.9172 0.1090 -0.3832
vn -0.9060 0.1797 -0.3833
vn -0.8893 0.2494 -0.3834
vn -0.8673 0.3175 -0.3833
vn -0.8401 0.3839 -0.3832
vn -0.8078 0.4478 -0.3833
vn -0.7708 0.5091 -0.3830
vn -0.7289 0.5671 -0.3834
vn -0.6827 0.6220 -0.3836
vn -0.6324 0.6730 -0.3835
vn -0.5785 0.7200 -0.3833
vn -0.5209 0.7626 -0.3835
vn -0.4603 0.8008 -0.3833
vn -0.3969 0.8340 -0.3832
vn -0.3311 0.8623 -0.3832
vn -0.2631 0.8851 -0.3838
vn -0.1938 0.9032 -0.3829
vn -0.1232 0.9152 -0.3838
vn -0.0519 0.9221 -0.3834
vn 0.0197 0.9233 -0.3835
vn 0.0911 0.9189 -0.3838
vn 0.1622 0.9093 -0.3832
vn 0.2321 0.8941 -0.3831
vn 0.3006 0.8732 -0.3837
vn 0.3674 0.8474 -0.3834
vn 0.4320 0.8165 -0.3830
vn 0.4939 0.7804 -0.3834
vn 0.5530 0.7398 -0.3833
vn 0.6086 0.6947 -0.3834
vn 0.6605 0.6452 -0.3840
vn 0.7089 0.5924 -0.3828
vn 0.7524 0.5356 -0.3835
vn 0.7917 0.4756 -0.3834
vn 0.8262 0.4130 -0.3832
vn 0.8556 0.3477 -0.3834
vn 0.8802 0.2803 -0.3831
vn 0.8992 0.2113 -0.3833
vn 0.9128 0.1409 -0.3834
vn 0.9210 0.0699 -0.3832
vn 0.9236 -0.0018 -0.3834
vn 0.9208 -0.0733 -0.3832
vn 0.9123 -0.1444 -0.3832
vn 0.8982 -0.2147 -0.3835
vn 0.8790 -0.2837 -0.3832
vn 0.8543 -0.3510 -0.3834
vn 0.8246 -0.4161 -0.3833
vn 0.7899 -0.4788 -0.3832
vn 0.7504 -0.5385 -0.3833
vn 0.7064 -0.5950 -0.3833
vn 0.6582 -0.6480 -0.3833
vn 0.6059 -0.6971 -0.3833
vn 0.5501 -0.7419 -0.3833
vn 0.4909 -0.7822 -0.3835
vn 0.4288 -0.8180 -0.3834
vn 0.3642 -0.8488 -0.3832
vn 0.2973 -0.8745 -0.3833
vn 0.2287 -0.8949 -0.3833
vn 0.1586 -0.9099 -0.3833
vn 0.0876 -0.9194 -0.3834
vn 0.0162 -0.9235 -0.3833
vn -0.0555 -0.9220 -0.3833
vn -0.1268 -0.9150 -0.3831
vn -0.1973 -0.9023 -0.3832
vn -0.2666 -0.8842 -0.3835
vn -0.3344 -0.8611 -0.3831
vn -0.4001 -0.8325 -0.3833
vn -0.4634 -0.7990 -0.3832
vn -0.5239 -0.7607 -0.3832
vn -0.5813 -0.7179 -0.3832
vn -0.6351 -0.6706 -0.3834
vn -0.6851 -0.6194 -0.3834
vn -0.7311 -0.5644 -0.3833
vn -0.7726 -0.5061 -0.3834
vn -0.8095 -0.4447 -0.3833
vn -0.8416 -0.3806 -0.3833
vn -0.8685 -0.3142 -0.3834
vn -0.8903 -0.2460 -0.3832
vn -0.9067 -0.1762 -0.3832
vn -0.9176 -0.1055 -0.3833
vn -0.9231 -0.0340 -0.3832
vn -0.9229 0.0376 -0.3832
vn -0.8460 0.1015 -0.5234
vn -0.8356 0.1667 -0.5234
vn -0.8203 0.2310 -0.5232
vn -0.7998 0.2939 -0.5234
vn -0.7746 0.3551 -0.5233
vn -0.7449 0.4139 -0.5233
vn -0.7105 0.4704 -0.5234
vn -0.6718 0.5241 -0.5234
vn -0.6294 0.5746 -0.5232
vn -0.5828 0.6217 -0.5232
vn -0.5331 0.6650 -0.5231
vn -0.4796 0.7041 -0.5237
vn -0.4238 0.7392 -0.5234
vn -0.3653 0.7700 -0.5232
vn -0.3045 0.7957 -0.5235
vn -0.2419 0.8171 -0.5233
vn -0.1778 0.8333 -0.5234
vn -0.1128 0.8446 -0.5235
vn -0.0470 0.8510 -0.5231
vn 0.0191 0.8520 -0.5232
vn 0.0851 0.8480 -0.5231
vn 0.1505 0.8387 -0.5234
vn 0.2150 0.8245 -0.5234
vn 0.2783 0.8055 -0.5232
vn 0.3399 0.7816 -0.5230
vn 0.3994 0.7528 -0.5233
vn 0.4566 0.7194 -0.5234
vn 0.5109 0.6821 -0.5232
vn 0.5622 0.6402 -0.5236
vn 0.6102 0.5949 -0.5232
vn 0.6543 0.5456 -0.5236
vn 0.6947 0.4934 -0.5233
vn 0.7310 0.4381 -0.5231
vn 0.7626 0.3801 -0.5233
vn 0.7898 0.3199 -0.5234
vn 0.8122 0.2576 -0.5234
vn 0.8297 0.1939 -0.5235
vn 0.8423 0.1291 -0.5233
vn 0.8498 0.0634 -0.5233
vn 0.8522 -0.0026 -0.5231
vn 0.8493 -0.0686 -0.5234
vn 0.8415 -0.1342 -0.5233
vn 0.8286 -0.1990 -0.5233
vn 0.8107 -0.2626 -0.5233
vn 0.7879 -0.3247 -0.5232
vn 0.7604 -0.3847 -0.5233
vn 0.7282 -0.4425 -0.5234
vn 0.6917 -0.4977 -0.5234
vn 0.6511 -0.5498 -0.5232
vn 0.6065 -0.5986 -0.5233
vn 0.5584 -0.6437 -0.5234
vn 0.5068 -0.6850 -0.5234
vn 0.4521 -0.7224 -0.5232
vn 0.3948 -0.7551 -0.5234
vn 0.3351 -0.7834 -0.5234
vn 0.2734 -0.8071 -0.5233
vn 0.2100 -0.8258 -0.5234
vn 0.1454 -0.8397 -0.5233
vn 0.0799 -0.8484 -0.5232
vn 0.0140 -0.8520 -0.5234
vn -0.0521 -0.8506 -0.5232
vn -0.1179 -0.8439 -0.5233
vn -0.1830 -0.8322 -0.5234
vn -0.2469 -0.8157 -0.5232
vn -0.3094 -0.7940 -0.5234
vn -0.3700 -0.7676 -0.5234
vn -0.4283 -0.7367 -0.5233
vn -0.4841 -0.7012 -0.5234
vn -0.5370 -0.6616 -0.5234
vn -0.5867 -0.6181 -0.5232
vn -0.6328 -0.5707 -0.5233
vn -0.6751 -0.5200 -0.5233
vn -0.7134 -0.4661 -0.5233
vn -0.7474 -0.4095 -0.5232
vn -0.7769 -0.3503 -0.5232
vn -0.8016 -0.2890 -0.5233
vn -0.8216 -0.2260 -0.5233
vn -0.8367 -0.1616 -0.5233
vn -0.8466 -0.0963 -0.5234
vn -0.8516 -0.0304 -0.5233
vn -0.8514 0.0356 -0.5233
vn -0.7541 0.0915 -0.6503
vn -0.7448 0.1497 -0.6502
vn -0.7308 0.2070 -0.6504
vn -0.7126 0.2630 -0.6504
vn -0.6902 0.3174 -0.6503
vn -0.6633 0.3699 -0.6505
vn -0.6327 0.4202 -0.6505
vn -0.5984 0.4680 -0.6503
vn -0.5602 0.5130 -0.6504
vn -0.5189 0.5549 -0.6502
vn -0.4743 0.5934 -0.6503
vn -0.4269 0.6284 -0.6503
vn -0.3772 0.6598 -0.6499
vn -0.3247 0.6869 -0.6502
vn -0.2705 0.7099 -0.6503
vn -0.2146 0.7288 -0.6502
vn -0.1576 0.7433 -0.6501
vn -0.0996 0.7533 -0.6501
vn -0.0408 0.7584 -0.6505
vn 0.0181 0.7594 -0.6504
vn 0.0769 0.7560 -0.6500
vn 0.1352 0.7475 -0.6504
vn 0.1928 0.7349 -0.6503
vn 0.2492 0.7178 -0.6502
vn 0.3039 0.6960 -0.6506
vn 0.3570 0.6705 -0.6503
vn 0.4081 0.6410 -0.6500
vn 0.4564 0.6073 -0.6503
vn 0.5019 0.5701 -0.6505
vn 0.5449 0.5297 -0.6500
vn 0.5840 0.4856 -0.6505
vn 0.6201 0.4391 -0.6501
vn 0.6521 0.3897 -0.6504
vn 0.6802 0.3378 -0.6506
vn 0.7045 0.2842 -0.6503
vn 0.7244 0.2287 -0.6503
vn 0.7399 0.1719 -0.6504
vn 0.7511 0.1140 -0.6503
vn 0.7574 0.0555 -0.6505
vn 0.7596 -0.0034 -0.6503
vn 0.7571 -0.0622 -0.6504
vn 0.7500 -0.1207 -0.6504
vn 0.7384 -0.1784 -0.6504
vn 0.7222 -0.2351 -0.6505
vn 0.7019 -0.2904 -0.6504
vn 0.6772 -0.3439 -0.6505
vn 0.6486 -0.3954 -0.6503
vn 0.6161 -0.4445 -0.6503
vn 0.5797 -0.4909 -0.6503
vn 0.5399 -0.5343 -0.6504
vn 0.4969 -0.5745 -0.6505
vn 0.4510 -0.6114 -0.6503
vn 0.4021 -0.6443 -0.6505
vn 0.3510 -0.6737 -0.6503
vn 0.2979 -0.6989 -0.6502
vn 0.2426 -0.7197 -0.6505
vn 0.1862 -0.7364 -0.6505
vn 0.1286 -0.7486 -0.6504
vn 0.0702 -0.7564 -0.6504
vn 0.0113 -0.7595 -0.6504
vn -0.0475 -0.7582 -0.6503
vn -0.1061 -0.7523 -0.6503
vn -0.1641 -0.7417 -0.6503
vn -0.2211 -0.7267 -0.6503
vn -0.2767 -0.7073 -0.6505
vn -0.3307 -0.6839 -0.6503
vn -0.3826 -0.6560 -0.6506
vn -0.4324 -0.6245 -0.6504
vn -0.4795 -0.5892 -0.6504
vn -0.5237 -0.5502 -0.6504
vn -0.5648 -0.5080 -0.6503
vn -0.6024 -0.4627 -0.6505
vn -0.6365 -0.4145 -0.6505
vn -0.6668 -0.3641 -0.6503
vn -0.6929 -0.3113 -0.6504
vn -0.7150 -0.2567 -0.6503
vn -0.7326 -0.2004 -0.6505
vn -0.7460 -0.1431 -0.6504
vn -0.7549 -0.0848 -0.6503
vn -0.7591 -0.0261 -0.6504
vn -0.7590 0.0328 -0.6503
vn -0.6436 0.0793 -0.7613
vn -0.6354 0.1289 -0.7613
vn -0.6235 0.1777 -0.7614
vn -0.6081 0.2256 -0.7612
vn -0.5888 0.2720 -0.7612
vn -0.5659 0.3168 -0.7612
vn -0.5395 0.3596 -0.7613
vn -0.5100 0.4004 -0.7613
vn -0.4775 0.4387 -0.7613
vn -0.4423 0.4746 -0.7610
vn -0.4037 0.5071 -0.7615
vn -0.3635 0.5371 -0.7612
vn -0.3208 0.5638 -0.7611
vn -0.2760 0.5866 -0.7614
vn -0.2299 0.6064 -0.7612
vn -0.1821 0.6223 -0.7613
vn -0.1333 0.6346 -0.7613
vn -0.0837 0.6430 -0.7612
vn -0.0337 0.6473 -0.7615
vn 0.0166 0.6483 -0.7612
vn 0.0667 0.6447 -0.7615
vn 0.1166 0.6378 -0.7613
vn 0.1656 0.6269 -0.7613
vn 0.2138 0.6123 -0.7612
vn 0.2604 0.5936 -0.7614
vn 0.3058 0.5719 -0.7612
vn 0.3492 0.5464 -0.7612
vn 0.3904 0.5177 -0.7613
vn 0.4294 0.4859 -0.7612
vn 0.4658 0.4513 -0.7612
vn 0.4994 0.4137 -0.7613
vn 0.5298 0.3738 -0.7613
vn 0.5573 0.3316 -0.7612
vn 0.5813 0.2874 -0.7612
vn 0.6017 0.2415 -0.7614
vn 0.6186 0.1941 -0.7613
vn 0.6319 0.1456 -0.7612
vn 0.6411 0.0962 -0.7614
vn 0.6469 0.0463 -0.7612
vn 0.6484 -0.0040 -0.7613
vn 0.6460 -0.0543 -0.7614
vn 0.6399 -0.1042 -0.7614
vn 0.6299 -0.1535 -0.7613
vn 0.6164 -0.2019 -0.7611
vn 0.5986 -0.2489 -0.7614
vn 0.5776 -0.2946 -0.7613
vn 0.5530 -0.3384 -0.7613
vn 0.5250 -0.3803 -0.7614
vn 0.4941 -0.4199 -0.7613
vn 0.4602 -0.4570 -0.7612
vn 0.4234 -0.4912 -0.7612
vn 0.3839 -0.5225 -0.7614
vn 0.3424 -0.5508 -0.7612
vn 0.2986 -0.5756 -0.7613
vn 0.2531 -0.5969 -0.7614
vn 0.2061 -0.6147 -0.7614
vn 0.1579 -0.6291 -0.7611
vn 0.1087 -0.6391 -0.7614
vn 0.0587 -0.6455 -0.7615
vn 0.0086 -0.6485 -0.7612
vn -0.0417 -0.6470 -0.7613
vn -0.0918 -0.6418 -0.7614
vn -0.1413 -0.6328 -0.7613
vn -0.1898 -0.6200 -0.7613
vn -0.2372 -0.6033 -0.7614
vn -0.2833 -0.5832 -0.7613
vn -0.3277 -0.5595 -0.7613
vn -0.3701 -0.5325 -0.7612
vn -0.4101 -0.5021 -0.7614
vn -0.4479 -0.4688 -0.7613
vn -0.4829 -0.4328 -0.7612
vn -0.5149 -0.3940 -0.7613
vn -0.5439 -0.3529 -0.7613
vn -0.5696 -0.3097 -0.7613
vn -0.5919 -0.2646 -0.7614
vn -0.6107 -0.2179 -0.7612
vn -0.6257 -0.1701 -0.7613
vn -0.6369 -0.1210 -0.7614
vn -0.6445 -0.0712 -0.7612
vn -0.6480 -0.0211 -0.7613
vn -0.6477 0.0292 -0.7613
vn -0.5173 0.0651 -0.8534
vn -0.5106 0.1050 -0.8534
vn -0.5010 0.1442 -0.8533
vn -0.4883 0.1826 -0.8534
vn -0.4727 0.2199 -0.8533
vn -0.4541 0.2558 -0.8534
vn -0.4330 0.2903 -0.8534
vn -0.4091 0.3230 -0.8534
vn -0.3829 0.3537 -0.8534
vn -0.3544 0.3822 -0.8534
vn -0.3237 0.4086 -0.8534
vn -0.2910 0.4325 -0.8534
vn -0.2564 0.4535 -0.8536
vn -0.2207 0.4722 -0.8534
vn -0.1834 0.4879 -0.8534
vn -0.1451 0.5006 -0.8534
vn -0.1058 0.5102 -0.8535
vn -0.0660 0.5173 -0.8533
vn -0.0257 0.5205 -0.8535
vn 0.0147 0.5211 -0.8534
vn 0.0550 0.5183 -0.8534
vn 0.0950 0.5126 -0.8533
vn 0.1345 0.5034 -0.8535
vn 0.1731 0.4916 -0.8534
vn 0.2106 0.4768 -0.8534
vn 0.2470 0.4590 -0.8534
vn 0.2817 0.4383 -0.8536
vn 0.3149 0.4153 -0.8535
vn 0.3461 0.3897 -0.8534
vn 0.3752 0.3615 -0.8536
vn 0.4024 0.3317 -0.8532
vn 0.4267 0.2993 -0.8534
vn 0.4486 0.2654 -0.8535
vn 0.4679 0.2298 -0.8534
vn 0.4842 0.1928 -0.8534
vn 0.4978 0.1548 -0.8534
vn 0.5082 0.1157 -0.8534
vn 0.5158 0.0761 -0.8533
vn 0.5201 0.0358 -0.8533
vn 0.5211 -0.0046 -0.8535
vn 0.5194 -0.0450 -0.8533
vn 0.5144 -0.0851 -0.8533
vn 0.5061 -0.1247 -0.8534
vn 0.4950 -0.1636 -0.8534
vn 0.4808 -0.2014 -0.8534
vn 0.4637 -0.2381 -0.8534
vn 0.4439 -0.2733 -0.8534
vn 0.4214 -0.3069 -0.8534
vn 0.3964 -0.3386 -0.8534
vn 0.3690 -0.3682 -0.8534
vn 0.3392 -0.3957 -0.8534
vn 0.3077 -0.4209 -0.8533
vn 0.2741 -0.4435 -0.8533
vn 0.2389 -0.4634 -0.8533
vn 0.2022 -0.4805 -0.8534
vn 0.1644 -0.4948 -0.8533
vn 0.1256 -0.5059 -0.8534
vn 0.0860 -0.5142 -0.8533
vn 0.0459 -0.5193 -0.8533
vn 0.0055 -0.5213 -0.8534
vn -0.0349 -0.5201 -0.8534
vn -0.0751 -0.5157 -0.8535
vn -0.1149 -0.5084 -0.8534
vn -0.1540 -0.4980 -0.8534
vn -0.1921 -0.4847 -0.8533
vn -0.2292 -0.4684 -0.8533
vn -0.2646 -0.4491 -0.8534
vn -0.2985 -0.4271 -0.8535
vn -0.3308 -0.4028 -0.8534
vn -0.3611 -0.3761 -0.8533
vn -0.3891 -0.3469 -0.8534
vn -0.4148 -0.3156 -0.8534
vn -0.4380 -0.2826 -0.8534
vn -0.4586 -0.2478 -0.8534
vn -0.4765 -0.2116 -0.8533
vn -0.4914 -0.1739 -0.8534
vn -0.5034 -0.1354 -0.8534
vn -0.5123 -0.0960 -0.8534
vn -0.5183 -0.0559 -0.8534
vn -0.5210 -0.0156 -0.8534
vn -0.5207 0.0248 -0.8534
vn -0.3781 0.0493 -0.9244
vn -0.3731 0.0785 -0.9245
vn -0.3660 0.1072 -0.9244
vn -0.3565 0.1352 -0.9245
vn -0.3448 0.1624 -0.9245
vn -0.3313 0.1887 -0.9245
vn -0.3157 0.2137 -0.9245
vn -0.2983 0.2377 -0.9244
vn -0.2791 0.2601 -0.9244
vn -0.2580 0.2808 -0.9244
vn -0.2355 0.3000 -0.9244
vn -0.2114 0.3174 -0.9244
vn -0.1861 0.3327 -0.9245
vn -0.1599 0.3462 -0.9244
vn -0.1327 0.3577 -0.9244
vn -0.1045 0.3668 -0.9244
vn -0.0756 0.3737 -0.9245
vn -0.0465 0.3786 -0.9244
vn -0.0172 0.3813 -0.9243
vn 0.0125 0.3810 -0.9245
vn 0.0420 0.3790 -0.9244
vn 0.0713 0.3748 -0.9244
vn 0.1000 0.3680 -0.9244
vn 0.1282 0.3588 -0.9246
vn 0.1558 0.3482 -0.9244
vn 0.1822 0.3350 -0.9244
vn 0.2077 0.3199 -0.9244
vn 0.2319 0.3029 -0.9244
vn 0.2547 0.2840 -0.9244
vn 0.2756 0.2632 -0.9245
vn 0.2954 0.2412 -0.9244
vn 0.3131 0.2174 -0.9245
vn 0.3291 0.1927 -0.9244
vn 0.3429 0.1666 -0.9245
vn 0.3549 0.1395 -0.9244
vn 0.3646 0.1116 -0.9245
vn 0.3721 0.0830 -0.9245
vn 0.3775 0.0539 -0.9244
vn 0.3803 0.0244 -0.9245
vn 0.3813 -0.0051 -0.9244
vn 0.3798 -0.0346 -0.9244
vn 0.3759 -0.0640 -0.9244
vn 0.3699 -0.0929 -0.9244
vn 0.3616 -0.1212 -0.9244
vn 0.3510 -0.1490 -0.9244
vn 0.3385 -0.1757 -0.9244
vn 0.3238 -0.2014 -0.9244
vn 0.3073 -0.2258 -0.9244
vn 0.2889 -0.2490 -0.9244
vn 0.2687 -0.2707 -0.9244
vn 0.2469 -0.2907 -0.9244
vn 0.2237 -0.3090 -0.9244
vn 0.1990 -0.3252 -0.9245
vn 0.1732 -0.3398 -0.9244
vn 0.1464 -0.3523 -0.9244
vn 0.1186 -0.3626 -0.9244
vn 0.0902 -0.3705 -0.9244
vn 0.0612 -0.3766 -0.9243
vn 0.0318 -0.3801 -0.9244
vn 0.0023 -0.3814 -0.9244
vn -0.0272 -0.3805 -0.9244
vn -0.0567 -0.3773 -0.9244
vn -0.0857 -0.3717 -0.9244
vn -0.1142 -0.3639 -0.9244
vn -0.1421 -0.3539 -0.9244
vn -0.1692 -0.3418 -0.9244
vn -0.1951 -0.3277 -0.9244
vn -0.2199 -0.3117 -0.9244
vn -0.2432 -0.2936 -0.9245
vn -0.2654 -0.2739 -0.9244
vn -0.2858 -0.2524 -0.9245
vn -0.3046 -0.2296 -0.9244
vn -0.3215 -0.2053 -0.9244
vn -0.3364 -0.1798 -0.9244
vn -0.3493 -0.1531 -0.9244
vn -0.3602 -0.1257 -0.9244
vn -0.3688 -0.0973 -0.9244
vn -0.3752 -0.0685 -0.9244
vn -0.3794 -0.0392 -0.9244
vn -0.3811 -0.0097 -0.9245
vn -0.3809 0.0199 -0.9244
vn -0.2300 0.0325 -0.9726
vn -0.2266 0.0501 -0.9727
vn -0.2222 0.0675 -0.9727
vn -0.2163 0.0846 -0.9726
vn -0.2088 0.1010 -0.9727
vn -0.2007 0.1169 -0.9726
vn -0.1907 0.1321 -0.9727
vn -0.1802 0.1465 -0.9727
vn -0.1681 0.1600 -0.9727
vn -0.1553 0.1727 -0.9727
vn -0.1415 0.1842 -0.9727
vn -0.1267 0.1946 -0.9727
vn -0.1113 0.2038 -0.9727
vn -0.0952 0.2119 -0.9726
vn -0.0785 0.2185 -0.9727
vn -0.0613 0.2238 -0.9727
vn -0.0438 0.2281 -0.9726
vn -0.0259 0.2305 -0.9727
vn -0.0080 0.2321 -0.9727
vn 0.0100 0.2319 -0.9727
vn 0.0280 0.2305 -0.9727
vn 0.0457 0.2277 -0.9727
vn 0.0632 0.2233 -0.9727
vn 0.0803 0.2178 -0.9727
vn 0.0970 0.2110 -0.9727
vn 0.1131 0.2029 -0.9726
vn 0.1284 0.1934 -0.9727
vn 0.1429 0.1828 -0.9727
vn 0.1568 0.1713 -0.9727
vn 0.1695 0.1586 -0.9727
vn 0.1813 0.1449 -0.9727
vn 0.1920 0.1305 -0.9727
vn 0.2016 0.1152 -0.9727
vn 0.2099 0.0993 -0.9727
vn 0.2169 0.0827 -0.9727
vn 0.2229 0.0657 -0.9726
vn 0.2270 0.0482 -0.9727
vn 0.2300 0.0304 -0.9727
vn 0.2319 0.0125 -0.9727
vn 0.2321 -0.0055 -0.9727
vn 0.2310 -0.0235 -0.9727
vn 0.2286 -0.0413 -0.9727
vn 0.2246 -0.0588 -0.9727
vn 0.2195 -0.0761 -0.9726
vn 0.2127 -0.0929 -0.9727
vn 0.2049 -0.1091 -0.9727
vn 0.1959 -0.1246 -0.9727
vn 0.1857 -0.1394 -0.9727
vn 0.1744 -0.1534 -0.9727
vn 0.1618 -0.1665 -0.9727
vn 0.1485 -0.1785 -0.9727
vn 0.1342 -0.1894 -0.9727
vn 0.1191 -0.1993 -0.9727
vn 0.1034 -0.2079 -0.9727
vn 0.0868 -0.2153 -0.9727
vn 0.0699 -0.2214 -0.9727
vn 0.0526 -0.2262 -0.9727
vn 0.0349 -0.2295 -0.9727
vn 0.0170 -0.2316 -0.9727
vn -0.0010 -0.2321 -0.9727
vn -0.0190 -0.2314 -0.9727
vn -0.0368 -0.2292 -0.9727
vn -0.0545 -0.2257 -0.9727
vn -0.0718 -0.2207 -0.9727
vn -0.0888 -0.2146 -0.9727
vn -0.1051 -0.2070 -0.9727
vn -0.1208 -0.1984 -0.9727
vn -0.1358 -0.1883 -0.9727
vn -0.1500 -0.1772 -0.9727
vn -0.1633 -0.1651 -0.9727
vn -0.1755 -0.1519 -0.9727
vn -0.1869 -0.1379 -0.9727
vn -0.1969 -0.1229 -0.9727
vn -0.2060 -0.1073 -0.9727
vn -0.2135 -0.0910 -0.9727
vn -0.2200 -0.0742 -0.9727
vn -0.2249 -0.0569 -0.9727
vn -0.2288 -0.0393 -0.9727
vn -0.2311 -0.0215 -0.9727
vn -0.2321 -0.0035 -0.9727
vn -0.2318 0.0145 -0.9727
vn -0.0761 0.0147 -0.9970
vn -0.0745 0.0206 -0.9970
vn -0.0729 0.0263 -0.9970
vn -0.0708 0.0319 -0.9970
vn -0.0679 0.0372 -0.9970
vn -0.0648 0.0424 -0.9970
vn -0.0612 0.0473 -0.9970
vn -0.0575 0.0519 -0.9970
vn -0.0533 0.0562 -0.9970
vn -0.0488 0.0601 -0.9970
vn -0.0440 0.0638 -0.9970
vn -0.0390 0.0669 -0.9970
vn -0.0336 0.0698 -0.9970
vn -0.0281 0.0722 -0.9970
vn -0.0224 0.0740 -0.9970
vn -0.0166 0.0757 -0.9970
vn -0.0107 0.0768 -0.9970
vn -0.0046 0.0773 -0.9970
vn 0.0013 0.0773 -0.9970
vn 0.0073 0.0771 -0.9970
vn 0.0133 0.0762 -0.9970
vn 0.0191 0.0750 -0.9970
vn 0.0249 0.0733 -0.9970
vn 0.0305 0.0712 -0.9970
vn 0.0360 0.0687 -0.9970
vn 0.0411 0.0656 -0.9970
vn 0.0461 0.0623 -0.9970
vn 0.0507 0.0585 -0.9970
vn 0.0551 0.0543 -0.9970
vn 0.0593 0.0500 -0.9970
vn 0.0629 0.0452 -0.9970
vn 0.0663 0.0402 -0.9970
vn 0.0690 0.0349 -0.9970
vn 0.0716 0.0295 -0.9970
vn 0.0737 0.0238 -0.9970
vn 0.0753 0.0180 -0.9970
vn 0.0764 0.0122 -0.9970
vn 0.0771 0.0062 -0.9970
vn 0.0776 0.0002 -0.9970
vn 0.0772 -0.0058 -0.9970
vn 0.0765 -0.0118 -0.9970
vn 0.0755 -0.0177 -0.9970
vn 0.0737 -0.0234 -0.9970
vn 0.0718 -0.0291 -0.9970
vn 0.0693 -0.0346 -0.9970
vn 0.0664 -0.0398 -0.9970
vn 0.0631 -0.0449 -0.9970
vn 0.0594 -0.0497 -0.9970
vn 0.0554 -0.0541 -0.9970
vn 0.0510 -0.0582 -0.9970
vn 0.0464 -0.0620 -0.9970
vn 0.0415 -0.0655 -0.9970
vn 0.0363 -0.0684 -0.9970
vn 0.0308 -0.0710 -0.9970
vn 0.0252 -0.0732 -0.9970
vn 0.0196 -0.0750 -0.9970
vn 0.0137 -0.0762 -0.9970
vn 0.0077 -0.0771 -0.9970
vn 0.0017 -0.0774 -0.9970
vn -0.0043 -0.0773 -0.9970
vn -0.0103 -0.0767 -0.9970
vn -0.0162 -0.0758 -0.9970
vn -0.0220 -0.0742 -0.9970
vn -0.0278 -0.0724 -0.9970
vn -0.0333 -0.0700 -0.9970
vn -0.0386 -0.0672 -0.9970
vn -0.0436 -0.0639 -0.9970
vn -0.0485 -0.0604 -0.9970
vn -0.0531 -0.0564 -0.9970
vn -0.0572 -0.0523 -0.9970
vn -0.0611 -0.0476 -0.9970
vn -0.0646 -0.0427 -0.9970
vn -0.0678 -0.0376 -0.9970
vn -0.0704 -0.0322 -0.9970
vn -0.0727 -0.0266 -0.9970
vn -0.0745 -0.0209 -0.9970
vn -0.0759 -0.0151 -0.9970
vn -0.0769 -0.0091 -0.9970
vn -0.0774 -0.0032 -0.9970
vn -0.0774 0.0028 -0.9970
vn -0.0770 0.0088 -0.9970
vn 0.9611 -0.0921 -0.2605
vn 0.9372 -0.2334 -0.2593
vn 0.9176 -0.3022 -0.2582
vn 0.8301 -0.4936 -0.2593
vn 0.7935 -0.5498 -0.2610
vn 0.7029 -0.6622 -0.2595
vn 0.6527 -0.7119 -0.2592
vn 0.4824 -0.8367 -0.2594
vn 0.4238 -0.8672 -0.2616
vn 0.2888 -0.9215 -0.2597
vn 0.2216 -0.9400 -0.2595
vn 0.0815 -0.9624 -0.2592
vn 0.0113 -0.9657 -0.2594
vn -0.0534 -0.9635 -0.2624
vn -0.1990 -0.9452 -0.2589
vn -0.2658 -0.9283 -0.2601
vn -0.3998 -0.8790 -0.2598
vn -0.4628 -0.8477 -0.2594
vn -0.5165 -0.8151 -0.2623
vn -0.6361 -0.7267 -0.2593
vn -0.6853 -0.6800 -0.2607
vn -0.7790 -0.5710 -0.2592
vn -0.8191 -0.5122 -0.2585
vn -0.9104 -0.3224 -0.2593
vn -0.9301 -0.2586 -0.2610
vn -0.9587 -0.1167 -0.2593
vn -0.9647 -0.0466 -0.2593
vn -0.9517 0.1643 -0.2592
vn -0.9377 0.2285 -0.2619
vn -0.8931 0.3675 -0.2593
vn -0.8643 0.4306 -0.2598
vn -0.7918 0.5529 -0.2595
vn -0.7495 0.6091 -0.2593
vn -0.7068 0.6570 -0.2623
vn -0.5991 0.7575 -0.2593
vn -0.5437 0.7979 -0.2603
vn -0.4199 0.8697 -0.2595
vn -0.3544 0.8988 -0.2581
vn -0.1517 0.9538 -0.2595
vn -0.0847 0.9617 -0.2608
vn 0.0594 0.9639 -0.2594
vn 0.1300 0.9572 -0.2587
vn 0.3345 0.9060 -0.2593
vn 0.3957 0.8804 -0.2613
vn 0.5235 0.8116 -0.2594
vn 0.5810 0.7714 -0.2596
vn 0.7351 0.6264 -0.2593
vn 0.7751 0.5750 -0.2619
vn 0.8537 0.4515 -0.2593
vn 0.8837 0.3891 -0.2601
vn 0.9315 0.2550 -0.2594
vn 0.9476 0.1864 -0.2593
vn 0.9571 0.1237 -0.2621
vn 0.9655 -0.0242 -0.2594
vn 0.0500 0.2541 -0.9659
vn 0.0253 0.2577 -0.9659
vn 0.0855 0.4136 -0.9065
vn 0.0372 0.4206 -0.9065
vn 0.1184 0.5604 -0.8197
vn 0.0480 0.5707 -0.8197
vn 0.1476 0.6902 -0.7084
vn 0.0575 0.7036 -0.7083
vn 0.1723 0.7994 -0.5756
vn 0.0652 0.8150 -0.5757
vn 0.1919 0.8844 -0.4255
vn 0.0710 0.9021 -0.4257
vn 0.2056 0.9426 -0.2631
vn 0.0747 0.9620 -0.2628
vn 0.2213 0.9700 -0.1008
vn -0.0808 0.2461 -0.9659
vn -0.1042 0.2372 -0.9659
vn -0.1278 0.4025 -0.9065
vn -0.1734 0.3850 -0.9065
vn -0.1710 0.5466 -0.8197
vn -0.2374 0.5212 -0.8197
vn -0.2091 0.6742 -0.7084
vn -0.2942 0.6416 -0.7084
vn -0.2409 0.7813 -0.5758
vn -0.3420 0.7427 -0.5757
vn -0.2655 0.8651 -0.4257
vn -0.3795 0.8214 -0.4258
vn -0.2821 0.9227 -0.2627
vn -0.4056 0.8754 -0.2630
vn -0.2780 0.9552 -0.1018
vn -0.2273 -0.1241 -0.9659
vn -0.2144 -0.1455 -0.9659
vn -0.3725 -0.1987 -0.9065
vn -0.3470 -0.2404 -0.9065
vn -0.5064 -0.2674 -0.8198
vn -0.4695 -0.3281 -0.8197
vn -0.6250 -0.3281 -0.7083
vn -0.5775 -0.4058 -0.7084
vn -0.7247 -0.3789 -0.5756
vn -0.6683 -0.4713 -0.5755
vn -0.8025 -0.4183 -0.4256
vn -0.7388 -0.5224 -0.4258
vn -0.8560 -0.4448 -0.2633
vn -0.7871 -0.5579 -0.2630
vn -0.8880 -0.4484 -0.1014
vn 0.2408 -0.0953 -0.9659
vn 0.2488 -0.0718 -0.9659
vn 0.3911 -0.1592 -0.9065
vn 0.4068 -0.1130 -0.9065
vn 0.5296 -0.2182 -0.8197
vn 0.5527 -0.1510 -0.8196
vn 0.6521 -0.2705 -0.7082
vn 0.6815 -0.1843 -0.7083
vn 0.7546 -0.3146 -0.5758
vn 0.7896 -0.2122 -0.5758
vn 0.8347 -0.3493 -0.4257
vn 0.8742 -0.2338 -0.4256
vn 0.8896 -0.3734 -0.2630
vn 0.9324 -0.2482 -0.2629
vn 0.9123 -0.3967 -0.1015
vn 0.9611 0.0921 -0.2604
vn 0.9039 0.0992 -0.4160
vn 0.9088 -0.0330 -0.4160
vn 0.8186 0.0910 -0.5672
vn 0.8230 -0.0310 -0.5672
vn 0.7083 0.0801 -0.7013
vn 0.7123 -0.0281 -0.7014
vn 0.5766 0.0667 -0.8143
vn 0.5800 -0.0243 -0.8143
vn 0.4272 0.0511 -0.9027
vn 0.4298 -0.0199 -0.9027
vn 0.2645 0.0342 -0.9638
vn 0.2664 -0.0147 -0.9638
vn 0.0939 0.0159 -0.9955
vn 0.0948 -0.0090 -0.9955
vn 0.2558 0.0407 -0.9659
vn 0.4165 0.0704 -0.9064
vn 0.5643 0.0979 -0.8197
vn 0.6953 0.1223 -0.7082
vn 0.8051 0.1430 -0.5756
vn 0.8907 0.1594 -0.4256
vn 0.9495 0.1711 -0.2630
vn 0.2523 0.0593 -0.9658
vn 0.4101 0.1005 -0.9065
vn 0.5556 0.1388 -0.8198
vn 0.6844 0.1728 -0.7083
vn 0.7925 0.2014 -0.5756
vn 0.8767 0.2240 -0.4258
vn 0.9345 0.2399 -0.2628
vn 0.8607 0.2934 -0.4160
vn 0.7791 0.2668 -0.5673
vn 0.6740 0.2322 -0.7013
vn 0.5483 0.1904 -0.8143
vn 0.4056 0.1429 -0.9028
vn 0.2508 0.0909 -0.9638
vn 0.0881 0.0360 -0.9955
vn 0.8962 0.3579 -0.2619
vn 0.8371 0.3554 -0.4159
vn 0.7576 0.3229 -0.5673
vn 0.6553 0.2808 -0.7013
vn 0.5329 0.2299 -0.8143
vn 0.3943 0.1721 -0.9027
vn 0.2436 0.1089 -0.9637
vn 0.0853 0.0423 -0.9955
vn 0.2332 0.1127 -0.9659
vn 0.3785 0.1874 -0.9064
vn 0.5123 0.2563 -0.8197
vn 0.6306 0.3174 -0.7082
vn 0.7298 0.3689 -0.5756
vn 0.8071 0.4092 -0.4256
vn 0.8600 0.4373 -0.2629
vn 0.2243 0.1294 -0.9659
vn 0.3638 0.2145 -0.9064
vn 0.4922 0.2930 -0.8197
vn 0.6055 0.3625 -0.7084
vn 0.7009 0.4212 -0.5756
vn 0.7750 0.4671 -0.4257
vn 0.8258 0.4990 -0.2629
vn 0.7935 0.5497 -0.2610
vn 0.7398 0.5290 -0.4159
vn 0.6693 0.4800 -0.5671
vn 0.5785 0.4165 -0.7013
vn 0.4701 0.3403 -0.8144
vn 0.3475 0.2537 -0.9027
vn 0.2141 0.1593 -0.9637
vn 0.0741 0.0599 -0.9955
vn 0.2031 0.1606 -0.9659
vn 0.3287 0.2652 -0.9065
vn 0.4443 0.3615 -0.8197
vn 0.5464 0.4469 -0.7083
vn 0.6321 0.5187 -0.5757
vn 0.6988 0.5750 -0.4256
vn 0.7443 0.6139 -0.2629
vn 0.1909 0.1751 -0.9659
vn 0.3084 0.2884 -0.9065
vn 0.4167 0.3930 -0.8197
vn 0.5123 0.4856 -0.7084
vn 0.5925 0.5635 -0.5756
vn 0.6549 0.6245 -0.4256
vn 0.6976 0.6666 -0.2628
vn 0.6527 0.7119 -0.2591
vn 0.6070 0.6771 -0.4160
vn 0.5490 0.6141 -0.5670
vn 0.4742 0.5323 -0.7013
vn 0.3849 0.4343 -0.8144
vn 0.2841 0.3232 -0.9027
vn 0.1743 0.2020 -0.9637
vn 0.0592 0.0745 -0.9955
vn 0.1633 0.2010 -0.9659
vn 0.2632 0.3303 -0.9064
vn 0.3550 0.4494 -0.8198
vn 0.4361 0.5550 -0.7083
vn 0.5042 0.6437 -0.5757
vn 0.5570 0.7131 -0.4257
vn 0.5931 0.7611 -0.2627
vn 0.6113 0.7860 -0.0922
vn 0.1482 0.2124 -0.9659
vn 0.2383 0.3486 -0.9065
vn 0.3213 0.4743 -0.8197
vn 0.3944 0.5854 -0.7083
vn 0.4558 0.6789 -0.5757
vn 0.5035 0.7519 -0.4256
vn 0.5359 0.8023 -0.2630
vn 0.1323 0.2227 -0.9659
vn 0.2122 0.3650 -0.9065
vn 0.2857 0.4963 -0.8198
vn 0.3507 0.6126 -0.7083
vn 0.4051 0.7103 -0.5756
vn 0.4473 0.7867 -0.4256
vn 0.4759 0.8393 -0.2628
vn 0.4238 0.8672 -0.2615
vn 0.3862 0.8232 -0.4162
vn 0.3487 0.7461 -0.5672
vn 0.3007 0.6464 -0.7013
vn 0.2435 0.5269 -0.8143
vn 0.1787 0.3911 -0.9028
vn 0.1087 0.2437 -0.9637
vn 0.0353 0.0884 -0.9955
vn 0.0985 0.2396 -0.9659
vn 0.1569 0.3921 -0.9064
vn 0.2104 0.5327 -0.8197
vn 0.2577 0.6571 -0.7084
vn 0.2972 0.7617 -0.5758
vn 0.3279 0.8434 -0.4256
vn 0.3487 0.8996 -0.2628
vn 0.0808 0.2461 -0.9659
vn 0.1278 0.4025 -0.9065
vn 0.1710 0.5466 -0.8197
vn 0.2091 0.6742 -0.7084
vn 0.2409 0.7813 -0.5757
vn 0.2655 0.8650 -0.4257
vn 0.2821 0.9227 -0.2627
vn 0.2216 0.9400 -0.2595
vn 0.1979 0.8876 -0.4158
vn 0.1782 0.8041 -0.5671
vn 0.1530 0.6962 -0.7014
vn 0.1231 0.5673 -0.8143
vn 0.0895 0.4209 -0.9027
vn 0.0532 0.2614 -0.9638
vn 0.0152 0.0940 -0.9955
vn 0.0064 0.2589 -0.9659
vn 0.0064 0.4222 -0.9065
vn 0.0063 0.5728 -0.8197
vn 0.0060 0.7057 -0.7084
vn 0.0056 0.8177 -0.5756
vn 0.0050 0.9049 -0.4257
vn 0.0043 0.9648 -0.2629
vn -0.0534 0.9636 -0.2619
vn -0.0661 0.9069 -0.4160
vn -0.0611 0.8214 -0.5671
vn -0.0541 0.7108 -0.7013
vn -0.0455 0.5786 -0.8143
vn -0.0355 0.4287 -0.9027
vn -0.0244 0.2657 -0.9637
vn -0.0125 0.0943 -0.9955
vn -0.0313 0.2571 -0.9659
vn -0.0551 0.4185 -0.9065
vn -0.0771 0.5675 -0.8197
vn -0.0968 0.6992 -0.7083
vn -0.1136 0.8097 -0.5758
vn -0.1268 0.8960 -0.4256
vn -0.1363 0.9552 -0.2628
vn -0.0500 0.2541 -0.9659
vn -0.0856 0.4136 -0.9065
vn -0.1184 0.5605 -0.8197
vn -0.1476 0.6903 -0.7083
vn -0.1723 0.7994 -0.5756
vn -0.1919 0.8844 -0.4255
vn -0.2056 0.9426 -0.2631
vn -0.2658 0.9283 -0.2601
vn -0.2618 0.8709 -0.4159
vn -0.2382 0.7884 -0.5671
vn -0.2073 0.6820 -0.7014
vn -0.1703 0.5549 -0.8143
vn -0.1279 0.4108 -0.9027
vn -0.0816 0.2540 -0.9638
vn -0.0327 0.0894 -0.9955
vn -0.1212 0.2289 -0.9659
vn -0.2011 0.3714 -0.9064
vn -0.2748 0.5025 -0.8197
vn -0.3401 0.6184 -0.7084
vn -0.3954 0.7158 -0.5756
vn -0.4385 0.7916 -0.4256
vn -0.4684 0.8434 -0.2631
vn -0.5165 0.8152 -0.2621
vn -0.5016 0.7586 -0.4159
vn -0.4552 0.6864 -0.5671
vn -0.3950 0.5933 -0.7014
vn -0.3229 0.4822 -0.8144
vn -0.2407 0.3565 -0.9027
vn -0.1513 0.2197 -0.9638
vn -0.0572 0.0762 -0.9955
vn -0.1532 0.2089 -0.9659
vn -0.2529 0.3380 -0.9065
vn -0.3452 0.4573 -0.8196
vn -0.4266 0.5624 -0.7083
vn -0.4954 0.6506 -0.5756
vn -0.5490 0.7193 -0.4257
vn -0.5863 0.7663 -0.2629
vn -0.1680 0.1971 -0.9659
vn -0.2771 0.3188 -0.9064
vn -0.3775 0.4308 -0.8197
vn -0.4665 0.5296 -0.7084
vn -0.5415 0.6126 -0.5757
vn -0.6001 0.6772 -0.4257
vn -0.6406 0.7215 -0.2628
vn -0.6853 0.6800 -0.2607
vn -0.6545 0.6313 -0.4161
vn -0.5936 0.5710 -0.5671
vn -0.5147 0.4933 -0.7013
vn -0.4199 0.4004 -0.8144
vn -0.3126 0.2956 -0.9027
vn -0.1954 0.1816 -0.9638
vn -0.0723 0.0619 -0.9955
vn -0.1950 0.1706 -0.9659
vn -0.3205 0.2750 -0.9065
vn -0.4363 0.3712 -0.8197
vn -0.5387 0.4561 -0.7084
vn -0.6250 0.5274 -0.5756
vn -0.6923 0.5827 -0.4257
vn -0.7388 0.6205 -0.2630
vn -0.2069 0.1559 -0.9659
vn -0.3396 0.2509 -0.9065
vn -0.4622 0.3384 -0.8197
vn -0.5705 0.4155 -0.7084
vn -0.6618 0.4803 -0.5757
vn -0.7329 0.5306 -0.4258
vn -0.7822 0.5649 -0.2629
vn -0.7761 0.4739 -0.4160
vn -0.7035 0.4283 -0.5671
vn -0.6095 0.3695 -0.7014
vn -0.4971 0.2997 -0.8143
vn -0.3694 0.2205 -0.9027
vn -0.2303 0.1348 -0.9637
vn -0.0841 0.0448 -0.9955
vn -0.8478 0.4614 -0.2615
vn -0.8086 0.4160 -0.4160
vn -0.7330 0.3758 -0.5671
vn -0.6349 0.3241 -0.7014
vn -0.5177 0.2626 -0.8143
vn -0.3844 0.1930 -0.9028
vn -0.2395 0.1175 -0.9638
vn -0.0872 0.0385 -0.9954
vn -0.2359 0.1072 -0.9659
vn -0.3862 0.1711 -0.9064
vn -0.5246 0.2297 -0.8198
vn -0.6474 0.2816 -0.7083
vn -0.7503 0.3248 -0.5758
vn -0.8308 0.3585 -0.4256
vn -0.8863 0.3813 -0.2628
vn -0.2430 0.0897 -0.9659
vn -0.3974 0.1424 -0.9065
vn -0.5400 0.1909 -0.8197
vn -0.6660 0.2336 -0.7084
vn -0.7721 0.2694 -0.5756
vn -0.8548 0.2969 -0.4258
vn -0.9118 0.3156 -0.2629
vn -0.9301 0.2586 -0.2610
vn -0.8797 0.2302 -0.4162
vn -0.7970 0.2074 -0.5672
vn -0.6902 0.1783 -0.7013
vn -0.5625 0.1437 -0.8142
vn -0.4172 0.1048 -0.9027
vn -0.2594 0.0627 -0.9637
vn -0.0935 0.0186 -0.9954
vn -0.2535 0.0533 -0.9659
vn -0.4140 0.0830 -0.9065
vn -0.5620 0.1101 -0.8198
vn -0.6931 0.1341 -0.7083
vn -0.8030 0.1540 -0.5757
vn -0.8889 0.1694 -0.4256
vn -0.9480 0.1794 -0.2630
vn -0.2567 0.0347 -0.9659
vn -0.4191 0.0526 -0.9064
vn -0.5686 0.0689 -0.8198
vn -0.7009 0.0832 -0.7084
vn -0.8122 0.0950 -0.5756
vn -0.8989 0.1040 -0.4255
vn -0.9586 0.1098 -0.2628
vn -0.9647 0.0466 -0.2592
vn -0.9088 0.0335 -0.4160
vn -0.8231 0.0292 -0.5671
vn -0.7125 0.0240 -0.7013
vn -0.5801 0.0180 -0.8144
vn -0.4299 0.0115 -0.9028
vn -0.2668 0.0047 -0.9637
vn -0.0952 -0.0021 -0.9955
vn -0.2592 -0.0031 -0.9658
vn -0.4223 -0.0090 -0.9064
vn -0.5724 -0.0146 -0.8198
vn -0.7057 -0.0197 -0.7082
vn -0.8174 -0.0243 -0.5756
vn -0.9045 -0.0280 -0.4256
vn -0.9643 -0.0310 -0.2629
vn -0.9952 -0.0330 -0.0921
vn -0.2581 -0.0219 -0.9659
vn -0.4204 -0.0398 -0.9064
vn -0.5699 -0.0564 -0.8198
vn -0.7023 -0.0712 -0.7083
vn -0.8134 -0.0839 -0.5757
vn -0.9000 -0.0940 -0.4256
vn -0.9595 -0.1013 -0.2629
vn -0.2558 -0.0408 -0.9659
vn -0.4164 -0.0704 -0.9065
vn -0.5643 -0.0979 -0.8198
vn -0.6951 -0.1223 -0.7085
vn -0.8052 -0.1430 -0.5755
vn -0.8908 -0.1594 -0.4256
vn -0.9495 -0.1711 -0.2629
vn -0.9377 -0.2284 -0.2617
vn -0.8799 -0.2299 -0.4159
vn -0.7965 -0.2092 -0.5673
vn -0.6891 -0.1824 -0.7014
vn -0.5608 -0.1499 -0.8143
vn -0.4152 -0.1129 -0.9027
vn -0.2567 -0.0723 -0.9638
vn -0.0905 -0.0295 -0.9955
vn -0.2472 -0.0776 -0.9659
vn -0.4016 -0.1302 -0.9065
vn -0.5442 -0.1791 -0.8196
vn -0.6701 -0.2222 -0.7083
vn -0.7757 -0.2587 -0.5757
vn -0.8579 -0.2874 -0.4259
vn -0.9145 -0.3075 -0.2627
vn -0.2407 -0.0953 -0.9659
vn -0.3910 -0.1592 -0.9065
vn -0.5295 -0.2182 -0.8198
vn -0.6521 -0.2706 -0.7082
vn -0.7548 -0.3147 -0.5755
vn -0.8347 -0.3492 -0.4258
vn -0.8896 -0.3734 -0.2630
vn -0.8644 -0.4306 -0.2597
vn -0.8089 -0.4156 -0.4159
vn -0.7320 -0.3774 -0.5673
vn -0.6330 -0.3279 -0.7013
vn -0.5146 -0.2681 -0.8145
vn -0.3807 -0.2004 -0.9027
vn -0.2350 -0.1264 -0.9637
vn -0.0820 -0.0484 -0.9955
vn -0.2032 -0.1608 -0.9659
vn -0.3287 -0.2652 -0.9064
vn -0.4443 -0.3616 -0.8197
vn -0.5463 -0.4468 -0.7085
vn -0.6321 -0.5187 -0.5757
vn -0.6987 -0.5749 -0.4258
vn -0.7444 -0.6139 -0.2627
vn -0.7069 -0.6569 -0.2623
vn -0.6549 -0.6310 -0.4159
vn -0.5923 -0.5723 -0.5672
vn -0.5116 -0.4962 -0.7014
vn -0.4155 -0.4052 -0.8144
vn -0.3068 -0.3015 -0.9028
vn -0.1886 -0.1887 -0.9637
vn -0.0645 -0.0700 -0.9955
vn -0.1775 -0.1885 -0.9659
vn -0.2865 -0.3102 -0.9065
vn -0.3870 -0.4223 -0.8197
vn -0.4756 -0.5218 -0.7082
vn -0.5498 -0.6053 -0.5756
vn -0.6075 -0.6705 -0.4259
vn -0.6471 -0.7157 -0.2628
vn -0.1633 -0.2011 -0.9659
vn -0.2632 -0.3302 -0.9065
vn -0.3549 -0.4494 -0.8198
vn -0.4362 -0.5550 -0.7083
vn -0.5042 -0.6439 -0.5755
vn -0.5570 -0.7132 -0.4256
vn -0.5930 -0.7611 -0.2629
vn -0.5437 -0.7979 -0.2602
vn -0.5019 -0.7583 -0.4160
vn -0.4537 -0.6876 -0.5669
vn -0.3915 -0.5957 -0.7013
vn -0.3174 -0.4857 -0.8144
vn -0.2339 -0.3611 -0.9027
vn -0.1431 -0.2252 -0.9637
vn -0.0477 -0.0823 -0.9955
vn -0.1323 -0.2226 -0.9659
vn -0.2123 -0.3651 -0.9064
vn -0.2858 -0.4963 -0.8197
vn -0.3508 -0.6126 -0.7083
vn -0.4051 -0.7103 -0.5757
vn -0.4472 -0.7867 -0.4256
vn -0.4760 -0.8394 -0.2625
vn -0.1157 -0.2317 -0.9659
vn -0.1851 -0.3797 -0.9064
vn -0.2488 -0.5159 -0.8197
vn -0.3049 -0.6364 -0.7085
vn -0.3521 -0.7379 -0.5758
vn -0.3886 -0.8173 -0.4255
vn -0.4133 -0.8718 -0.2630
vn -0.3251 -0.8493 -0.4160
vn -0.2934 -0.7696 -0.5671
vn -0.2526 -0.6664 -0.7015
vn -0.2044 -0.5434 -0.8142
vn -0.1499 -0.4034 -0.9027
vn -0.0906 -0.2509 -0.9638
vn -0.0287 -0.0907 -0.9955
vn -0.2971 -0.9181 -0.2623
vn -0.2622 -0.8709 -0.4158
vn -0.2364 -0.7890 -0.5672
vn -0.2033 -0.6832 -0.7014
vn -0.1642 -0.5567 -0.8144
vn -0.1200 -0.4132 -0.9027
vn -0.0720 -0.2567 -0.9638
vn -0.0220 -0.0924 -0.9955
vn -0.0626 -0.2513 -0.9659
vn -0.0981 -0.4107 -0.9065
vn -0.1307 -0.5577 -0.8197
vn -0.1594 -0.6876 -0.7084
vn -0.1832 -0.7971 -0.5754
vn -0.2016 -0.8821 -0.4257
vn -0.2140 -0.9407 -0.2632
vn -0.0440 -0.2554 -0.9658
vn -0.0679 -0.4170 -0.9064
vn -0.0896 -0.5656 -0.8198
vn -0.1087 -0.6975 -0.7083
vn -0.1246 -0.8083 -0.5755
vn -0.1367 -0.8943 -0.4260
vn -0.1447 -0.9540 -0.2627
vn -0.0847 -0.9617 -0.2605
vn -0.0666 -0.9068 -0.4163
vn -0.0592 -0.8215 -0.5672
vn -0.0499 -0.7112 -0.7012
vn -0.0392 -0.5791 -0.8143
vn -0.0273 -0.4294 -0.9027
vn -0.0145 -0.2663 -0.9638
vn -0.0014 -0.0952 -0.9955
vn -0.0064 -0.2587 -0.9659
vn -0.0064 -0.4222 -0.9065
vn -0.0063 -0.5730 -0.8196
vn -0.0060 -0.7060 -0.7082
vn -0.0056 -0.8177 -0.5756
vn -0.0050 -0.9048 -0.4258
vn -0.0043 -0.9648 -0.2630
vn 0.0125 -0.2585 -0.9659
vn 0.0244 -0.4215 -0.9065
vn 0.0355 -0.5719 -0.8195
vn 0.0455 -0.7046 -0.7082
vn 0.0541 -0.8160 -0.5755
vn 0.0611 -0.9028 -0.4256
vn 0.0661 -0.9625 -0.2629
vn 0.1322 -0.8995 -0.4165
vn 0.1208 -0.8146 -0.5673
vn 0.1059 -0.7050 -0.7012
vn 0.0877 -0.5739 -0.8142
vn 0.0668 -0.4251 -0.9027
vn 0.0437 -0.2631 -0.9638
vn 0.0194 -0.0933 -0.9955
vn 0.1851 -0.9476 -0.2603
vn 0.1974 -0.8876 -0.4162
vn 0.1799 -0.8034 -0.5676
vn 0.1570 -0.6953 -0.7013
vn 0.1293 -0.5659 -0.8143
vn 0.0975 -0.4189 -0.9028
vn 0.0628 -0.2594 -0.9637
vn 0.0261 -0.0916 -0.9955
vn 0.0684 -0.2498 -0.9659
vn 0.1155 -0.4061 -0.9065
vn 0.1591 -0.5504 -0.8196
vn 0.1976 -0.6776 -0.7084
vn 0.2303 -0.7848 -0.5754
vn 0.2559 -0.8679 -0.4257
vn 0.2738 -0.9252 -0.2629
vn 0.0865 -0.2441 -0.9659
vn 0.1449 -0.3967 -0.9065
vn 0.1988 -0.5371 -0.8198
vn 0.2465 -0.6614 -0.7083
vn 0.2868 -0.7656 -0.5758
vn 0.3186 -0.8470 -0.4256
vn 0.3406 -0.9027 -0.2629
vn 0.3957 -0.8804 -0.2616
vn 0.3858 -0.8236 -0.4158
vn 0.3505 -0.7453 -0.5671
vn 0.3044 -0.6445 -0.7014
vn 0.2492 -0.5243 -0.8143
vn 0.1863 -0.3878 -0.9027
vn 0.1177 -0.2394 -0.9638
vn 0.0455 -0.0837 -0.9955
vn 0.1211 -0.2290 -0.9659
vn 0.2011 -0.3713 -0.9065
vn 0.2749 -0.5026 -0.8197
vn 0.3402 -0.6185 -0.7083
vn 0.3954 -0.7157 -0.5757
vn 0.4385 -0.7916 -0.4256
vn 0.4684 -0.8435 -0.2629
vn 0.1375 -0.2194 -0.9659
vn 0.2276 -0.3557 -0.9065
vn 0.3106 -0.4810 -0.8198
vn 0.3845 -0.5920 -0.7083
vn 0.4465 -0.6850 -0.5757
vn 0.4951 -0.7574 -0.4257
vn 0.5288 -0.8071 -0.2626
vn 0.5809 -0.7715 -0.2596
vn 0.5556 -0.7199 -0.4159
vn 0.5042 -0.6514 -0.5670
vn 0.4374 -0.5630 -0.7012
vn 0.3572 -0.4572 -0.8145
vn 0.2664 -0.3380 -0.9027
vn 0.1671 -0.2081 -0.9637
vn 0.0625 -0.0718 -0.9955
vn 0.1680 -0.1971 -0.9659
vn 0.2769 -0.3187 -0.9065
vn 0.3774 -0.4307 -0.8198
vn 0.4665 -0.5298 -0.7083
vn 0.5415 -0.6128 -0.5755
vn 0.6001 -0.6772 -0.4257
vn 0.6406 -0.7215 -0.2627
vn 0.6619 -0.7439 -0.0920
vn 0.1819 -0.1843 -0.9659
vn 0.2996 -0.2977 -0.9064
vn 0.4080 -0.4021 -0.8197
vn 0.5040 -0.4942 -0.7083
vn 0.5848 -0.5716 -0.5755
vn 0.6479 -0.6316 -0.4259
vn 0.6916 -0.6727 -0.2628
vn 0.1949 -0.1706 -0.9659
vn 0.3205 -0.2751 -0.9064
vn 0.4362 -0.3712 -0.8197
vn 0.5388 -0.4561 -0.7083
vn 0.6249 -0.5273 -0.5757
vn 0.6923 -0.5827 -0.4255
vn 0.7388 -0.6205 -0.2629
vn 0.7751 -0.5751 -0.2616
vn 0.7395 -0.5294 -0.4159
vn 0.6704 -0.4784 -0.5672
vn 0.5809 -0.4130 -0.7014
vn 0.4737 -0.3350 -0.8145
vn 0.3524 -0.2470 -0.9026
vn 0.2198 -0.1512 -0.9638
vn 0.0805 -0.0507 -0.9955
vn 0.2177 -0.1404 -0.9659
vn 0.3570 -0.2254 -0.9065
vn 0.4855 -0.3038 -0.8198
vn 0.5994 -0.3728 -0.7083
vn 0.6951 -0.4308 -0.5755
vn 0.7698 -0.4756 -0.4258
vn 0.8213 -0.5062 -0.2630
vn 0.2273 -0.1241 -0.9659
vn 0.3726 -0.1987 -0.9065
vn 0.5064 -0.2675 -0.8198
vn 0.6250 -0.3281 -0.7084
vn 0.7247 -0.3789 -0.5756
vn 0.8025 -0.4183 -0.4256
vn 0.8560 -0.4449 -0.2632
vn 0.8837 -0.3891 -0.2600
vn 0.8368 -0.3558 -0.4160
vn 0.7584 -0.3212 -0.5672
vn 0.6569 -0.2769 -0.7013
vn 0.5354 -0.2241 -0.8144
vn 0.3977 -0.1644 -0.9027
vn 0.2474 -0.0997 -0.9638
vn 0.0896 -0.0320 -0.9955
vn 0.2535 -0.0533 -0.9659
vn 0.4139 -0.0830 -0.9065
vn 0.5620 -0.1103 -0.8198
vn 0.6931 -0.1342 -0.7082
vn 0.8031 -0.1540 -0.5757
vn 0.8889 -0.1693 -0.4258
vn 0.9480 -0.1794 -0.2628
vn 0.9571 -0.1237 -0.2620
vn 0.9039 -0.0997 -0.4161
vn 0.8187 -0.0892 -0.5673
vn 0.7089 -0.0759 -0.7012
vn 0.5773 -0.0603 -0.8143
vn 0.4280 -0.0429 -0.9027
vn 0.2656 -0.0243 -0.9638
vn 0.0952 -0.0049 -0.9954
vn 0.2584 -0.0159 -0.9659
vn 0.4217 -0.0219 -0.9065
vn 0.5721 -0.0272 -0.8197
vn 0.7052 -0.0318 -0.7083
vn 0.8170 -0.0354 -0.5756
vn 0.9041 -0.0381 -0.4256
vn 0.9640 -0.0396 -0.2629
vn 0.5045 -0.3722 0.7791
vn -0.1582 0.5954 0.7877
vn 0.9246 0.1635 -0.3441
vn 0.8881 0.3033 -0.3454
vn 0.8307 0.4358 -0.3464
vn 0.7538 0.5580 -0.3470
vn 0.6592 0.6670 -0.3473
vn 0.5550 0.7684 -0.3186
vn 0.1510 -0.5526 0.8197
vn 0.2628 0.6053 0.7514
vn 0.8557 -0.3838 -0.3472
vn 0.9044 -0.2480 -0.3473
vn 0.9416 -0.1074 -0.3192
vn 0.9394 0.0380 -0.3407
vn 0.9218 0.1816 -0.3425
vn 0.8824 0.3207 -0.3442
vn -0.4081 0.2192 0.8862
vn -0.5720 0.2179 0.7908
vn 0.2361 -0.1591 0.9586
vn -0.4532 0.2141 0.8653
vn -0.4577 0.0021 0.8891
vn -0.5833 0.1018 0.8058
vn -0.6375 -0.0231 0.7701
vn -0.5156 -0.0386 0.8560
vn 0.2985 -0.0170 0.9543
vn -0.5270 -0.0121 0.8498
vn -0.5111 -0.3163 0.7992
vn -0.5443 -0.2096 0.8123
vn -0.5583 -0.3697 0.7427
vn 0.2594 0.1273 0.9573
vn -0.2571 -0.4753 0.8414
vn -0.3281 -0.4260 0.8431
vn 0.1370 0.2674 0.9538
vn -0.2560 -0.5001 0.8272
vn 0.0142 -0.4630 0.8862
vn 0.0973 -0.6043 0.7908
vn 0.0197 0.2840 0.9586
vn 0.0412 -0.4995 0.8653
vn 0.2270 -0.3974 0.8891
vn 0.2163 -0.5885 0.7791
vn 0.3186 -0.5031 0.8033
vn -0.1415 0.2764 0.9506
vn 0.2740 -0.4504 0.8498
vn 0.5294 -0.2844 0.7992
vn 0.4537 -0.3666 0.8123
vn 0.5993 -0.2987 0.7427
vn -0.2400 0.1610 0.9573
vn 0.5402 0.0150 0.8414
vn 0.5330 -0.0711 0.8431
vn -0.3001 -0.0151 0.9538
vn 0.5611 0.0283 0.8272
vn 0.3939 0.2438 0.8862
vn 0.4748 0.3865 0.7907
vn -0.2557 -0.1249 0.9586
vn 0.4120 0.2855 0.8653
vn 0.2306 0.3953 0.8891
vn 0.3766 0.4432 0.8135
vn -0.1499 -0.3251 0.9337
vn 0.3665 0.5627 0.7410
vn 0.2530 0.4625 0.8498
vn -0.0184 0.6007 0.7992
vn 0.0907 0.5762 0.8123
vn -0.0410 0.6683 0.7427
vn -0.0194 -0.2883 0.9573
vn -0.2831 0.4604 0.8413
vn -0.2049 0.4972 0.8431
vn 0.1631 -0.2524 0.9538
vn -0.3051 0.4718 0.8272
vn 0.4544 -0.2338 0.8596
vn 0.4750 -0.1820 0.8610
vn 0.3139 -0.4084 0.8571
vn 0.0401 -0.4526 0.8908
vn -0.2149 -0.4417 0.8710
vn -0.1634 -0.4564 0.8746
vn -0.4296 -0.2766 0.8596
vn -0.3949 -0.3205 0.8610
vn -0.5106 -0.0678 0.8571
vn -0.4120 0.1914 0.8909
vn -0.2752 0.4069 0.8710
vn -0.3135 0.3699 0.8746
vn -0.0247 0.5104 0.8596
vn -0.0799 0.5023 0.8610
vn 0.1967 0.4761 0.8571
vn 0.3719 0.2610 0.8908
vn 0.4900 0.0349 0.8710
vn 0.4770 0.0867 0.8746
vn 0.4009 -0.1974 0.8946
vn -0.2287 0.1490 0.9620
vn 0.3042 -0.2291 0.9246
vn 0.4435 -0.2816 0.8509
vn 0.2580 -0.3876 0.8850
vn -0.1236 0.2433 0.9620
vn 0.1627 -0.3705 0.9145
vn 0.2499 -0.4806 0.8406
vn 0.0297 -0.4709 0.8817
vn 0.0146 0.2725 0.9620
vn -0.0435 -0.4128 0.9098
vn -0.0242 -0.5449 0.8382
vn -0.2098 -0.4229 0.8815
vn 0.1489 0.2287 0.9620
vn -0.2448 -0.3371 0.9091
vn -0.2666 -0.4229 0.8661
vn -0.3714 -0.2485 0.8946
vn 0.2434 0.1236 0.9620
vn -0.3504 -0.1489 0.9247
vn -0.4656 -0.2433 0.8509
vn -0.4647 -0.0297 0.8850
vn 0.2726 -0.0146 0.9620
vn -0.4022 0.0444 0.9145
vn -0.5412 0.0238 0.8406
vn -0.4227 0.2097 0.8817
vn 0.2287 -0.1490 0.9620
vn -0.3358 0.2441 0.9098
vn -0.4598 0.2934 0.8382
vn -0.2614 0.3932 0.8815
vn 0.1236 -0.2433 0.9620
vn -0.1695 0.3805 0.9091
vn -0.2329 0.4423 0.8661
vn -0.0295 0.4459 0.8946
vn -0.0146 -0.2726 0.9620
vn 0.0463 0.3780 0.9246
vn 0.0221 0.5248 0.8509
vn 0.2066 0.4172 0.8850
vn -0.1490 -0.2287 0.9620
vn 0.2395 0.3261 0.9145
vn 0.2912 0.4568 0.8406
vn 0.3930 0.2613 0.8816
vn -0.2434 -0.1236 0.9620
vn 0.3793 0.1687 0.9098
vn 0.4840 0.2515 0.8382
vn 0.4969 0.0300 0.8673
vn -0.2726 0.0146 0.9620
vn 0.4143 -0.0434 0.9091
vn 0.5201 -0.0216 0.8538
vn -0.4831 -0.0286 0.8751
vn -0.4725 -0.0774 0.8779
vn -0.3805 -0.2461 0.8914
vn -0.3479 -0.2795 0.8949
vn -0.2225 -0.4492 0.8653
vn -0.1744 -0.4700 0.8653
vn 0.0315 -0.4983 0.8664
vn 0.0829 -0.4907 0.8674
vn 0.2663 -0.4041 0.8751
vn 0.3033 -0.3705 0.8779
vn 0.4034 -0.2065 0.8914
vn 0.4160 -0.1616 0.8949
vn 0.5003 0.0319 0.8653
vn 0.4942 0.0840 0.8653
vn 0.4158 0.2764 0.8664
vn 0.3835 0.3172 0.8674
vn 0.2168 0.4327 0.8751
vn 0.1692 0.4479 0.8779
vn -0.0229 0.4526 0.8914
vn -0.0681 0.4411 0.8949
vn -0.2777 0.4173 0.8653
vn -0.3198 0.3860 0.8653
vn -0.4473 0.2219 0.8664
vn -0.4664 0.1735 0.8674
g Magnetic_Coils.001_Magnetic_Coils.001_Default_OBJ.004
usemtl Default_OBJ.004
s 1
f 1//1 2//1 3//1
f 3//1 2//1 4//2
f 2//1 5//3 4//2
f 4//2 5//3 6//4
f 4//2 6//4 7//5
f 7//5 6//4 8//6
f 7//5 8//6 9//7
f 9//7 8//6 10//8
f 9//7 10//8 11//9
f 11//9 10//8 12//10
f 11//9 12//10 13//11
f 13//11 12//10 14//12
f 13//11 14//12 15//12
f 15//12 14//12 16//13
f 15//12 16//13 17//13
f 17//13 16//13 18//14
f 17//13 18//14 19//14
f 19//14 18//14 20//15
f 19//14 20//15 21//16
f 21//16 20//15 22//17
f 21//16 22//17 23//18
f 23//18 22//17 24//19
f 23//18 24//19 25//20
f 25//20 24//19 26//21
f 25//20 26//21 27//21
f 27//21 26//21 28//22
f 27//21 28//22 29//22
f 29//22 28//22 30//23
f 29//22 30//23 31//24
f 31//24 30//23 32//25
f 31//24 32//25 33//25
f 33//25 32//25 34//26
f 33//25 34//26 35//26
f 35//26 34//26 36//27
f 35//26 36//27 37//27
f 37//27 36//27 38//28
f 37//27 38//28 39//28
f 39//28 38//28 40//29
f 39//28 40//29 41//29
f 41//29 40//29 42//30
f 41//29 42//30 43//31
f 43//31 42//30 44//32
f 43//31 44//32 45//32
f 45//32 44//32 46//33
f 45//32 46//33 47//34
f 47//34 46//33 48//35
f 47//34 48//35 49//36
f 49//36 48//35 50//37
f 49//36 50//37 51//38
f 51//38 50//37 52//39
f 51//38 52//39 53//39
f 53//39 52//39 54//40
f 53//39 54//40 55//40
f 55//40 54//40 56//41
f 55//40 56//41 57//42
f 57//42 56//41 58//43
f 57//42 58//43 59//44
f 59//44 58//43 60//45
f 59//44 60//45 61//46
f 61//46 60//45 62//47
f 61//46 62//47 63//47
f 63//47 62//47 64//48
f 63//47 64//48 65//49
f 65//49 64//48 66//50
f 65//49 66//50 67//51
f 67//51 66//50 68//52
f 67//51 68//52 69//52
f 69//52 68//52 70//53
f 69//52 70//53 71//53
f 71//53 70//53 72//54
f 71//53 72//54 73//55
f 73//55 72//54 74//56
f 73//55 74//56 75//56
f 75//56 74//56 76//57
f 75//56 76//57 77//58
f 77//58 76//57 78//59
f 77//58 78//59 79//59
f 79//59 78//59 80//60
f 79//59 80//60 81//61
f 81//61 80//60 82//62
f 81//61 82//62 83//62
f 83//62 82//62 84//63
f 83//62 84//63 85//63
f 85//63 84//63 86//64
f 85//63 86//64 87//65
f 87//65 86//64 88//66
f 87//65 88//66 89//66
f 89//66 88//66 90//67
f 89//66 90//67 91//68
f 91//68 90//67 92//69
f 91//68 92//69 93//69
f 93//69 92//69 94//70
f 93//69 94//70 95//71
f 95//71 94//70 96//72
f 95//71 96//72 97//72
f 97//72 96//72 98//73
f 97//72 98//73 99//73
f 99//73 98//73 100//74
f 99//73 100//74 101//74
f 101//74 100//74 102//75
f 101//74 102//75 103//76
f 103//76 102//75 104//77
f 103//76 104//77 105//78
f 105//78 104//77 106//79
f 105//78 106//79 107//79
f 107//79 106//79 108//80
f 107//79 108//80 109//80
f 109//80 108//80 110//81
f 109//80 110//81 111//82
f 111//82 110//81 112//83
f 111//82 112//83 113//84
f 113//84 112//83 114//85
f 113//84 114//85 115//86
f 115//86 114//85 116//87
f 115//86 116//87 117//87
f 117//87 116//87 118//88
f 117//87 118//88 119//89
f 119//89 118//88 120//90
f 119//89 120//90 121//90
f 121//90 120//90 122//91
f 121//90 122//91 123//92
f 123//92 122//91 1//1
f 123//92 1//1 124//93
f 124//93 1//1 3//1
f 5//3 125//94 126//95
f 5//3 2//1 125//94
f 125//94 2//1 1//1
f 125//94 1//1 127//94
f 127//94 1//1 122//91
f 127//94 122//91 128//94
f 128//94 122//91 120//90
f 128//94 120//90 129//94
f 129//94 120//90 118//88
f 129//94 118//88 130//94
f 130//94 118//88 116//87
f 130//94 116//87 131//94
f 131//94 116//87 114//85
f 131//94 114//85 132//94
f 132//94 114//85 112//83
f 132//94 112//83 133//94
f 133//94 112//83 110//81
f 133//94 110//81 134//94
f 134//94 110//81 108//80
f 134//94 108//80 135//94
f 135//94 108//80 106//79
f 135//94 106//79 136//94
f 136//94 106//79 104//77
f 136//94 104//77 137//94
f 137//94 104//77 102//75
f 137//94 102//75 138//94
f 138//94 102//75 100//74
f 138//94 100//74 139//94
f 139//94 100//74 98//73
f 139//94 98//73 140//94
f 140//94 98//73 96//72
f 140//94 96//72 141//94
f 141//94 96//72 94//70
f 141//94 94//70 142//94
f 142//94 94//70 92//69
f 142//94 92//69 143//94
f 143//94 92//69 90//67
f 143//94 90//67 144//94
f 144//94 90//67 88//66
f 144//94 88//66 145//94
f 146//94 42//30 147//94
f 147//94 42//30 40//29
f 147//94 40//29 148//94
f 148//94 40//29 38//28
f 148//94 38//28 149//94
f 149//94 38//28 36//27
f 149//94 36//27 150//94
f 150//94 36//27 34//26
f 150//94 34//26 151//94
f 151//94 34//26 32//25
f 151//94 32//25 152//94
f 152//94 32//25 30//23
f 152//94 30//23 153//94
f 153//94 30//23 28//22
f 153//94 28//22 154//94
f 154//94 28//22 26//21
f 154//94 26//21 155//94
f 155//94 26//21 24//19
f 155//94 24//19 156//94
f 156//94 24//19 22//17
f 156//94 22//17 157//94
f 157//94 22//17 20//15
f 157//94 20//15 158//94
f 158//94 20//15 18//14
f 158//94 18//14 159//94
f 159//94 18//14 16//13
f 159//94 16//13 160//94
f 160//94 16//13 14//12
f 160//94 14//12 161//94
f 161//94 14//12 12//10
f 161//94 12//10 162//94
f 162//94 12//10 10//8
f 162//94 10//8 163//94
f 163//94 10//8 8//6
f 163//94 8//6 126//95
f 126//95 8//6 6//4
f 126//95 6//4 5//3
f 88//66 86//64 145//94
f 145//94 86//64 84//63
f 145//94 84//63 164//94
f 164//94 84//63 82//62
f 164//94 82//62 165//94
f 165//94 82//62 80//60
f 165//94 80//60 166//94
f 166//94 80//60 78//59
f 166//94 78//59 167//94
f 167//94 78//59 76//57
f 167//94 76//57 168//94
f 168//94 76//57 74//56
f 168//94 74//56 169//94
f 169//94 74//56 72//54
f 169//94 72//54 170//94
f 170//94 72//54 70//53
f 170//94 70//53 171//94
f 171//94 70//53 68//52
f 171//94 68//52 172//94
f 172//94 68//52 66//50
f 172//94 66//50 173//94
f 173//94 66//50 64//48
f 173//94 64//48 174//94
f 174//94 64//48 62//47
f 174//94 62//47 175//94
f 175//94 62//47 60//45
f 175//94 60//45 176//94
f 176//94 60//45 58//43
f 176//94 58//43 177//94
f 177//94 58//43 56//41
f 177//94 56//41 178//94
f 178//94 56//41 54//40
f 178//94 54//40 179//94
f 179//94 54//40 52//39
f 179//94 52//39 180//94
f 180//94 52//39 50//37
f 180//94 50//37 181//94
f 181//94 50//37 48//35
f 181//94 48//35 182//94
f 182//94 48//35 46//33
f 182//94 46//33 146//94
f 146//94 46//33 44//32
f 146//94 44//32 42//30
f 124//93 183//96 184//97
f 185//96 45//32 186//96
f 186//96 45//32 47//34
f 186//96 47//34 187//96
f 187//96 47//34 49//36
f 187//96 49//36 188//96
f 188//96 49//36 51//38
f 188//96 51//38 189//96
f 189//96 51//38 53//39
f 189//96 53//39 190//96
f 190//96 53//39 55//40
f 190//96 55//40 191//96
f 191//96 55//40 57//42
f 191//96 57//42 192//96
f 192//96 57//42 59//44
f 192//96 59//44 193//96
f 193//96 59//44 61//46
f 193//96 61//46 194//96
f 194//96 61//46 63//47
f 194//96 63//47 195//96
f 195//96 63//47 65//49
f 195//96 65//49 196//96
f 196//96 65//49 67//51
f 196//96 67//51 197//96
f 197//96 67//51 69//52
f 197//96 69//52 198//96
f 198//96 69//52 71//53
f 198//96 71//53 199//96
f 199//96 71//53 73//55
f 199//96 73//55 200//96
f 200//96 73//55 75//56
f 200//96 75//56 201//96
f 201//96 75//56 77//58
f 201//96 77//58 202//96
f 202//96 77//58 79//59
f 202//96 79//59 203//96
f 203//96 79//59 81//61
f 203//96 81//61 204//96
f 204//96 81//61 83//62
f 204//96 83//62 205//96
f 124//93 3//1 183//96
f 183//96 3//1 4//2
f 183//96 4//2 206//96
f 206//96 4//2 7//5
f 206//96 7//5 207//96
f 207//96 7//5 9//7
f 207//96 9//7 208//96
f 208//96 9//7 11//9
f 208//96 11//9 209//96
f 209//96 11//9 13//11
f 209//96 13//11 210//96
f 210//96 13//11 15//12
f 210//96 15//12 211//96
f 211//96 15//12 17//13
f 211//96 17//13 212//96
f 212//96 17//13 19//14
f 212//96 19//14 213//96
f 213//96 19//14 21//16
f 213//96 21//16 214//96
f 214//96 21//16 23//18
f 214//96 23//18 215//96
f 215//96 23//18 25//20
f 215//96 25//20 216//96
f 216//96 25//20 27//21
f 216//96 27//21 217//96
f 217//96 27//21 29//22
f 217//96 29//22 218//96
f 218//96 29//22 31//24
f 218//96 31//24 219//96
f 219//96 31//24 33//25
f 219//96 33//25 220//96
f 220//96 33//25 35//26
f 220//96 35//26 221//96
f 221//96 35//26 37//27
f 221//96 37//27 222//96
f 222//96 37//27 39//28
f 222//96 39//28 223//96
f 223//96 39//28 41//29
f 223//96 41//29 185//96
f 185//96 41//29 43//31
f 185//96 43//31 45//32
f 83//62 85//63 205//96
f 205//96 85//63 87//65
f 205//96 87//65 224//96
f 224//96 87//65 89//66
f 224//96 89//66 225//96
f 225//96 89//66 91//68
f 225//96 91//68 226//96
f 226//96 91//68 93//69
f 226//96 93//69 227//96
f 227//96 93//69 95//71
f 227//96 95//71 228//96
f 228//96 95//71 97//72
f 228//96 97//72 229//96
f 229//96 97//72 99//73
f 229//96 99//73 230//96
f 230//96 99//73 101//74
f 230//96 101//74 231//96
f 231//96 101//74 103//76
f 231//96 103//76 232//96
f 232//96 103//76 105//78
f 232//96 105//78 233//96
f 233//96 105//78 107//79
f 233//96 107//79 234//96
f 234//96 107//79 109//80
f 234//96 109//80 235//96
f 235//96 109//80 111//82
f 235//96 111//82 236//96
f 236//96 111//82 113//84
f 236//96 113//84 237//96
f 237//96 113//84 115//86
f 237//96 115//86 238//96
f 238//96 115//86 117//87
f 238//96 117//87 239//96
f 239//96 117//87 119//89
f 239//96 119//89 240//96
f 240//96 119//89 121//90
f 240//96 121//90 184//97
f 184//97 121//90 123//92
f 184//97 123//92 124//93
f 173//94 195//96 172//94
f 172//94 195//96 196//96
f 172//94 196//96 171//94
f 171//94 196//96 197//96
f 171//94 197//96 170//94
f 170//94 197//96 198//96
f 170//94 198//96 169//94
f 169//94 198//96 199//96
f 169//94 199//96 168//94
f 168//94 199//96 200//96
f 168//94 200//96 167//94
f 167//94 200//96 201//96
f 167//94 201//96 166//94
f 166//94 201//96 202//96
f 166//94 202//96 165//94
f 165//94 202//96 203//96
f 165//94 203//96 164//94
f 164//94 203//96 204//96
f 164//94 204//96 145//94
f 145//94 204//96 205//96
f 145//94 205//96 144//94
f 144//94 205//96 224//96
f 144//94 224//96 143//94
f 143//94 224//96 225//96
f 143//94 225//96 142//94
f 142//94 225//96 226//96
f 142//94 226//96 141//94
f 141//94 226//96 227//96
f 141//94 227//96 140//94
f 140//94 227//96 228//96
f 140//94 228//96 139//94
f 139//94 228//96 229//96
f 139//94 229//96 138//94
f 138//94 229//96 230//96
f 138//94 230//96 137//94
f 137//94 230//96 231//96
f 137//94 231//96 136//94
f 136//94 231//96 232//96
f 136//94 232//96 135//94
f 135//94 232//96 233//96
f 135//94 233//96 134//94
f 134//94 233//96 234//96
f 134//94 234//96 133//94
f 133//94 234//96 235//96
f 133//94 235//96 132//94
f 132//94 235//96 236//96
f 132//94 236//96 131//94
f 131//94 236//96 237//96
f 131//94 237//96 130//94
f 130//94 237//96 238//96
f 130//94 238//96 129//94
f 129//94 238//96 239//96
f 129//94 239//96 128//94
f 128//94 239//96 240//96
f 128//94 240//96 127//94
f 127//94 240//96 184//97
f 127//94 184//97 125//94
f 125//94 184//97 183//96
f 125//94 183//96 126//95
f 126//95 183//96 206//96
f 126//95 206//96 163//94
f 163//94 206//96 207//96
f 163//94 207//96 162//94
f 162//94 207//96 208//96
f 162//94 208//96 161//94
f 161//94 208//96 209//96
f 161//94 209//96 160//94
f 160//94 209//96 210//96
f 160//94 210//96 159//94
f 159//94 210//96 211//96
f 159//94 211//96 158//94
f 158//94 211//96 212//96
f 158//94 212//96 157//94
f 157//94 212//96 213//96
f 157//94 213//96 156//94
f 156//94 213//96 214//96
f 156//94 214//96 155//94
f 155//94 214//96 215//96
f 155//94 215//96 154//94
f 154//94 215//96 216//96
f 154//94 216//96 153//94
f 153//94 216//96 217//96
f 153//94 217//96 152//94
f 152//94 217//96 218//96
f 152//94 218//96 151//94
f 151//94 218//96 219//96
f 151//94 219//96 150//94
f 150//94 219//96 220//96
f 150//94 220//96 149//94
f 149//94 220//96 221//96
f 149//94 221//96 148//94
f 148//94 221//96 222//96
f 148//94 222//96 147//94
f 147//94 222//96 223//96
f 147//94 223//96 146//94
f 146//94 223//96 185//96
f 146//94 185//96 182//94
f 182//94 185//96 186//96
f 182//94 186//96 181//94
f 181//94 186//96 187//96
f 181//94 187//96 180//94
f 180//94 187//96 188//96
f 180//94 188//96 179//94
f 179//94 188//96 189//96
f 179//94 189//96 178//94
f 178//94 189//96 190//96
f 178//94 190//96 177//94
f 177//94 190//96 191//96
f 177//94 191//96 176//94
f 176//94 191//96 192//96
f 176//94 192//96 175//94
f 175//94 192//96 193//96
f 175//94 193//96 174//94
f 174//94 193//96 194//96
f 174//94 194//96 173//94
f 173//94 194//96 195//96
f 241//98 242//98 243//99
f 243//99 242//98 244//100
f 242//98 245//100 244//100
f 244//100 245//100 246//101
f 244//100 246//101 247//102
f 247//102 246//101 248//103
f 247//102 248//103 249//104
f 249//104 248//103 250//105
f 249//104 250//105 251//106
f 251//106 250//105 252//107
f 251//106 252//107 253//108
f 253//108 252//107 254//109
f 253//108 254//109 255//110
f 255//110 254//109 256//111
f 255//110 256//111 257//112
f 257//112 256//111 258//113
f 257//112 258//113 259//114
f 259//114 258//113 260//115
f 259//114 260//115 261//116
f 261//116 260//115 262//117
f 261//116 262//117 263//118
f 263//118 262//117 264//119
f 263//118 264//119 265//120
f 265//120 264//119 266//121
f 265//120 266//121 267//122
f 267//122 266//121 268//123
f 267//122 268//123 269//124
f 269//124 268//123 270//125
f 269//124 270//125 271//126
f 271//126 270//125 272//127
f 271//126 272//127 273//128
f 273//128 272//127 274//129
f 273//128 274//129 275//130
f 275//130 274//129 276//131
f 275//130 276//131 277//132
f 277//132 276//131 278//133
f 277//132 278//133 279//134
f 279//134 278//133 280//135
f 279//134 280//135 281//136
f 281//136 280//135 282//137
f 281//136 282//137 283//138
f 283//138 282//137 284//139
f 283//138 284//139 285//140
f 285//140 284//139 286//141
f 285//140 286//141 287//142
f 287//142 286//141 288//143
f 287//142 288//143 289//144
f 289//144 288//143 290//145
f 289//144 290//145 291//146
f 291//146 290//145 292//147
f 291//146 292//147 293//148
f 293//148 292//147 294//149
f 293//148 294//149 295//150
f 295//150 294//149 296//151
f 295//150 296//151 297//152
f 297//152 296//151 298//153
f 297//152 298//153 299//154
f 299//154 298//153 300//155
f 299//154 300//155 301//156
f 301//156 300//155 302//157
f 301//156 302//157 303//158
f 303//158 302//157 304//159
f 303//158 304//159 305//160
f 305//160 304//159 306//161
f 305//160 306//161 307//162
f 307//162 306//161 308//163
f 307//162 308//163 309//164
f 309//164 308//163 310//165
f 309//164 310//165 311//166
f 311//166 310//165 312//167
f 311//166 312//167 313//168
f 313//168 312//167 314//169
f 313//168 314//169 315//170
f 315//170 314//169 316//171
f 315//170 316//171 317//172
f 317//172 316//171 318//173
f 317//172 318//173 319//174
f 319//174 318//173 320//175
f 319//174 320//175 321//176
f 321//176 320//175 322//177
f 321//176 322//177 323//178
f 323//178 322//177 324//179
f 323//178 324//179 325//180
f 325//180 324//179 326//181
f 325//180 326//181 327//182
f 327//182 326//181 328//183
f 327//182 328//183 329//184
f 329//184 328//183 330//185
f 329//184 330//185 331//186
f 331//186 330//185 332//187
f 331//186 332//187 333//188
f 333//188 332//187 334//189
f 333//188 334//189 335//190
f 335//190 334//189 336//191
f 335//190 336//191 337//192
f 337//192 336//191 338//193
f 337//192 338//193 339//194
f 339//194 338//193 340//195
f 339//194 340//195 341//196
f 341//196 340//195 342//197
f 341//196 342//197 343//198
f 343//198 342//197 344//199
f 343//198 344//199 345//200
f 345//200 344//199 346//201
f 345//200 346//201 347//202
f 347//202 346//201 348//203
f 347//202 348//203 349//204
f 349//204 348//203 350//205
f 349//204 350//205 351//206
f 351//206 350//205 241//98
f 351//206 241//98 352//207
f 352//207 241//98 243//99
f 353//94 278//133 354//94
f 354//94 278//133 276//131
f 354//94 276//131 355//94
f 355//94 276//131 274//129
f 355//94 274//129 356//94
f 356//94 274//129 272//127
f 356//94 272//127 357//94
f 357//94 272//127 270//125
f 357//94 270//125 358//94
f 358//94 270//125 268//123
f 358//94 268//123 359//94
f 359//94 268//123 266//121
f 359//94 266//121 360//94
f 360//94 266//121 264//119
f 360//94 264//119 361//94
f 361//94 264//119 262//117
f 361//94 262//117 362//94
f 362//94 262//117 260//115
f 362//94 260//115 363//94
f 363//94 260//115 258//113
f 363//94 258//113 364//94
f 364//94 258//113 256//111
f 364//94 256//111 365//94
f 365//94 256//111 254//109
f 365//94 254//109 366//94
f 366//94 254//109 252//107
f 366//94 252//107 367//94
f 367//94 252//107 250//105
f 367//94 250//105 368//94
f 368//94 250//105 248//103
f 368//94 248//103 369//94
f 369//94 248//103 246//101
f 369//94 246//101 370//94
f 370//94 246//101 245//100
f 245//100 242//98 370//94
f 370//94 242//98 241//98
f 370//94 241//98 371//94
f 371//94 241//98 350//205
f 371//94 350//205 372//94
f 372//94 350//205 348//203
f 372//94 348//203 373//94
f 373//94 348//203 346//201
f 373//94 346//201 374//94
f 374//94 346//201 344//199
f 374//94 344//199 375//94
f 375//94 344//199 342//197
f 375//94 342//197 376//94
f 376//94 342//197 340//195
f 376//94 340//195 377//94
f 377//94 340//195 338//193
f 377//94 338//193 378//94
f 378//94 338//193 336//191
f 378//94 336//191 379//94
f 379//94 336//191 334//189
f 379//94 334//189 380//94
f 380//94 334//189 332//187
f 380//94 332//187 381//94
f 381//94 332//187 330//185
f 381//94 330//185 382//94
f 382//94 330//185 328//183
f 382//94 328//183 383//94
f 383//94 328//183 326//181
f 383//94 326//181 384//94
f 384//94 326//181 324//179
f 384//94 324//179 385//94
f 385//94 324//179 322//177
f 385//94 322//177 386//94
f 386//94 322//177 320//175
f 386//94 320//175 387//94
f 320//175 318//173 387//94
f 387//94 318//173 316//171
f 387//94 316//171 388//94
f 388//94 316//171 314//169
f 388//94 314//169 389//94
f 389//94 314//169 312//167
f 389//94 312//167 390//94
f 390//94 312//167 310//165
f 390//94 310//165 391//94
f 391//94 310//165 308//163
f 391//94 308//163 392//94
f 392//94 308//163 306//161
f 392//94 306//161 393//94
f 393//94 306//161 304//159
f 393//94 304//159 394//94
f 394//94 304//159 302//157
f 394//94 302//157 395//94
f 395//94 302//157 300//155
f 395//94 300//155 396//94
f 396//94 300//155 298//153
f 396//94 298//153 397//94
f 397//94 298//153 296//151
f 397//94 296//151 398//94
f 398//94 296//151 294//149
f 398//94 294//149 399//94
f 399//94 294//149 292//147
f 399//94 292//147 400//94
f 400//94 292//147 290//145
f 400//94 290//145 401//94
f 401//94 290//145 288//143
f 401//94 288//143 402//94
f 402//94 288//143 286//141
f 402//94 286//141 403//94
f 403//94 286//141 284//139
f 403//94 284//139 404//94
f 404//94 284//139 282//137
f 404//94 282//137 353//94
f 353//94 282//137 280//135
f 353//94 280//135 278//133
f 405//96 279//134 281//136
f 405//96 281//136 406//96
f 406//96 281//136 283//138
f 406//96 283//138 407//96
f 407//96 283//138 285//140
f 407//96 285//140 408//96
f 408//96 285//140 287//142
f 408//96 287//142 409//96
f 409//96 287//142 289//144
f 409//96 289//144 410//96
f 410//96 289//144 291//146
f 410//96 291//146 411//96
f 411//96 291//146 293//148
f 411//96 293//148 412//96
f 412//96 293//148 295//150
f 412//96 295//150 413//96
f 413//96 295//150 297//152
f 413//96 297//152 414//96
f 414//96 297//152 299//154
f 414//96 299//154 415//96
f 415//96 299//154 301//156
f 415//96 301//156 416//96
f 416//96 301//156 303//158
f 416//96 303//158 417//96
f 417//96 303//158 305//160
f 417//96 305//160 418//96
f 418//96 305//160 307//162
f 418//96 307//162 419//96
f 419//96 307//162 309//164
f 419//96 309//164 420//96
f 420//96 309//164 311//166
f 420//96 311//166 421//96
f 421//96 311//166 313//168
f 421//96 313//168 422//96
f 422//96 313//168 315//170
f 422//96 315//170 423//96
f 279//134 405//96 277//132
f 277//132 405//96 424//208
f 277//132 424//208 275//130
f 275//130 424//208 425//208
f 275//130 425//208 273//128
f 273//128 425//208 426//96
f 273//128 426//96 271//126
f 271//126 426//96 427//96
f 271//126 427//96 269//124
f 269//124 427//96 428//96
f 269//124 428//96 267//122
f 267//122 428//96 429//96
f 267//122 429//96 265//120
f 265//120 429//96 430//96
f 265//120 430//96 263//118
f 263//118 430//96 431//208
f 263//118 431//208 261//116
f 261//116 431//208 432//209
f 261//116 432//209 259//114
f 259//114 432//209 433//209
f 259//114 433//209 257//112
f 257//112 433//209 434//96
f 257//112 434//96 255//110
f 255//110 434//96 435//96
f 255//110 435//96 253//108
f 253//108 435//96 436//96
f 253//108 436//96 251//106
f 251//106 436//96 437//96
f 251//106 437//96 249//104
f 249//104 437//96 438//96
f 249//104 438//96 247//102
f 247//102 438//96 439//96
f 247//102 439//96 244//100
f 244//100 439//96 440//96
f 244//100 440//96 243//99
f 315//170 317//172 423//96
f 423//96 317//172 319//174
f 423//96 319//174 441//96
f 441//96 319//174 321//176
f 441//96 321//176 442//96
f 442//96 321//176 323//178
f 442//96 323//178 443//96
f 443//96 323//178 325//180
f 443//96 325//180 444//96
f 444//96 325//180 327//182
f 444//96 327//182 445//96
f 445//96 327//182 329//184
f 445//96 329//184 446//96
f 446//96 329//184 331//186
f 446//96 331//186 447//96
f 447//96 331//186 333//188
f 447//96 333//188 448//96
f 448//96 333//188 335//190
f 448//96 335//190 449//96
f 449//96 335//190 337//192
f 449//96 337//192 450//96
f 450//96 337//192 339//194
f 450//96 339//194 451//96
f 451//96 339//194 341//196
f 451//96 341//196 452//96
f 452//96 341//196 343//198
f 452//96 343//198 453//96
f 453//96 343//198 345//200
f 453//96 345//200 454//96
f 454//96 345//200 347//202
f 454//96 347//202 455//96
f 455//96 347//202 349//204
f 455//96 349//204 456//96
f 456//96 349//204 351//206
f 456//96 351//206 440//96
f 440//96 351//206 352//207
f 440//96 352//207 243//99
f 396//94 414//96 395//94
f 395//94 414//96 415//96
f 395//94 415//96 394//94
f 394//94 415//96 416//96
f 394//94 416//96 393//94
f 393//94 416//96 417//96
f 393//94 417//96 392//94
f 392//94 417//96 418//96
f 392//94 418//96 391//94
f 391//94 418//96 419//96
f 391//94 419//96 390//94
f 390//94 419//96 420//96
f 390//94 420//96 389//94
f 389//94 420//96 421//96
f 389//94 421//96 388//94
f 388//94 421//96 422//96
f 388//94 422//96 387//94
f 387//94 422//96 423//96
f 387//94 423//96 386//94
f 386//94 423//96 441//96
f 386//94 441//96 385//94
f 385//94 441//96 442//96
f 385//94 442//96 384//94
f 384//94 442//96 443//96
f 384//94 443//96 383//94
f 383//94 443//96 444//96
f 383//94 444//96 382//94
f 382//94 444//96 445//96
f 382//94 445//96 381//94
f 381//94 445//96 446//96
f 381//94 446//96 380//94
f 380//94 446//96 447//96
f 380//94 447//96 379//94
f 379//94 447//96 448//96
f 379//94 448//96 378//94
f 378//94 448//96 449//96
f 378//94 449//96 377//94
f 377//94 449//96 450//96
f 377//94 450//96 376//94
f 376//94 450//96 451//96
f 376//94 451//96 375//94
f 375//94 451//96 452//96
f 375//94 452//96 374//94
f 374//94 452//96 453//96
f 374//94 453//96 373//94
f 373//94 453//96 454//96
f 373//94 454//96 372//94
f 372//94 454//96 455//96
f 372//94 455//96 371//94
f 371//94 455//96 456//96
f 371//94 456//96 370//94
f 370//94 456//96 440//96
f 370//94 440//96 369//94
f 369//94 440//96 439//96
f 369//94 439//96 368//94
f 368//94 439//96 438//96
f 368//94 438//96 367//94
f 367//94 438//96 437//96
f 367//94 437//96 366//94
f 366//94 437//96 436//96
f 366//94 436//96 365//94
f 365//94 436//96 435//96
f 365//94 435//96 364//94
f 364//94 435//96 434//96
f 364//94 434//96 363//94
f 363//94 434//96 433//209
f 363//94 433//209 362//94
f 362//94 433//209 432//209
f 362//94 432//209 361//94
f 361//94 432//209 431//208
f 361//94 431//208 360//94
f 360//94 431//208 430//96
f 360//94 430//96 359//94
f 359//94 430//96 429//96
f 359//94 429//96 358//94
f 358//94 429//96 428//96
f 358//94 428//96 357//94
f 357//94 428//96 427//96
f 357//94 427//96 356//94
f 356//94 427//96 426//96
f 356//94 426//96 355//94
f 355//94 426//96 425//208
f 355//94 425//208 354//94
f 354//94 425//208 424//208
f 354//94 424//208 353//94
f 353//94 424//208 405//96
f 353//94 405//96 404//94
f 404//94 405//96 406//96
f 404//94 406//96 403//94
f 403//94 406//96 407//96
f 403//94 407//96 402//94
f 402//94 407//96 408//96
f 402//94 408//96 401//94
f 401//94 408//96 409//96
f 401//94 409//96 400//94
f 400//94 409//96 410//96
f 400//94 410//96 399//94
f 399//94 410//96 411//96
f 399//94 411//96 398//94
f 398//94 411//96 412//96
f 398//94 412//96 397//94
f 397//94 412//96 413//96
f 397//94 413//96 396//94
f 396//94 413//96 414//96
g Magnetic_Coils.001_Magnetic_Coils.001_Default_OBJ
usemtl Default_OBJ
f 457//210 458//210 459//210
f 459//210 458//210 460//211
f 459//210 460//211 461//212
f 461//212 460//211 462//213
f 461//212 462//213 463//214
f 463//214 462//213 464//215
f 463//214 464//215 465//216
f 465//216 464//215 466//217
f 465//216 466//217 467//218
f 467//218 466//217 468//218
f 467//218 468//218 469//219
f 469//219 468//218 470//220
f 469//219 470//220 471//221
f 471//221 470//220 472//222
f 471//221 472//222 473//223
f 473//223 472//222 474//224
f 473//223 474//224 475//225
f 475//225 474//224 476//226
f 475//225 476//226 477//227
f 477//227 476//226 478//228
f 477//227 478//228 479//229
f 479//229 478//228 480//230
f 479//229 480//230 481//231
f 481//231 480//230 482//231
f 481//231 482//231 483//232
f 483//232 482//231 484//233
f 483//232 484//233 485//234
f 485//234 484//233 486//234
f 485//234 486//234 487//235
f 487//235 486//234 488//236
f 487//235 488//236 489//237
f 489//237 488//236 490//238
f 489//237 490//238 491//239
f 491//239 490//238 492//239
f 491//239 492//239 493//240
f 493//240 492//239 494//241
f 493//240 494//241 495//242
f 495//242 494//241 496//243
f 495//242 496//243 497//244
f 497//244 496//243 498//245
f 497//244 498//245 499//246
f 499//246 498//245 500//247
f 499//246 500//247 501//248
f 501//248 500//247 502//249
f 501//248 502//249 503//250
f 503//250 502//249 504//250
f 503//250 504//250 505//251
f 505//251 504//250 506//252
f 505//251 506//252 507//253
f 507//253 506//252 508//253
f 507//253 508//253 509//254
f 509//254 508//253 510//255
f 509//254 510//255 511//256
f 511//256 510//255 512//257
f 511//256 512//257 513//258
f 513//258 512//257 514//259
f 513//258 514//259 515//260
f 515//260 514//259 516//261
f 515//260 516//261 517//262
f 517//262 516//261 518//263
f 517//262 518//263 519//264
f 519//264 518//263 520//265
f 519//264 520//265 521//266
f 521//266 520//265 522//266
f 521//266 522//266 523//267
f 523//267 522//266 524//268
f 523//267 524//268 525//269
f 525//269 524//268 526//269
f 525//269 526//269 527//270
f 527//270 526//269 528//270
f 527//270 528//270 457//210
f 457//210 528//270 458//210
f 529//210 530//210 531//210
f 531//210 530//210 532//211
f 531//210 532//211 533//212
f 533//212 532//211 534//213
f 533//212 534//213 535//214
f 535//214 534//213 536//215
f 535//214 536//215 537//271
f 537//271 536//215 538//217
f 537//271 538//217 539//218
f 539//218 538//217 540//218
f 539//218 540//218 541//219
f 541//219 540//218 542//220
f 541//219 542//220 543//221
f 543//221 542//220 544//222
f 543//221 544//222 545//223
f 545//223 544//222 546//224
f 545//223 546//224 547//272
f 547//272 546//224 548//226
f 547//272 548//226 549//227
f 549//227 548//226 550//228
f 549//227 550//228 551//229
f 551//229 550//228 552//230
f 551//229 552//230 553//231
f 553//231 552//230 554//273
f 553//231 554//273 555//232
f 555//232 554//273 556//233
f 555//232 556//233 557//234
f 557//234 556//233 558//234
f 557//234 558//234 559//235
f 559//235 558//234 560//236
f 559//235 560//236 561//238
f 561//238 560//236 562//238
f 561//238 562//238 563//274
f 563//274 562//238 564//239
f 563//274 564//239 565//240
f 565//240 564//239 566//241
f 565//240 566//241 567//242
f 567//242 566//241 568//243
f 567//242 568//243 569//244
f 569//244 568//243 570//245
f 569//244 570//245 571//246
f 571//246 570//245 572//246
f 571//246 572//246 573//248
f 573//248 572//246 574//249
f 573//248 574//249 575//250
f 575//250 574//249 576//250
f 575//250 576//250 577//251
f 577//251 576//250 578//252
f 577//251 578//252 579//275
f 579//275 578//252 580//253
f 579//275 580//253 581//255
f 581//255 580//253 582//254
f 581//255 582//254 583//276
f 583//276 582//254 584//257
f 583//276 584//257 585//258
f 585//258 584//257 586//259
f 585//258 586//259 587//260
f 587//260 586//259 588//261
f 587//260 588//261 589//262
f 589//262 588//261 590//263
f 589//262 590//263 591//264
f 591//264 590//263 592//265
f 591//264 592//265 593//266
f 593//266 592//265 594//266
f 593//266 594//266 595//267
f 595//267 594//266 596//268
f 595//267 596//268 597//269
f 597//269 596//268 598//269
f 597//269 598//269 599//277
f 599//277 598//269 600//270
f 599//277 600//270 529//210
f 529//210 600//270 530//210
f 601//210 602//210 603//210
f 603//210 602//210 604//211
f 603//210 604//211 605//212
f 605//212 604//211 606//213
f 605//212 606//213 607//214
f 607//214 606//213 608//215
f 607//214 608//215 609//216
f 609//216 608//215 610//217
f 609//216 610//217 611//218
f 611//218 610//217 612//218
f 611//218 612//218 613//219
f 613//219 612//218 614//220
f 613//219 614//220 615//222
f 615//222 614//220 616//221
f 615//222 616//221 617//223
f 617//223 616//221 618//224
f 617//223 618//224 619//225
f 619//225 618//224 620//226
f 619//225 620//226 621//227
f 621//227 620//226 622//228
f 621//227 622//228 623//229
f 623//229 622//228 624//230
f 623//229 624//230 625//231
f 625//231 624//230 626//278
f 625//231 626//278 627//279
f 627//279 626//278 628//233
f 627//279 628//233 629//234
f 629//234 628//233 630//234
f 629//234 630//234 631//235
f 631//235 630//234 632//235
f 631//235 632//235 633//237
f 633//237 632//235 634//280
f 633//237 634//280 635//281
f 635//281 634//280 636//282
f 635//281 636//282 637//283
f 637//283 636//282 638//241
f 637//283 638//241 639//242
f 639//242 638//241 640//284
f 639//242 640//284 641//285
f 641//285 640//284 642//245
f 641//285 642//245 643//246
f 643//246 642//245 644//246
f 643//246 644//246 645//286
f 645//286 644//246 646//286
f 645//286 646//286 647//250
f 647//250 646//286 648//250
f 647//250 648//250 649//251
f 649//251 648//250 650//252
f 649//251 650//252 651//253
f 651//253 650//252 652//253
f 651//253 652//253 653//254
f 653//254 652//253 654//255
f 653//254 654//255 655//276
f 655//276 654//255 656//257
f 655//276 656//257 657//258
f 657//258 656//257 658//259
f 657//258 658//259 659//260
f 659//260 658//259 660//261
f 659//260 660//261 661//262
f 661//262 660//261 662//263
f 661//262 662//263 663//287
f 663//287 662//263 664//265
f 663//287 664//265 665//266
f 665//266 664//265 666//288
f 665//266 666//288 667//267
f 667//267 666//288 668//268
f 667//267 668//268 669//289
f 669//289 668//268 670//269
f 669//289 670//269 671//270
f 671//270 670//269 672//270
f 671//270 672//270 601//210
f 601//210 672//270 602//210
f 673//290 674//291 675//210
f 675//210 674//291 676//210
f 675//210 676//210 677//212
f 677//212 676//210 678//292
f 677//212 678//292 679//214
f 679//214 678//292 680//293
f 679//214 680//293 681//216
f 681//216 680//293 682//217
f 681//216 682//217 683//218
f 683//218 682//217 684//294
f 683//218 684//294 685//219
f 685//219 684//294 686//220
f 685//219 686//220 687//221
f 687//221 686//220 688//222
f 687//221 688//222 689//223
f 689//223 688//222 690//224
f 689//223 690//224 691//225
f 691//225 690//224 692//226
f 691//225 692//226 693//227
f 693//227 692//226 694//228
f 693//227 694//228 695//229
f 695//229 694//228 696//230
f 695//229 696//230 697//231
f 697//231 696//230 698//273
f 697//231 698//273 699//279
f 699//279 698//273 700//233
f 699//279 700//233 701//234
f 701//234 700//233 702//234
f 701//234 702//234 703//235
f 703//235 702//234 704//295
f 703//235 704//295 705//238
f 705//238 704//295 706//238
f 705//238 706//238 707//239
f 707//239 706//238 708//239
f 707//239 708//239 709//240
f 709//240 708//239 710//241
f 709//240 710//241 711//242
f 711//242 710//241 712//243
f 711//242 712//243 713//244
f 713//244 712//243 714//244
f 713//244 714//244 715//246
f 715//246 714//244 716//247
f 715//246 716//247 717//248
f 717//248 716//247 718//249
f 717//248 718//249 719//250
f 719//250 718//249 720//250
f 719//250 720//250 721//251
f 721//251 720//250 722//252
f 721//251 722//252 723//275
f 723//275 722//252 724//253
f 723//275 724//253 725//255
f 725//255 724//253 726//255
f 725//255 726//255 727//276
f 727//276 726//255 728//257
f 727//276 728//257 729//258
f 729//258 728//257 730//259
f 729//258 730//259 731//260
f 731//260 730//259 732//261
f 731//260 732//261 733//262
f 733//262 732//261 734//263
f 733//262 734//263 735//264
f 735//264 734//263 736//265
f 735//264 736//265 737//266
f 737//266 736//265 738//266
f 737//266 738//266 739//267
f 739//267 738//266 740//268
f 739//267 740//268 741//269
f 741//269 740//268 742//269
f 741//269 742//269 743//296
f 743//296 742//269 744//277
f 743//296 744//277 673//290
f 673//290 744//277 674//291
f 745//210 746//297 747//297
f 747//297 746//297 748//211
f 747//297 748//211 749//212
f 749//212 748//211 750//213
f 749//212 750//213 751//214
f 751//214 750//213 752//298
f 751//214 752//298 753//271
f 753//271 752//298 754//217
f 753//271 754//217 755//218
f 755//218 754//217 756//218
f 755//218 756//218 757//219
f 757//219 756//218 758//220
f 757//219 758//220 759//221
f 759//221 758//220 760//222
f 759//221 760//222 761//223
f 761//223 760//222 762//224
f 761//223 762//224 763//225
f 763//225 762//224 764//226
f 763//225 764//226 765//227
f 765//227 764//226 766//228
f 765//227 766//228 767//229
f 767//229 766//228 768//230
f 767//229 768//230 769//231
f 769//231 768//230 770//231
f 769//231 770//231 771//232
f 771//232 770//231 772//279
f 771//232 772//279 773//234
f 773//234 772//279 774//299
f 773//234 774//299 775//300
f 775//300 774//299 776//236
f 775//300 776//236 777//237
f 777//237 776//236 778//301
f 777//237 778//301 779//302
f 779//302 778//301 780//303
f 779//302 780//303 781//304
f 781//304 780//303 782//305
f 781//304 782//305 783//306
f 783//306 782//305 784//243
f 783//306 784//243 785//244
f 785//244 784//243 786//307
f 785//244 786//307 787//246
f 787//246 786//307 788//308
f 787//246 788//308 789//286
f 789//286 788//308 790//286
f 789//286 790//286 791//250
f 791//250 790//286 792//250
f 791//250 792//250 793//251
f 793//251 792//250 794//309
f 793//251 794//309 795//275
f 795//275 794//309 796//275
f 795//275 796//275 797//255
f 797//255 796//275 798//255
f 797//255 798//255 799//276
f 799//276 798//255 800//257
f 799//276 800//257 801//258
f 801//258 800//257 802//259
f 801//258 802//259 803//260
f 803//260 802//259 804//261
f 803//260 804//261 805//262
f 805//262 804//261 806//263
f 805//262 806//263 807//264
f 807//264 806//263 808//265
f 807//264 808//265 809//266
f 809//266 808//265 810//266
f 809//266 810//266 811//267
f 811//267 810//266 812//310
f 811//267 812//310 813//289
f 813//289 812//310 814//269
f 813//289 814//269 815//270
f 815//270 814//269 816//311
f 815//270 816//311 745//210
f 745//210 816//311 746//297
f 817//210 818//210 819//210
f 819//210 818//210 820//211
f 819//210 820//211 821//212
f 821//212 820//211 822//213
f 821//212 822//213 823//214
f 823//214 822//213 824//215
f 823//214 824//215 825//216
f 825//216 824//215 826//217
f 825//216 826//217 827//218
f 827//218 826//217 828//218
f 827//218 828//218 829//219
f 829//219 828//218 830//220
f 829//219 830//220 831//221
f 831//221 830//220 832//222
f 831//221 832//222 833//223
f 833//223 832//222 834//312
f 833//223 834//312 835//225
f 835//225 834//312 836//226
f 835//225 836//226 837//227
f 837//227 836//226 838//313
f 837//227 838//313 839//229
f 839//229 838//313 840//230
f 839//229 840//230 841//231
f 841//231 840//230 842//231
f 841//231 842//231 843//279
f 843//279 842//231 844//233
f 843//279 844//233 845//234
f 845//234 844//233 846//234
f 845//234 846//234 847//235
f 847//235 846//234 848//236
f 847//235 848//236 849//238
f 849//238 848//236 850//238
f 849//238 850//238 851//274
f 851//274 850//238 852//239
f 851//274 852//239 853//240
f 853//240 852//239 854//241
f 853//240 854//241 855//242
f 855//242 854//241 856//243
f 855//242 856//243 857//244
f 857//244 856//243 858//245
f 857//244 858//245 859//246
f 859//246 858//245 860//247
f 859//246 860//247 861//286
f 861//286 860//247 862//249
f 861//286 862//249 863//250
f 863//250 862//249 864//250
f 863//250 864//250 865//251
f 865//251 864//250 866//252
f 865//251 866//252 867//253
f 867//253 866//252 868//253
f 867//253 868//253 869//254
f 869//254 868//253 870//314
f 869//254 870//314 871//315
f 871//315 870//314 872//316
f 871//315 872//316 873//258
f 873//258 872//316 874//259
f 873//258 874//259 875//260
f 875//260 874//259 876//261
f 875//260 876//261 877//262
f 877//262 876//261 878//263
f 877//262 878//263 879//264
f 879//264 878//263 880//265
f 879//264 880//265 881//266
f 881//266 880//265 882//266
f 881//266 882//266 883//267
f 883//267 882//266 884//268
f 883//267 884//268 885//269
f 885//269 884//268 886//269
f 885//269 886//269 887//277
f 887//277 886//269 888//270
f 887//277 888//270 817//210
f 817//210 888//270 818//210
f 889//210 890//210 891//210
f 891//210 890//210 892//211
f 891//210 892//211 893//212
f 893//212 892//211 894//213
f 893//212 894//213 895//214
f 895//214 894//213 896//215
f 895//214 896//215 897//216
f 897//216 896//215 898//217
f 897//216 898//217 899//218
f 899//218 898//217 900//218
f 899//218 900//218 901//219
f 901//219 900//218 902//220
f 901//219 902//220 903//221
f 903//221 902//220 904//222
f 903//221 904//222 905//223
f 905//223 904//222 906//224
f 905//223 906//224 907//317
f 907//317 906//224 908//226
f 907//317 908//226 909//227
f 909//227 908//226 910//228
f 909//227 910//228 911//229
f 911//229 910//228 912//230
f 911//229 912//230 913//231
f 913//231 912//230 914//273
f 913//231 914//273 915//232
f 915//232 914//273 916//233
f 915//232 916//233 917//234
f 917//234 916//233 918//234
f 917//234 918//234 919//235
f 919//235 918//234 920//236
f 919//235 920//236 921//237
f 921//237 920//236 922//238
f 921//237 922//238 923//239
f 923//239 922//238 924//239
f 923//239 924//239 925//240
f 925//240 924//239 926//241
f 925//240 926//241 927//242
f 927//242 926//241 928//243
f 927//242 928//243 929//285
f 929//285 928//243 930//245
f 929//285 930//245 931//246
f 931//246 930//245 932//247
f 931//246 932//247 933//286
f 933//286 932//247 934//249
f 933//286 934//249 935//250
f 935//250 934//249 936//250
f 935//250 936//250 937//251
f 937//251 936//250 938//252
f 937//251 938//252 939//253
f 939//253 938//252 940//275
f 939//253 940//275 941//255
f 941//255 940//275 942//318
f 941//255 942//318 943//276
f 943//276 942//318 944//319
f 943//276 944//319 945//258
f 945//258 944//319 946//259
f 945//258 946//259 947//260
f 947//260 946//259 948//261
f 947//260 948//261 949//262
f 949//262 948//261 950//263
f 949//262 950//263 951//264
f 951//264 950//263 952//265
f 951//264 952//265 953//266
f 953//266 952//265 954//288
f 953//266 954//288 955//267
f 955//267 954//288 956//268
f 955//267 956//268 957//289
f 957//289 956//268 958//269
f 957//289 958//269 959//270
f 959//270 958//269 960//270
f 959//270 960//270 889//210
f 889//210 960//270 890//210
f 961//210 962//210 963//210
f 963//210 962//210 964//211
f 963//210 964//211 965//212
f 965//212 964//211 966//213
f 965//212 966//213 967//214
f 967//214 966//213 968//215
f 967//214 968//215 969//216
f 969//216 968//215 970//217
f 969//216 970//217 971//218
f 971//218 970//217 972//218
f 971//218 972//218 973//219
f 973//219 972//218 974//220
f 973//219 974//220 975//221
f 975//221 974//220 976//222
f 975//221 976//222 977//223
f 977//223 976//222 978//312
f 977//223 978//312 979//225
f 979//225 978//312 980//226
f 979//225 980//226 981//227
f 981//227 980//226 982//228
f 981//227 982//228 983//229
f 983//229 982//228 984//230
f 983//229 984//230 985//231
f 985//231 984//230 986//273
f 985//231 986//273 987//279
f 987//279 986//273 988//233
f 987//279 988//233 989//234
f 989//234 988//233 990//299
f 989//234 990//299 991//235
f 991//235 990//299 992//236
f 991//235 992//236 993//237
f 993//237 992//236 994//238
f 993//237 994//238 995//274
f 995//274 994//238 996//239
f 995//274 996//239 997//240
f 997//240 996//239 998//241
f 997//240 998//241 999//242
f 999//242 998//241 1000//243
f 999//242 1000//243 1001//244
f 1001//244 1000//243 1002//245
f 1001//244 1002//245 1003//246
f 1003//246 1002//245 1004//247
f 1003//246 1004//247 1005//286
f 1005//286 1004//247 1006//249
f 1005//286 1006//249 1007//250
f 1007//250 1006//249 1008//250
f 1007//250 1008//250 1009//251
f 1009//251 1008//250 1010//252
f 1009//251 1010//252 1011//275
f 1011//275 1010//252 1012//253
f 1011//275 1012//253 1013//254
f 1013//254 1012//253 1014//255
f 1013//254 1014//255 1015//320
f 1015//320 1014//255 1016//257
f 1015//320 1016//257 1017//258
f 1017//258 1016//257 1018//259
f 1017//258 1018//259 1019//260
f 1019//260 1018//259 1020//261
f 1019//260 1020//261 1021//262
f 1021//262 1020//261 1022//263
f 1021//262 1022//263 1023//264
f 1023//264 1022//263 1024//265
f 1023//264 1024//265 1025//266
f 1025//266 1024//265 1026//266
f 1025//266 1026//266 1027//267
f 1027//267 1026//266 1028//268
f 1027//267 1028//268 1029//289
f 1029//289 1028//268 1030//269
f 1029//289 1030//269 1031//270
f 1031//270 1030//269 1032//270
f 1031//270 1032//270 961//210
f 961//210 1032//270 962//210
f 1033//321 1034//322 1035//323
f 1035//323 1034//322 1036//324
f 1035//323 1036//324 1037//212
f 1037//212 1036//324 1038//213
f 1037//212 1038//213 1039//214
f 1039//214 1038//213 1040//215
f 1039//214 1040//215 1041//216
f 1041//216 1040//215 1042//217
f 1041//216 1042//217 1043//218
f 1043//218 1042//217 1044//294
f 1043//218 1044//294 1045//219
f 1045//219 1044//294 1046//220
f 1045//219 1046//220 1047//221
f 1047//221 1046//220 1048//221
f 1047//221 1048//221 1049//223
f 1049//223 1048//221 1050//224
f 1049//223 1050//224 1051//225
f 1051//225 1050//224 1052//226
f 1051//225 1052//226 1053//227
f 1053//227 1052//226 1054//228
f 1053//227 1054//228 1055//229
f 1055//229 1054//228 1056//230
f 1055//229 1056//230 1057//231
f 1057//231 1056//230 1058//278
f 1057//231 1058//278 1059//232
f 1059//232 1058//278 1060//233
f 1059//232 1060//233 1061//234
f 1061//234 1060//233 1062//234
f 1061//234 1062//234 1063//235
f 1063//235 1062//234 1064//236
f 1063//235 1064//236 1065//237
f 1065//237 1064//236 1066//238
f 1065//237 1066//238 1067//274
f 1067//274 1066//238 1068//325
f 1067//274 1068//325 1069//240
f 1069//240 1068//325 1070//241
f 1069//240 1070//241 1071//242
f 1071//242 1070//241 1072//243
f 1071//242 1072//243 1073//244
f 1073//244 1072//243 1074//245
f 1073//244 1074//245 1075//246
f 1075//246 1074//245 1076//246
f 1075//246 1076//246 1077//286
f 1077//286 1076//246 1078//249
f 1077//286 1078//249 1079//250
f 1079//250 1078//249 1080//250
f 1079//250 1080//250 1081//251
f 1081//251 1080//250 1082//252
f 1081//251 1082//252 1083//275
f 1083//275 1082//252 1084//275
f 1083//275 1084//275 1085//255
f 1085//255 1084//275 1086//255
f 1085//255 1086//255 1087//276
f 1087//276 1086//255 1088//257
f 1087//276 1088//257 1089//258
f 1089//258 1088//257 1090//259
f 1089//258 1090//259 1091//260
f 1091//260 1090//259 1092//261
f 1091//260 1092//261 1093//262
f 1093//262 1092//261 1094//326
f 1093//262 1094//326 1095//264
f 1095//264 1094//326 1096//265
f 1095//264 1096//265 1097//266
f 1097//266 1096//265 1098//288
f 1097//266 1098//288 1099//267
f 1099//267 1098//288 1100//268
f 1099//267 1100//268 1101//289
f 1101//289 1100//268 1102//269
f 1101//289 1102//269 1103//327
f 1103//327 1102//269 1104//328
f 1103//327 1104//328 1033//321
f 1033//321 1104//328 1034//322
f 1105//210 1106//210 1107//210
f 1107//210 1106//210 1108//211
f 1107//210 1108//211 1109//212
f 1109//212 1108//211 1110//213
f 1109//212 1110//213 1111//214
f 1111//214 1110//213 1112//215
f 1111//214 1112//215 1113//271
f 1113//271 1112//215 1114//217
f 1113//271 1114//217 1115//218
f 1115//218 1114//217 1116//218
f 1115//218 1116//218 1117//219
f 1117//219 1116//218 1118//220
f 1117//219 1118//220 1119//221
f 1119//221 1118//220 1120//222
f 1119//221 1120//222 1121//224
f 1121//224 1120//222 1122//223
f 1121//224 1122//223 1123//225
f 1123//225 1122//223 1124//226
f 1123//225 1124//226 1125//227
f 1125//227 1124//226 1126//228
f 1125//227 1126//228 1127//229
f 1127//229 1126//228 1128//230
f 1127//229 1128//230 1129//231
f 1129//231 1128//230 1130//273
f 1129//231 1130//273 1131//279
f 1131//279 1130//273 1132//233
f 1131//279 1132//233 1133//234
f 1133//234 1132//233 1134//234
f 1133//234 1134//234 1135//235
f 1135//235 1134//234 1136//236
f 1135//235 1136//236 1137//238
f 1137//238 1136//236 1138//237
f 1137//238 1138//237 1139//281
f 1139//281 1138//237 1140//239
f 1139//281 1140//239 1141//329
f 1141//329 1140//239 1142//330
f 1141//329 1142//330 1143//331
f 1143//331 1142//330 1144//243
f 1143//331 1144//243 1145//244
f 1145//244 1144//243 1146//285
f 1145//244 1146//285 1147//246
f 1147//246 1146//285 1148//246
f 1147//246 1148//246 1149//286
f 1149//286 1148//246 1150//249
f 1149//286 1150//249 1151//250
f 1151//250 1150//249 1152//250
f 1151//250 1152//250 1153//251
f 1153//251 1152//250 1154//252
f 1153//251 1154//252 1155//275
f 1155//275 1154//252 1156//253
f 1155//275 1156//253 1157//255
f 1157//255 1156//253 1158//255
f 1157//255 1158//255 1159//276
f 1159//276 1158//255 1160//257
f 1159//276 1160//257 1161//258
f 1161//258 1160//257 1162//259
f 1161//258 1162//259 1163//260
f 1163//260 1162//259 1164//261
f 1163//260 1164//261 1165//262
f 1165//262 1164//261 1166//263
f 1165//262 1166//263 1167//264
f 1167//264 1166//263 1168//265
f 1167//264 1168//265 1169//266
f 1169//266 1168//265 1170//266
f 1169//266 1170//266 1171//267
f 1171//267 1170//266 1172//268
f 1171//267 1172//268 1173//289
f 1173//289 1172//268 1174//269
f 1173//289 1174//269 1175//270
f 1175//270 1174//269 1176//270
f 1175//270 1176//270 1105//210
f 1105//210 1176//270 1106//210
f 1177//210 1178//332 1179//210
f 1179//210 1178//332 1180//324
f 1179//210 1180//324 1181//212
f 1181//212 1180//324 1182//333
f 1181//212 1182//333 1183//214
f 1183//214 1182//333 1184//334
f 1183//214 1184//334 1185//216
f 1185//216 1184//334 1186//217
f 1185//216 1186//217 1187//218
f 1187//218 1186//217 1188//218
f 1187//218 1188//218 1189//219
f 1189//219 1188//218 1190//220
f 1189//219 1190//220 1191//221
f 1191//221 1190//220 1192//221
f 1191//221 1192//221 1193//223
f 1193//223 1192//221 1194//223
f 1193//223 1194//223 1195//225
f 1195//225 1194//223 1196//226
f 1195//225 1196//226 1197//227
f 1197//227 1196//226 1198//228
f 1197//227 1198//228 1199//229
f 1199//229 1198//228 1200//230
f 1199//229 1200//230 1201//231
f 1201//231 1200//230 1202//273
f 1201//231 1202//273 1203//279
f 1203//279 1202//273 1204//233
f 1203//279 1204//233 1205//234
f 1205//234 1204//233 1206//234
f 1205//234 1206//234 1207//235
f 1207//235 1206//234 1208//236
f 1207//235 1208//236 1209//238
f 1209//238 1208//236 1210//238
f 1209//238 1210//238 1211//274
f 1211//274 1210//238 1212//239
f 1211//274 1212//239 1213//240
f 1213//240 1212//239 1214//241
f 1213//240 1214//241 1215//242
f 1215//242 1214//241 1216//243
f 1215//242 1216//243 1217//244
f 1217//244 1216//243 1218//245
f 1217//244 1218//245 1219//246
f 1219//246 1218//245 1220//246
f 1219//246 1220//246 1221//286
f 1221//286 1220//246 1222//249
f 1221//286 1222//249 1223//250
f 1223//250 1222//249 1224//250
f 1223//250 1224//250 1225//251
f 1225//251 1224//250 1226//252
f 1225//251 1226//252 1227//253
f 1227//253 1226//252 1228//253
f 1227//253 1228//253 1229//254
f 1229//254 1228//253 1230//255
f 1229//254 1230//255 1231//276
f 1231//276 1230//255 1232//257
f 1231//276 1232//257 1233//258
f 1233//258 1232//257 1234//259
f 1233//258 1234//259 1235//260
f 1235//260 1234//259 1236//261
f 1235//260 1236//261 1237//262
f 1237//262 1236//261 1238//262
f 1237//262 1238//262 1239//264
f 1239//264 1238//262 1240//265
f 1239//264 1240//265 1241//266
f 1241//266 1240//265 1242//266
f 1241//266 1242//266 1243//267
f 1243//267 1242//266 1244//268
f 1243//267 1244//268 1245//289
f 1245//289 1244//268 1246//269
f 1245//289 1246//269 1247//270
f 1247//270 1246//269 1248//335
f 1247//270 1248//335 1177//210
f 1177//210 1248//335 1178//332
f 1249//210 1250//210 1251//210
f 1251//210 1250//210 1252//211
f 1251//210 1252//211 1253//212
f 1253//212 1252//211 1254//213
f 1253//212 1254//213 1255//214
f 1255//214 1254//213 1256//215
f 1255//214 1256//215 1257//216
f 1257//216 1256//215 1258//217
f 1257//216 1258//217 1259//218
f 1259//218 1258//217 1260//218
f 1259//218 1260//218 1261//219
f 1261//219 1260//218 1262//220
f 1261//219 1262//220 1263//221
f 1263//221 1262//220 1264//222
f 1263//221 1264//222 1265//223
f 1265//223 1264//222 1266//224
f 1265//223 1266//224 1267//272
f 1267//272 1266//224 1268//226
f 1267//272 1268//226 1269//227
f 1269//227 1268//226 1270//228
f 1269//227 1270//228 1271//229
f 1271//229 1270//228 1272//230
f 1271//229 1272//230 1273//231
f 1273//231 1272//230 1274//273
f 1273//231 1274//273 1275//232
f 1275//232 1274//273 1276//233
f 1275//232 1276//233 1277//234
f 1277//234 1276//233 1278//234
f 1277//234 1278//234 1279//235
f 1279//235 1278//234 1280//236
f 1279//235 1280//236 1281//237
f 1281//237 1280//236 1282//238
f 1281//237 1282//238 1283//274
f 1283//274 1282//238 1284//239
f 1283//274 1284//239 1285//240
f 1285//240 1284//239 1286//241
f 1285//240 1286//241 1287//242
f 1287//242 1286//241 1288//336
f 1287//242 1288//336 1289//244
f 1289//244 1288//336 1290//245
f 1289//244 1290//245 1291//246
f 1291//246 1290//245 1292//247
f 1291//246 1292//247 1293//286
f 1293//286 1292//247 1294//249
f 1293//286 1294//249 1295//250
f 1295//250 1294//249 1296//250
f 1295//250 1296//250 1297//251
f 1297//251 1296//250 1298//252
f 1297//251 1298//252 1299//275
f 1299//275 1298//252 1300//253
f 1299//275 1300//253 1301//254
f 1301//254 1300//253 1302//255
f 1301//254 1302//255 1303//276
f 1303//276 1302//255 1304//257
f 1303//276 1304//257 1305//258
f 1305//258 1304//257 1306//259
f 1305//258 1306//259 1307//260
f 1307//260 1306//259 1308//261
f 1307//260 1308//261 1309//262
f 1309//262 1308//261 1310//263
f 1309//262 1310//263 1311//264
f 1311//264 1310//263 1312//265
f 1311//264 1312//265 1313//266
f 1313//266 1312//265 1314//266
f 1313//266 1314//266 1315//267
f 1315//267 1314//266 1316//268
f 1315//267 1316//268 1317//289
f 1317//289 1316//268 1318//269
f 1317//289 1318//269 1319//270
f 1319//270 1318//269 1320//270
f 1319//270 1320//270 1249//210
f 1249//210 1320//270 1250//210
f 1321//94 1322//94 1323//94
f 1323//94 1322//94 1324//94
f 1323//94 1324//94 1325//94
f 1325//94 1324//94 1326//94
f 1325//94 1326//94 1327//94
f 1327//94 1326//94 1328//94
f 1327//94 1328//94 1329//94
f 1329//94 1328//94 1330//94
f 1329//94 1330//94 1331//94
f 1331//94 1330//94 1332//94
f 1331//94 1332//94 1333//94
f 1333//94 1332//94 1334//94
f 1333//94 1334//94 1335//94
f 1335//94 1334//94 1336//94
f 1335//94 1336//94 1337//94
f 1337//94 1336//94 1338//94
f 1337//94 1338//94 1339//94
f 1339//94 1338//94 1340//94
f 1339//94 1340//94 1341//94
f 1341//94 1340//94 1342//94
f 1341//94 1342//94 1343//94
f 1343//94 1342//94 1344//94
f 1343//94 1344//94 1345//94
f 1345//94 1344//94 1346//94
f 1345//94 1346//94 1347//94
f 1347//94 1346//94 1348//94
f 1347//94 1348//94 1349//94
f 1349//94 1348//94 1350//94
f 1349//94 1350//94 1351//94
f 1351//94 1350//94 1352//94
f 1351//94 1352//94 1353//94
f 1353//94 1352//94 1354//94
f 1353//94 1354//94 1355//94
f 1355//94 1354//94 1356//94
f 1355//94 1356//94 1357//94
f 1357//94 1356//94 1358//94
f 1357//94 1358//94 1359//94
f 1359//94 1358//94 1360//94
f 1359//94 1360//94 1361//94
f 1361//94 1360//94 1362//94
f 1361//94 1362//94 1363//94
f 1363//94 1362//94 1364//94
f 1363//94 1364//94 1365//94
f 1365//94 1364//94 1366//94
f 1365//94 1366//94 1367//94
f 1367//94 1366//94 1368//94
f 1367//94 1368//94 1369//94
f 1369//94 1368//94 1370//94
f 1369//94 1370//94 1371//94
f 1371//94 1370//94 1372//94
f 1371//94 1372//94 1373//94
f 1373//94 1372//94 1374//94
f 1373//94 1374//94 1375//94
f 1375//94 1374//94 1376//94
f 1375//94 1376//94 1377//94
f 1377//94 1376//94 1378//94
f 1377//94 1378//94 1379//94
f 1379//94 1378//94 1380//94
f 1379//94 1380//94 1381//94
f 1381//94 1380//94 1382//94
f 1381//94 1382//94 1383//94
f 1383//94 1382//94 1384//94
f 1383//94 1384//94 1385//94
f 1385//94 1384//94 1386//94
f 1385//94 1386//94 1387//94
f 1387//94 1386//94 1388//94
f 1387//94 1388//94 1389//94
f 1389//94 1388//94 1390//94
f 1389//94 1390//94 1391//94
f 1391//94 1390//94 1392//94
f 1391//94 1392//94 1321//94
f 1321//94 1392//94 1322//94
f 1393//100 1394//337 1395//337
f 1395//337 1394//337 1396//338
f 1394//337 1397//98 1396//338
f 1396//338 1397//98 1398//339
f 1396//338 1398//339 1399//340
f 1399//340 1398//339 1400//341
f 1399//340 1400//341 1401//206
f 1401//206 1400//341 1402//342
f 1401//206 1402//342 1403//343
f 1403//343 1402//342 1404//344
f 1403//343 1404//344 1405//345
f 1405//345 1404//344 1406//346
f 1405//345 1406//346 1407//347
f 1407//347 1406//346 1408//348
f 1407//347 1408//348 1409//349
f 1409//349 1408//348 1410//350
f 1409//349 1410//350 1411//351
f 1411//351 1410//350 1412//352
f 1411//351 1412//352 1413//353
f 1413//353 1412//352 1414//354
f 1413//353 1414//354 1415//355
f 1415//355 1414//354 1416//356
f 1415//355 1416//356 1417//357
f 1417//357 1416//356 1418//358
f 1417//357 1418//358 1419//188
f 1419//188 1418//358 1420//359
f 1419//188 1420//359 1421//186
f 1421//186 1420//359 1422//360
f 1421//186 1422//360 1423//361
f 1423//361 1422//360 1424//362
f 1423//361 1424//362 1425//363
f 1425//363 1424//362 1426//364
f 1425//363 1426//364 1427//365
f 1427//365 1426//364 1428//366
f 1427//365 1428//366 1429//367
f 1429//367 1428//366 1430//368
f 1429//367 1430//368 1431//176
f 1431//176 1430//368 1432//369
f 1431//176 1432//369 1433//174
f 1433//174 1432//369 1434//370
f 1433//174 1434//370 1435//371
f 1435//371 1434//370 1436//372
f 1435//371 1436//372 1437//373
f 1437//373 1436//372 1438//374
f 1437//373 1438//374 1439//375
f 1439//375 1438//374 1440//376
f 1439//375 1440//376 1441//377
f 1441//377 1440//376 1442//378
f 1441//377 1442//378 1443//379
f 1443//379 1442//378 1444//380
f 1443//379 1444//380 1445//381
f 1445//381 1444//380 1446//382
f 1445//381 1446//382 1447//383
f 1447//383 1446//382 1448//384
f 1447//383 1448//384 1449//385
f 1449//385 1448//384 1450//386
f 1449//385 1450//386 1451//387
f 1451//387 1450//386 1452//388
f 1451//387 1452//388 1453//154
f 1453//154 1452//388 1454//389
f 1453//154 1454//389 1455//390
f 1455//390 1454//389 1456//391
f 1455//390 1456//391 1457//392
f 1457//392 1456//391 1458//393
f 1457//392 1458//393 1459//394
f 1459//394 1458//393 1460//395
f 1459//394 1460//395 1461//146
f 1461//146 1460//395 1462//396
f 1461//146 1462//396 1463//144
f 1463//144 1462//396 1464//397
f 1463//144 1464//397 1465//398
f 1465//398 1464//397 1466//399
f 1465//398 1466//399 1467//140
f 1467//140 1466//399 1468//400
f 1467//140 1468//400 1469//401
f 1469//401 1468//400 1470//402
f 1469//401 1470//402 1471//403
f 1471//403 1470//402 1472//404
f 1471//403 1472//404 1473//405
f 1473//405 1472//404 1474//406
f 1473//405 1474//406 1475//407
f 1475//407 1474//406 1476//408
f 1475//407 1476//408 1477//130
f 1477//130 1476//408 1478//409
f 1477//130 1478//409 1479//410
f 1479//410 1478//409 1480//411
f 1479//410 1480//411 1481//412
f 1481//412 1480//411 1482//413
f 1481//412 1482//413 1483//124
f 1483//124 1482//413 1484//414
f 1483//124 1484//414 1485//415
f 1485//415 1484//414 1486//416
f 1485//415 1486//416 1487//417
f 1487//417 1486//416 1488//418
f 1487//417 1488//418 1489//419
f 1489//419 1488//418 1490//420
f 1489//419 1490//420 1491//421
f 1491//421 1490//420 1492//422
f 1491//421 1492//422 1493//423
f 1493//423 1492//422 1494//424
f 1493//423 1494//424 1495//425
f 1495//425 1494//424 1496//426
f 1495//425 1496//426 1497//427
f 1497//427 1496//426 1498//428
f 1497//427 1498//428 1499//429
f 1499//429 1498//428 1500//430
f 1499//429 1500//430 1501//106
f 1501//106 1500//430 1502//431
f 1501//106 1502//431 1503//104
f 1503//104 1502//431 1393//100
f 1503//104 1393//100 1504//432
f 1504//432 1393//100 1395//337
f 1505//210 1506//210 1507//210
f 1507//210 1506//210 1508//210
f 1507//210 1508//210 1509//212
f 1509//212 1508//210 1510//212
f 1509//212 1510//212 1511//214
f 1511//214 1510//212 1512//214
f 1511//214 1512//214 1513//216
f 1513//216 1512//214 1514//271
f 1513//216 1514//271 1515//218
f 1515//218 1514//271 1516//218
f 1515//218 1516//218 1517//219
f 1517//219 1516//218 1518//219
f 1517//219 1518//219 1519//221
f 1519//221 1518//219 1520//222
f 1519//221 1520//222 1521//223
f 1521//223 1520//222 1522//224
f 1521//223 1522//224 1523//225
f 1523//225 1522//224 1524//225
f 1523//225 1524//225 1525//227
f 1525//227 1524//225 1526//227
f 1525//227 1526//227 1527//229
f 1527//229 1526//227 1528//229
f 1527//229 1528//229 1529//231
f 1529//231 1528//229 1530//231
f 1529//231 1530//231 1531//232
f 1531//232 1530//231 1532//232
f 1531//232 1532//232 1533//234
f 1533//234 1532//232 1534//234
f 1533//234 1534//234 1535//235
f 1535//235 1534//234 1536//235
f 1535//235 1536//235 1537//237
f 1537//237 1536//235 1538//238
f 1537//237 1538//238 1539//274
f 1539//274 1538//238 1540//239
f 1539//274 1540//239 1541//240
f 1541//240 1540//239 1542//240
f 1541//240 1542//240 1543//242
f 1543//242 1542//240 1544//242
f 1543//242 1544//242 1545//244
f 1545//244 1544//242 1546//244
f 1545//244 1546//244 1547//246
f 1547//246 1546//244 1548//246
f 1547//246 1548//246 1549//248
f 1549//248 1548//246 1550//248
f 1549//248 1550//248 1551//250
f 1551//250 1550//248 1552//250
f 1551//250 1552//250 1553//251
f 1553//251 1552//250 1554//251
f 1553//251 1554//251 1555//275
f 1555//275 1554//251 1556//253
f 1555//275 1556//253 1557//254
f 1557//254 1556//253 1558//255
f 1557//254 1558//255 1559//276
f 1559//276 1558//255 1560//276
f 1559//276 1560//276 1561//258
f 1561//258 1560//276 1562//258
f 1561//258 1562//258 1563//260
f 1563//260 1562//258 1564//260
f 1563//260 1564//260 1565//262
f 1565//262 1564//260 1566//262
f 1565//262 1566//262 1567//287
f 1567//287 1566//262 1568//287
f 1567//287 1568//287 1569//266
f 1569//266 1568//287 1570//266
f 1569//266 1570//266 1571//267
f 1571//267 1570//266 1572//267
f 1571//267 1572//267 1573//289
f 1573//289 1572//267 1574//269
f 1573//289 1574//269 1575//277
f 1575//277 1574//269 1576//270
f 1575//277 1576//270 1505//210
f 1505//210 1576//270 1506//210
f 1464//397 1462//396 1577//96
f 1432//369 1578//96 1434//370
f 1430//368 1428//366 1579//96
f 1418//358 1416//356 1580//96
f 1549//248 1551//250 1581//96
f 1582//96 1543//242 1545//244
f 1535//235 1537//237 1583//96
f 1583//96 1537//237 1539//274
f 1583//96 1539//274 1582//96
f 1582//96 1539//274 1541//240
f 1582//96 1541//240 1543//242
f 1584//96 1531//232 1583//96
f 1583//96 1531//232 1533//234
f 1583//96 1533//234 1535//235
f 1515//218 1517//219 1585//96
f 1585//96 1517//219 1519//221
f 1521//223 1523//225 1586//96
f 1523//225 1525//227 1586//96
f 1586//96 1525//227 1527//229
f 1586//96 1527//229 1529//231
f 1509//212 1511//214 1587//96
f 1587//96 1511//214 1513//216
f 1587//96 1513//216 1588//96
f 1573//289 1575//277 1589//96
f 1589//96 1575//277 1505//210
f 1589//96 1505//210 1587//96
f 1587//96 1505//210 1507//210
f 1587//96 1507//210 1509//212
f 1590//96 1567//287 1591//96
f 1591//96 1567//287 1569//266
f 1591//96 1569//266 1589//96
f 1589//96 1569//266 1571//267
f 1589//96 1571//267 1573//289
f 1551//250 1553//251 1581//96
f 1581//96 1553//251 1555//275
f 1581//96 1555//275 1557//254
f 1559//276 1561//258 1590//96
f 1561//258 1563//260 1590//96
f 1590//96 1563//260 1565//262
f 1590//96 1565//262 1567//287
f 699//279 701//234 1502//431
f 1592//96 677//212 679//214
f 735//264 737//266 1593//96
f 1593//96 737//266 739//267
f 1593//96 739//267 741//269
f 741//269 743//296 1593//96
f 1593//96 743//296 673//290
f 1593//96 673//290 1592//96
f 1592//96 673//290 675//210
f 1592//96 675//210 677//212
f 679//214 681//216 1592//96
f 1592//96 681//216 683//218
f 1592//96 683//218 685//219
f 701//234 703//235 1502//431
f 1502//431 703//235 705//238
f 1502//431 705//238 1393//100
f 1393//100 705//238 707//239
f 1393//100 707//239 1394//337
f 1394//337 707//239 709//240
f 1394//337 709//240 1397//98
f 1397//98 709//240 711//242
f 1397//98 711//242 1398//339
f 1398//339 711//242 713//244
f 1398//339 713//244 715//246
f 715//246 717//248 1398//339
f 1398//339 717//248 719//250
f 1398//339 719//250 721//251
f 685//219 687//221 1592//96
f 1592//96 687//221 689//223
f 1592//96 689//223 691//225
f 693//227 695//229 1502//431
f 1502//431 695//229 697//231
f 1502//431 697//231 699//279
f 729//258 731//260 1593//96
f 1593//96 731//260 733//262
f 1593//96 733//262 735//264
f 723//275 725//255 1593//96
f 1593//96 725//255 727//276
f 1593//96 727//276 729//258
f 1406//346 1404//344 1594//96
f 1594//96 1404//344 1402//342
f 1594//96 1402//342 1595//96
f 1595//96 1402//342 1400//341
f 1595//96 1400//341 1593//96
f 1593//96 1400//341 1398//339
f 1593//96 1398//339 723//275
f 723//275 1398//339 721//251
f 1414//354 1412//352 1596//96
f 1596//96 1412//352 1410//350
f 1596//96 1410//350 1594//96
f 1594//96 1410//350 1408//348
f 1594//96 1408//348 1406//346
f 1426//364 1424//362 1597//96
f 1597//96 1424//362 1422//360
f 1597//96 1422//360 1598//96
f 1434//370 1578//96 1436//372
f 1436//372 1578//96 1599//96
f 1436//372 1599//96 1438//374
f 1600//96 1442//378 1601//96
f 1601//96 1442//378 1440//376
f 1602//96 1446//382 1600//96
f 1600//96 1446//382 1444//380
f 1600//96 1444//380 1442//378
f 1577//96 1456//391 1603//96
f 1603//96 1456//391 1454//389
f 1603//96 1454//389 1604//96
f 1604//96 1454//389 1452//388
f 1604//96 1452//388 1605//96
f 1605//96 1452//388 1450//386
f 1605//96 1450//386 1602//96
f 1602//96 1450//386 1448//384
f 1602//96 1448//384 1446//382
f 1462//396 1460//395 1577//96
f 1577//96 1460//395 1458//393
f 1577//96 1458//393 1456//391
f 1470//402 1468//400 1606//96
f 1606//96 1468//400 1466//399
f 1472//404 1607//96 1474//406
f 1474//406 1607//96 1608//96
f 1474//406 1608//96 1476//408
f 493//240 495//242 1609//96
f 1609//96 495//242 497//244
f 497//244 499//246 1609//96
f 1609//96 499//246 501//248
f 1609//96 501//248 503//250
f 511//256 513//258 1608//96
f 1608//96 513//258 515//260
f 1608//96 515//260 517//262
f 503//250 505//251 1609//96
f 1609//96 505//251 507//253
f 1609//96 507//253 509//254
f 479//229 481//231 1480//411
f 1480//411 481//231 483//232
f 1480//411 483//232 485//234
f 517//262 519//264 1608//96
f 1608//96 519//264 521//266
f 1608//96 521//266 523//267
f 485//234 487//235 1480//411
f 1480//411 487//235 489//237
f 1480//411 489//237 1609//96
f 1609//96 489//237 491//239
f 1609//96 491//239 493//240
f 523//267 525//269 1608//96
f 1608//96 525//269 527//270
f 1608//96 527//270 457//210
f 465//216 467//218 1476//408
f 1476//408 467//218 469//219
f 469//219 471//221 1476//408
f 1476//408 471//221 473//223
f 1476//408 473//223 1478//409
f 1478//409 473//223 475//225
f 1478//409 475//225 1480//411
f 1480//411 475//225 477//227
f 1480//411 477//227 479//229
f 457//210 459//210 1608//96
f 1608//96 459//210 461//212
f 1608//96 461//212 1476//408
f 1476//408 461//212 463//214
f 1476//408 463//214 465//216
f 1610//96 1484//414 1611//96
f 1611//96 1484//414 1482//413
f 1611//96 1482//413 1612//96
f 1494//424 1492//422 1610//96
f 1610//96 1492//422 1490//420
f 1490//420 1488//418 1610//96
f 1610//96 1488//418 1486//416
f 1610//96 1486//416 1484//414
f 691//225 693//227 1592//96
f 1592//96 693//227 1502//431
f 1592//96 1502//431 1613//96
f 1613//96 1502//431 1500//430
f 1613//96 1500//430 1614//96
f 1614//96 1500//430 1498//428
f 1614//96 1498//428 1496//426
f 529//210 531//210 1612//96
f 561//238 563//274 1611//96
f 1611//96 563//274 565//240
f 1611//96 565//240 567//242
f 567//242 1615//96 1611//96
f 1611//96 1615//96 1614//96
f 1611//96 1614//96 1610//96
f 1610//96 1614//96 1496//426
f 1610//96 1496//426 1494//424
f 531//210 533//212 1612//96
f 1612//96 533//212 535//214
f 1612//96 535//214 537//271
f 567//242 569//244 1615//96
f 1615//96 569//244 571//246
f 1615//96 571//246 573//248
f 573//248 575//250 1615//96
f 1615//96 575//250 577//251
f 1615//96 577//251 579//275
f 593//266 595//267 1616//96
f 1616//96 595//267 597//269
f 1616//96 597//269 1612//96
f 1612//96 597//269 599//277
f 1612//96 599//277 529//210
f 581//255 583//276 1616//96
f 1616//96 583//276 585//258
f 1616//96 585//258 587//260
f 587//260 589//262 1616//96
f 1616//96 589//262 591//264
f 1616//96 591//264 593//266
f 537//271 539//218 1612//96
f 1612//96 539//218 541//219
f 1612//96 541//219 543//221
f 549//227 1611//96 547//272
f 547//272 1611//96 1612//96
f 547//272 1612//96 545//223
f 545//223 1612//96 543//221
f 549//227 551//229 1611//96
f 1611//96 551//229 553//231
f 1611//96 553//231 555//232
f 555//232 557//234 1611//96
f 1611//96 557//234 559//235
f 1611//96 559//235 561//238
f 1255//214 1257//216 1607//96
f 1279//235 1281//237 1608//96
f 1293//286 1617//96 1291//246
f 1291//246 1617//96 1289//244
f 1301//254 1303//276 1618//96
f 1618//96 1303//276 1305//258
f 1618//96 1305//258 1307//260
f 1307//260 1309//262 1618//96
f 1618//96 1309//262 1311//264
f 1618//96 1311//264 1313//266
f 1281//237 1283//274 1608//96
f 1608//96 1283//274 1285//240
f 1608//96 1285//240 1617//96
f 1617//96 1285//240 1287//242
f 1617//96 1287//242 1289//244
f 1293//286 1295//250 1617//96
f 1617//96 1295//250 1297//251
f 1617//96 1297//251 1299//275
f 1249//210 1251//210 1607//96
f 1607//96 1251//210 1253//212
f 1607//96 1253//212 1255//214
f 1257//216 1259//218 1607//96
f 1607//96 1259//218 1261//219
f 1607//96 1261//219 1263//221
f 1608//96 1271//229 1273//231
f 1313//266 1315//267 1618//96
f 1618//96 1315//267 1317//289
f 1618//96 1317//289 1607//96
f 1607//96 1317//289 1319//270
f 1607//96 1319//270 1249//210
f 1273//231 1275//232 1608//96
f 1608//96 1275//232 1277//234
f 1608//96 1277//234 1279//235
f 1263//221 1265//223 1607//96
f 1607//96 1265//223 1267//272
f 1607//96 1267//272 1608//96
f 1608//96 1267//272 1269//227
f 1608//96 1269//227 1271//229
f 639//242 641//285 1613//96
f 1613//96 641//285 643//246
f 639//242 1613//96 637//283
f 637//283 1613//96 1614//96
f 637//283 1614//96 635//281
f 619//225 621//227 1614//96
f 1614//96 621//227 623//229
f 623//229 625//231 1614//96
f 1614//96 625//231 627//279
f 1614//96 627//279 629//234
f 643//246 645//286 1613//96
f 1613//96 645//286 647//250
f 1613//96 647//250 649//251
f 649//251 651//253 1613//96
f 1613//96 651//253 653//254
f 1613//96 653//254 655//276
f 605//212 607//214 1615//96
f 1615//96 607//214 609//216
f 1615//96 609//216 611//218
f 629//234 631//235 1614//96
f 1614//96 631//235 633//237
f 1614//96 633//237 635//281
f 611//218 613//219 1615//96
f 1615//96 613//219 615//222
f 1615//96 615//222 1614//96
f 1614//96 615//222 617//223
f 1614//96 617//223 619//225
f 657//258 659//260 1619//96
f 1619//96 659//260 661//262
f 1619//96 661//262 663//287
f 663//287 665//266 1619//96
f 1619//96 665//266 667//267
f 1619//96 667//267 669//289
f 669//289 671//270 1619//96
f 1619//96 671//270 601//210
f 1619//96 601//210 1615//96
f 1615//96 601//210 603//210
f 1615//96 603//210 605//212
f 1482//413 1480//411 1612//96
f 1612//96 1480//411 1609//96
f 1612//96 1609//96 1616//96
f 1616//96 1609//96 1620//96
f 1616//96 1620//96 1584//96
f 1584//96 1620//96 1586//96
f 1584//96 1586//96 1531//232
f 1531//232 1586//96 1529//231
f 509//254 511//256 1609//96
f 1609//96 511//256 1608//96
f 1609//96 1608//96 1620//96
f 1620//96 1608//96 1617//96
f 1620//96 1617//96 1586//96
f 1586//96 1617//96 1585//96
f 1586//96 1585//96 1521//223
f 1521//223 1585//96 1519//221
f 1299//275 1301//254 1617//96
f 1617//96 1301//254 1618//96
f 1617//96 1618//96 1585//96
f 1585//96 1618//96 1588//96
f 1585//96 1588//96 1515//218
f 1515//218 1588//96 1513//216
f 1217//244 1219//246 1588//96
f 1181//212 1183//214 1621//96
f 1217//244 1588//96 1215//242
f 1207//235 1209//238 1618//96
f 1618//96 1209//238 1211//274
f 1618//96 1211//274 1588//96
f 1588//96 1211//274 1213//240
f 1588//96 1213//240 1215//242
f 1219//246 1221//286 1588//96
f 1588//96 1221//286 1223//250
f 1588//96 1223//250 1225//251
f 1227//253 1229//254 1622//96
f 1622//96 1229//254 1231//276
f 1622//96 1231//276 1233//258
f 1233//258 1235//260 1622//96
f 1622//96 1235//260 1237//262
f 1622//96 1237//262 1239//264
f 1239//264 1241//266 1622//96
f 1622//96 1241//266 1243//267
f 1622//96 1243//267 1245//289
f 1245//289 1247//270 1622//96
f 1622//96 1247//270 1177//210
f 1622//96 1177//210 1621//96
f 1621//96 1177//210 1179//210
f 1621//96 1179//210 1181//212
f 1183//214 1185//216 1621//96
f 1621//96 1185//216 1187//218
f 1621//96 1187//218 1189//219
f 1197//227 1199//229 1618//96
f 1618//96 1199//229 1201//231
f 1189//219 1191//221 1621//96
f 1621//96 1191//221 1193//223
f 1621//96 1193//223 1195//225
f 1201//231 1203//279 1618//96
f 1618//96 1203//279 1205//234
f 1618//96 1205//234 1207//235
f 1195//225 1197//227 1621//96
f 1621//96 1197//227 1618//96
f 1621//96 1618//96 1606//96
f 1606//96 1618//96 1607//96
f 1606//96 1607//96 1470//402
f 1470//402 1607//96 1472//404
f 655//276 657//258 1613//96
f 1613//96 657//258 1619//96
f 1613//96 1619//96 1592//96
f 1592//96 1619//96 1623//96
f 1592//96 1623//96 1593//96
f 1593//96 1623//96 1624//96
f 1602//96 1171//267 1173//289
f 1109//212 1111//214 1605//96
f 1133//234 1135//235 1625//96
f 1626//96 1625//96 1141//329
f 1141//329 1143//331 1626//96
f 1626//96 1143//331 1145//244
f 1626//96 1145//244 1147//246
f 1161//258 1163//260 1602//96
f 1602//96 1163//260 1165//262
f 1173//289 1175//270 1602//96
f 1602//96 1175//270 1105//210
f 1602//96 1105//210 1605//96
f 1605//96 1105//210 1107//210
f 1605//96 1107//210 1109//212
f 1135//235 1137//238 1625//96
f 1625//96 1137//238 1139//281
f 1625//96 1139//281 1141//329
f 1147//246 1149//286 1626//96
f 1626//96 1149//286 1151//250
f 1626//96 1151//250 1153//251
f 1153//251 1155//275 1626//96
f 1626//96 1155//275 1157//255
f 1626//96 1157//255 1159//276
f 1165//262 1167//264 1602//96
f 1602//96 1167//264 1169//266
f 1602//96 1169//266 1171//267
f 1111//214 1113//271 1605//96
f 1605//96 1113//271 1115//218
f 1605//96 1115//218 1117//219
f 1119//221 1121//224 1625//96
f 1121//224 1123//225 1625//96
f 1625//96 1123//225 1125//227
f 1625//96 1125//227 1127//229
f 1117//219 1119//221 1605//96
f 1605//96 1119//221 1625//96
f 1605//96 1625//96 1604//96
f 1604//96 1625//96 1622//96
f 1604//96 1622//96 1603//96
f 1603//96 1622//96 1621//96
f 1603//96 1621//96 1577//96
f 1577//96 1621//96 1606//96
f 1577//96 1606//96 1464//397
f 1464//397 1606//96 1466//399
f 1127//229 1129//231 1625//96
f 1625//96 1129//231 1131//279
f 1625//96 1131//279 1133//234
f 785//244 787//246 1595//96
f 785//244 1595//96 783//306
f 783//306 1595//96 781//304
f 781//304 1595//96 1593//96
f 781//304 1593//96 779//302
f 787//246 789//286 1595//96
f 1595//96 789//286 791//250
f 1595//96 791//250 793//251
f 793//251 795//275 1595//96
f 1595//96 795//275 797//255
f 1595//96 797//255 799//276
f 807//264 809//266 1627//96
f 1627//96 809//266 811//267
f 1627//96 811//267 813//289
f 749//212 751//214 1624//96
f 771//232 773//234 1593//96
f 773//234 775//300 1593//96
f 1593//96 775//300 777//237
f 1593//96 777//237 779//302
f 801//258 803//260 1627//96
f 1627//96 803//260 805//262
f 1627//96 805//262 807//264
f 813//289 815//270 1627//96
f 1627//96 815//270 745//210
f 1627//96 745//210 1624//96
f 1624//96 745//210 747//297
f 1624//96 747//297 749//212
f 751//214 753//271 1624//96
f 1624//96 753//271 755//218
f 1624//96 755//218 757//219
f 765//227 767//229 1593//96
f 1593//96 767//229 769//231
f 1593//96 769//231 771//232
f 757//219 759//221 1624//96
f 1624//96 759//221 761//223
f 1624//96 761//223 1593//96
f 1593//96 761//223 763//225
f 1593//96 763//225 765//227
f 579//275 581//255 1615//96
f 1615//96 581//255 1616//96
f 1615//96 1616//96 1619//96
f 1619//96 1616//96 1584//96
f 1619//96 1584//96 1623//96
f 1623//96 1584//96 1583//96
f 1623//96 1583//96 1624//96
f 1624//96 1583//96 1582//96
f 1624//96 1582//96 1627//96
f 1627//96 1582//96 1628//96
f 1069//240 1071//242 1591//96
f 1591//96 1071//242 1073//244
f 1591//96 1073//244 1075//246
f 1075//246 1077//286 1591//96
f 1591//96 1077//286 1079//250
f 1591//96 1079//250 1081//251
f 1083//275 1085//255 1629//96
f 1629//96 1085//255 1087//276
f 1629//96 1087//276 1089//258
f 1089//258 1091//260 1629//96
f 1629//96 1091//260 1093//262
f 1629//96 1093//262 1095//264
f 1051//225 1053//227 1589//96
f 1095//264 1097//266 1629//96
f 1629//96 1097//266 1099//267
f 1629//96 1099//267 1101//289
f 1037//212 1039//214 1626//96
f 1626//96 1039//214 1041//216
f 1626//96 1041//216 1043//218
f 1043//218 1045//219 1626//96
f 1626//96 1045//219 1047//221
f 1626//96 1047//221 1049//223
f 1101//289 1103//327 1629//96
f 1629//96 1103//327 1033//321
f 1629//96 1033//321 1626//96
f 1626//96 1033//321 1035//323
f 1626//96 1035//323 1037//212
f 1049//223 1051//225 1626//96
f 1626//96 1051//225 1589//96
f 1626//96 1589//96 1625//96
f 1625//96 1589//96 1587//96
f 1625//96 1587//96 1622//96
f 1622//96 1587//96 1588//96
f 1622//96 1588//96 1227//253
f 1227//253 1588//96 1225//251
f 1053//227 1055//229 1589//96
f 1589//96 1055//229 1057//231
f 1589//96 1057//231 1059//232
f 1069//240 1591//96 1067//274
f 1067//274 1591//96 1589//96
f 1067//274 1589//96 1065//237
f 1059//232 1061//234 1589//96
f 1589//96 1061//234 1063//235
f 1589//96 1063//235 1065//237
f 853//240 855//242 1630//96
f 1630//96 855//242 857//244
f 839//229 841//231 1627//96
f 1627//96 841//231 843//279
f 1627//96 843//279 845//234
f 857//244 859//246 1630//96
f 1630//96 859//246 861//286
f 1630//96 861//286 863//250
f 871//315 873//258 1631//96
f 1631//96 873//258 875//260
f 863//250 865//251 1630//96
f 1630//96 865//251 867//253
f 1630//96 867//253 869//254
f 875//260 877//262 1631//96
f 1631//96 877//262 879//264
f 1631//96 879//264 881//266
f 831//221 833//223 1628//96
f 1628//96 833//223 835//225
f 1628//96 835//225 1627//96
f 1627//96 835//225 837//227
f 1627//96 837//227 839//229
f 845//234 847//235 1627//96
f 1627//96 847//235 849//238
f 1627//96 849//238 1630//96
f 1630//96 849//238 851//274
f 1630//96 851//274 853//240
f 881//266 883//267 1631//96
f 1631//96 883//267 885//269
f 1631//96 885//269 887//277
f 823//214 825//216 1628//96
f 825//216 827//218 1628//96
f 1628//96 827//218 829//219
f 1628//96 829//219 831//221
f 887//277 817//210 1631//96
f 1631//96 817//210 819//210
f 1631//96 819//210 1628//96
f 1628//96 819//210 821//212
f 1628//96 821//212 823//214
f 1009//251 1011//275 1632//96
f 1632//96 1011//275 1013//254
f 1001//244 1003//246 1632//96
f 983//229 985//231 1590//96
f 1001//244 1632//96 999//242
f 1003//246 1005//286 1632//96
f 1632//96 1005//286 1007//250
f 1632//96 1007//250 1009//251
f 1025//266 1633//96 1023//264
f 1023//264 1633//96 1021//262
f 975//221 977//223 1591//96
f 1591//96 977//223 979//225
f 1591//96 979//225 1590//96
f 1590//96 979//225 981//227
f 1590//96 981//227 983//229
f 1015//320 1017//258 1633//96
f 1633//96 1017//258 1019//260
f 1633//96 1019//260 1021//262
f 1025//266 1027//267 1633//96
f 1633//96 1027//267 1029//289
f 1633//96 1029//289 1031//270
f 1031//270 961//210 1633//96
f 1633//96 961//210 963//210
f 1633//96 963//210 1591//96
f 991//235 993//237 1590//96
f 1590//96 993//237 995//274
f 1590//96 995//274 1632//96
f 1632//96 995//274 997//240
f 1632//96 997//240 999//242
f 963//210 965//212 1591//96
f 1591//96 965//212 967//214
f 1591//96 967//214 969//216
f 985//231 987//279 1590//96
f 1590//96 987//279 989//234
f 1590//96 989//234 991//235
f 969//216 971//218 1591//96
f 1591//96 971//218 973//219
f 1591//96 973//219 975//221
f 1159//276 1161//258 1626//96
f 1626//96 1161//258 1602//96
f 1626//96 1602//96 1629//96
f 1629//96 1602//96 1600//96
f 1629//96 1600//96 1599//96
f 1599//96 1600//96 1601//96
f 1599//96 1601//96 1438//374
f 1438//374 1601//96 1440//376
f 799//276 801//258 1595//96
f 1595//96 801//258 1627//96
f 1595//96 1627//96 1594//96
f 1594//96 1627//96 1630//96
f 1594//96 1630//96 1596//96
f 1596//96 1630//96 1580//96
f 1596//96 1580//96 1414//354
f 1414//354 1580//96 1416//356
f 869//254 871//315 1630//96
f 1630//96 871//315 1631//96
f 1630//96 1631//96 1580//96
f 1580//96 1631//96 1634//96
f 1580//96 1634//96 1418//358
f 1418//358 1634//96 1420//359
f 1545//244 1547//246 1582//96
f 1582//96 1547//246 1549//248
f 1582//96 1549//248 1628//96
f 1628//96 1549//248 1581//96
f 1628//96 1581//96 1631//96
f 1631//96 1581//96 1635//96
f 1631//96 1635//96 1634//96
f 1634//96 1635//96 1598//96
f 1634//96 1598//96 1420//359
f 1420//359 1598//96 1422//360
f 947//260 949//262 1597//96
f 1597//96 949//262 951//264
f 1597//96 951//264 953//266
f 1635//96 925//240 927//242
f 931//246 933//286 1598//96
f 1635//96 927//242 1598//96
f 1598//96 927//242 929//285
f 1598//96 929//285 931//246
f 933//286 935//250 1598//96
f 1598//96 935//250 937//251
f 1598//96 937//251 939//253
f 913//231 915//232 1635//96
f 1635//96 915//232 917//234
f 1635//96 917//234 919//235
f 939//253 941//255 1598//96
f 1598//96 941//255 943//276
f 1598//96 943//276 1597//96
f 1597//96 943//276 945//258
f 1597//96 945//258 947//260
f 899//218 1632//96 897//216
f 897//216 1632//96 895//214
f 919//235 921//237 1635//96
f 1635//96 921//237 923//239
f 1635//96 923//239 925//240
f 899//218 901//219 1632//96
f 1632//96 901//219 903//221
f 1632//96 903//221 905//223
f 953//266 955//267 1597//96
f 1597//96 955//267 957//289
f 1597//96 957//289 1632//96
f 1632//96 957//289 959//270
f 1632//96 959//270 889//210
f 889//210 891//210 1632//96
f 1632//96 891//210 893//212
f 1632//96 893//212 895//214
f 907//317 909//227 1635//96
f 1635//96 909//227 911//229
f 1635//96 911//229 913//231
f 905//223 907//317 1632//96
f 1632//96 907//317 1635//96
f 1632//96 1635//96 1590//96
f 1590//96 1635//96 1581//96
f 1590//96 1581//96 1559//276
f 1559//276 1581//96 1557//254
f 1013//254 1015//320 1632//96
f 1632//96 1015//320 1633//96
f 1632//96 1633//96 1597//96
f 1597//96 1633//96 1579//96
f 1597//96 1579//96 1426//364
f 1426//364 1579//96 1428//366
f 1081//251 1083//275 1591//96
f 1591//96 1083//275 1629//96
f 1591//96 1629//96 1633//96
f 1633//96 1629//96 1599//96
f 1633//96 1599//96 1579//96
f 1579//96 1599//96 1578//96
f 1579//96 1578//96 1430//368
f 1430//368 1578//96 1432//369
f 1636//94 1637//94 1638//94
f 1638//94 1637//94 1639//94
f 1638//94 1639//94 1640//94
f 1640//94 1639//94 1641//94
f 1640//94 1641//94 1642//94
f 1642//94 1641//94 1643//94
f 1642//94 1643//94 1644//94
f 1644//94 1643//94 1645//94
f 1644//94 1645//94 1646//94
f 1646//94 1645//94 1647//94
f 1646//94 1647//94 1648//94
f 1648//94 1647//94 1649//94
f 1648//94 1649//94 1650//94
f 1650//94 1649//94 1651//94
f 1650//94 1651//94 1652//94
f 1652//94 1651//94 1653//94
f 1652//94 1653//94 1654//94
f 1654//94 1653//94 1655//94
f 1654//94 1655//94 1656//94
f 1656//94 1655//94 1657//94
f 1656//94 1657//94 1658//94
f 1658//94 1657//94 1659//94
f 1658//94 1659//94 1660//94
f 1660//94 1659//94 1661//94
f 1660//94 1661//94 1662//94
f 1662//94 1661//94 1663//94
f 1662//94 1663//94 1664//94
f 1663//94 1665//94 1664//94
f 1664//94 1665//94 1666//94
f 1664//94 1666//94 1667//95
f 1667//95 1666//94 1668//94
f 1667//95 1668//94 1669//94
f 1669//94 1668//94 1670//94
f 1669//94 1670//94 1671//95
f 1671//95 1670//94 1672//94
f 1671//95 1672//94 1673//94
f 1673//94 1672//94 1674//94
f 1673//94 1674//94 1675//94
f 1675//94 1674//94 1676//94
f 1675//94 1676//94 1677//94
f 1677//94 1676//94 1678//94
f 1677//94 1678//94 1679//94
f 1679//94 1678//94 1680//94
f 1679//94 1680//94 1681//94
f 1681//94 1680//94 1682//94
f 1681//94 1682//94 1683//94
f 1683//94 1682//94 1684//94
f 1683//94 1684//94 1685//94
f 1685//94 1684//94 1686//94
f 1685//94 1686//94 1687//94
f 1687//94 1686//94 1688//94
f 1687//94 1688//94 1689//94
f 1689//94 1688//94 1690//94
f 1689//94 1690//94 1691//94
f 1690//94 1692//94 1691//94
f 1691//94 1692//94 1693//94
f 1691//94 1693//94 1694//94
f 1694//94 1693//94 1695//94
f 1694//94 1695//94 1696//94
f 1696//94 1695//94 1697//94
f 1696//94 1697//94 1698//94
f 1698//94 1697//94 1699//94
f 1698//94 1699//94 1700//433
f 1700//433 1699//94 1701//94
f 1700//433 1701//94 1702//94
f 1702//94 1701//94 1703//94
f 1702//94 1703//94 1704//94
f 1704//94 1703//94 1705//94
f 1704//94 1705//94 1706//434
f 1706//434 1705//94 1707//94
f 1706//434 1707//94 1708//94
f 1708//94 1707//94 1709//94
f 1708//94 1709//94 1710//434
f 1710//434 1709//94 1711//94
f 1710//434 1711//94 1712//94
f 1712//94 1711//94 1713//94
f 1712//94 1713//94 1714//94
f 1714//94 1713//94 1715//94
f 1714//94 1715//94 1716//94
f 1716//94 1715//94 1717//94
f 1716//94 1717//94 1718//94
f 1718//94 1717//94 1719//94
f 1718//94 1719//94 1720//95
f 1720//95 1719//94 1721//94
f 1720//95 1721//94 1722//94
f 1722//94 1721//94 1723//94
f 1722//94 1723//94 1724//434
f 1724//434 1723//94 1725//94
f 1724//434 1725//94 1726//94
f 1726//94 1725//94 1727//94
f 1726//94 1727//94 1728//94
f 1728//94 1727//94 1729//94
f 1728//94 1729//94 1730//434
f 1730//434 1729//94 1731//94
f 1730//434 1731//94 1732//94
f 1732//94 1731//94 1733//94
f 1732//94 1733//94 1734//94
f 1734//94 1733//94 1735//94
f 1734//94 1735//94 1736//94
f 1736//94 1735//94 1737//94
f 1736//94 1737//94 1738//435
f 1738//435 1737//94 1739//94
f 1738//435 1739//94 1740//94
f 1740//94 1739//94 1741//94
f 1740//94 1741//94 1742//94
f 1742//94 1741//94 1743//94
f 1742//94 1743//94 1636//94
f 1636//94 1743//94 1744//94
f 1636//94 1744//94 1637//94
f 1372//94 1745//242 1374//94
f 1374//94 1745//242 1746//244
f 1374//94 1746//244 1376//94
f 1376//94 1746//244 1747//246
f 1376//94 1747//246 1378//94
f 1378//94 1747//246 1748//249
f 1378//94 1748//249 1380//94
f 1380//94 1748//249 1749//250
f 1380//94 1749//250 1382//94
f 1382//94 1749//250 1750//309
f 1382//94 1750//309 1384//94
f 1384//94 1750//309 1751//253
f 1384//94 1751//253 1386//94
f 1386//94 1751//253 1752//255
f 1386//94 1752//255 1388//94
f 1388//94 1752//255 1753//257
f 1388//94 1753//257 1390//94
f 1390//94 1753//257 1754//259
f 1390//94 1754//259 1392//94
f 1392//94 1754//259 1755//260
f 1392//94 1755//260 1322//94
f 1322//94 1755//260 1756//262
f 1322//94 1756//262 1324//94
f 1324//94 1756//262 1757//265
f 1324//94 1757//265 1326//94
f 1326//94 1757//265 1758//266
f 1326//94 1758//266 1328//94
f 1328//94 1758//266 1759//310
f 1328//94 1759//310 1330//94
f 1330//94 1759//310 1760//269
f 1330//94 1760//269 1332//94
f 1332//94 1760//269 1761//270
f 1332//94 1761//270 1334//94
f 1334//94 1761//270 1762//436
f 1334//94 1762//436 1336//94
f 1336//94 1762//436 1763//211
f 1336//94 1763//211 1338//94
f 1338//94 1763//211 1764//212
f 1338//94 1764//212 1340//94
f 1340//94 1764//212 1765//214
f 1340//94 1765//214 1342//94
f 1342//94 1765//214 1766//217
f 1342//94 1766//217 1344//94
f 1344//94 1766//217 1767//218
f 1344//94 1767//218 1346//94
f 1346//94 1767//218 1768//437
f 1346//94 1768//437 1348//94
f 1348//94 1768//437 1769//222
f 1348//94 1769//222 1350//94
f 1350//94 1769//222 1770//224
f 1350//94 1770//224 1352//94
f 1352//94 1770//224 1771//226
f 1352//94 1771//226 1354//94
f 1354//94 1771//226 1772//228
f 1354//94 1772//228 1356//94
f 1356//94 1772//228 1773//229
f 1356//94 1773//229 1358//94
f 1358//94 1773//229 1774//231
f 1358//94 1774//231 1360//94
f 1360//94 1774//231 1775//233
f 1360//94 1775//233 1362//94
f 1362//94 1775//233 1776//234
f 1362//94 1776//234 1364//94
f 1364//94 1776//234 1777//295
f 1364//94 1777//295 1366//94
f 1366//94 1777//295 1778//238
f 1366//94 1778//238 1368//94
f 1368//94 1778//238 1779//239
f 1368//94 1779//239 1370//94
f 1370//94 1779//239 1780//241
f 1370//94 1780//241 1372//94
f 1372//94 1780//241 1745//242
f 1781//438 1782//438 1722//94
f 1722//94 1782//438 1783//439
f 1722//94 1783//439 1720//95
f 1720//95 1783//439 1784//440
f 1720//95 1784//440 1718//94
f 1718//94 1784//440 1785//441
f 1718//94 1785//441 1716//94
f 1716//94 1785//441 1786//442
f 1716//94 1786//442 1714//94
f 1714//94 1786//442 1787//443
f 1714//94 1787//443 1712//94
f 1712//94 1787//443 1788//444
f 1712//94 1788//444 1710//434
f 1710//434 1788//444 1789//445
f 1710//434 1789//445 1708//94
f 1708//94 1789//445 1790//446
f 1708//94 1790//446 1706//434
f 1706//434 1790//446 1791//447
f 1706//434 1791//447 1704//94
f 1704//94 1791//447 1792//448
f 1704//94 1792//448 1702//94
f 1702//94 1792//448 1793//449
f 1702//94 1793//449 1700//433
f 1700//433 1793//449 1794//450
f 1700//433 1794//450 1698//94
f 1698//94 1794//450 1795//451
f 1698//94 1795//451 1696//94
f 1696//94 1795//451 1796//452
f 1696//94 1796//452 1694//94
f 1694//94 1796//452 1797//453
f 1694//94 1797//453 1691//94
f 1691//94 1797//453 1798//454
f 1691//94 1798//454 1689//94
f 1689//94 1798//454 1799//455
f 1689//94 1799//455 1687//94
f 1687//94 1799//455 1800//456
f 1687//94 1800//456 1685//94
f 1685//94 1800//456 1801//457
f 1685//94 1801//457 1683//94
f 1683//94 1801//457 1802//458
f 1683//94 1802//458 1681//94
f 1681//94 1802//458 1803//459
f 1681//94 1803//459 1679//94
f 1679//94 1803//459 1804//460
f 1679//94 1804//460 1677//94
f 1677//94 1804//460 1805//461
f 1677//94 1805//461 1675//94
f 1675//94 1805//461 1806//462
f 1675//94 1806//462 1673//94
f 1673//94 1806//462 1807//463
f 1673//94 1807//463 1671//95
f 1671//95 1807//463 1808//464
f 1671//95 1808//464 1669//94
f 1669//94 1808//464 1809//465
f 1669//94 1809//465 1667//95
f 1667//95 1809//465 1810//466
f 1667//95 1810//466 1664//94
f 1664//94 1810//466 1811//467
f 1664//94 1811//467 1662//94
f 1662//94 1811//467 1812//468
f 1662//94 1812//468 1660//94
f 1660//94 1812//468 1813//469
f 1660//94 1813//469 1658//94
f 1658//94 1813//469 1814//470
f 1658//94 1814//470 1656//94
f 1656//94 1814//470 1815//471
f 1656//94 1815//471 1654//94
f 1654//94 1815//471 1816//472
f 1654//94 1816//472 1652//94
f 1652//94 1816//472 1817//473
f 1652//94 1817//473 1650//94
f 1650//94 1817//473 1818//474
f 1650//94 1818//474 1648//94
f 1648//94 1818//474 1819//475
f 1648//94 1819//475 1646//94
f 1646//94 1819//475 1820//476
f 1646//94 1820//476 1644//94
f 1644//94 1820//476 1821//477
f 1644//94 1821//477 1642//94
f 1642//94 1821//477 1822//478
f 1642//94 1822//478 1640//94
f 1640//94 1822//478 1823//479
f 1640//94 1823//479 1638//94
f 1638//94 1823//479 1824//480
f 1638//94 1824//480 1636//94
f 1636//94 1824//480 1825//481
f 1636//94 1825//481 1742//94
f 1742//94 1825//481 1826//482
f 1742//94 1826//482 1740//94
f 1740//94 1826//482 1827//483
f 1740//94 1827//483 1738//435
f 1738//435 1827//483 1828//484
f 1738//435 1828//484 1736//94
f 1736//94 1828//484 1829//485
f 1736//94 1829//485 1734//94
f 1734//94 1829//485 1830//486
f 1734//94 1830//486 1732//94
f 1732//94 1830//486 1831//487
f 1732//94 1831//487 1730//434
f 1730//434 1831//487 1832//488
f 1730//434 1832//488 1728//94
f 1728//94 1832//488 1833//489
f 1728//94 1833//489 1726//94
f 1726//94 1833//489 1834//490
f 1726//94 1834//490 1724//434
f 1724//434 1834//490 1781//438
f 1724//434 1781//438 1722//94
f 748//211 746//297 1835//94
f 1836//94 1837//94 1838//94
f 1818//474 1817//473 1839//94
f 1807//463 1840//94 1841//94
f 1803//459 1842//94 1804//460
f 1786//442 1174//269 1787//443
f 1787//443 1174//269 1172//268
f 1787//443 1172//268 1170//266
f 1154//252 1152//250 1843//94
f 1170//266 1168//265 1787//443
f 1787//443 1168//265 1166//263
f 1787//443 1166//263 1164//261
f 1164//261 1162//259 1843//94
f 1843//94 1162//259 1160//257
f 1152//250 1150//249 1843//94
f 1843//94 1150//249 1148//246
f 1843//94 1148//246 1146//285
f 1160//257 1158//255 1843//94
f 1843//94 1158//255 1156//253
f 1843//94 1156//253 1154//252
f 1146//285 1144//243 1843//94
f 1843//94 1144//243 1142//330
f 1843//94 1142//330 1844//94
f 1844//94 1142//330 1140//239
f 1844//94 1140//239 1138//237
f 1114//217 1783//439 1116//218
f 1116//218 1783//439 1118//220
f 1114//217 1112//215 1783//439
f 1783//439 1112//215 1110//213
f 1783//439 1110//213 1784//440
f 1784//440 1110//213 1108//211
f 1784//440 1108//211 1785//441
f 1785//441 1108//211 1106//210
f 1785//441 1106//210 1786//442
f 1786//442 1106//210 1176//270
f 1786//442 1176//270 1174//269
f 1138//237 1136//236 1844//94
f 1844//94 1136//236 1134//234
f 1844//94 1134//234 1132//233
f 1126//228 1124//226 1844//94
f 1844//94 1124//226 1122//223
f 1844//94 1122//223 1120//222
f 1132//233 1130//273 1844//94
f 1844//94 1130//273 1128//230
f 1844//94 1128//230 1126//228
f 1164//261 1843//94 1787//443
f 1787//443 1843//94 1845//94
f 1787//443 1845//94 1788//444
f 1793//449 1792//448 1846//94
f 1846//94 1792//448 1791//447
f 1791//447 1790//446 1846//94
f 1846//94 1790//446 1789//445
f 1846//94 1789//445 1788//444
f 1847//94 1796//452 1848//94
f 1848//94 1796//452 1795//451
f 1848//94 1795//451 1849//94
f 1849//94 1795//451 1794//450
f 1849//94 1794//450 1850//94
f 1850//94 1794//450 1793//449
f 1851//94 1798//454 1847//94
f 1847//94 1798//454 1797//453
f 1847//94 1797//453 1796//452
f 1801//457 1800//456 1851//94
f 1851//94 1800//456 1799//455
f 1851//94 1799//455 1798//454
f 1804//460 1842//94 1805//461
f 1805//461 1842//94 1852//94
f 1805//461 1852//94 1806//462
f 1853//94 1809//465 1841//94
f 1841//94 1809//465 1808//464
f 1841//94 1808//464 1807//463
f 1854//94 1811//467 1853//94
f 1853//94 1811//467 1810//466
f 1853//94 1810//466 1809//465
f 1817//473 1816//472 1839//94
f 1839//94 1816//472 1815//471
f 1839//94 1815//471 1855//94
f 1855//94 1815//471 1814//470
f 1855//94 1814//470 1856//94
f 1856//94 1814//470 1813//469
f 1856//94 1813//469 1854//94
f 1854//94 1813//469 1812//468
f 1854//94 1812//468 1811//467
f 1821//477 1820//476 1857//94
f 1857//94 1820//476 1819//475
f 1858//94 1859//94 1822//478
f 1822//478 1859//94 1823//479
f 486//234 484//233 1823//479
f 528//270 526//269 1860//94
f 516//261 1860//94 518//263
f 518//263 1860//94 520//265
f 502//249 500//247 1859//94
f 526//269 524//268 1860//94
f 1860//94 524//268 522//266
f 1860//94 522//266 520//265
f 508//253 506//252 1859//94
f 1859//94 506//252 504//250
f 1859//94 504//250 502//249
f 500//247 498//245 1859//94
f 1859//94 498//245 496//243
f 1859//94 496//243 494//241
f 484//233 482//231 1823//479
f 1823//479 482//231 480//230
f 1823//479 480//230 1824//480
f 1824//480 480//230 478//228
f 1824//480 478//228 1825//481
f 470//220 468//218 1826//482
f 1826//482 468//218 466//217
f 1826//482 466//217 464//215
f 516//261 514//259 1860//94
f 1860//94 514//259 512//257
f 1860//94 512//257 1859//94
f 1859//94 512//257 510//255
f 1859//94 510//255 508//253
f 494//241 492//239 1859//94
f 1859//94 492//239 490//238
f 1859//94 490//238 1823//479
f 1823//479 490//238 488//236
f 1823//479 488//236 486//234
f 478//228 476//226 1825//481
f 1825//481 476//226 474//224
f 1825//481 474//224 1826//482
f 1826//482 474//224 472//222
f 1826//482 472//222 470//220
f 464//215 462//213 1860//94
f 462//213 460//211 1860//94
f 1860//94 460//211 458//210
f 1860//94 458//210 528//270
f 464//215 1860//94 1826//482
f 1826//482 1860//94 1861//94
f 1826//482 1861//94 1827//483
f 1827//483 1861//94 1862//94
f 1827//483 1862//94 1828//484
f 1828//484 1862//94 1863//94
f 1828//484 1863//94 1829//485
f 1832//488 1863//94 1833//489
f 1833//489 1863//94 1834//490
f 1832//488 1831//487 1863//94
f 1863//94 1831//487 1830//486
f 1863//94 1830//486 1829//485
f 1834//490 1864//94 1781//438
f 1781//438 1864//94 1865//94
f 1781//438 1865//94 1782//438
f 1782//438 1865//94 1844//94
f 1782//438 1844//94 1783//439
f 1783//439 1844//94 1120//222
f 1783//439 1120//222 1118//220
f 1749//250 1748//249 1866//94
f 1866//94 1748//249 1747//246
f 1866//94 1747//246 1746//244
f 1746//244 1745//242 1866//94
f 1866//94 1745//242 1780//241
f 1866//94 1780//241 1867//94
f 1867//94 1780//241 1779//239
f 1867//94 1779//239 1778//238
f 1866//94 1836//94 1749//250
f 1749//250 1836//94 1868//94
f 1749//250 1868//94 1750//309
f 1750//309 1868//94 1751//253
f 1755//260 1754//259 1869//94
f 1869//94 1754//259 1753//257
f 1869//94 1753//257 1868//94
f 1868//94 1753//257 1752//255
f 1868//94 1752//255 1751//253
f 1870//94 1758//266 1871//94
f 1871//94 1758//266 1757//265
f 1871//94 1757//265 1869//94
f 1869//94 1757//265 1756//262
f 1869//94 1756//262 1755//260
f 1767//218 1766//217 1872//94
f 1872//94 1766//217 1765//214
f 1761//270 1760//269 1870//94
f 1870//94 1760//269 1759//310
f 1870//94 1759//310 1758//266
f 1765//214 1764//212 1872//94
f 1872//94 1764//212 1763//211
f 1872//94 1763//211 1870//94
f 1870//94 1763//211 1762//436
f 1870//94 1762//436 1761//270
f 1776//234 1775//233 1873//94
f 1873//94 1775//233 1774//231
f 1873//94 1774//231 1773//229
f 1772//228 1771//226 1874//94
f 1874//94 1771//226 1770//224
f 1874//94 1770//224 1769//222
f 1314//266 1875//94 1316//268
f 1316//268 1875//94 1318//269
f 1834//490 1863//94 1864//94
f 1864//94 1863//94 1862//94
f 1864//94 1862//94 1875//94
f 1875//94 1862//94 1320//270
f 1875//94 1320//270 1318//269
f 1274//273 1272//230 1861//94
f 1256//215 1254//213 1862//94
f 1306//259 1304//257 1837//94
f 1274//273 1861//94 1276//233
f 1254//213 1252//211 1862//94
f 1862//94 1252//211 1250//210
f 1862//94 1250//210 1320//270
f 1314//266 1312//265 1875//94
f 1875//94 1312//265 1310//263
f 1875//94 1310//263 1308//261
f 1304//257 1302//255 1837//94
f 1837//94 1302//255 1300//253
f 1837//94 1300//253 1298//252
f 1298//252 1296//250 1837//94
f 1837//94 1296//250 1294//249
f 1837//94 1294//249 1292//247
f 1284//239 1282//238 1861//94
f 1862//94 1264//222 1262//220
f 1282//238 1280//236 1861//94
f 1861//94 1280//236 1278//234
f 1861//94 1278//234 1276//233
f 1262//220 1260//218 1862//94
f 1862//94 1260//218 1258//217
f 1862//94 1258//217 1256//215
f 1272//230 1270//228 1861//94
f 1861//94 1270//228 1268//226
f 1861//94 1268//226 1862//94
f 1862//94 1268//226 1266//224
f 1862//94 1266//224 1264//222
f 1292//247 1290//245 1837//94
f 1837//94 1290//245 1288//336
f 1837//94 1288//336 1286//241
f 530//210 1876//94 1859//94
f 1859//94 1876//94 1838//94
f 1859//94 1838//94 1860//94
f 1860//94 1838//94 1837//94
f 1860//94 1837//94 1861//94
f 1861//94 1837//94 1286//241
f 1861//94 1286//241 1284//239
f 530//210 600//270 1876//94
f 1876//94 600//270 598//269
f 1876//94 598//269 596//268
f 582//254 580//253 1877//94
f 580//253 578//252 1877//94
f 1877//94 578//252 576//250
f 1877//94 576//250 574//249
f 540//218 538//217 1859//94
f 1859//94 538//217 536//215
f 596//268 594//266 1876//94
f 1876//94 594//266 592//265
f 1876//94 592//265 590//263
f 568//243 1858//94 570//245
f 570//245 1858//94 1877//94
f 570//245 1877//94 572//246
f 572//246 1877//94 574//249
f 546//224 544//222 1859//94
f 1859//94 544//222 542//220
f 1859//94 542//220 540//218
f 536//215 534//213 1859//94
f 1859//94 534//213 532//211
f 1859//94 532//211 530//210
f 590//263 588//261 1876//94
f 1876//94 588//261 586//259
f 1876//94 586//259 1877//94
f 1877//94 586//259 584//257
f 1877//94 584//257 582//254
f 568//243 566//241 1858//94
f 1858//94 566//241 564//239
f 1858//94 564//239 562//238
f 546//224 1859//94 548//226
f 548//226 1859//94 1858//94
f 548//226 1858//94 550//228
f 562//238 560//236 1858//94
f 1858//94 560//236 558//234
f 1858//94 558//234 556//233
f 556//233 554//273 1858//94
f 1858//94 554//273 552//230
f 1858//94 552//230 550//228
f 1246//269 1244//268 1865//94
f 1865//94 1244//268 1242//266
f 1865//94 1242//266 1240//265
f 1232//257 1230//255 1878//94
f 1224//250 1222//249 1878//94
f 1878//94 1222//249 1220//246
f 1878//94 1220//246 1218//245
f 1240//265 1238//262 1865//94
f 1865//94 1238//262 1236//261
f 1865//94 1236//261 1234//259
f 1230//255 1228//253 1878//94
f 1878//94 1228//253 1226//252
f 1878//94 1226//252 1224//250
f 1218//245 1216//243 1878//94
f 1878//94 1216//243 1214//241
f 1878//94 1214//241 1875//94
f 1875//94 1214//241 1212//239
f 1875//94 1212//239 1210//238
f 1210//238 1208//236 1875//94
f 1875//94 1208//236 1206//234
f 1875//94 1206//234 1204//233
f 1864//94 1196//226 1194//223
f 1194//223 1192//221 1864//94
f 1864//94 1192//221 1190//220
f 1864//94 1190//220 1188//218
f 1188//218 1186//217 1864//94
f 1864//94 1186//217 1184//334
f 1864//94 1184//334 1182//333
f 1182//333 1180//324 1864//94
f 1864//94 1180//324 1178//332
f 1864//94 1178//332 1865//94
f 1865//94 1178//332 1248//335
f 1865//94 1248//335 1246//269
f 1204//233 1202//273 1875//94
f 1875//94 1202//273 1200//230
f 1875//94 1200//230 1864//94
f 1864//94 1200//230 1198//228
f 1864//94 1198//228 1196//226
f 618//224 616//221 1877//94
f 1879//94 656//257 654//255
f 654//255 652//253 1879//94
f 1879//94 652//253 650//252
f 1879//94 650//252 648//250
f 648//250 646//286 1879//94
f 1879//94 646//286 644//246
f 1879//94 644//246 642//245
f 626//278 624//230 1880//94
f 1880//94 624//230 622//228
f 1880//94 622//228 620//226
f 616//221 614//220 1877//94
f 1877//94 614//220 612//218
f 1877//94 612//218 610//217
f 670//269 1871//94 672//270
f 672//270 1871//94 602//210
f 670//269 668//268 1871//94
f 1871//94 668//268 666//288
f 1871//94 666//288 664//265
f 610//217 608//215 1877//94
f 1877//94 608//215 606//213
f 1877//94 606//213 604//211
f 664//265 662//263 1871//94
f 1871//94 662//263 660//261
f 1871//94 660//261 658//259
f 1880//94 634//280 632//235
f 620//226 618//224 1880//94
f 1880//94 618//224 1877//94
f 1880//94 1877//94 1857//94
f 1857//94 1877//94 1858//94
f 1857//94 1858//94 1821//477
f 1821//477 1858//94 1822//478
f 1836//94 1838//94 1868//94
f 1868//94 1838//94 1876//94
f 1868//94 1876//94 1869//94
f 1869//94 1876//94 1877//94
f 1869//94 1877//94 1871//94
f 1871//94 1877//94 604//211
f 1871//94 604//211 602//210
f 642//245 640//284 1879//94
f 1879//94 640//284 638//241
f 1879//94 638//241 1880//94
f 1880//94 638//241 636//282
f 1880//94 636//282 634//280
f 632//235 630//234 1880//94
f 1880//94 630//234 628//233
f 1880//94 628//233 626//278
f 1234//259 1232//257 1865//94
f 1865//94 1232//257 1878//94
f 1865//94 1878//94 1844//94
f 1844//94 1878//94 1881//94
f 1844//94 1881//94 1843//94
f 1843//94 1881//94 1882//94
f 680//293 678//292 1883//94
f 742//269 740//268 1884//94
f 1884//94 740//268 738//266
f 708//239 706//238 1854//94
f 678//292 676//210 1883//94
f 1883//94 676//210 674//291
f 1883//94 674//291 1884//94
f 1884//94 674//291 744//277
f 1884//94 744//277 742//269
f 716//247 714//244 1853//94
f 1853//94 714//244 712//243
f 1853//94 712//243 1854//94
f 1854//94 712//243 710//241
f 1854//94 710//241 708//239
f 706//238 704//295 1854//94
f 1854//94 704//295 702//234
f 1854//94 702//234 700//233
f 700//233 698//273 1854//94
f 1854//94 698//273 1883//94
f 1854//94 1883//94 1856//94
f 1856//94 1883//94 1879//94
f 1856//94 1879//94 1855//94
f 1855//94 1879//94 1880//94
f 1855//94 1880//94 1839//94
f 1839//94 1880//94 1857//94
f 1839//94 1857//94 1818//474
f 1818//474 1857//94 1819//475
f 724//253 722//252 1853//94
f 698//273 696//230 1883//94
f 1883//94 696//230 694//228
f 1883//94 694//228 692//226
f 722//252 720//250 1853//94
f 1853//94 720//250 718//249
f 1853//94 718//249 716//247
f 692//226 690//224 1883//94
f 1883//94 690//224 688//222
f 1883//94 688//222 686//220
f 686//220 684//294 1883//94
f 1883//94 684//294 682//217
f 1883//94 682//217 680//293
f 738//266 736//265 1884//94
f 1884//94 736//265 734//263
f 1884//94 734//263 732//261
f 732//261 730//259 1884//94
f 1884//94 730//259 728//257
f 1884//94 728//257 726//255
f 1040//215 1038//213 1843//94
f 1038//213 1036//324 1843//94
f 1843//94 1036//324 1034//322
f 1843//94 1034//322 1845//94
f 1845//94 1034//322 1104//328
f 1845//94 1104//328 1102//269
f 1102//269 1100//268 1845//94
f 1845//94 1100//268 1098//288
f 1845//94 1098//288 1096//265
f 1096//265 1094//326 1845//94
f 1845//94 1094//326 1092//261
f 1845//94 1092//261 1090//259
f 1090//259 1088//257 1845//94
f 1845//94 1088//257 1086//255
f 1845//94 1086//255 1885//94
f 1086//255 1084//275 1885//94
f 1885//94 1084//275 1082//252
f 1885//94 1082//252 1080//250
f 1058//278 1056//230 1882//94
f 1882//94 1056//230 1054//228
f 1882//94 1054//228 1843//94
f 1843//94 1054//228 1052//226
f 1052//226 1050//224 1843//94
f 1843//94 1050//224 1048//221
f 1843//94 1048//221 1046//220
f 1046//220 1044//294 1843//94
f 1843//94 1044//294 1042//217
f 1843//94 1042//217 1040//215
f 1882//94 1066//238 1064//236
f 1080//250 1078//249 1885//94
f 1885//94 1078//249 1076//246
f 1885//94 1076//246 1074//245
f 1064//236 1062//234 1882//94
f 1882//94 1062//234 1060//233
f 1882//94 1060//233 1058//278
f 1074//245 1072//243 1885//94
f 1885//94 1072//243 1070//241
f 1885//94 1070//241 1882//94
f 1882//94 1070//241 1068//325
f 1882//94 1068//325 1066//238
f 1308//261 1306//259 1875//94
f 1875//94 1306//259 1837//94
f 1875//94 1837//94 1878//94
f 1878//94 1837//94 1836//94
f 1878//94 1836//94 1881//94
f 1881//94 1836//94 1866//94
f 1881//94 1866//94 1882//94
f 1882//94 1866//94 1867//94
f 1882//94 1867//94 1885//94
f 1885//94 1867//94 1886//94
f 804//261 802//259 1887//94
f 778//301 776//236 1884//94
f 1884//94 776//236 774//299
f 1884//94 774//299 772//279
f 746//297 816//311 1835//94
f 1835//94 816//311 814//269
f 1835//94 814//269 812//310
f 790//286 788//308 1887//94
f 1887//94 788//308 786//307
f 764//226 762//224 1872//94
f 750//213 748//211 1872//94
f 1872//94 748//211 1835//94
f 1872//94 1835//94 1767//218
f 1767//218 1835//94 1874//94
f 1767//218 1874//94 1768//437
f 1768//437 1874//94 1769//222
f 812//310 810//266 1835//94
f 1835//94 810//266 808//265
f 1835//94 808//265 806//263
f 802//259 800//257 1887//94
f 1887//94 800//257 798//255
f 1887//94 798//255 796//275
f 786//307 784//243 1887//94
f 1887//94 784//243 782//305
f 1887//94 782//305 1884//94
f 1884//94 782//305 780//303
f 1884//94 780//303 778//301
f 772//279 770//231 1884//94
f 1884//94 770//231 768//230
f 1884//94 768//230 766//228
f 762//224 760//222 1872//94
f 1872//94 760//222 758//220
f 1872//94 758//220 756//218
f 756//218 754//217 1872//94
f 1872//94 754//217 752//298
f 1872//94 752//298 750//213
f 796//275 794//309 1887//94
f 1887//94 794//309 792//250
f 1887//94 792//250 790//286
f 766//228 764//226 1884//94
f 1884//94 764//226 1872//94
f 1884//94 1872//94 1883//94
f 1883//94 1872//94 1870//94
f 1883//94 1870//94 1879//94
f 1879//94 1870//94 1871//94
f 1879//94 1871//94 656//257
f 656//257 1871//94 658//259
f 964//211 962//210 1888//94
f 1888//94 962//210 1032//270
f 1888//94 1032//270 1030//269
f 1024//265 1022//263 1888//94
f 1888//94 1022//263 1020//261
f 1008//250 1889//94 1010//252
f 1010//252 1889//94 1012//253
f 1030//269 1028//268 1888//94
f 1888//94 1028//268 1026//266
f 1888//94 1026//266 1024//265
f 1020//261 1018//259 1888//94
f 1888//94 1018//259 1016//257
f 1888//94 1016//257 1889//94
f 1889//94 1016//257 1014//255
f 1889//94 1014//255 1012//253
f 968//215 966//213 1885//94
f 1885//94 976//222 974//220
f 1788//444 1845//94 1846//94
f 1846//94 1845//94 1885//94
f 1846//94 1885//94 1888//94
f 1888//94 1885//94 966//213
f 1888//94 966//213 964//211
f 1008//250 1006//249 1889//94
f 1889//94 1006//249 1004//247
f 1889//94 1004//247 1002//245
f 984//230 982//228 1886//94
f 1886//94 982//228 980//226
f 1886//94 980//226 1885//94
f 1885//94 980//226 978//312
f 1885//94 978//312 976//222
f 974//220 972//218 1885//94
f 1885//94 972//218 970//217
f 1885//94 970//217 968//215
f 996//239 1886//94 998//241
f 998//241 1886//94 1889//94
f 998//241 1889//94 1000//243
f 1000//243 1889//94 1002//245
f 996//239 994//238 1886//94
f 1886//94 994//238 992//236
f 1886//94 992//236 990//299
f 990//299 988//233 1886//94
f 1886//94 988//233 986//273
f 1886//94 986//273 984//230
f 1778//238 1777//295 1867//94
f 1867//94 1777//295 1776//234
f 1867//94 1776//234 1886//94
f 1886//94 1776//234 1873//94
f 1886//94 1873//94 1889//94
f 1889//94 1873//94 1890//94
f 1891//94 888//270 886//269
f 886//269 884//268 1891//94
f 1891//94 884//268 882//266
f 1891//94 882//266 880//265
f 848//236 846//234 1835//94
f 1892//94 870//314 868//253
f 846//234 844//233 1835//94
f 1835//94 844//233 842//231
f 1835//94 842//231 840//230
f 880//265 878//263 1891//94
f 1891//94 878//263 876//261
f 1891//94 876//261 874//259
f 870//314 1892//94 872//316
f 840//230 838//313 1835//94
f 1835//94 838//313 836//226
f 1835//94 836//226 1874//94
f 1874//94 836//226 834//312
f 1874//94 834//312 832//222
f 1874//94 820//211 1891//94
f 1891//94 820//211 818//210
f 1891//94 818//210 888//270
f 868//253 866//252 1892//94
f 1892//94 866//252 864//250
f 1892//94 864//250 862//249
f 862//249 860//247 1892//94
f 1892//94 860//247 858//245
f 1892//94 858//245 856//243
f 832//222 830//220 1874//94
f 1874//94 830//220 828//218
f 1874//94 828//218 826//217
f 856//243 854//241 1892//94
f 1892//94 854//241 852//239
f 1892//94 852//239 1835//94
f 1835//94 852//239 850//238
f 1835//94 850//238 848//236
f 826//217 824//215 1874//94
f 1874//94 824//215 822//213
f 1874//94 822//213 820//211
f 726//255 724//253 1884//94
f 1884//94 724//253 1853//94
f 1884//94 1853//94 1887//94
f 1887//94 1853//94 1841//94
f 1887//94 1841//94 1852//94
f 1852//94 1841//94 1840//94
f 1852//94 1840//94 1806//462
f 1806//462 1840//94 1807//463
f 918//234 916//233 1891//94
f 956//268 954//288 1847//94
f 1847//94 954//288 952//265
f 1847//94 952//265 950//263
f 902//220 900//218 1890//94
f 1890//94 960//270 958//269
f 900//218 898//217 1890//94
f 1890//94 898//217 896//215
f 1890//94 896//215 894//213
f 1793//449 1846//94 1850//94
f 1850//94 1846//94 1888//94
f 1850//94 1888//94 1849//94
f 1849//94 1888//94 1889//94
f 1849//94 1889//94 1848//94
f 1848//94 1889//94 1890//94
f 1848//94 1890//94 1847//94
f 1847//94 1890//94 958//269
f 1847//94 958//269 956//268
f 916//233 914//273 1891//94
f 1891//94 914//273 912//230
f 1891//94 912//230 910//228
f 894//213 892//211 1890//94
f 1890//94 892//211 890//210
f 1890//94 890//210 960//270
f 950//263 948//261 1847//94
f 1847//94 948//261 946//259
f 1847//94 946//259 1851//94
f 1851//94 946//259 944//319
f 1851//94 944//319 942//318
f 942//318 940//275 1851//94
f 1851//94 940//275 938//252
f 1851//94 938//252 936//250
f 928//243 926//241 1891//94
f 1891//94 926//241 924//239
f 936//250 934//249 1851//94
f 1851//94 934//249 932//247
f 1851//94 932//247 1891//94
f 1891//94 932//247 930//245
f 1891//94 930//245 928//243
f 924//239 922//238 1891//94
f 1891//94 922//238 920//236
f 1891//94 920//236 918//234
f 908//226 906//224 1890//94
f 1890//94 906//224 904//222
f 1890//94 904//222 902//220
f 910//228 908//226 1891//94
f 1891//94 908//226 1890//94
f 1891//94 1890//94 1874//94
f 1874//94 1890//94 1873//94
f 1874//94 1873//94 1772//228
f 1772//228 1873//94 1773//229
f 874//259 872//316 1891//94
f 1891//94 872//316 1892//94
f 1891//94 1892//94 1851//94
f 1851//94 1892//94 1893//94
f 1851//94 1893//94 1801//457
f 1801//457 1893//94 1802//458
f 806//263 804//261 1835//94
f 1835//94 804//261 1887//94
f 1835//94 1887//94 1892//94
f 1892//94 1887//94 1852//94
f 1892//94 1852//94 1893//94
f 1893//94 1852//94 1842//94
f 1893//94 1842//94 1802//458
f 1802//458 1842//94 1803//459
g Magnetic_Coils.001_Magnetic_Coils.001_Default_OBJ.001
usemtl Default_OBJ.001
f 1894//491 1895//492 1896//491
f 1896//491 1895//492 1897//493
f 1896//491 1897//493 1898//491
f 1898//491 1897//493 1899//494
f 1898//491 1899//494 1900//491
f 1901//495 1902//496 1903//491
f 1903//491 1902//496 1904//497
f 1903//491 1904//497 1905//491
f 1905//491 1904//497 1906//498
f 1905//491 1906//498 1907//491
f 1907//491 1906//498 1908//495
f 1907//491 1908//495 1894//491
f 1894//491 1908//495 1909//498
f 1894//491 1909//498 1895//492
f 1910//491 1911//499 1912//491
f 1912//491 1911//499 1913//498
f 1912//491 1913//498 1914//491
f 1914//491 1913//498 1915//499
f 1914//491 1915//499 1916//500
f 1916//500 1915//499 1917//501
f 1916//500 1917//501 1901//495
f 1901//495 1917//501 1918//502
f 1901//495 1918//502 1902//496
f 1899//494 1919//503 1900//491
f 1900//491 1919//503 1920//493
f 1900//491 1920//493 1921//491
f 1921//491 1920//493 1922//502
f 1921//491 1922//502 1923//491
f 1923//491 1922//502 1924//504
f 1923//491 1924//504 1925//491
f 1925//491 1924//504 1926//494
f 1925//491 1926//494 1927//491
f 1927//491 1926//494 1928//500
f 1927//491 1928//500 1929//491
f 1930//491 1931//505 1932//491
f 1932//491 1931//505 1933//506
f 1932//491 1933//506 1934//491
f 1934//491 1933//506 1935//491
f 1934//491 1935//491 1936//491
f 1936//491 1935//491 1937//504
f 1936//491 1937//504 1910//491
f 1910//491 1937//504 1938//507
f 1910//491 1938//507 1911//499
f 1939//491 1940//508 1941//491
f 1941//491 1940//508 1942//509
f 1941//491 1942//509 1943//491
f 1943//491 1942//509 1944//510
f 1943//491 1944//510 1945//491
f 1945//491 1944//510 1946//509
f 1945//491 1946//509 1930//491
f 1930//491 1946//509 1947//511
f 1930//491 1947//511 1931//505
f 1948//491 1949//512 1950//491
f 1950//491 1949//512 1951//508
f 1950//491 1951//508 1952//491
f 1952//491 1951//508 1953//513
f 1952//491 1953//513 1954//491
f 1954//491 1953//513 1955//497
f 1954//491 1955//497 1939//491
f 1939//491 1955//497 1956//508
f 1939//491 1956//508 1940//508
f 1957//514 1958//515 1959//491
f 1959//491 1958//515 1960//516
f 1959//491 1960//516 1961//491
f 1961//491 1960//516 1962//514
f 1961//491 1962//514 1963//491
f 1963//491 1962//514 1964//509
f 1963//491 1964//509 1965//491
f 1965//491 1964//509 1966//514
f 1965//491 1966//514 1948//491
f 1948//491 1966//514 1967//517
f 1948//491 1967//517 1949//512
f 1928//500 1968//518 1929//491
f 1929//491 1968//518 1969//515
f 1929//491 1969//515 1970//491
f 1970//491 1969//515 1971//519
f 1970//491 1971//519 1972//491
f 1972//491 1971//519 1973//520
f 1972//491 1973//520 1957//514
f 1957//514 1973//520 1974//493
f 1957//514 1974//493 1958//515
f 1975//521 1976//522 1977//521
f 1977//521 1976//522 1978//523
f 1977//521 1978//523 1979//521
f 1979//521 1978//523 1980//521
f 1979//521 1980//521 1981//521
f 1981//521 1980//521 1982//521
f 1981//521 1982//521 1983//521
f 1983//521 1982//521 1984//522
f 1983//521 1984//522 1985//521
f 1985//521 1984//522 1986//524
f 1985//521 1986//524 1987//521
f 1987//521 1986//524 1988//521
f 1987//521 1988//521 1989//521
f 1989//521 1988//521 1990//521
f 1989//521 1990//521 1991//521
f 1991//521 1990//521 1992//525
f 1991//521 1992//525 1993//522
f 1993//522 1992//525 1994//526
f 1993//522 1994//526 1995//521
f 1995//521 1994//526 1996//526
f 1995//521 1996//526 1997//521
f 1997//521 1996//526 1998//521
f 1997//521 1998//521 1999//521
f 1999//521 1998//521 2000//527
f 1999//521 2000//527 2001//521
f 2001//521 2000//527 2002//526
f 2001//521 2002//526 2003//521
f 2003//521 2002//526 2004//521
f 2003//521 2004//521 2005//521
f 2005//521 2004//521 2006//521
f 2005//521 2006//521 2007//521
f 2007//521 2006//521 2008//528
f 2007//521 2008//528 2009//521
f 2009//521 2008//528 2010//526
f 2009//521 2010//526 2011//521
f 2011//521 2010//526 2012//529
f 2011//521 2012//529 2013//521
f 2013//521 2012//529 2014//521
f 2013//521 2014//521 2015//521
f 2015//521 2014//521 2016//523
f 2015//521 2016//523 2017//521
f 2017//521 2016//523 2018//522
f 2017//521 2018//522 2019//521
f 2019//521 2018//522 2020//529
f 2019//521 2020//529 2021//521
f 2021//521 2020//529 2022//521
f 2021//521 2022//521 2023//521
f 2023//521 2022//521 2024//523
f 2023//521 2024//523 2025//521
f 2025//521 2024//523 2026//522
f 2025//521 2026//522 2027//521
f 2027//521 2026//522 2028//521
f 2027//521 2028//521 2029//521
f 2029//521 2028//521 2030//521
f 2029//521 2030//521 2031//521
f 2031//521 2030//521 2032//530
f 2031//521 2032//530 2033//521
f 2033//521 2032//530 2034//527
f 2033//521 2034//527 2035//521
f 2035//521 2034//527 2036//527
f 2035//521 2036//527 2037//521
f 2037//521 2036//527 2038//521
f 2037//521 2038//521 2039//521
f 2039//521 2038//521 2040//526
f 2039//521 2040//526 2041//521
f 2041//521 2040//526 2042//527
f 2041//521 2042//527 2043//521
f 2043//521 2042//527 2044//524
f 2043//521 2044//524 2045//521
f 2045//521 2044//524 2046//521
f 2045//521 2046//521 1975//521
f 1975//521 2046//521 1976//522
f 2047//531 2048//532 2036//527
f 2036//527 2048//532 2038//521
f 2047//531 2036//527 2049//533
f 2049//533 2036//527 2034//527
f 2049//533 2034//527 2050//534
f 2030//521 2051//535 2032//530
f 2032//530 2051//535 2052//536
f 2032//530 2052//536 2034//527
f 2034//527 2052//536 2053//537
f 2034//527 2053//537 2050//534
f 2028//521 2054//538 2030//521
f 2030//521 2054//538 2055//539
f 2030//521 2055//539 2051//535
f 2056//540 2057//541 2026//522
f 2026//522 2057//541 2058//542
f 2026//522 2058//542 2028//521
f 2028//521 2058//542 2059//543
f 2028//521 2059//543 2054//538
f 2056//540 2026//522 2060//544
f 2060//544 2026//522 2024//523
f 2060//544 2024//523 2061//545
f 2061//545 2024//523 2022//521
f 2061//545 2022//521 2062//546
f 2062//546 2022//521 2063//547
f 2063//547 2022//521 2020//529
f 2063//547 2020//529 2064//548
f 2064//548 2020//529 2065//549
f 2065//549 2020//529 2018//522
f 2065//549 2018//522 2066//550
f 2014//521 2067//551 2016//523
f 2016//523 2067//551 2068//552
f 2016//523 2068//552 2018//522
f 2018//522 2068//552 2069//553
f 2018//522 2069//553 2066//550
f 2012//529 2070//554 2014//521
f 2014//521 2070//554 2071//555
f 2014//521 2071//555 2067//551
f 2072//556 2073//557 2010//526
f 2010//526 2073//557 2074//558
f 2010//526 2074//558 2012//529
f 2012//529 2074//558 2075//559
f 2012//529 2075//559 2070//554
f 2072//556 2010//526 2076//560
f 2076//560 2010//526 2008//528
f 2076//560 2008//528 2077//561
f 2077//561 2008//528 2006//521
f 2077//561 2006//521 2078//562
f 2078//562 2006//521 2079//563
f 2079//563 2006//521 2004//521
f 2079//563 2004//521 2080//564
f 2080//564 2004//521 2081//565
f 2081//565 2004//521 2002//526
f 2081//565 2002//526 2082//566
f 1998//521 2083//567 2000//527
f 2000//527 2083//567 2084//568
f 2000//527 2084//568 2002//526
f 2002//526 2084//568 2085//569
f 2002//526 2085//569 2082//566
f 1996//526 2086//570 1998//521
f 1998//521 2086//570 2087//571
f 1998//521 2087//571 2083//567
f 2088//572 2089//573 1994//526
f 1994//526 2089//573 2090//574
f 1994//526 2090//574 1996//526
f 1996//526 2090//574 2091//575
f 1996//526 2091//575 2086//570
f 2088//572 1994//526 2092//576
f 2092//576 1994//526 1992//525
f 2092//576 1992//525 2093//577
f 2093//577 1992//525 1990//521
f 2093//577 1990//521 2094//578
f 2094//578 1990//521 2095//579
f 2095//579 1990//521 1988//521
f 2095//579 1988//521 2096//580
f 2096//580 1988//521 2097//581
f 2097//581 1988//521 1986//524
f 2097//581 1986//524 2098//582
f 1982//521 2099//583 1984//522
f 1984//522 2099//583 2100//584
f 1984//522 2100//584 1986//524
f 1986//524 2100//584 2101//585
f 1986//524 2101//585 2098//582
f 1980//521 2102//586 1982//521
f 1982//521 2102//586 2103//587
f 1982//521 2103//587 2099//583
f 2104//588 2105//589 1978//523
f 1978//523 2105//589 2106//590
f 1978//523 2106//590 1980//521
f 1980//521 2106//590 2107//591
f 1980//521 2107//591 2102//586
f 2104//588 1978//523 2108//592
f 2108//592 1978//523 1976//522
f 2108//592 1976//522 2109//593
f 2109//593 1976//522 2046//521
f 2109//593 2046//521 2110//594
f 2110//594 2046//521 2111//595
f 2111//595 2046//521 2044//524
f 2111//595 2044//524 2112//596
f 2112//596 2044//524 2113//597
f 2113//597 2044//524 2042//527
f 2113//597 2042//527 2114//598
f 2048//532 2115//599 2038//521
f 2038//521 2115//599 2116//600
f 2038//521 2116//600 2040//526
f 2040//526 2116//600 2117//601
f 2040//526 2117//601 2042//527
f 2042//527 2117//601 2118//602
f 2042//527 2118//602 2114//598
f 1939//491 2037//527 1954//491
f 1954//491 2037//527 2039//526
f 1954//491 2039//526 1952//491
f 1952//491 2039//526 2041//527
f 1952//491 2041//527 1950//491
f 1950//491 2041//527 2043//521
f 1950//491 2043//521 1948//491
f 1948//491 2043//521 2045//603
f 1948//491 2045//603 1965//491
f 1965//491 2045//603 1975//521
f 1965//491 1975//521 1963//491
f 1963//491 1975//521 1977//604
f 1963//491 1977//604 1961//491
f 1961//491 1977//604 1979//521
f 1961//491 1979//521 1959//491
f 1959//491 1979//521 1981//522
f 1959//491 1981//522 1957//514
f 1957//514 1981//522 1983//522
f 1957//514 1983//522 1972//491
f 1972//491 1983//522 1985//527
f 1972//491 1985//527 1970//491
f 1970//491 1985//527 1987//521
f 1970//491 1987//521 1929//491
f 1929//491 1987//521 1989//605
f 1929//491 1989//605 1927//491
f 1927//491 1989//605 1991//606
f 1927//491 1991//606 1925//491
f 1925//491 1991//606 1993//606
f 1925//491 1993//606 1923//491
f 1923//491 1993//606 1995//607
f 1923//491 1995//607 1921//491
f 1921//491 1995//607 1997//608
f 1921//491 1997//608 1900//491
f 1900//491 1997//608 1999//609
f 1900//491 1999//609 1898//491
f 1898//491 1999//609 2001//610
f 1898//491 2001//610 1896//491
f 1896//491 2001//610 2003//611
f 1896//491 2003//611 1894//491
f 1894//491 2003//611 2005//521
f 1894//491 2005//521 1907//491
f 1907//491 2005//521 2007//528
f 1907//491 2007//528 1905//491
f 1905//491 2007//528 2009//528
f 1905//491 2009//528 1903//491
f 1903//491 2009//528 2011//612
f 1903//491 2011//612 1901//495
f 1901//495 2011//612 2013//521
f 1901//495 2013//521 1916//500
f 1916//500 2013//521 2015//613
f 1916//500 2015//613 1914//491
f 1914//491 2015//613 2017//613
f 1914//491 2017//613 1912//491
f 1912//491 2017//613 2019//523
f 1912//491 2019//523 1910//491
f 1910//491 2019//523 2021//523
f 1910//491 2021//523 1936//491
f 1936//491 2021//523 2023//614
f 1936//491 2023//614 1934//491
f 1934//491 2023//614 2025//615
f 1934//491 2025//615 1932//491
f 1932//491 2025//615 2027//521
f 1932//491 2027//521 1930//491
f 1930//491 2027//521 2029//616
f 1930//491 2029//616 1945//491
f 1945//491 2029//616 2031//526
f 1945//491 2031//526 1943//491
f 1943//491 2031//526 2033//521
f 1943//491 2033//521 1941//491
f 1941//491 2033//521 2035//526
f 1941//491 2035//526 1939//491
f 1939//491 2035//526 2037//527
f 2091//575 2090//574 2119//617
f 2096//580 2097//581 2120//618
f 2107//591 2106//590 2121//619
f 2112//596 2113//597 2122//620
f 2047//531 2049//533 2123//621
f 2059//543 2058//542 2124//622
f 2064//548 2065//549 2125//623
f 2075//559 2074//558 2126//624
f 2080//564 2081//565 2127//625
f 1895//492 1909//498 2128//626
f 2128//626 1909//498 2129//627
f 2128//626 2129//627 2130//628
f 2130//628 2129//627 2131//629
f 2130//628 2131//629 2132//630
f 2132//630 2131//629 2133//631
f 2132//630 2133//631 2134//632
f 2134//632 2133//631 2135//633
f 2134//632 2135//633 2136//634
f 2136//634 2135//633 2137//635
f 2136//634 2137//635 2138//636
f 2138//636 2137//635 2139//637
f 2138//636 2139//637 2140//638
f 2140//638 2139//637 2141//638
f 2140//638 2141//638 2142//639
f 2142//639 2141//638 2143//640
f 1902//496 1918//502 2144//641
f 2144//641 1918//502 2145//642
f 2144//641 2145//642 2146//643
f 2146//643 2145//642 2147//644
f 2146//643 2147//644 2148//645
f 2148//645 2147//644 2149//646
f 2148//645 2149//646 2150//647
f 2150//647 2149//646 2151//648
f 2150//647 2151//648 2152//649
f 2152//649 2151//648 2153//650
f 2152//649 2153//650 2154//651
f 2154//651 2153//650 2155//652
f 2154//651 2155//652 2156//653
f 2156//653 2155//652 2157//654
f 2156//653 2157//654 2158//655
f 2158//655 2157//654 2159//656
f 1911//499 1938//507 2160//657
f 2160//657 1938//507 2161//658
f 2160//657 2161//658 2162//659
f 2162//659 2161//658 2163//660
f 2162//659 2163//660 2164//661
f 2164//661 2163//660 2165//662
f 2164//661 2165//662 2166//663
f 2166//663 2165//662 2167//664
f 2166//663 2167//664 2168//665
f 2168//665 2167//664 2169//666
f 2168//665 2169//666 2170//667
f 2170//667 2169//666 2171//668
f 2170//667 2171//668 2172//669
f 2172//669 2171//668 2173//670
f 2172//669 2173//670 2174//671
f 2174//671 2173//670 2175//672
f 1931//505 1947//511 2176//673
f 2176//673 1947//511 2177//674
f 2176//673 2177//674 2178//675
f 2178//675 2177//674 2179//676
f 2178//675 2179//676 2180//677
f 2180//677 2179//676 2181//678
f 2180//677 2181//678 2182//679
f 2182//679 2181//678 2183//680
f 2182//679 2183//680 2184//681
f 2184//681 2183//680 2185//682
f 2184//681 2185//682 2186//683
f 2186//683 2185//682 2187//684
f 2186//683 2187//684 2188//685
f 2188//685 2187//684 2189//686
f 2188//685 2189//686 2190//687
f 2190//687 2189//686 2191//688
f 1940//508 1956//508 2192//689
f 2192//689 1956//508 2193//690
f 2192//689 2193//690 2194//691
f 2194//691 2193//690 2195//692
f 2194//691 2195//692 2196//693
f 2196//693 2195//692 2197//694
f 2196//693 2197//694 2198//695
f 2198//695 2197//694 2199//696
f 2198//695 2199//696 2200//697
f 2200//697 2199//696 2201//698
f 2200//697 2201//698 2202//699
f 2202//699 2201//698 2203//700
f 2202//699 2203//700 2204//701
f 2204//701 2203//700 2205//702
f 2204//701 2205//702 2206//703
f 2206//703 2205//702 2207//704
f 1949//512 1967//517 2208//705
f 2208//705 1967//517 2209//706
f 2208//705 2209//706 2210//707
f 2210//707 2209//706 2211//708
f 2210//707 2211//708 2212//709
f 2212//709 2211//708 2213//710
f 2212//709 2213//710 2214//711
f 2214//711 2213//710 2215//712
f 2214//711 2215//712 2216//713
f 2216//713 2215//712 2217//714
f 2216//713 2217//714 2218//715
f 2218//715 2217//714 2219//716
f 2218//715 2219//716 2220//717
f 2220//717 2219//716 2221//718
f 2220//717 2221//718 2222//719
f 2222//719 2221//718 2223//720
f 1960//516 1958//515 2224//721
f 2224//721 1958//515 2225//722
f 2224//721 2225//722 2226//723
f 2226//723 2225//722 2227//724
f 2226//723 2227//724 2228//725
f 2228//725 2227//724 2229//726
f 2228//725 2229//726 2230//727
f 2230//727 2229//726 2231//728
f 2230//727 2231//728 2232//729
f 2232//729 2231//728 2233//730
f 2232//729 2233//730 2234//731
f 2234//731 2233//730 2235//732
f 2234//731 2235//732 2236//733
f 2236//733 2235//732 2237//734
f 2236//733 2237//734 2238//735
f 2238//735 2237//734 2239//736
f 1969//515 1968//518 2240//737
f 2240//737 1968//518 2241//738
f 2240//737 2241//738 2242//739
f 2242//739 2241//738 2243//740
f 2242//739 2243//740 2244//741
f 2244//741 2243//740 2245//742
f 2244//741 2245//742 2246//743
f 2246//743 2245//742 2247//744
f 2246//743 2247//744 2248//745
f 2248//745 2247//744 2249//746
f 2248//745 2249//746 2250//747
f 2250//747 2249//746 2251//748
f 2250//747 2251//748 2252//749
f 2252//749 2251//748 2253//750
f 2252//749 2253//750 2254//751
f 2254//751 2253//750 2255//752
f 1922//502 1920//493 2256//753
f 2256//753 1920//493 2257//754
f 2256//753 2257//754 2258//755
f 2258//755 2257//754 2259//756
f 2258//755 2259//756 2260//757
f 2260//757 2259//756 2261//758
f 2260//757 2261//758 2262//759
f 2262//759 2261//758 2263//760
f 2262//759 2263//760 2264//761
f 2264//761 2263//760 2265//762
f 2264//761 2265//762 2266//763
f 2266//763 2265//762 2267//764
f 2266//763 2267//764 2268//765
f 2268//765 2267//764 2269//766
f 2268//765 2269//766 2270//767
f 2270//767 2269//766 2271//768
f 1899//494 1897//493 2272//769
f 2272//769 1897//493 2273//770
f 2272//769 2273//770 2274//771
f 2274//771 2273//770 2275//772
f 2274//771 2275//772 2276//773
f 2276//773 2275//772 2277//774
f 2276//773 2277//774 2278//775
f 2278//775 2277//774 2279//776
f 2278//775 2279//776 2280//777
f 2280//777 2279//776 2281//778
f 2280//777 2281//778 2282//779
f 2282//779 2281//778 2283//780
f 2282//779 2283//780 2284//781
f 2284//781 2283//780 2285//782
f 2284//781 2285//782 2286//783
f 2286//783 2285//782 2127//625
f 2286//783 2127//625 2082//566
f 2082//566 2127//625 2081//565
f 1897//493 1895//492 2273//770
f 2273//770 1895//492 2128//626
f 2273//770 2128//626 2275//772
f 2275//772 2128//626 2130//628
f 2275//772 2130//628 2277//774
f 2277//774 2130//628 2132//630
f 2277//774 2132//630 2279//776
f 2279//776 2132//630 2134//632
f 2279//776 2134//632 2281//778
f 2281//778 2134//632 2136//634
f 2281//778 2136//634 2283//780
f 2283//780 2136//634 2138//636
f 2283//780 2138//636 2285//782
f 2285//782 2138//636 2140//638
f 2285//782 2140//638 2127//625
f 2127//625 2140//638 2142//639
f 2127//625 2142//639 2080//564
f 2076//560 2077//561 2143//640
f 2143//640 2077//561 2078//562
f 2143//640 2078//562 2142//639
f 2142//639 2078//562 2079//563
f 2142//639 2079//563 2080//564
f 2072//556 2076//560 2287//784
f 2287//784 2076//560 2143//640
f 2287//784 2143//640 2288//785
f 2288//785 2143//640 2141//638
f 2288//785 2141//638 2289//786
f 2289//786 2141//638 2139//637
f 2289//786 2139//637 2290//787
f 2290//787 2139//637 2137//635
f 2290//787 2137//635 2291//788
f 2291//788 2137//635 2135//633
f 2291//788 2135//633 2292//789
f 2292//789 2135//633 2133//631
f 2292//789 2133//631 2293//790
f 2293//790 2133//631 2131//629
f 2293//790 2131//629 2294//791
f 2294//791 2131//629 2129//627
f 2294//791 2129//627 1908//495
f 1908//495 2129//627 1909//498
f 1908//495 1906//498 2294//791
f 2294//791 1906//498 2295//792
f 2294//791 2295//792 2293//790
f 2293//790 2295//792 2296//793
f 2293//790 2296//793 2292//789
f 2292//789 2296//793 2297//794
f 2292//789 2297//794 2291//788
f 2291//788 2297//794 2298//795
f 2291//788 2298//795 2290//787
f 2290//787 2298//795 2299//796
f 2290//787 2299//796 2289//786
f 2289//786 2299//796 2300//797
f 2289//786 2300//797 2288//785
f 2288//785 2300//797 2301//798
f 2288//785 2301//798 2287//784
f 2287//784 2301//798 2302//799
f 2287//784 2302//799 2072//556
f 2072//556 2302//799 2073//557
f 1906//498 1904//497 2295//792
f 2295//792 1904//497 2303//800
f 2295//792 2303//800 2296//793
f 2296//793 2303//800 2304//801
f 2296//793 2304//801 2297//794
f 2297//794 2304//801 2305//802
f 2297//794 2305//802 2298//795
f 2298//795 2305//802 2306//803
f 2298//795 2306//803 2299//796
f 2299//796 2306//803 2307//804
f 2299//796 2307//804 2300//797
f 2300//797 2307//804 2308//805
f 2300//797 2308//805 2301//798
f 2301//798 2308//805 2309//806
f 2301//798 2309//806 2302//799
f 2302//799 2309//806 2126//624
f 2302//799 2126//624 2073//557
f 2073//557 2126//624 2074//558
f 1904//497 1902//496 2303//800
f 2303//800 1902//496 2144//641
f 2303//800 2144//641 2304//801
f 2304//801 2144//641 2146//643
f 2304//801 2146//643 2305//802
f 2305//802 2146//643 2148//645
f 2305//802 2148//645 2306//803
f 2306//803 2148//645 2150//647
f 2306//803 2150//647 2307//804
f 2307//804 2150//647 2152//649
f 2307//804 2152//649 2308//805
f 2308//805 2152//649 2154//651
f 2308//805 2154//651 2309//806
f 2309//806 2154//651 2156//653
f 2309//806 2156//653 2126//624
f 2126//624 2156//653 2158//655
f 2126//624 2158//655 2075//559
f 2068//552 2067//551 2159//656
f 2159//656 2067//551 2071//555
f 2159//656 2071//555 2158//655
f 2158//655 2071//555 2070//554
f 2158//655 2070//554 2075//559
f 2069//553 2068//552 2310//807
f 2310//807 2068//552 2159//656
f 2310//807 2159//656 2311//808
f 2311//808 2159//656 2157//654
f 2311//808 2157//654 2312//809
f 2312//809 2157//654 2155//652
f 2312//809 2155//652 2313//810
f 2313//810 2155//652 2153//650
f 2313//810 2153//650 2314//811
f 2314//811 2153//650 2151//648
f 2314//811 2151//648 2315//812
f 2315//812 2151//648 2149//646
f 2315//812 2149//646 2316//813
f 2316//813 2149//646 2147//644
f 2316//813 2147//644 2317//814
f 2317//814 2147//644 2145//642
f 2317//814 2145//642 1917//501
f 1917//501 2145//642 1918//502
f 1917//501 1915//499 2317//814
f 2317//814 1915//499 2318//815
f 2317//814 2318//815 2316//813
f 2316//813 2318//815 2319//816
f 2316//813 2319//816 2315//812
f 2315//812 2319//816 2320//817
f 2315//812 2320//817 2314//811
f 2314//811 2320//817 2321//818
f 2314//811 2321//818 2313//810
f 2313//810 2321//818 2322//819
f 2313//810 2322//819 2312//809
f 2312//809 2322//819 2323//820
f 2312//809 2323//820 2311//808
f 2311//808 2323//820 2324//821
f 2311//808 2324//821 2310//807
f 2310//807 2324//821 2325//822
f 2310//807 2325//822 2069//553
f 2069//553 2325//822 2066//550
f 1915//499 1913//498 2318//815
f 2318//815 1913//498 2326//823
f 2318//815 2326//823 2319//816
f 2319//816 2326//823 2327//824
f 2319//816 2327//824 2320//817
f 2320//817 2327//824 2328//825
f 2320//817 2328//825 2321//818
f 2321//818 2328//825 2329//826
f 2321//818 2329//826 2322//819
f 2322//819 2329//826 2330//827
f 2322//819 2330//827 2323//820
f 2323//820 2330//827 2331//828
f 2323//820 2331//828 2324//821
f 2324//821 2331//828 2332//829
f 2324//821 2332//829 2325//822
f 2325//822 2332//829 2125//623
f 2325//822 2125//623 2066//550
f 2066//550 2125//623 2065//549
f 1913//498 1911//499 2326//823
f 2326//823 1911//499 2160//657
f 2326//823 2160//657 2327//824
f 2327//824 2160//657 2162//659
f 2327//824 2162//659 2328//825
f 2328//825 2162//659 2164//661
f 2328//825 2164//661 2329//826
f 2329//826 2164//661 2166//663
f 2329//826 2166//663 2330//827
f 2330//827 2166//663 2168//665
f 2330//827 2168//665 2331//828
f 2331//828 2168//665 2170//667
f 2331//828 2170//667 2332//829
f 2332//829 2170//667 2172//669
f 2332//829 2172//669 2125//623
f 2125//623 2172//669 2174//671
f 2125//623 2174//671 2064//548
f 2060//544 2061//545 2175//672
f 2175//672 2061//545 2062//546
f 2175//672 2062//546 2174//671
f 2174//671 2062//546 2063//547
f 2174//671 2063//547 2064//548
f 2056//540 2060//544 2333//830
f 2333//830 2060//544 2175//672
f 2333//830 2175//672 2334//831
f 2334//831 2175//672 2173//670
f 2334//831 2173//670 2335//832
f 2335//832 2173//670 2171//668
f 2335//832 2171//668 2336//833
f 2336//833 2171//668 2169//666
f 2336//833 2169//666 2337//834
f 2337//834 2169//666 2167//664
f 2337//834 2167//664 2338//835
f 2338//835 2167//664 2165//662
f 2338//835 2165//662 2339//836
f 2339//836 2165//662 2163//660
f 2339//836 2163//660 2340//837
f 2340//837 2163//660 2161//658
f 2340//837 2161//658 1937//504
f 1937//504 2161//658 1938//507
f 1937//504 1935//491 2340//837
f 2340//837 1935//491 2341//838
f 2340//837 2341//838 2339//836
f 2339//836 2341//838 2342//839
f 2339//836 2342//839 2338//835
f 2338//835 2342//839 2343//840
f 2338//835 2343//840 2337//834
f 2337//834 2343//840 2344//841
f 2337//834 2344//841 2336//833
f 2336//833 2344//841 2345//842
f 2336//833 2345//842 2335//832
f 2335//832 2345//842 2346//843
f 2335//832 2346//843 2334//831
f 2334//831 2346//843 2347//844
f 2334//831 2347//844 2333//830
f 2333//830 2347//844 2348//845
f 2333//830 2348//845 2056//540
f 2056//540 2348//845 2057//541
f 1935//491 1933//506 2341//838
f 2341//838 1933//506 2349//846
f 2341//838 2349//846 2342//839
f 2342//839 2349//846 2350//847
f 2342//839 2350//847 2343//840
f 2343//840 2350//847 2351//848
f 2343//840 2351//848 2344//841
f 2344//841 2351//848 2352//849
f 2344//841 2352//849 2345//842
f 2345//842 2352//849 2353//850
f 2345//842 2353//850 2346//843
f 2346//843 2353//850 2354//851
f 2346//843 2354//851 2347//844
f 2347//844 2354//851 2355//852
f 2347//844 2355//852 2348//845
f 2348//845 2355//852 2124//622
f 2348//845 2124//622 2057//541
f 2057//541 2124//622 2058//542
f 1933//506 1931//505 2349//846
f 2349//846 1931//505 2176//673
f 2349//846 2176//673 2350//847
f 2350//847 2176//673 2178//675
f 2350//847 2178//675 2351//848
f 2351//848 2178//675 2180//677
f 2351//848 2180//677 2352//849
f 2352//849 2180//677 2182//679
f 2352//849 2182//679 2353//850
f 2353//850 2182//679 2184//681
f 2353//850 2184//681 2354//851
f 2354//851 2184//681 2186//683
f 2354//851 2186//683 2355//852
f 2355//852 2186//683 2188//685
f 2355//852 2188//685 2124//622
f 2124//622 2188//685 2190//687
f 2124//622 2190//687 2059//543
f 2052//536 2051//535 2191//688
f 2191//688 2051//535 2055//539
f 2191//688 2055//539 2190//687
f 2190//687 2055//539 2054//538
f 2190//687 2054//538 2059//543
f 2053//537 2052//536 2356//853
f 2356//853 2052//536 2191//688
f 2356//853 2191//688 2357//854
f 2357//854 2191//688 2189//686
f 2357//854 2189//686 2358//855
f 2358//855 2189//686 2187//684
f 2358//855 2187//684 2359//856
f 2359//856 2187//684 2185//682
f 2359//856 2185//682 2360//857
f 2360//857 2185//682 2183//680
f 2360//857 2183//680 2361//858
f 2361//858 2183//680 2181//678
f 2361//858 2181//678 2362//859
f 2362//859 2181//678 2179//676
f 2362//859 2179//676 2363//860
f 2363//860 2179//676 2177//674
f 2363//860 2177//674 1946//509
f 1946//509 2177//674 1947//511
f 1946//509 1944//510 2363//860
f 2363//860 1944//510 2364//861
f 2363//860 2364//861 2362//859
f 2362//859 2364//861 2365//862
f 2362//859 2365//862 2361//858
f 2361//858 2365//862 2366//863
f 2361//858 2366//863 2360//857
f 2360//857 2366//863 2367//864
f 2360//857 2367//864 2359//856
f 2359//856 2367//864 2368//865
f 2359//856 2368//865 2358//855
f 2358//855 2368//865 2369//866
f 2358//855 2369//866 2357//854
f 2357//854 2369//866 2370//867
f 2357//854 2370//867 2356//853
f 2356//853 2370//867 2371//868
f 2356//853 2371//868 2053//537
f 2053//537 2371//868 2050//534
f 1944//510 1942//509 2364//861
f 2364//861 1942//509 2372//869
f 2364//861 2372//869 2365//862
f 2365//862 2372//869 2373//870
f 2365//862 2373//870 2366//863
f 2366//863 2373//870 2374//871
f 2366//863 2374//871 2367//864
f 2367//864 2374//871 2375//872
f 2367//864 2375//872 2368//865
f 2368//865 2375//872 2376//873
f 2368//865 2376//873 2369//866
f 2369//866 2376//873 2377//874
f 2369//866 2377//874 2370//867
f 2370//867 2377//874 2378//875
f 2370//867 2378//875 2371//868
f 2371//868 2378//875 2123//621
f 2371//868 2123//621 2050//534
f 2050//534 2123//621 2049//533
f 1942//509 1940//508 2372//869
f 2372//869 1940//508 2192//689
f 2372//869 2192//689 2373//870
f 2373//870 2192//689 2194//691
f 2373//870 2194//691 2374//871
f 2374//871 2194//691 2196//693
f 2374//871 2196//693 2375//872
f 2375//872 2196//693 2198//695
f 2375//872 2198//695 2376//873
f 2376//873 2198//695 2200//697
f 2376//873 2200//697 2377//874
f 2377//874 2200//697 2202//699
f 2377//874 2202//699 2378//875
f 2378//875 2202//699 2204//701
f 2378//875 2204//701 2123//621
f 2123//621 2204//701 2206//703
f 2123//621 2206//703 2047//531
f 2117//601 2116//600 2207//704
f 2207//704 2116//600 2115//599
f 2207//704 2115//599 2206//703
f 2206//703 2115//599 2048//532
f 2206//703 2048//532 2047//531
f 2118//602 2117//601 2379//876
f 2379//876 2117//601 2207//704
f 2379//876 2207//704 2380//877
f 2380//877 2207//704 2205//702
f 2380//877 2205//702 2381//878
f 2381//878 2205//702 2203//700
f 2381//878 2203//700 2382//879
f 2382//879 2203//700 2201//698
f 2382//879 2201//698 2383//880
f 2383//880 2201//698 2199//696
f 2383//880 2199//696 2384//881
f 2384//881 2199//696 2197//694
f 2384//881 2197//694 2385//882
f 2385//882 2197//694 2195//692
f 2385//882 2195//692 2386//883
f 2386//883 2195//692 2193//690
f 2386//883 2193//690 1955//497
f 1955//497 2193//690 1956//508
f 1955//497 1953//513 2386//883
f 2386//883 1953//513 2387//884
f 2386//883 2387//884 2385//882
f 2385//882 2387//884 2388//885
f 2385//882 2388//885 2384//881
f 2384//881 2388//885 2389//886
f 2384//881 2389//886 2383//880
f 2383//880 2389//886 2390//887
f 2383//880 2390//887 2382//879
f 2382//879 2390//887 2391//888
f 2382//879 2391//888 2381//878
f 2381//878 2391//888 2392//889
f 2381//878 2392//889 2380//877
f 2380//877 2392//889 2393//890
f 2380//877 2393//890 2379//876
f 2379//876 2393//890 2394//891
f 2379//876 2394//891 2118//602
f 2118//602 2394//891 2114//598
f 1953//513 1951//508 2387//884
f 2387//884 1951//508 2395//892
f 2387//884 2395//892 2388//885
f 2388//885 2395//892 2396//893
f 2388//885 2396//893 2389//886
f 2389//886 2396//893 2397//894
f 2389//886 2397//894 2390//887
f 2390//887 2397//894 2398//895
f 2390//887 2398//895 2391//888
f 2391//888 2398//895 2399//896
f 2391//888 2399//896 2392//889
f 2392//889 2399//896 2400//897
f 2392//889 2400//897 2393//890
f 2393//890 2400//897 2401//898
f 2393//890 2401//898 2394//891
f 2394//891 2401//898 2122//620
f 2394//891 2122//620 2114//598
f 2114//598 2122//620 2113//597
f 1951//508 1949//512 2395//892
f 2395//892 1949//512 2208//705
f 2395//892 2208//705 2396//893
f 2396//893 2208//705 2210//707
f 2396//893 2210//707 2397//894
f 2397//894 2210//707 2212//709
f 2397//894 2212//709 2398//895
f 2398//895 2212//709 2214//711
f 2398//895 2214//711 2399//896
f 2399//896 2214//711 2216//713
f 2399//896 2216//713 2400//897
f 2400//897 2216//713 2218//715
f 2400//897 2218//715 2401//898
f 2401//898 2218//715 2220//717
f 2401//898 2220//717 2122//620
f 2122//620 2220//717 2222//719
f 2122//620 2222//719 2112//596
f 2108//592 2109//593 2223//720
f 2223//720 2109//593 2110//594
f 2223//720 2110//594 2222//719
f 2222//719 2110//594 2111//595
f 2222//719 2111//595 2112//596
f 2104//588 2108//592 2402//899
f 2402//899 2108//592 2223//720
f 2402//899 2223//720 2403//900
f 2403//900 2223//720 2221//718
f 2403//900 2221//718 2404//901
f 2404//901 2221//718 2219//716
f 2404//901 2219//716 2405//902
f 2405//902 2219//716 2217//714
f 2405//902 2217//714 2406//903
f 2406//903 2217//714 2215//712
f 2406//903 2215//712 2407//904
f 2407//904 2215//712 2213//710
f 2407//904 2213//710 2408//905
f 2408//905 2213//710 2211//708
f 2408//905 2211//708 2409//906
f 2409//906 2211//708 2209//706
f 2409//906 2209//706 1966//514
f 1966//514 2209//706 1967//517
f 1966//514 1964//509 2409//906
f 2409//906 1964//509 2410//907
f 2409//906 2410//907 2408//905
f 2408//905 2410//907 2411//908
f 2408//905 2411//908 2407//904
f 2407//904 2411//908 2412//909
f 2407//904 2412//909 2406//903
f 2406//903 2412//909 2413//910
f 2406//903 2413//910 2405//902
f 2405//902 2413//910 2414//911
f 2405//902 2414//911 2404//901
f 2404//901 2414//911 2415//912
f 2404//901 2415//912 2403//900
f 2403//900 2415//912 2416//913
f 2403//900 2416//913 2402//899
f 2402//899 2416//913 2417//914
f 2402//899 2417//914 2104//588
f 2104//588 2417//914 2105//589
f 1964//509 1962//514 2410//907
f 2410//907 1962//514 2418//915
f 2410//907 2418//915 2411//908
f 2411//908 2418//915 2419//916
f 2411//908 2419//916 2412//909
f 2412//909 2419//916 2420//917
f 2412//909 2420//917 2413//910
f 2413//910 2420//917 2421//918
f 2413//910 2421//918 2414//911
f 2414//911 2421//918 2422//919
f 2414//911 2422//919 2415//912
f 2415//912 2422//919 2423//920
f 2415//912 2423//920 2416//913
f 2416//913 2423//920 2424//921
f 2416//913 2424//921 2417//914
f 2417//914 2424//921 2121//619
f 2417//914 2121//619 2105//589
f 2105//589 2121//619 2106//590
f 1962//514 1960//516 2418//915
f 2418//915 1960//516 2224//721
f 2418//915 2224//721 2419//916
f 2419//916 2224//721 2226//723
f 2419//916 2226//723 2420//917
f 2420//917 2226//723 2228//725
f 2420//917 2228//725 2421//918
f 2421//918 2228//725 2230//727
f 2421//918 2230//727 2422//919
f 2422//919 2230//727 2232//729
f 2422//919 2232//729 2423//920
f 2423//920 2232//729 2234//731
f 2423//920 2234//731 2424//921
f 2424//921 2234//731 2236//733
f 2424//921 2236//733 2121//619
f 2121//619 2236//733 2238//735
f 2121//619 2238//735 2107//591
f 2100//584 2099//583 2239//736
f 2239//736 2099//583 2103//587
f 2239//736 2103//587 2238//735
f 2238//735 2103//587 2102//586
f 2238//735 2102//586 2107//591
f 2101//585 2100//584 2425//922
f 2425//922 2100//584 2239//736
f 2425//922 2239//736 2426//923
f 2426//923 2239//736 2237//734
f 2426//923 2237//734 2427//924
f 2427//924 2237//734 2235//732
f 2427//924 2235//732 2428//925
f 2428//925 2235//732 2233//730
f 2428//925 2233//730 2429//926
f 2429//926 2233//730 2231//728
f 2429//926 2231//728 2430//927
f 2430//927 2231//728 2229//726
f 2430//927 2229//726 2431//928
f 2431//928 2229//726 2227//724
f 2431//928 2227//724 2432//929
f 2432//929 2227//724 2225//722
f 2432//929 2225//722 1974//493
f 1974//493 2225//722 1958//515
f 1974//493 1973//520 2432//929
f 2432//929 1973//520 2433//930
f 2432//929 2433//930 2431//928
f 2431//928 2433//930 2434//931
f 2431//928 2434//931 2430//927
f 2430//927 2434//931 2435//932
f 2430//927 2435//932 2429//926
f 2429//926 2435//932 2436//933
f 2429//926 2436//933 2428//925
f 2428//925 2436//933 2437//934
f 2428//925 2437//934 2427//924
f 2427//924 2437//934 2438//935
f 2427//924 2438//935 2426//923
f 2426//923 2438//935 2439//936
f 2426//923 2439//936 2425//922
f 2425//922 2439//936 2440//937
f 2425//922 2440//937 2101//585
f 2101//585 2440//937 2098//582
f 1973//520 1971//519 2433//930
f 2433//930 1971//519 2441//938
f 2433//930 2441//938 2434//931
f 2434//931 2441//938 2442//939
f 2434//931 2442//939 2435//932
f 2435//932 2442//939 2443//940
f 2435//932 2443//940 2436//933
f 2436//933 2443//940 2444//941
f 2436//933 2444//941 2437//934
f 2437//934 2444//941 2445//942
f 2437//934 2445//942 2438//935
f 2438//935 2445//942 2446//943
f 2438//935 2446//943 2439//936
f 2439//936 2446//943 2447//944
f 2439//936 2447//944 2440//937
f 2440//937 2447//944 2120//618
f 2440//937 2120//618 2098//582
f 2098//582 2120//618 2097//581
f 1971//519 1969//515 2441//938
f 2441//938 1969//515 2240//737
f 2441//938 2240//737 2442//939
f 2442//939 2240//737 2242//739
f 2442//939 2242//739 2443//940
f 2443//940 2242//739 2244//741
f 2443//940 2244//741 2444//941
f 2444//941 2244//741 2246//743
f 2444//941 2246//743 2445//942
f 2445//942 2246//743 2248//745
f 2445//942 2248//745 2446//943
f 2446//943 2248//745 2250//747
f 2446//943 2250//747 2447//944
f 2447//944 2250//747 2252//749
f 2447//944 2252//749 2120//618
f 2120//618 2252//749 2254//751
f 2120//618 2254//751 2096//580
f 2092//576 2093//577 2255//752
f 2255//752 2093//577 2094//578
f 2255//752 2094//578 2254//751
f 2254//751 2094//578 2095//579
f 2254//751 2095//579 2096//580
f 2088//572 2092//576 2448//945
f 2448//945 2092//576 2255//752
f 2448//945 2255//752 2449//946
f 2449//946 2255//752 2253//750
f 2449//946 2253//750 2450//947
f 2450//947 2253//750 2251//748
f 2450//947 2251//748 2451//948
f 2451//948 2251//748 2249//746
f 2451//948 2249//746 2452//949
f 2452//949 2249//746 2247//744
f 2452//949 2247//744 2453//950
f 2453//950 2247//744 2245//742
f 2453//950 2245//742 2454//951
f 2454//951 2245//742 2243//740
f 2454//951 2243//740 2455//952
f 2455//952 2243//740 2241//738
f 2455//952 2241//738 1928//500
f 1928//500 2241//738 1968//518
f 1928//500 1926//494 2455//952
f 2455//952 1926//494 2456//953
f 2455//952 2456//953 2454//951
f 2454//951 2456//953 2457//954
f 2454//951 2457//954 2453//950
f 2453//950 2457//954 2458//955
f 2453//950 2458//955 2452//949
f 2452//949 2458//955 2459//956
f 2452//949 2459//956 2451//948
f 2451//948 2459//956 2460//957
f 2451//948 2460//957 2450//947
f 2450//947 2460//957 2461//958
f 2450//947 2461//958 2449//946
f 2449//946 2461//958 2462//959
f 2449//946 2462//959 2448//945
f 2448//945 2462//959 2463//960
f 2448//945 2463//960 2088//572
f 2088//572 2463//960 2089//573
f 1926//494 1924//504 2456//953
f 2456//953 1924//504 2464//961
f 2456//953 2464//961 2457//954
f 2457//954 2464//961 2465//962
f 2457//954 2465//962 2458//955
f 2458//955 2465//962 2466//963
f 2458//955 2466//963 2459//956
f 2459//956 2466//963 2467//964
f 2459//956 2467//964 2460//957
f 2460//957 2467//964 2468//965
f 2460//957 2468//965 2461//958
f 2461//958 2468//965 2469//966
f 2461//958 2469//966 2462//959
f 2462//959 2469//966 2470//967
f 2462//959 2470//967 2463//960
f 2463//960 2470//967 2119//617
f 2463//960 2119//617 2089//573
f 2089//573 2119//617 2090//574
f 1924//504 1922//502 2464//961
f 2464//961 1922//502 2256//753
f 2464//961 2256//753 2465//962
f 2465//962 2256//753 2258//755
f 2465//962 2258//755 2466//963
f 2466//963 2258//755 2260//757
f 2466//963 2260//757 2467//964
f 2467//964 2260//757 2262//759
f 2467//964 2262//759 2468//965
f 2468//965 2262//759 2264//761
f 2468//965 2264//761 2469//966
f 2469//966 2264//761 2266//763
f 2469//966 2266//763 2470//967
f 2470//967 2266//763 2268//765
f 2470//967 2268//765 2119//617
f 2119//617 2268//765 2270//767
f 2119//617 2270//767 2091//575
f 2084//568 2083//567 2271//768
f 2271//768 2083//567 2087//571
f 2271//768 2087//571 2270//767
f 2270//767 2087//571 2086//570
f 2270//767 2086//570 2091//575
f 2085//569 2084//568 2471//968
f 2471//968 2084//568 2271//768
f 2471//968 2271//768 2472//969
f 2472//969 2271//768 2269//766
f 2472//969 2269//766 2473//970
f 2473//970 2269//766 2267//764
f 2473//970 2267//764 2474//971
f 2474//971 2267//764 2265//762
f 2474//971 2265//762 2475//972
f 2475//972 2265//762 2263//760
f 2475//972 2263//760 2476//973
f 2476//973 2263//760 2261//758
f 2476//973 2261//758 2477//974
f 2477//974 2261//758 2259//756
f 2477//974 2259//756 2478//975
f 2478//975 2259//756 2257//754
f 2478//975 2257//754 1919//503
f 1919//503 2257//754 1920//493
f 1919//503 1899//494 2478//975
f 2478//975 1899//494 2272//769
f 2478//975 2272//769 2477//974
f 2477//974 2272//769 2274//771
f 2477//974 2274//771 2476//973
f 2476//973 2274//771 2276//773
f 2476//973 2276//773 2475//972
f 2475//972 2276//773 2278//775
f 2475//972 2278//775 2474//971
f 2474//971 2278//775 2280//777
f 2474//971 2280//777 2473//970
f 2473//970 2280//777 2282//779
f 2473//970 2282//779 2472//969
f 2472//969 2282//779 2284//781
f 2472//969 2284//781 2471//968
f 2471//968 2284//781 2286//783
f 2471//968 2286//783 2085//569
f 2085//569 2286//783 2082//566
f 2479//976 2480//977 2481//978
f 2481//978 2480//977 2482//977
f 2483//979 2484//980 2479//976
f 2479//976 2484//980 2480//977
f 2485//981 2486//982 2483//979
f 2483//979 2486//982 2484//980
f 2481//978 2482//977 2485//981
f 2485//981 2482//977 2486//982
f 2484//980 2486//982 2480//977
f 2480//977 2486//982 2482//977
f 2487//491 2488//491 2489//499
f 2490//491 2491//491 2492//499
f 2492//499 2491//491 2493//515
f 2493//515 2494//514 2492//499
f 2492//499 2494//514 2495//491
f 2492//499 2495//491 2496//491
f 2496//491 2497//491 2492//499
f 2492//499 2497//491 2498//491
f 2492//499 2498//491 2499//491
f 2500//491 2501//491 2502//494
f 2487//491 2489//499 2503//491
f 2488//491 2504//491 2489//499
f 2489//499 2504//491 2505//491
f 2489//499 2505//491 2506//491
f 2500//491 2502//494 2507//491
f 2499//491 2508//509 2492//499
f 2492//499 2508//509 2509//491
f 2492//499 2509//491 2489//499
f 2489//499 2509//491 2510//491
f 2489//499 2510//491 2503//491
f 2506//491 2511//515 2489//499
f 2489//499 2511//515 2512//491
f 2489//499 2512//491 2502//494
f 2502//494 2512//491 2513//495
f 2502//494 2513//495 2507//491
f 2501//491 2514//491 2502//494
f 2502//494 2514//491 2515//491
f 2502//494 2515//491 2516//491
f 2517//514 2518//983 2490//491
f 2516//491 2519//495 2502//494
f 2502//494 2519//495 2520//491
f 2502//494 2520//491 2490//491
f 2490//491 2520//491 2521//509
f 2490//491 2521//509 2517//514
f 2518//983 2522//491 2490//491
f 2490//491 2522//491 2523//983
f 2490//491 2523//983 2524//491
f 2524//491 2525//499 2490//491
f 2490//491 2525//499 2526//495
f 2490//491 2526//495 2491//491
f 2512//491 2037//616 2513//495
f 2513//495 2037//616 2039//608
f 2513//495 2039//608 2507//491
f 2507//491 2039//608 2041//984
f 2507//491 2041//984 2500//491
f 2500//491 2041//984 2043//528
f 2500//491 2043//528 2501//491
f 2501//491 2043//528 2045//985
f 2501//491 2045//985 2514//491
f 2514//491 2045//985 1975//526
f 2514//491 1975//526 2515//491
f 2515//491 1975//526 1977//526
f 2515//491 1977//526 2516//491
f 2516//491 1977//526 1979//526
f 2516//491 1979//526 2519//495
f 2519//495 1979//526 1981//522
f 2519//495 1981//522 2520//491
f 2520//491 1981//522 1983//603
f 2520//491 1983//603 2521//509
f 2521//509 1983//603 1985//986
f 2521//509 1985//986 2517//514
f 2517//514 1985//986 1987//522
f 2517//514 1987//522 2518//983
f 2518//983 1987//522 1989//526
f 2518//983 1989//526 2522//491
f 2522//491 1989//526 1991//605
f 2522//491 1991//605 2523//983
f 2523//983 1991//605 1993//526
f 2523//983 1993//526 2524//491
f 2524//491 1993//526 1995//525
f 2524//491 1995//525 2525//499
f 2525//499 1995//525 1997//987
f 2525//499 1997//987 2526//495
f 2526//495 1997//987 1999//988
f 2526//495 1999//988 2491//491
f 2491//491 1999//988 2001//989
f 2491//491 2001//989 2493//515
f 2493//515 2001//989 2003//990
f 2493//515 2003//990 2494//514
f 2494//514 2003//990 2005//991
f 2494//514 2005//991 2495//491
f 2495//491 2005//991 2007//608
f 2495//491 2007//608 2496//491
f 2496//491 2007//608 2009//992
f 2496//491 2009//992 2497//491
f 2497//491 2009//992 2011//993
f 2497//491 2011//993 2498//491
f 2498//491 2011//993 2013//984
f 2498//491 2013//984 2499//491
f 2499//491 2013//984 2015//522
f 2499//491 2015//522 2508//509
f 2508//509 2015//522 2017//521
f 2508//509 2017//521 2509//491
f 2509//491 2017//521 2019//994
f 2509//491 2019//994 2510//491
f 2510//491 2019//994 2021//527
f 2510//491 2021//527 2503//491
f 2503//491 2021//527 2023//527
f 2503//491 2023//527 2487//491
f 2487//491 2023//527 2025//995
f 2487//491 2025//995 2488//491
f 2488//491 2025//995 2027//523
f 2488//491 2027//523 2504//491
f 2504//491 2027//523 2029//527
f 2504//491 2029//527 2505//491
f 2505//491 2029//527 2031//523
f 2505//491 2031//523 2506//491
f 2506//491 2031//523 2033//988
f 2506//491 2033//988 2511//515
f 2511//515 2033//988 2035//523
f 2511//515 2035//523 2512//491
f 2512//491 2035//523 2037//616
f 2005//524 2003//521 2527//491
f 2527//491 2003//521 2001//521
f 2527//491 2001//521 1999//521
f 2011//521 2009//521 2527//491
f 2527//491 2009//521 2007//996
f 2527//491 2007//996 2005//524
f 2017//523 2015//524 2527//491
f 2527//491 2015//524 2013//521
f 2527//491 2013//521 2011//521
f 2023//529 2021//529 2527//491
f 2527//491 2021//529 2019//521
f 2527//491 2019//521 2017//523
f 2029//521 2027//521 2527//491
f 2527//491 2027//521 2025//521
f 2527//491 2025//521 2023//529
f 2035//521 2033//521 2527//491
f 2527//491 2033//521 2031//521
f 2527//491 2031//521 2029//521
f 2041//521 2039//522 2527//491
f 2527//491 2039//522 2037//521
f 2527//491 2037//521 2035//521
f 1975//529 2045//521 2527//491
f 2527//491 2045//521 2043//524
f 2527//491 2043//524 2041//521
f 1981//522 1979//529 2527//491
f 2527//491 1979//529 1977//521
f 2527//491 1977//521 1975//529
f 1987//524 1985//523 2527//491
f 2527//491 1985//523 1983//521
f 2527//491 1983//521 1981//522
f 1993//521 1991//521 2527//491
f 2527//491 1991//521 1989//521
f 2527//491 1989//521 1987//524
f 1999//521 1997//521 2527//491
f 2527//491 1997//521 1995//521
f 2527//491 1995//521 1993//521
f 2528//997 2529//998 2530//999
f 2530//999 2529//998 2531//1000
f 2530//999 2531//1000 2532//1001
f 2532//1001 2531//1000 2533//1002
f 2532//1001 2533//1002 2534//1003
f 2534//1003 2533//1002 2535//1004
f 2534//1003 2535//1004 2536//1005
f 2536//1005 2535//1004 2537//1006
f 2536//1005 2537//1006 2538//1007
f 2538//1007 2537//1006 2539//1008
f 2538//1007 2539//1008 2540//1009
f 2540//1009 2539//1008 2541//1010
f 2540//1009 2541//1010 2542//1011
f 2542//1011 2541//1010 2481//978
f 2542//1011 2481//978 2485//981
f 2530//999 2543//1012 2528//997
f 2528//997 2543//1012 2544//1013
f 2528//997 2544//1013 2545//1014
f 2545//1014 2544//1013 2546//1015
f 2545//1014 2546//1015 2547//1016
f 2547//1016 2546//1015 2548//1017
f 2547//1016 2548//1017 2549//1018
f 2549//1018 2548//1017 2550//1019
f 2549//1018 2550//1019 2551//1020
f 2551//1020 2550//1019 2502//494
f 2551//1020 2502//494 2490//491
f 2552//1021 2553//1022 2529//998
f 2529//998 2553//1022 2554//1023
f 2529//998 2554//1023 2531//1000
f 2531//1000 2554//1023 2555//1024
f 2531//1000 2555//1024 2533//1002
f 2533//1002 2555//1024 2556//1025
f 2533//1002 2556//1025 2535//1004
f 2535//1004 2556//1025 2557//1026
f 2535//1004 2557//1026 2537//1006
f 2537//1006 2557//1026 2558//1027
f 2537//1006 2558//1027 2539//1008
f 2539//1008 2558//1027 2559//1028
f 2539//1008 2559//1028 2541//1010
f 2541//1010 2559//1028 2479//976
f 2541//1010 2479//976 2481//978
f 2529//998 2528//997 2552//1021
f 2552//1021 2528//997 2545//1014
f 2552//1021 2545//1014 2560//94
f 2560//94 2545//1014 2547//1016
f 2560//94 2547//1016 2561//1029
f 2561//1029 2547//1016 2549//1018
f 2561//1029 2549//1018 2562//1030
f 2562//1030 2549//1018 2551//1020
f 2562//1030 2551//1020 2563//1031
f 2563//1031 2551//1020 2490//491
f 2563//1031 2490//491 2492//499
f 2489//499 2502//494 2550//1019
f 2489//499 2550//1019 2564//1032
f 2564//1032 2550//1019 2548//1017
f 2564//1032 2548//1017 2565//1033
f 2565//1033 2548//1017 2546//1015
f 2565//1033 2546//1015 2566//1034
f 2566//1034 2546//1015 2544//1013
f 2566//1034 2544//1013 2567//1035
f 2567//1035 2544//1013 2543//1012
f 2567//1035 2543//1012 2568//1036
f 2568//1036 2543//1012 2569//1037
f 2569//1037 2543//1012 2530//999
f 2569//1037 2530//999 2570//1038
f 2540//1009 2571//1039 2538//1007
f 2538//1007 2571//1039 2572//1040
f 2538//1007 2572//1040 2536//1005
f 2536//1005 2572//1040 2573//1041
f 2536//1005 2573//1041 2534//1003
f 2534//1003 2573//1041 2570//1038
f 2534//1003 2570//1038 2532//1001
f 2532//1001 2570//1038 2530//999
f 2485//981 2483//979 2542//1011
f 2542//1011 2483//979 2574//1042
f 2542//1011 2574//1042 2540//1009
f 2540//1009 2574//1042 2575//1043
f 2540//1009 2575//1043 2571//1039
f 2483//979 2479//976 2574//1042
f 2574//1042 2479//976 2559//1028
f 2574//1042 2559//1028 2575//1043
f 2559//1028 2558//1027 2575//1043
f 2575//1043 2558//1027 2557//1026
f 2575//1043 2557//1026 2571//1039
f 2571//1039 2557//1026 2556//1025
f 2571//1039 2556//1025 2572//1040
f 2572//1040 2556//1025 2555//1024
f 2572//1040 2555//1024 2573//1041
f 2573//1041 2555//1024 2554//1023
f 2573//1041 2554//1023 2570//1038
f 2570//1038 2554//1023 2553//1022
f 2570//1038 2553//1022 2569//1037
f 2569//1037 2553//1022 2568//1036
f 2553//1022 2552//1021 2568//1036
f 2568//1036 2552//1021 2560//94
f 2568//1036 2560//94 2567//1035
f 2567//1035 2560//94 2561//1029
f 2567//1035 2561//1029 2566//1034
f 2566//1034 2561//1029 2562//1030
f 2566//1034 2562//1030 2565//1033
f 2565//1033 2562//1030 2563//1031
f 2565//1033 2563//1031 2564//1032
f 2564//1032 2563//1031 2492//499
f 2564//1032 2492//499 2489//499
g Magnetic_Coils.001_Magnetic_Coils.001_Default_OBJ.003
usemtl Default_OBJ.003
f 2576//1044 2577//1045 2578//1046
f 2578//1046 2577//1045 2579//1047
f 2579//1047 2577//1045 2580//1048
f 2579//1047 2580//1048 2581//1049
f 2578//1046 2582//1050 2576//1044
f 2576//1044 2582//1050 2583//1051
f 2576//1044 2583//1051 2584//1052
f 2584//1052 2583//1051 2585//1053
f 2584//1052 2585//1053 2586//1054
f 2586//1054 2585//1053 2587//1055
f 2586//1054 2587//1055 2588//1056
f 2588//1056 2587//1055 2589//1057
f 2588//1056 2589//1057 2590//1058
f 2590//1058 2589//1057 2591//1059
f 2590//1058 2591//1059 2592//1060
f 2592//1060 2591//1059 2593//1061
f 2592//1060 2593//1061 2594//1062
f 2594//1062 2593//1061 2595//1063
f 2596//1064 2597//1065 2598//1066
f 2598//1066 2597//1065 2599//1067
f 2600//1068 2601//1069 2602//1070
f 2602//1070 2601//1069 2603//1071
f 2602//1070 2603//1071 2604//1072
f 2604//1072 2603//1071 2605//1073
f 2604//1072 2605//1073 2606//1074
f 2606//1074 2605//1073 2607//1075
f 2606//1074 2607//1075 2608//1076
f 2599//1067 2597//1065 2609//1077
f 2609//1077 2597//1065 2610//1078
f 2609//1077 2610//1078 2611//1079
f 2611//1079 2610//1078 2612//1080
f 2611//1079 2612//1080 2613//1081
f 2613//1081 2612//1080 2614//1082
f 2613//1081 2614//1082 2600//1068
f 2600//1068 2614//1082 2615//1083
f 2600//1068 2615//1083 2601//1069
f 2616//1084 2617//1085 2618//1086
f 2619//1087 2620//1088 2621//1089
f 2621//1089 2620//1088 2622//1090
f 2621//1089 2622//1090 2623//1091
f 2623//1091 2622//1090 2624//1092
f 2623//1091 2624//1092 2625//1093
f 2625//1093 2624//1092 2626//1094
f 2625//1093 2626//1094 2627//1095
f 2627//1095 2626//1094 2628//1096
f 2627//1095 2628//1096 2629//1097
f 2629//1097 2628//1096 2630//1098
f 2629//1097 2630//1098 2631//1099
f 2631//1099 2630//1098 2632//1100
f 2631//1099 2632//1100 2633//1101
f 2633//1101 2632//1100 2618//1086
f 2618//1086 2632//1100 2634//1102
f 2618//1086 2634//1102 2616//1084
f 2635//1103 2636//1104 2637//1105
f 2637//1105 2636//1104 2638//1106
f 2638//1106 2636//1104 2639//1107
f 2639//1107 2636//1104 2640//1108
f 2639//1107 2640//1108 2641//1109
f 2641//1109 2640//1108 2642//1110
f 2641//1109 2642//1110 2643//1111
f 2643//1111 2642//1110 2644//1112
f 2643//1111 2644//1112 2645//1113
f 2644//1112 2646//1114 2645//1113
f 2645//1113 2646//1114 2647//1115
f 2645//1113 2647//1115 2648//1116
f 2648//1116 2647//1115 2649//1117
f 2648//1116 2649//1117 2650//1118
f 2650//1118 2649//1117 2651//1119
f 2650//1118 2651//1119 2652//1120
f 2652//1120 2651//1119 2653//1121
f 2654//1122 2655//1123 2656//1124
f 2656//1124 2655//1123 2657//1125
f 2658//1126 2659//1127 2660//1128
f 2660//1128 2659//1127 2661//1129
f 2660//1128 2661//1129 2662//1130
f 2662//1130 2661//1129 2663//1131
f 2662//1130 2663//1131 2664//1132
f 2664//1132 2663//1131 2665//1133
f 2657//1125 2655//1123 2666//1134
f 2666//1134 2655//1123 2667//1135
f 2666//1134 2667//1135 2668//1136
f 2668//1136 2667//1135 2669//1137
f 2668//1136 2669//1137 2670//1138
f 2670//1138 2669//1137 2671//1139
f 2670//1138 2671//1139 2665//1133
f 2665//1133 2671//1139 2672//1140
f 2665//1133 2672//1140 2664//1132
f 2673//1141 2674//1142 2675//1143
f 2675//1143 2674//1142 2676//1144
f 2675//1143 2676//1144 2677//1145
f 2678//1146 2679//1147 2680//1148
f 2680//1148 2679//1147 2681//1149
f 2680//1148 2681//1149 2682//1150
f 2682//1150 2681//1149 2683//1151
f 2682//1150 2683//1151 2684//1152
f 2684//1152 2683//1151 2685//1153
f 2684//1152 2685//1153 2686//1154
f 2686//1154 2685//1153 2687//1155
f 2686//1154 2687//1155 2688//1156
f 2688//1156 2687//1155 2689//1157
f 2688//1156 2689//1157 2690//1158
f 2690//1158 2689//1157 2673//1141
f 2690//1158 2673//1141 2691//1159
f 2691//1159 2673//1141 2675//1143
f 2692//1160 2693//1161 2694//1162
f 2694//1162 2693//1161 2695//1163
f 2696//1164 2697//1165 2698//1166
f 2698//1166 2697//1165 2699//1167
f 2698//1166 2699//1167 2700//1168
f 2700//1168 2699//1167 2701//1169
f 2700//1168 2701//1169 2702//1170
f 2702//1170 2701//1169 2703//1171
f 2695//1163 2693//1161 2704//1172
f 2704//1172 2693//1161 2705//1173
f 2704//1172 2705//1173 2706//1174
f 2706//1174 2705//1173 2707//1175
f 2706//1174 2707//1175 2708//1176
f 2708//1176 2707//1175 2709//1177
f 2708//1176 2709//1177 2703//1171
f 2703//1171 2709//1177 2710//1178
f 2703//1171 2710//1178 2702//1170
f 2711//1179 2712//1180 2713//1181
f 2714//1182 2715//1183 2716//1184
f 2716//1184 2715//1183 2717//1185
f 2716//1184 2717//1185 2718//1186
f 2718//1186 2717//1185 2719//1187
f 2718//1186 2719//1187 2720//1188
f 2720//1188 2719//1187 2721//1189
f 2720//1188 2721//1189 2722//1190
f 2722//1190 2721//1189 2723//1191
f 2723//1191 2721//1189 2724//1192
f 2723//1191 2724//1192 2725//1193
f 2725//1193 2724//1192 2726//1194
f 2725//1193 2726//1194 2727//1195
f 2727//1195 2726//1194 2728//1196
f 2727//1195 2728//1196 2713//1181
f 2713//1181 2728//1196 2729//1197
f 2713//1181 2729//1197 2711//1179
f 2730//1198 2731//1199 2732//1200
f 2732//1200 2731//1199 2733//1201
f 2732//1200 2733//1201 2734//1202
f 2735//1203 2736//1204 2737//1205
f 2737//1205 2736//1204 2738//1206
f 2737//1205 2738//1206 2739//1207
f 2739//1207 2738//1206 2740//1208
f 2739//1207 2740//1208 2741//1209
f 2741//1209 2740//1208 2742//1210
f 2741//1209 2742//1210 2743//1211
f 2743//1211 2742//1210 2744//1212
f 2743//1211 2744//1212 2745//1213
f 2745//1213 2744//1212 2746//1214
f 2745//1213 2746//1214 2747//1215
f 2747//1215 2746//1214 2730//1198
f 2747//1215 2730//1198 2748//1216
f 2748//1216 2730//1198 2732//1200
f 2749//1217 2750//1218 2751//1219
f 2751//1219 2750//1218 2752//1220
f 2751//1219 2752//1220 2753//1221
f 2753//1221 2752//1220 2754//1222
f 2753//1221 2754//1222 2755//1223
f 2755//1223 2754//1222 2756//1224
f 2755//1223 2756//1224 2757//1225
f 2758//1226 2759//1227 2760//1228
f 2760//1228 2759//1227 2761//1229
f 2761//1229 2759//1227 2762//1230
f 2762//1230 2759//1227 2763//1231
f 2762//1230 2763//1231 2764//1232
f 2764//1232 2763//1231 2765//1233
f 2764//1232 2765//1233 2766//1234
f 2766//1234 2765//1233 2767//1235
f 2766//1234 2767//1235 2749//1217
f 2749//1217 2767//1235 2768//1236
f 2749//1217 2768//1236 2750//1218
f 2769//1237 2770//1238 2771//1239
f 2771//1239 2770//1238 2772//1240
f 2772//1240 2770//1238 2773//1241
f 2772//1240 2773//1241 2774//1242
f 2775//1243 2776//1244 2777//1245
f 2777//1245 2776//1244 2778//1246
f 2777//1245 2778//1246 2779//1247
f 2779//1247 2778//1246 2780//1248
f 2779//1247 2780//1248 2781//1249
f 2781//1249 2780//1248 2782//1250
f 2781//1249 2782//1250 2783//1251
f 2783//1251 2782//1250 2784//1252
f 2783//1251 2784//1252 2785//1253
f 2785//1253 2784//1252 2786//1254
f 2785//1253 2786//1254 2787//1255
f 2787//1255 2786//1254 2769//1237
f 2787//1255 2769//1237 2788//1256
f 2788//1256 2769//1237 2771//1239
f 2789//1257 2790//1258 2791//1259
f 2791//1259 2790//1258 2792//1260
f 2793//1261 2794//1262 2795//1263
f 2795//1263 2794//1262 2796//1264
f 2795//1263 2796//1264 2797//1265
f 2797//1265 2796//1264 2798//1266
f 2797//1265 2798//1266 2799//1267
f 2799//1267 2798//1266 2800//1268
f 2792//1260 2790//1258 2801//1269
f 2801//1269 2790//1258 2802//1270
f 2801//1269 2802//1270 2803//1271
f 2803//1271 2802//1270 2804//1272
f 2803//1271 2804//1272 2805//1273
f 2805//1273 2804//1272 2806//1274
f 2805//1273 2806//1274 2800//1268
f 2800//1268 2806//1274 2807//1275
f 2800//1268 2807//1275 2799//1267
f 2808//1276 2809//1277 2810//1278
f 2810//1278 2809//1277 2811//1279
f 2810//1278 2811//1279 2812//1280
f 2813//1281 2814//1282 2815//1283
f 2815//1283 2814//1282 2816//1284
f 2815//1283 2816//1284 2817//1285
f 2817//1285 2816//1284 2818//1286
f 2817//1285 2818//1286 2819//1287
f 2819//1287 2818//1286 2820//1288
f 2819//1287 2820//1288 2821//1289
f 2821//1289 2820//1288 2822//1290
f 2821//1289 2822//1290 2823//1291
f 2823//1291 2822//1290 2824//1292
f 2823//1291 2824//1292 2825//1293
f 2825//1293 2824//1292 2808//1276
f 2825//1293 2808//1276 2826//1294
f 2826//1294 2808//1276 2810//1278
f 2827//1295 2828//1296 2829//1297
f 2829//1297 2828//1296 2830//1298
f 2829//1297 2830//1298 2831//1299
f 2831//1299 2830//1298 2832//1300
f 2831//1299 2832//1300 2833//1301
f 2833//1301 2832//1300 2834//1302
f 2835//1303 2836//1304 2837//1305
f 2837//1305 2836//1304 2838//1306
f 2838//1306 2836//1304 2839//1307
f 2839//1307 2836//1304 2840//1308
f 2839//1307 2840//1308 2841//1309
f 2841//1309 2840//1308 2842//1310
f 2841//1309 2842//1310 2843//1311
f 2843//1311 2842//1310 2844//1312
f 2843//1311 2844//1312 2834//1302
f 2834//1302 2844//1312 2845//1313
f 2834//1302 2845//1313 2833//1301
f 2846//1314 2847//1315 2848//1316
f 2848//1316 2847//1315 2849//1317
f 2848//1316 2849//1317 2850//1318
f 2851//1319 2852//1320 2853//1321
f 2853//1321 2852//1320 2854//1322
f 2853//1321 2854//1322 2855//1323
f 2855//1323 2854//1322 2856//1324
f 2855//1323 2856//1324 2857//1325
f 2857//1325 2856//1324 2858//1326
f 2857//1325 2858//1326 2859//1327
f 2859//1327 2858//1326 2860//1328
f 2859//1327 2860//1328 2861//1329
f 2861//1329 2860//1328 2862//1330
f 2861//1329 2862//1330 2863//1331
f 2863//1331 2862//1330 2846//1314
f 2863//1331 2846//1314 2864//1332
f 2864//1332 2846//1314 2848//1316
f 2865//1333 2866//1334 2867//1335
f 2867//1335 2866//1334 2868//1336
f 2867//1335 2868//1336 2869//1337
f 2867//1335 2870//1338 2865//1333
f 2865//1333 2870//1338 2871//1339
f 2865//1333 2871//1339 2872//1340
f 2872//1340 2871//1339 2873//1341
f 2872//1340 2873//1341 2874//1342
f 2874//1342 2873//1341 2875//1343
f 2874//1342 2875//1343 2876//1344
f 2876//1344 2875//1343 2877//1345
f 2876//1344 2877//1345 2878//1346
f 2878//1346 2877//1345 2879//1347
f 2878//1346 2879//1347 2880//1348
f 2880//1348 2879//1347 2881//1349
f 2880//1348 2881//1349 2882//1350
f 2882//1350 2881//1349 2883//1351
f 2884//1352 2885//1353 2886//1354
f 2886//1354 2885//1353 2887//1355
f 2888//1356 2889//1357 2890//1358
f 2890//1358 2889//1357 2891//1359
f 2890//1358 2891//1359 2892//1360
f 2892//1360 2891//1359 2893//1361
f 2892//1360 2893//1361 2894//1362
f 2894//1362 2893//1361 2895//1363
f 2894//1362 2895//1363 2896//1364
f 2887//1355 2885//1353 2897//1365
f 2897//1365 2885//1353 2898//1366
f 2897//1365 2898//1366 2899//1367
f 2899//1367 2898//1366 2900//1368
f 2899//1367 2900//1368 2901//1369
f 2901//1369 2900//1368 2902//1370
f 2901//1369 2902//1370 2888//1356
f 2888//1356 2902//1370 2903//1371
f 2888//1356 2903//1371 2889//1357
f 2904//1372 2905//1373 2906//1374
f 2906//1374 2905//1373 2907//1375
f 2907//1375 2905//1373 2908//1376
f 2907//1375 2908//1376 2909//1377
f 2910//1378 2911//1379 2912//1380
f 2912//1380 2911//1379 2913//1381
f 2912//1380 2913//1381 2914//1382
f 2914//1382 2913//1381 2915//1383
f 2914//1382 2915//1383 2916//1384
f 2916//1384 2915//1383 2917//1385
f 2916//1384 2917//1385 2918//1386
f 2918//1386 2917//1385 2919//1387
f 2918//1386 2919//1387 2920//1388
f 2920//1388 2919//1387 2921//1389
f 2920//1388 2921//1389 2922//1390
f 2922//1390 2921//1389 2904//1372
f 2922//1390 2904//1372 2923//1391
f 2923//1391 2904//1372 2906//1374
f 2924//1392 2925//1393 2926//1394
f 2926//1394 2925//1393 2927//1395
f 2926//1394 2927//1395 2928//1396
f 2929//1397 2930//1398 2931//1399
f 2931//1399 2930//1398 2932//1400
f 2931//1399 2932//1400 2933//1401
f 2933//1401 2932//1400 2934//1402
f 2933//1401 2934//1402 2935//1403
f 2935//1403 2934//1402 2936//1404
f 2935//1403 2936//1404 2937//1405
f 2937//1405 2936//1404 2938//1406
f 2937//1405 2938//1406 2939//1407
f 2939//1407 2938//1406 2940//1408
f 2939//1407 2940//1408 2941//1409
f 2941//1409 2940//1408 2924//1392
f 2941//1409 2924//1392 2942//1410
f 2942//1410 2924//1392 2926//1394
f 2943//1411 2944//1412 2945//1413
f 2946//1414 2947//1415 2948//1416
f 2948//1416 2947//1415 2949//1417
f 2948//1416 2949//1417 2950//1418
f 2950//1418 2949//1417 2951//1419
f 2950//1418 2951//1419 2952//1420
f 2952//1420 2951//1419 2953//1421
f 2952//1420 2953//1421 2954//1422
f 2954//1422 2953//1421 2955//1423
f 2955//1423 2953//1421 2956//1424
f 2955//1423 2956//1424 2957//1425
f 2957//1425 2956//1424 2958//1426
f 2957//1425 2958//1426 2959//1427
f 2959//1427 2958//1426 2960//1428
f 2959//1427 2960//1428 2945//1413
f 2945//1413 2960//1428 2961//1429
f 2945//1413 2961//1429 2943//1411
f 2962//1430 2963//1431 2964//1432
f 2964//1432 2963//1431 2965//1433
f 2964//1432 2965//1433 2966//1434
f 2967//1435 2968//1436 2969//1437
f 2969//1437 2968//1436 2970//1438
f 2969//1437 2970//1438 2971//1439
f 2971//1439 2970//1438 2972//1440
f 2971//1439 2972//1440 2973//1441
f 2973//1441 2972//1440 2974//1442
f 2973//1441 2974//1442 2975//1443
f 2975//1443 2974//1442 2976//1444
f 2975//1443 2976//1444 2977//1445
f 2977//1445 2976//1444 2978//1446
f 2977//1445 2978//1446 2979//1447
f 2979//1447 2978//1446 2962//1430
f 2979//1447 2962//1430 2980//1448
f 2980//1448 2962//1430 2964//1432
f 2981//1449 2982//1450 2983//1451
f 2983//1451 2982//1450 2984//1452
f 2985//1453 2986//1454 2987//1455
f 2987//1455 2986//1454 2988//1456
f 2987//1455 2988//1456 2989//1457
f 2989//1457 2988//1456 2990//1458
f 2989//1457 2990//1458 2991//1459
f 2991//1459 2990//1458 2992//1460
f 2984//1452 2982//1450 2993//1461
f 2993//1461 2982//1450 2994//1462
f 2993//1461 2994//1462 2995//1463
f 2995//1463 2994//1462 2996//1464
f 2995//1463 2996//1464 2997//1465
f 2997//1465 2996//1464 2998//1466
f 2997//1465 2998//1466 2992//1460
f 2992//1460 2998//1466 2999//1467
f 2992//1460 2999//1467 2991//1459
f 3000//1468 3001//1469 3002//1470
f 3003//1471 3004//1472 3005//1473
f 3006//1474 3007//1475 3008//1476
f 3008//1476 3007//1475 3009//1477
f 3008//1476 3009//1477 3010//1478
f 3011//1479 3012//1480 3013//1481
f 3013//1481 3012//1480 3014//1482
f 3014//1482 3015//1483 3013//1481
f 3013//1481 3015//1483 3016//1484
f 3013//1481 3016//1484 3017//1485
f 3017//1485 3016//1484 3018//1486
f 3017//1485 3018//1486 3019//1487
f 3020//1488 3021//1489 3022//1490
f 3022//1490 3021//1489 3023//1491
f 3022//1490 3023//1491 3024//1492
f 3025//1493 3026//1494 3027//1495
f 3010//1478 3028//1496 3008//1476
f 3008//1476 3028//1496 3029//1497
f 3008//1476 3029//1497 3030//1498
f 3030//1498 3029//1497 3031//1499
f 3030//1498 3031//1499 3032//1500
f 3032//1500 3031//1499 3033//1501
f 3011//1479 3013//1481 3034//1502
f 3034//1502 3013//1481 3035//1503
f 3034//1502 3035//1503 3036//1504
f 3036//1504 3035//1503 3037//1505
f 3036//1504 3037//1505 3038//1506
f 3038//1506 3037//1505 3039//1507
f 3038//1506 3039//1507 3033//1501
f 3033//1501 3039//1507 3040//1508
f 3033//1501 3040//1508 3032//1500
f 3024//1492 3041//1509 3022//1490
f 3022//1490 3041//1509 3042//1510
f 3022//1490 3042//1510 3043//1511
f 3043//1511 3042//1510 3044//1512
f 3043//1511 3044//1512 3045//1513
f 3045//1513 3044//1512 3046//1514
f 3045//1513 3046//1514 3047//1515
f 3047//1515 3046//1514 3048//1516
f 3047//1515 3048//1516 3017//1485
f 3017//1485 3048//1516 3049//1517
f 3017//1485 3049//1517 3013//1481
f 3000//1468 3002//1470 3050//1518
f 3050//1518 3002//1470 3027//1495
f 3050//1518 3027//1495 3051//1519
f 3005//1473 3007//1475 3003//1471
f 3003//1471 3007//1475 3006//1474
f 3003//1471 3006//1474 3052//1520
f 3052//1520 3006//1474 3053//1521
f 3052//1520 3053//1521 3054//1522
f 3054//1522 3053//1521 3055//1523
f 3054//1522 3055//1523 3002//1470
f 3002//1470 3055//1523 3056//1524
f 3002//1470 3056//1524 3027//1495
f 3026//1494 3057//1525 3027//1495
f 3027//1495 3057//1525 3058//1526
f 3027//1495 3058//1526 3051//1519
f 3041//1509 3059//1527 3042//1510
f 3042//1510 3059//1527 3060//1528
f 3042//1510 3060//1528 3061//1529
f 3061//1529 3060//1528 3062//1530
f 3061//1529 3062//1530 3063//1531
f 3063//1531 3062//1530 3064//1532
f 3063//1531 3064//1532 3065//1533
f 3065//1533 3064//1532 3066//1534
f 3065//1533 3066//1534 3067//1535
f 3067//1535 3066//1534 3068//1536
f 3067//1535 3068//1536 3069//1537
f 3069//1537 3068//1536 3025//1493
f 3069//1537 3025//1493 3070//1538
f 3070//1538 3025//1493 3027//1495
f 3071//1539 3072//1540 3073//1541
f 3074//1542 3075//1543 3076//1544
f 3072//1540 3077//1545 3073//1541
f 3073//1541 3077//1545 3078//1546
f 3073//1541 3078//1546 3079//1547
f 3079//1547 3078//1546 3080//1548
f 3079//1547 3080//1548 3081//1549
f 3082//1550 3083//1551 3084//1552
f 3084//1552 3083//1551 3085//1553
f 3084//1552 3085//1553 3086//1554
f 3086//1554 3087//1555 3084//1552
f 3084//1552 3087//1555 3088//1556
f 3084//1552 3088//1556 3089//1557
f 3089//1557 3088//1556 3090//1558
f 3089//1557 3090//1558 3091//1559
f 3091//1559 3090//1558 3092//1560
f 3091//1559 3092//1560 3093//1561
f 3019//1487 3094//1562 3095//1563
f 3095//1563 3094//1562 3096//1564
f 3095//1563 3096//1564 3097//1565
f 3098//1566 3099//1567 3100//1568
f 3100//1568 3099//1567 3101//1569
f 3100//1568 3101//1569 3102//1570
f 3097//1565 3103//1571 3095//1563
f 3095//1563 3103//1571 3104//1572
f 3095//1563 3104//1572 3105//1573
f 3105//1573 3104//1572 3106//1574
f 3105//1573 3106//1574 3107//1575
f 3107//1575 3106//1574 3108//1576
f 3107//1575 3108//1576 3109//1577
f 3109//1577 3108//1576 3110//1578
f 3109//1577 3110//1578 3079//1547
f 3079//1547 3110//1578 3111//1579
f 3079//1547 3111//1579 3073//1541
f 3076//1544 3083//1551 3074//1542
f 3074//1542 3083//1551 3082//1550
f 3074//1542 3082//1550 3112//1580
f 3112//1580 3082//1550 3113//1581
f 3112//1580 3113//1581 3114//1582
f 3114//1582 3113//1581 3115//1583
f 3114//1582 3115//1583 3116//1584
f 3116//1584 3115//1583 3117//1585
f 3116//1584 3117//1585 3100//1568
f 3093//1561 3092//1560 3118//1586
f 3118//1586 3092//1560 3119//1587
f 3118//1586 3119//1587 3120//1588
f 3120//1588 3119//1587 3121//1589
f 3120//1588 3121//1589 3122//1590
f 3122//1590 3121//1589 3123//1591
f 3122//1590 3123//1591 3073//1541
f 3073//1541 3123//1591 3124//1592
f 3073//1541 3124//1592 3071//1539
f 3102//1570 3125//1593 3100//1568
f 3100//1568 3125//1593 3126//1594
f 3100//1568 3126//1594 3116//1584
f 3116//1584 3126//1594 3127//1595
f 3116//1584 3127//1595 3004//1472
f 3103//1571 3128//1596 3104//1572
f 3104//1572 3128//1596 3129//1597
f 3104//1572 3129//1597 3130//1598
f 3130//1598 3129//1597 3131//1599
f 3130//1598 3131//1599 3132//1600
f 3132//1600 3131//1599 3133//1601
f 3132//1600 3133//1601 3134//1602
f 3134//1602 3133//1601 3135//1603
f 3134//1602 3135//1603 3136//1604
f 3136//1604 3135//1603 3137//1605
f 3136//1604 3137//1605 3138//1606
f 3138//1606 3137//1605 3098//1566
f 3138//1606 3098//1566 3139//1607
f 3139//1607 3098//1566 3100//1568
f 3140//1608 3141//1609 3142//1610
f 3140//1608 3142//1610 3143//1611
f 3143//1611 3142//1610 3144//1612
f 3143//1611 3144//1612 3145//1613
f 3146//1614 3147//1615 3148//1616
f 3149//1617 3150//1618 3151//1619
f 3151//1619 3150//1618 3152//1620
f 3151//1619 3152//1620 3075//1543
f 3153//1621 3154//1622 3144//1612
f 3144//1612 3154//1622 3155//1623
f 3144//1612 3155//1623 3145//1613
f 3081//1549 3156//1624 3157//1625
f 3157//1625 3156//1624 3158//1626
f 3157//1625 3158//1626 3159//1627
f 3159//1627 3160//1628 3157//1625
f 3157//1625 3160//1628 3161//1629
f 3157//1625 3161//1629 3162//1630
f 3162//1630 3161//1629 3163//1631
f 3162//1630 3163//1631 3164//1632
f 3164//1632 3163//1631 3165//1633
f 3164//1632 3165//1633 3166//1634
f 3166//1634 3165//1633 3167//1635
f 3166//1634 3167//1635 3142//1610
f 3142//1610 3167//1635 3168//1636
f 3142//1610 3168//1636 3144//1612
f 3169//1637 3170//1638 3171//1639
f 3171//1639 3170//1638 3172//1640
f 3148//1616 3169//1637 3146//1614
f 3146//1614 3169//1637 3171//1639
f 3146//1614 3171//1639 3173//1641
f 3173//1641 3171//1639 3174//1642
f 3173//1641 3174//1642 3175//1643
f 3175//1643 3174//1642 3176//1644
f 3175//1643 3176//1644 3177//1645
f 3177//1645 3176//1644 3178//1646
f 3177//1645 3178//1646 3151//1619
f 3151//1619 3178//1646 3179//1647
f 3151//1619 3179//1647 3149//1617
f 3149//1617 3179//1647 3180//1648
f 3172//1640 3181//1649 3171//1639
f 3171//1639 3181//1649 3182//1650
f 3171//1639 3182//1650 3183//1651
f 3183//1651 3182//1650 3184//1652
f 3183//1651 3184//1652 3185//1653
f 3185//1653 3184//1652 3186//1654
f 3187//1655 3188//1656 3179//1647
f 3179//1647 3188//1656 3189//1657
f 3179//1647 3189//1657 3180//1648
f 3153//1621 3144//1612 3190//1658
f 3190//1658 3144//1612 3191//1659
f 3190//1658 3191//1659 3192//1660
f 3192//1660 3191//1659 3193//1661
f 3192//1660 3193//1661 3194//1662
f 3194//1662 3193//1661 3195//1663
f 3194//1662 3195//1663 3186//1654
f 3186//1654 3195//1663 3196//1664
f 3186//1654 3196//1664 3185//1653
f 3160//1628 3197//1665 3161//1629
f 3161//1629 3197//1665 3198//1666
f 3161//1629 3198//1666 3199//1667
f 3199//1667 3198//1666 3200//1668
f 3199//1667 3200//1668 3201//1669
f 3201//1669 3200//1668 3202//1670
f 3201//1669 3202//1670 3203//1671
f 3203//1671 3202//1670 3204//1672
f 3203//1671 3204//1672 3205//1673
f 3205//1673 3204//1672 3206//1674
f 3205//1673 3206//1674 3207//1675
f 3207//1675 3206//1674 3187//1655
f 3207//1675 3187//1655 3208//1676
f 3208//1676 3187//1655 3179//1647
f 3209//1677 3147//1615 3210//1678
f 3211//1679 3212//1680 3213//1681
f 3213//1681 3212//1680 3214//1682
f 3215//1683 3216//1684 3217//1685
f 3218//1686 3219//1477 3220//1687
f 3209//1677 3210//1678 3221//1688
f 3222//1689 3223//1690 3224//1691
f 3224//1691 3223//1690 3225//1692
f 3222//1689 3226//1693 3223//1690
f 3223//1690 3226//1693 3227//1694
f 3223//1690 3227//1694 3228//1695
f 3228//1695 3227//1694 3229//1696
f 3228//1695 3229//1696 3230//1697
f 3211//1679 3215//1683 3212//1680
f 3212//1680 3215//1683 3217//1685
f 3212//1680 3217//1685 3231//1698
f 3231//1698 3217//1685 3232//1699
f 3231//1698 3232//1699 3233//1700
f 3233//1700 3232//1699 3234//1701
f 3233//1700 3234//1701 3235//1702
f 3235//1702 3234//1701 3236//1703
f 3235//1702 3236//1703 3210//1678
f 3210//1678 3236//1703 3220//1687
f 3210//1678 3220//1687 3221//1688
f 3221//1688 3220//1687 3219//1477
f 3141//1609 3237//1704 3238//1705
f 3238//1705 3237//1704 3239//1706
f 3240//1707 3241//1708 3242//1709
f 3216//1684 3243//1710 3217//1685
f 3217//1685 3243//1710 3244//1711
f 3217//1685 3244//1711 3245//1712
f 3245//1712 3244//1711 3246//1713
f 3245//1712 3246//1713 3247//1714
f 3247//1714 3246//1713 3248//1715
f 3225//1692 3223//1690 3249//1716
f 3249//1716 3223//1690 3250//1717
f 3249//1716 3250//1717 3251//1718
f 3251//1718 3250//1717 3252//1719
f 3251//1718 3252//1719 3253//1720
f 3253//1720 3252//1719 3254//1721
f 3253//1720 3254//1721 3248//1715
f 3248//1715 3254//1721 3255//1722
f 3248//1715 3255//1722 3247//1714
f 3239//1706 3241//1708 3238//1705
f 3238//1705 3241//1708 3240//1707
f 3238//1705 3240//1707 3256//1723
f 3256//1723 3240//1707 3257//1724
f 3256//1723 3257//1724 3258//1725
f 3258//1725 3257//1724 3259//1726
f 3258//1725 3259//1726 3260//1727
f 3260//1727 3259//1726 3261//1728
f 3260//1727 3261//1728 3228//1695
f 3228//1695 3261//1728 3262//1729
f 3228//1695 3262//1729 3223//1690
f 3263//1730 3264//1731 3220//1687
f 3220//1687 3264//1731 3265//1732
f 3220//1687 3265//1732 3218//1686
f 3242//1709 3266//1733 3240//1707
f 3240//1707 3266//1733 3267//1734
f 3240//1707 3267//1734 3268//1735
f 3268//1735 3267//1734 3269//1736
f 3268//1735 3269//1736 3270//1737
f 3270//1737 3269//1736 3271//1738
f 3270//1737 3271//1738 3272//1739
f 3272//1739 3271//1738 3273//1740
f 3272//1739 3273//1740 3274//1741
f 3274//1741 3273//1740 3275//1742
f 3274//1741 3275//1742 3276//1743
f 3276//1743 3275//1742 3263//1730
f 3276//1743 3263//1730 3277//1744
f 3277//1744 3263//1730 3220//1687
f 3278//1745 3279//1746 3280//1747
f 3281//1748 3282//1749 3283//1750
f 3283//1750 3282//1749 3284//1751
f 3278//1745 3280//1747 3285//1752
f 3285//1752 3280//1747 3286//1753
f 3285//1752 3286//1753 3287//1754
f 3288//1755 3289//1756 3290//1757
f 3284//1751 3291//1758 3292//1759
f 3292//1759 3291//1758 3293//1760
f 3292//1759 3293//1760 3230//1697
f 3294//1761 3295//1762 3296//1763
f 3296//1763 3295//1762 3297//1764
f 3296//1763 3297//1764 3298//1765
f 3299//1766 3300//1767 3301//1768
f 3301//1768 3300//1767 3302//1769
f 3301//1768 3302//1769 3303//1770
f 3304//1771 3305//1772 3286//1753
f 3286//1753 3305//1772 3306//1773
f 3286//1753 3306//1773 3287//1754
f 3303//1770 3307//1774 3301//1768
f 3301//1768 3307//1774 3308//1775
f 3301//1768 3308//1775 3309//1776
f 3309//1776 3308//1775 3310//1777
f 3309//1776 3310//1777 3214//1682
f 3281//1748 3311//1778 3282//1749
f 3282//1749 3311//1778 3312//1779
f 3282//1749 3312//1779 3313//1780
f 3313//1780 3312//1779 3314//1781
f 3313//1780 3314//1781 3315//1782
f 3315//1782 3314//1781 3316//1783
f 3315//1782 3316//1783 3317//1784
f 3317//1784 3316//1783 3318//1785
f 3317//1784 3318//1785 3319//1786
f 3319//1786 3318//1785 3320//1787
f 3319//1786 3320//1787 3321//1788
f 3321//1788 3320//1787 3299//1766
f 3321//1788 3299//1766 3322//1789
f 3322//1789 3299//1766 3301//1768
f 3284//1751 3282//1749 3291//1758
f 3291//1758 3282//1749 3323//1790
f 3291//1758 3323//1790 3324//1791
f 3324//1791 3323//1790 3325//1792
f 3324//1791 3325//1792 3326//1793
f 3326//1793 3325//1792 3327//1794
f 3326//1793 3327//1794 3280//1747
f 3280//1747 3327//1794 3328//1795
f 3280//1747 3328//1795 3286//1753
f 3290//1757 3295//1762 3288//1755
f 3288//1755 3295//1762 3294//1761
f 3288//1755 3294//1761 3329//1796
f 3329//1796 3294//1761 3330//1797
f 3329//1796 3330//1797 3331//1798
f 3331//1798 3330//1797 3332//1799
f 3331//1798 3332//1799 3309//1776
f 3309//1776 3332//1799 3333//1800
f 3309//1776 3333//1800 3301//1768
f 3298//1765 3334//1801 3296//1763
f 3296//1763 3334//1801 3335//1802
f 3296//1763 3335//1802 3336//1803
f 3336//1803 3335//1802 3337//1804
f 3336//1803 3337//1804 3338//1805
f 3338//1805 3337//1804 3339//1806
f 3304//1771 3286//1753 3340//1807
f 3340//1807 3286//1753 3341//1808
f 3340//1807 3341//1808 3342//1809
f 3342//1809 3341//1808 3343//1810
f 3342//1809 3343//1810 3344//1811
f 3344//1811 3343//1810 3345//1812
f 3344//1811 3345//1812 3339//1806
f 3339//1806 3345//1812 3346//1813
f 3339//1806 3346//1813 3338//1805
f 3347//1814 3348//1815 3349//1816
f 3350//1817 3351//1818 3352//1819
f 3352//1819 3351//1818 3353//1820
f 3352//1819 3353//1820 3354//1821
f 3355//1822 3356//1823 3357//1824
f 3357//1824 3356//1823 3358//1825
f 3357//1824 3358//1825 3359//1826
f 3360//1827 3361//1828 3362//1829
f 3349//1816 3363//1830 3353//1820
f 3364//1831 3365//1832 3366//1833
f 3366//1833 3365//1832 3367//1834
f 3366//1833 3367//1834 3368//1835
f 3347//1814 3349//1816 3369//1836
f 3369//1836 3349//1816 3353//1820
f 3369//1836 3353//1820 3370//1837
f 3370//1837 3371//1838 3369//1836
f 3369//1836 3371//1838 3372//1839
f 3369//1836 3372//1839 3279//1746
f 3363//1830 3373//1840 3353//1820
f 3353//1820 3373//1840 3357//1824
f 3353//1820 3357//1824 3354//1821
f 3354//1821 3357//1824 3359//1826
f 3348//1815 3347//1814 3374//1841
f 3374//1841 3347//1814 3375//1842
f 3374//1841 3375//1842 3376//1843
f 3368//1835 3377//1844 3366//1833
f 3366//1833 3377//1844 3378//1845
f 3366//1833 3378//1845 3379//1846
f 3379//1846 3378//1845 3380//1847
f 3379//1846 3380//1847 3381//1848
f 3381//1848 3380//1847 3382//1849
f 3355//1822 3357//1824 3383//1850
f 3383//1850 3357//1824 3384//1851
f 3383//1850 3384//1851 3385//1852
f 3385//1852 3384//1851 3386//1853
f 3385//1852 3386//1853 3387//1854
f 3387//1854 3386//1853 3388//1855
f 3387//1854 3388//1855 3382//1849
f 3382//1849 3388//1855 3389//1856
f 3382//1849 3389//1856 3381//1848
f 3362//1829 3365//1832 3360//1827
f 3360//1827 3365//1832 3364//1831
f 3360//1827 3364//1831 3390//1857
f 3390//1857 3364//1831 3391//1858
f 3390//1857 3391//1858 3392//1859
f 3392//1859 3391//1858 3393//1860
f 3392//1859 3393//1860 3394//1861
f 3394//1861 3393//1860 3395//1862
f 3394//1861 3395//1862 3396//1863
f 3397//1864 3398//1865 3396//1863
f 3396//1863 3398//1865 3399//1866
f 3396//1863 3399//1866 3400//1867
f 3400//1867 3401//1638 3396//1863
f 3396//1863 3401//1638 3402//1868
f 3396//1863 3402//1868 3394//1861
f 3394//1861 3402//1868 3403//1869
f 3394//1861 3403//1869 3289//1756
f 3376//1843 3404//1870 3374//1841
f 3374//1841 3404//1870 3405//1871
f 3374//1841 3405//1871 3406//1872
f 3406//1872 3405//1871 3407//1873
f 3406//1872 3407//1873 3408//1874
f 3408//1874 3407//1873 3409//1875
f 3408//1874 3409//1875 3410//1876
f 3410//1876 3409//1875 3411//1877
f 3410//1876 3411//1877 3412//1878
f 3412//1878 3411//1877 3413//1879
f 3412//1878 3413//1879 3414//1880
f 3414//1880 3413//1879 3397//1864
f 3414//1880 3397//1864 3415//1881
f 3415//1881 3397//1864 3396//1863
f 3350//1817 3416//1882 3417//1883
f 3417//1883 3416//1882 3418//1884
f 3419//1885 3420//1886 3421//1887
f 3422//1888 3423//1889 3424//1890
f 3424//1890 3423//1889 3425//1891
f 3424//1890 3425//1891 3426//1892
f 3427//1893 3428//1894 3429//1895
f 3429//1895 3428//1894 3430//1896
f 3429//1895 3430//1896 3361//1828
f 3431//1897 3432//1898 3433//1899
f 3434//1900 3435//1901 3436//1902
f 3436//1902 3435//1901 3437//1903
f 3438//1904 3439//1905 3440//1906
f 3440//1906 3439//1905 3441//1907
f 3442//1908 3427//1893 3443//1909
f 3443//1909 3427//1893 3429//1895
f 3443//1909 3429//1895 3444//1910
f 3444//1910 3429//1895 3445//1911
f 3444//1910 3445//1911 3446//1912
f 3446//1912 3445//1911 3447//1913
f 3446//1912 3447//1913 3448//1914
f 3448//1914 3447//1913 3449//1915
f 3448//1914 3449//1915 3436//1902
f 3436//1902 3449//1915 3419//1885
f 3436//1902 3419//1885 3434//1900
f 3434//1900 3419//1885 3421//1887
f 3441//1907 3422//1888 3440//1906
f 3440//1906 3422//1888 3424//1890
f 3440//1906 3424//1890 3450//1916
f 3450//1916 3424//1890 3451//1917
f 3450//1916 3451//1917 3452//1918
f 3452//1918 3451//1917 3453//1919
f 3452//1918 3453//1919 3454//1920
f 3454//1920 3453//1919 3455//1921
f 3454//1920 3455//1921 3456//1922
f 3456//1922 3455//1921 3417//1883
f 3456//1922 3417//1883 3433//1899
f 3433//1899 3417//1883 3418//1884
f 3433//1899 3418//1884 3431//1897
f 3457//1923 3458//1924 3443//1909
f 3443//1909 3458//1924 3459//1925
f 3443//1909 3459//1925 3442//1908
f 3443//1909 3460//1926 3457//1923
f 3457//1923 3460//1926 3461//1927
f 3457//1923 3461//1927 3462//1928
f 3462//1928 3461//1927 3463//1929
f 3462//1928 3463//1929 3464//1930
f 3464//1930 3463//1929 3465//1931
f 3464//1930 3465//1931 3466//1932
f 3466//1932 3465//1931 3467//1933
f 3466//1932 3467//1933 3468//1934
f 3468//1934 3467//1933 3469//1935
f 3468//1934 3469//1935 3470//1936
f 3470//1936 3469//1935 3433//1899
f 3470//1936 3433//1899 3471//1937
f 3471//1937 3433//1899 3432//1898
f 3437//1903 3472//1938 3436//1902
f 3436//1902 3472//1938 3473//1939
f 3436//1902 3473//1939 3474//1940
f 3474//1940 3473//1939 3475//1941
f 3474//1940 3475//1941 3476//1942
f 3476//1942 3475//1941 3477//1943
f 3438//1904 3440//1906 3478//1944
f 3478//1944 3440//1906 3479//1945
f 3478//1944 3479//1945 3480//1946
f 3480//1946 3479//1945 3481//1947
f 3480//1946 3481//1947 3482//1948
f 3482//1948 3481//1947 3483//1949
f 3482//1948 3483//1949 3477//1943
f 3477//1943 3483//1949 3484//1950
f 3477//1943 3484//1950 3476//1942
f 3485//1951 3486//1952 3487//1953
f 3488//1954 3489//1955 3490//1956
f 3491//1957 3492//1958 3493//1959
f 3493//1959 3492//1958 3001//1469
f 3494//1960 3495//1961 3496//1962
f 3496//1962 3495//1961 3497//1963
f 3485//1951 3487//1953 3498//1964
f 3494//1960 3499//1965 3495//1961
f 3495//1961 3499//1965 3500//1966
f 3495//1961 3500//1966 3501//1967
f 3501//1967 3500//1966 3502//1968
f 3501//1967 3502//1968 3020//1488
f 3503//1969 3504//1970 3505//1971
f 3505//1971 3504//1970 3506//1972
f 3507//1617 3508//1973 3509//1974
f 3508//1973 3510//1975 3509//1974
f 3509//1974 3510//1975 3511//1976
f 3509//1974 3511//1976 3512//1977
f 3512//1977 3511//1976 3513//1978
f 3512//1977 3513//1978 3514//1979
f 3514//1979 3513//1978 3515//1980
f 3497//1963 3495//1961 3516//1981
f 3516//1981 3495//1961 3517//1982
f 3516//1981 3517//1982 3518//1983
f 3518//1983 3517//1982 3519//1984
f 3518//1983 3519//1984 3520//1985
f 3520//1985 3519//1984 3521//1986
f 3520//1985 3521//1986 3515//1980
f 3515//1980 3521//1986 3522//1987
f 3515//1980 3522//1987 3514//1979
f 3491//1957 3507//1617 3492//1958
f 3492//1958 3507//1617 3509//1974
f 3492//1958 3509//1974 3523//1988
f 3523//1988 3509//1974 3524//1989
f 3523//1988 3524//1989 3525//1990
f 3525//1990 3524//1989 3526//1991
f 3525//1990 3526//1991 3527//1992
f 3527//1992 3526//1991 3528//1993
f 3527//1992 3528//1993 3487//1953
f 3487//1953 3528//1993 3529//1994
f 3487//1953 3529//1994 3498//1964
f 3530//1995 3531//1996 3529//1994
f 3529//1994 3531//1996 3532//1997
f 3529//1994 3532//1997 3498//1964
f 3506//1972 3533//1998 3505//1971
f 3505//1971 3533//1998 3534//1999
f 3505//1971 3534//1999 3535//2000
f 3535//2000 3534//1999 3536//2001
f 3535//2000 3536//2001 3537//2002
f 3537//2002 3536//2001 3538//2003
f 3537//2002 3538//2003 3539//2004
f 3539//2004 3538//2003 3540//2005
f 3539//2004 3540//2005 3541//2006
f 3541//2006 3540//2005 3542//2007
f 3541//2006 3542//2007 3543//2008
f 3543//2008 3542//2007 3544//2009
f 3543//2008 3544//2009 3545//2010
f 3545//2010 3544//2009 3529//1994
f 3529//1994 3544//2009 3546//2011
f 3529//1994 3546//2011 3530//1995
f 3490//1956 3503//1969 3488//1954
f 3488//1954 3503//1969 3505//1971
f 3488//1954 3505//1971 3547//2012
f 3547//2012 3505//1971 3548//2013
f 3547//2012 3548//2013 3549//2014
f 3549//2014 3548//2013 3550//2015
f 3549//2014 3550//2015 3551//2016
f 3551//2016 3550//2015 3552//2017
f 3551//2016 3552//2017 3501//1967
f 3501//1967 3552//2017 3553//2018
f 3501//1967 3553//2018 3495//1961
f 3554//2019 3489//1955 3555//2020
f 3554//2019 3555//2020 3556//2021
f 3557//2022 3486//1952 3558//2023
f 3559//2024 3560//2025 3561//2026
f 3561//2026 3560//2025 3562//2027
f 3561//2026 3562//2027 3563//2028
f 3564//2029 3565//2030 3566//2031
f 3566//2031 3565//2030 3567//2032
f 3568//2033 3569//2034 3570//2035
f 3570//2035 3569//2034 3571//2036
f 3572//2037 3573//2038 3574//2039
f 3574//2039 3573//2038 3575//2040
f 3574//2039 3575//2040 3576//2041
f 3577//2042 3578//2043 3579//2044
f 3580//2045 3581//2046 3582//2047
f 3582//2047 3581//2046 3583//2048
f 3582//2047 3583//2048 3584//2049
f 3558//2023 3568//2033 3557//2022
f 3557//2022 3568//2033 3570//2035
f 3557//2022 3570//2035 3585//2050
f 3585//2050 3570//2035 3586//2051
f 3585//2050 3586//2051 3587//2052
f 3587//2052 3586//2051 3588//2053
f 3587//2052 3588//2053 3589//2054
f 3589//2054 3588//2053 3590//2055
f 3589//2054 3590//2055 3561//2026
f 3561//2026 3590//2055 3582//2047
f 3561//2026 3582//2047 3559//2024
f 3559//2024 3582//2047 3584//2049
f 3571//2036 3591//2056 3570//2035
f 3570//2035 3591//2056 3592//2057
f 3570//2035 3592//2057 3593//2058
f 3593//2058 3592//2057 3594//2059
f 3593//2058 3594//2059 3595//2060
f 3595//2060 3594//2059 3596//2061
f 3576//2041 3556//2021 3574//2039
f 3574//2039 3556//2021 3555//2020
f 3574//2039 3555//2020 3597//2062
f 3597//2062 3555//2020 3598//2063
f 3597//2062 3598//2063 3599//2064
f 3599//2064 3598//2063 3600//2065
f 3599//2064 3600//2065 3601//2066
f 3601//2066 3600//2065 3602//2067
f 3601//2066 3602//2067 3603//2068
f 3603//2068 3602//2067 3566//2031
f 3603//2068 3566//2031 3577//2042
f 3577//2042 3566//2031 3567//2032
f 3577//2042 3567//2032 3578//2043
f 3572//2037 3574//2039 3604//2069
f 3604//2069 3574//2039 3605//2070
f 3604//2069 3605//2070 3606//2071
f 3606//2071 3605//2070 3607//2072
f 3606//2071 3607//2072 3608//2073
f 3608//2073 3607//2072 3609//2074
f 3608//2073 3609//2074 3596//2061
f 3596//2061 3609//2074 3610//2075
f 3596//2061 3610//2075 3595//2060
f 3579//2044 3611//2076 3577//2042
f 3577//2042 3611//2076 3612//2077
f 3577//2042 3612//2077 3613//2078
f 3613//2078 3612//2077 3614//2079
f 3613//2078 3614//2079 3615//2080
f 3615//2080 3614//2079 3616//2081
f 3615//2080 3616//2081 3617//2082
f 3617//2082 3616//2081 3618//2083
f 3617//2082 3618//2083 3619//2084
f 3619//2084 3618//2083 3620//2085
f 3619//2084 3620//2085 3621//2086
f 3621//2086 3620//2085 3580//2045
f 3621//2086 3580//2045 3622//2087
f 3622//2087 3580//2045 3582//2047
f 3623//2088 3624//2089 3625//2090
f 3625//2090 3624//2089 3626//2091
f 3627//2092 3563//2028 3628//2093
f 3629//2094 3630//2095 3631//2096
f 3632//2097 3633//2098 3634//2099
f 3634//2099 3633//2098 3635//2100
f 3634//2099 3635//2100 3636//2101
f 3637//2102 3638//2103 3639//2104
f 3639//2104 3638//2103 3640//2105
f 3639//2104 3640//2105 3641//2106
f 3631//2096 3642//2107 3629//2094
f 3629//2094 3642//2107 3643//2108
f 3629//2094 3643//2108 3644//2109
f 3644//2109 3643//2108 3645//2110
f 3644//2109 3645//2110 3646//2111
f 3646//2111 3645//2110 3647//2112
f 3646//2111 3647//2112 3648//2113
f 3648//2113 3647//2112 3649//2114
f 3648//2113 3649//2114 3650//2115
f 3650//2115 3649//2114 3651//2116
f 3650//2115 3651//2116 3652//2117
f 3652//2117 3651//2116 3632//2097
f 3652//2117 3632//2097 3653//2118
f 3653//2118 3632//2097 3634//2099
f 3654//2119 3655//2120 3656//2121
f 3656//2121 3655//2120 3657//2122
f 3656//2121 3657//2122 3658//2123
f 3658//2123 3657//2122 3659//2124
f 3658//2123 3659//2124 3660//2125
f 3660//2125 3659//2124 3661//2126
f 3660//2125 3661//2126 3662//2127
f 3662//2127 3661//2126 3625//2090
f 3662//2127 3625//2090 3629//2094
f 3629//2094 3625//2090 3626//2091
f 3629//2094 3626//2091 3630//2095
f 3641//2106 3663//2128 3639//2104
f 3639//2104 3663//2128 3664//2129
f 3639//2104 3664//2129 3665//2130
f 3665//2130 3664//2129 3666//2131
f 3665//2130 3666//2131 3667//2132
f 3667//2132 3666//2131 3668//2133
f 3654//2119 3669//2134 3670//2135
f 3671//2136 3672//2137 3655//2120
f 3655//2120 3672//2137 3673//2138
f 3655//2120 3673//2138 3564//2029
f 3636//2101 3674//1901 3634//2099
f 3634//2099 3674//1901 3675//2139
f 3634//2099 3675//2139 3676//2140
f 3676//2140 3675//2139 3677//2141
f 3676//2140 3677//2141 3678//2142
f 3670//2135 3669//2134 3679//2143
f 3679//2143 3669//2134 3680//2144
f 3679//2143 3680//2144 3681//2145
f 3681//2145 3680//2144 3682//2146
f 3681//2145 3682//2146 3668//2133
f 3668//2133 3682//2146 3683//2147
f 3668//2133 3683//2147 3667//2132
f 3628//2093 3638//2103 3627//2092
f 3627//2092 3638//2103 3637//2102
f 3627//2092 3637//2102 3684//2148
f 3684//2148 3637//2102 3685//2149
f 3684//2148 3685//2149 3686//2150
f 3686//2150 3685//2149 3687//2151
f 3686//2150 3687//2151 3676//2140
f 3676//2140 3687//2151 3688//2152
f 3676//2140 3688//2152 3634//2099
f 3670//2135 3689//2153 3654//2119
f 3654//2119 3689//2153 3690//2154
f 3654//2119 3690//2154 3655//2120
f 3655//2120 3690//2154 3691//2155
f 3655//2120 3691//2155 3671//2136
f 3692//2156 3693//2157 3694//2158
f 3695//2159 3696//2160 3697//2161
f 3697//2161 3696//2160 3698//2162
f 3699//2163 3700//2164 3701//2165
f 3702//2166 3678//2142 3703//2167
f 3704//2168 3705//2169 3706//2170
f 3706//2170 3705//2169 3707//2171
f 3706//2170 3707//2171 3623//2088
f 3708//2172 3709//2173 3710//2174
f 3708//2172 3706//2170 3711//2175
f 3711//2175 3706//2170 3712//2176
f 3711//2175 3712//2176 3713//2177
f 3713//2177 3712//2176 3714//2178
f 3713//2177 3714//2178 3715//2179
f 3715//2179 3714//2178 3716//2180
f 3715//2179 3716//2180 3717//2181
f 3717//2181 3716//2180 3697//2161
f 3717//2181 3697//2161 3699//2163
f 3699//2163 3697//2161 3698//2162
f 3699//2163 3698//2162 3700//2164
f 3718//2182 3719//2183 3720//2184
f 3720//2184 3719//2183 3721//2185
f 3720//2184 3721//2185 3722//2186
f 3708//2172 3710//2174 3706//2170
f 3706//2170 3710//2174 3723//2187
f 3706//2170 3723//2187 3704//2168
f 3692//2156 3694//2158 3724//2188
f 3724//2188 3694//2158 3725//2189
f 3724//2188 3725//2189 3726//1834
f 3727//2190 3728//2191 3725//2189
f 3728//2191 3729//2192 3725//2189
f 3725//2189 3729//2192 3730//2193
f 3725//2189 3730//2193 3726//1834
f 3703//2167 3719//2183 3702//2166
f 3702//2166 3719//2183 3718//2182
f 3702//2166 3718//2182 3731//2194
f 3731//2194 3718//2182 3732//2195
f 3731//2194 3732//2195 3733//2196
f 3733//2196 3732//2195 3734//2197
f 3733//2196 3734//2197 3694//2158
f 3694//2158 3734//2197 3735//2198
f 3694//2158 3735//2198 3725//2189
f 3701//2165 3736//2199 3699//2163
f 3699//2163 3736//2199 3737//2200
f 3699//2163 3737//2200 3738//2201
f 3738//2201 3737//2200 3739//2202
f 3738//2201 3739//2202 3740//2203
f 3740//2203 3739//2202 3741//2204
f 3740//2203 3741//2204 3742//2205
f 3742//2205 3741//2204 3743//2206
f 3742//2205 3743//2206 3744//2207
f 3744//2207 3743//2206 3745//2208
f 3744//2207 3745//2208 3746//2209
f 3746//2209 3745//2208 3727//2190
f 3746//2209 3727//2190 3747//2210
f 3747//2210 3727//2190 3725//2189
f 3722//2186 3748//2211 3720//2184
f 3720//2184 3748//2211 3749//2212
f 3720//2184 3749//2212 3750//2213
f 3750//2213 3749//2212 3751//2214
f 3750//2213 3751//2214 3752//2215
f 3752//2215 3751//2214 3753//2216
f 3709//2173 3708//2172 3754//2217
f 3754//2217 3708//2172 3755//2218
f 3754//2217 3755//2218 3756//2219
f 3756//2219 3755//2218 3757//2220
f 3756//2219 3757//2220 3758//2221
f 3758//2221 3757//2220 3759//2222
f 3758//2221 3759//2222 3753//2216
f 3753//2216 3759//2222 3760//2223
f 3753//2216 3760//2223 3752//2215
f 3426//1892 3761//2224 3762//2225
f 3762//2225 3761//2224 3763//2226
f 3764//2227 3420//1886 3765//2228
f 3766//2229 3767//2230 3768//2231
f 3768//2231 3767//2230 3769//1764
f 3693//2157 3770//2232 3771//2233
f 3771//2233 3770//2232 3772//2234
f 3773//2235 3774//2236 3775//2237
f 3764//2227 3765//2228 3776//2238
f 3774//2236 3777//2239 3775//2237
f 3775//2237 3777//2239 3778//2240
f 3775//2237 3778//2240 3695//2159
f 3779//2241 3780//2242 3781//2243
f 3782//2244 3783//2245 3784//2246
f 3785//2024 3786//2247 3787//2248
f 3781//2243 3773//2235 3779//2241
f 3779//2241 3773//2235 3775//2237
f 3779//2241 3775//2237 3788//2249
f 3788//2249 3775//2237 3789//2250
f 3788//2249 3789//2250 3790//2251
f 3790//2251 3789//2250 3791//2252
f 3790//2251 3791//2252 3792//2253
f 3792//2253 3791//2252 3793//2254
f 3792//2253 3793//2254 3794//2255
f 3794//2255 3793//2254 3762//2225
f 3794//2255 3762//2225 3782//2244
f 3782//2244 3762//2225 3763//2226
f 3782//2244 3763//2226 3783//2245
f 3784//2246 3795//2256 3782//2244
f 3782//2244 3795//2256 3796//2257
f 3782//2244 3796//2257 3797//2258
f 3797//2258 3796//2257 3798//2259
f 3797//2258 3798//2259 3799//2260
f 3799//2260 3798//2259 3800//2261
f 3799//2260 3800//2261 3801//2262
f 3801//2262 3800//2261 3802//2263
f 3801//2262 3802//2263 3803//2264
f 3803//2264 3802//2263 3804//2265
f 3803//2264 3804//2265 3805//2266
f 3805//2266 3804//2265 3806//2267
f 3805//2266 3806//2267 3807//2268
f 3807//2268 3806//2267 3768//2231
f 3768//2231 3806//2267 3808//2269
f 3768//2231 3808//2269 3766//2229
f 3772//2234 3785//2024 3771//2233
f 3771//2233 3785//2024 3787//2248
f 3771//2233 3787//2248 3809//2270
f 3809//2270 3787//2248 3810//2271
f 3809//2270 3810//2271 3811//2272
f 3811//2272 3810//2271 3812//2273
f 3811//2272 3812//2273 3813//2274
f 3813//2274 3812//2273 3814//2275
f 3813//2274 3814//2275 3765//2228
f 3765//2228 3814//2275 3768//2231
f 3765//2228 3768//2231 3776//2238
f 3776//2238 3768//2231 3769//1764
f 3786//2247 3815//2276 3787//2248
f 3787//2248 3815//2276 3816//2277
f 3787//2248 3816//2277 3817//2278
f 3817//2278 3816//2277 3818//2279
f 3817//2278 3818//2279 3819//2280
f 3819//2280 3818//2279 3820//2281
f 3780//2242 3779//2241 3821//2282
f 3821//2282 3779//2241 3822//2283
f 3821//2282 3822//2283 3823//2284
f 3823//2284 3822//2283 3824//2285
f 3823//2284 3824//2285 3825//2286
f 3825//2286 3824//2285 3826//2287
f 3825//2286 3826//2287 3820//2281
f 3820//2281 3826//2287 3827//2288
f 3820//2281 3827//2288 3819//2280
f 3828//2289 3478//1944 3829//2290
f 3829//2290 3478//1944 3480//1946
f 3829//2290 3480//1946 3830//2291
f 3830//2291 3480//1946 3482//1948
f 3830//2291 3482//1948 3831//2292
f 3831//2292 3482//1948 3477//1943
f 3831//2292 3477//1943 3832//2293
f 3832//2293 3477//1943 3475//1941
f 3832//2293 3475//1941 3833//2294
f 3833//2294 3475//1941 3473//1939
f 3833//2294 3473//1939 3834//2295
f 3834//2295 3473//1939 3472//1938
f 3834//2295 3472//1938 3835//2296
f 3835//2296 3472//1938 3437//1903
f 3835//2296 3437//1903 3836//2297
f 3836//2297 3437//1903 3435//1901
f 3836//2297 3435//1901 3837//2298
f 3837//2298 3435//1901 3434//1900
f 3837//2298 3434//1900 3838//2299
f 3838//2299 3434//1900 3421//1887
f 3838//2299 3421//1887 3839//2300
f 3839//2300 3421//1887 3420//1886
f 3839//2300 3420//1886 3840//2301
f 3840//2301 3420//1886 3764//2227
f 3840//2301 3764//2227 3841//2302
f 3841//2302 3764//2227 3776//2238
f 3841//2302 3776//2238 3842//2303
f 3842//2303 3776//2238 3769//1764
f 3842//2303 3769//1764 3843//2304
f 3843//2304 3769//1764 3767//2230
f 3843//2304 3767//2230 3844//2305
f 3844//2305 3767//2230 3766//2229
f 3844//2305 3766//2229 3845//2306
f 3845//2306 3766//2229 3808//2269
f 3845//2306 3808//2269 3846//2307
f 3846//2307 3808//2269 3806//2267
f 3846//2307 3806//2267 3847//2308
f 3847//2308 3806//2267 3804//2265
f 3847//2308 3804//2265 3848//2309
f 3848//2309 3804//2265 3802//2263
f 3848//2309 3802//2263 3849//2310
f 3849//2310 3802//2263 3800//2261
f 3849//2310 3800//2261 3850//2311
f 3850//2311 3800//2261 3798//2259
f 3850//2311 3798//2259 3851//2312
f 3851//2312 3798//2259 3796//2257
f 3851//2312 3796//2257 3852//2313
f 3852//2313 3796//2257 3795//2256
f 3852//2313 3795//2256 3853//2314
f 3853//2314 3795//2256 3784//2246
f 3853//2314 3784//2246 3854//2315
f 3854//2315 3784//2246 3783//2245
f 3854//2315 3783//2245 3855//2316
f 3855//2316 3783//2245 3763//2226
f 3855//2316 3763//2226 3856//2317
f 3856//2317 3763//2226 3761//2224
f 3856//2317 3761//2224 3857//2318
f 3857//2318 3761//2224 3426//1892
f 3857//2318 3426//1892 3858//2319
f 3858//2319 3426//1892 3425//1891
f 3858//2319 3425//1891 3859//2320
f 3859//2320 3425//1891 3423//1889
f 3859//2320 3423//1889 3860//2321
f 3860//2321 3423//1889 3422//1888
f 3860//2321 3422//1888 3861//2322
f 3861//2322 3422//1888 3441//1907
f 3861//2322 3441//1907 3862//2323
f 3862//2323 3441//1907 3439//1905
f 3862//2323 3439//1905 3863//2324
f 3863//2324 3439//1905 3438//1904
f 3863//2324 3438//1904 3828//2289
f 3828//2289 3438//1904 3478//1944
f 3864//2325 3855//2316 3865//2326
f 3865//2326 3855//2316 3856//2317
f 3865//2326 3856//2317 3866//2327
f 3866//2327 3856//2317 3857//2318
f 3866//2327 3857//2318 3867//2328
f 3867//2328 3857//2318 3858//2319
f 3867//2328 3858//2319 3868//2329
f 3868//2329 3858//2319 3859//2320
f 3868//2329 3859//2320 3869//2330
f 3869//2330 3859//2320 3860//2321
f 3869//2330 3860//2321 3870//2331
f 3870//2331 3860//2321 3861//2322
f 3870//2331 3861//2322 3871//2332
f 3871//2332 3861//2322 3862//2323
f 3871//2332 3862//2323 3872//2333
f 3872//2333 3862//2323 3863//2324
f 3872//2333 3863//2324 3873//2334
f 3873//2334 3863//2324 3828//2289
f 3873//2334 3828//2289 3874//2335
f 3874//2335 3828//2289 3829//2290
f 3874//2335 3829//2290 3875//2336
f 3875//2336 3829//2290 3830//2291
f 3875//2336 3830//2291 3876//2337
f 3876//2337 3830//2291 3831//2292
f 3876//2337 3831//2292 3877//2338
f 3877//2338 3831//2292 3832//2293
f 3877//2338 3832//2293 3878//2339
f 3878//2339 3832//2293 3833//2294
f 3878//2339 3833//2294 3879//2340
f 3879//2340 3833//2294 3834//2295
f 3879//2340 3834//2295 3880//2341
f 3880//2341 3834//2295 3835//2296
f 3880//2341 3835//2296 3881//2342
f 3881//2342 3835//2296 3836//2297
f 3881//2342 3836//2297 3882//2343
f 3882//2343 3836//2297 3837//2298
f 3882//2343 3837//2298 3883//2344
f 3883//2344 3837//2298 3838//2299
f 3883//2344 3838//2299 3884//2345
f 3884//2345 3838//2299 3839//2300
f 3884//2345 3839//2300 3885//2346
f 3885//2346 3839//2300 3840//2301
f 3885//2346 3840//2301 3886//2347
f 3886//2347 3840//2301 3841//2302
f 3886//2347 3841//2302 3887//2348
f 3887//2348 3841//2302 3842//2303
f 3887//2348 3842//2303 3888//2349
f 3888//2349 3842//2303 3843//2304
f 3888//2349 3843//2304 3889//2350
f 3889//2350 3843//2304 3844//2305
f 3889//2350 3844//2305 3890//2351
f 3890//2351 3844//2305 3845//2306
f 3890//2351 3845//2306 3891//2352
f 3891//2352 3845//2306 3846//2307
f 3891//2352 3846//2307 3892//2353
f 3892//2353 3846//2307 3847//2308
f 3892//2353 3847//2308 3893//2354
f 3893//2354 3847//2308 3848//2309
f 3893//2354 3848//2309 3894//2355
f 3894//2355 3848//2309 3849//2310
f 3894//2355 3849//2310 3895//2356
f 3895//2356 3849//2310 3850//2311
f 3895//2356 3850//2311 3896//2357
f 3896//2357 3850//2311 3851//2312
f 3896//2357 3851//2312 3897//2358
f 3897//2358 3851//2312 3852//2313
f 3897//2358 3852//2313 3898//2359
f 3898//2359 3852//2313 3853//2314
f 3898//2359 3853//2314 3899//2360
f 3899//2360 3853//2314 3854//2315
f 3899//2360 3854//2315 3864//2325
f 3864//2325 3854//2315 3855//2316
f 3890//2351 2896//1364 3889//2350
f 3889//2350 2896//1364 3900//2361
f 3889//2350 3900//2361 3888//2349
f 3888//2349 3900//2361 3901//2362
f 3888//2349 3901//2362 3887//2348
f 3887//2348 3901//2362 3902//2363
f 3887//2348 3902//2363 3886//2347
f 3886//2347 3902//2363 3903//2364
f 3886//2347 3903//2364 3885//2346
f 3885//2346 3903//2364 3904//2365
f 3885//2346 3904//2365 3884//2345
f 3884//2345 3904//2365 3905//2366
f 3884//2345 3905//2366 3883//2344
f 3883//2344 3905//2366 3906//2367
f 3883//2344 3906//2367 3882//2343
f 3882//2343 3906//2367 3907//2368
f 3882//2343 3907//2368 3881//2342
f 3907//2368 3908//2369 3881//2342
f 3881//2342 3908//2369 2909//1377
f 3881//2342 2909//1377 3880//2341
f 3880//2341 2909//1377 2908//1376
f 3880//2341 2908//1376 3879//2340
f 3879//2340 2908//1376 2905//1373
f 3879//2340 2905//1373 3878//2339
f 3878//2339 2905//1373 2904//1372
f 3878//2339 2904//1372 3877//2338
f 3877//2338 2904//1372 2921//1389
f 3877//2338 2921//1389 3876//2337
f 3876//2337 2921//1389 2919//1387
f 3876//2337 2919//1387 3875//2336
f 3875//2336 2919//1387 2917//1385
f 3875//2336 2917//1385 3874//2335
f 3874//2335 2917//1385 2915//1383
f 3874//2335 2915//1383 3873//2334
f 3873//2334 2915//1383 2913//1381
f 3873//2334 2913//1381 3872//2333
f 2913//1381 2911//1379 3872//2333
f 3872//2333 2911//1379 2910//1378
f 3872//2333 2910//1378 3871//2332
f 3871//2332 2910//1378 3909//2370
f 3871//2332 3909//2370 3870//2331
f 3870//2331 3909//2370 3910//2371
f 3870//2331 3910//2371 3869//2330
f 3869//2330 3910//2371 3911//2372
f 3869//2330 3911//2372 3868//2329
f 3868//2329 3911//2372 3912//2373
f 3868//2329 3912//2373 3867//2328
f 3867//2328 3912//2373 3913//2374
f 3867//2328 3913//2374 3866//2327
f 3866//2327 3913//2374 3914//2375
f 3866//2327 3914//2375 3865//2326
f 3865//2326 3914//2375 3915//2376
f 3865//2326 3915//2376 3864//2325
f 3864//2325 3915//2376 3916//2377
f 3864//2325 3916//2377 3899//2360
f 3916//2377 3917//2378 3899//2360
f 3899//2360 3917//2378 2884//1352
f 3899//2360 2884//1352 3898//2359
f 3898//2359 2884//1352 2886//1354
f 3898//2359 2886//1354 3897//2358
f 3897//2358 2886//1354 2887//1355
f 3897//2358 2887//1355 3896//2357
f 3896//2357 2887//1355 2897//1365
f 3896//2357 2897//1365 3895//2356
f 3895//2356 2897//1365 2899//1367
f 3895//2356 2899//1367 3894//2355
f 3894//2355 2899//1367 2901//1369
f 3894//2355 2901//1369 3893//2354
f 3893//2354 2901//1369 2888//1356
f 3893//2354 2888//1356 3892//2353
f 3892//2353 2888//1356 2890//1358
f 3892//2353 2890//1358 3891//2352
f 3891//2352 2890//1358 2892//1360
f 3891//2352 2892//1360 3890//2351
f 3890//2351 2892//1360 2894//1362
f 3890//2351 2894//1362 2896//1364
f 3918//2379 3919//2380 3731//2194
f 3920//2381 3921//2382 3589//2054
f 3922//2383 3289//1756 3923//2384
f 3923//2384 3289//1756 3288//1755
f 3923//2384 3288//1755 3924//2385
f 3924//2385 3288//1755 3329//1796
f 3924//2385 3329//1796 3925//2386
f 3925//2386 3329//1796 3926//2387
f 3927//2388 3928//2389 3309//1776
f 3309//1776 3928//2389 3929//2390
f 3309//1776 3929//2390 3331//1798
f 3331//1798 3929//2390 3930//2391
f 3331//1798 3930//2391 3329//1796
f 3329//1796 3930//2391 3931//2392
f 3329//1796 3931//2392 3926//2387
f 3927//2388 3309//1776 3932//2393
f 3932//2393 3309//1776 3214//1682
f 3932//2393 3214//1682 3933//2394
f 3933//2394 3214//1682 3212//1680
f 3933//2394 3212//1680 3934//2395
f 3934//2395 3212//1680 3935//2396
f 3935//2396 3212//1680 3231//1698
f 3935//2396 3231//1698 3936//2397
f 3936//2397 3231//1698 3937//2398
f 3937//2398 3231//1698 3233//1700
f 3937//2398 3233//1700 3938//2399
f 3235//1702 3939//2400 3233//1700
f 3233//1700 3939//2400 3940//2401
f 3233//1700 3940//2401 3938//2399
f 3210//1678 3941//2402 3235//1702
f 3235//1702 3941//2402 3942//2403
f 3235//1702 3942//2403 3939//2400
f 3146//1614 3943//2404 3147//1615
f 3147//1615 3943//2404 3944//2405
f 3147//1615 3944//2405 3210//1678
f 3210//1678 3944//2405 3945//2406
f 3210//1678 3945//2406 3941//2402
f 3173//1641 3946//2407 3146//1614
f 3146//1614 3946//2407 3947//2408
f 3146//1614 3947//2408 3943//2404
f 3948//2409 3949//2410 3175//1643
f 3175//1643 3949//2410 3950//2411
f 3175//1643 3950//2411 3173//1641
f 3173//1641 3950//2411 3951//2412
f 3173//1641 3951//2412 3946//2407
f 3948//2409 3175//1643 3952//2413
f 3952//2413 3175//1643 3177//1645
f 3952//2413 3177//1645 3953//2414
f 3953//2414 3177//1645 3151//1619
f 3953//2414 3151//1619 3954//2415
f 3074//1542 3955//2416 3075//1543
f 3075//1543 3955//2416 3956//2417
f 3075//1543 3956//2417 3151//1619
f 3151//1619 3956//2417 3957//2418
f 3151//1619 3957//2418 3954//2415
f 3112//1580 3958//2419 3074//1542
f 3074//1542 3958//2419 3959//2420
f 3074//1542 3959//2420 3955//2416
f 3960//2421 3961//2422 3114//1582
f 3114//1582 3961//2422 3962//2423
f 3114//1582 3962//2423 3112//1580
f 3112//1580 3962//2423 3963//2424
f 3112//1580 3963//2424 3958//2419
f 3960//2421 3114//1582 3964//2425
f 3964//2425 3114//1582 3116//1584
f 3964//2425 3116//1584 3965//2426
f 3965//2426 3116//1584 3966//2427
f 3966//2427 3116//1584 3004//1472
f 3966//2427 3004//1472 3967//2428
f 3968//2429 3969//2430 3052//1520
f 3052//1520 3969//2430 3970//2431
f 3052//1520 3970//2431 3003//1471
f 3003//1471 3970//2431 3971//2432
f 3003//1471 3971//2432 3004//1472
f 3004//1472 3971//2432 3972//2433
f 3004//1472 3972//2433 3967//2428
f 3054//1522 3973//2434 3052//1520
f 3052//1520 3973//2434 3974//2435
f 3052//1520 3974//2435 3968//2429
f 3002//1470 3975//2436 3054//1522
f 3054//1522 3975//2436 3976//2437
f 3054//1522 3976//2437 3973//2434
f 3977//2438 3978//2439 3523//1988
f 3523//1988 3978//2439 3979//2440
f 3523//1988 3979//2440 3492//1958
f 3492//1958 3979//2440 3980//2441
f 3492//1958 3980//2441 3001//1469
f 3001//1469 3980//2441 3981//2442
f 3001//1469 3981//2442 3002//1470
f 3002//1470 3981//2442 3982//2443
f 3002//1470 3982//2443 3975//2436
f 3977//2438 3523//1988 3983//2444
f 3983//2444 3523//1988 3525//1990
f 3983//2444 3525//1990 3984//2445
f 3527//1992 3985//2446 3525//1990
f 3525//1990 3985//2446 3986//2447
f 3525//1990 3986//2447 3984//2445
f 3487//1953 3987//2448 3527//1992
f 3527//1992 3987//2448 3988//2449
f 3527//1992 3988//2449 3985//2446
f 3989//2450 3990//2451 3585//2050
f 3585//2050 3990//2451 3991//2452
f 3585//2050 3991//2452 3557//2022
f 3557//2022 3991//2452 3992//2453
f 3557//2022 3992//2453 3486//1952
f 3486//1952 3992//2453 3993//2454
f 3486//1952 3993//2454 3487//1953
f 3487//1953 3993//2454 3994//2455
f 3487//1953 3994//2455 3987//2448
f 3989//2450 3585//2050 3995//2456
f 3995//2456 3585//2050 3587//2052
f 3995//2456 3587//2052 3996//2457
f 3589//2054 3921//2382 3587//2052
f 3587//2052 3921//2382 3997//2458
f 3587//2052 3997//2458 3996//2457
f 3920//2381 3589//2054 3998//2459
f 3998//2459 3589//2054 3561//2026
f 3998//2459 3561//2026 3999//2460
f 3999//2460 3561//2026 4000//2461
f 4000//2461 3561//2026 3563//2028
f 4000//2461 3563//2028 4001//2462
f 4001//2462 3563//2028 3627//2092
f 4001//2462 3627//2092 4002//2463
f 4002//2463 3627//2092 3684//2148
f 4002//2463 3684//2148 4003//2464
f 3686//2150 4004//2465 3684//2148
f 3684//2148 4004//2465 4005//2466
f 3684//2148 4005//2466 4003//2464
f 4006//2467 4007//2468 3676//2140
f 3676//2140 4007//2468 4008//2469
f 3676//2140 4008//2469 3686//2150
f 3686//2150 4008//2469 4009//2470
f 3686//2150 4009//2470 4004//2465
f 4006//2467 3676//2140 4010//2471
f 4010//2471 3676//2140 3678//2142
f 4010//2471 3678//2142 4011//2472
f 3919//2380 4012//2473 3731//2194
f 3731//2194 4012//2473 4013//2474
f 3731//2194 4013//2474 3702//2166
f 3702//2166 4013//2474 4014//2475
f 3702//2166 4014//2475 3678//2142
f 3678//2142 4014//2475 4015//2476
f 3678//2142 4015//2476 4011//2472
f 3918//2379 3731//2194 4016//2477
f 4016//2477 3731//2194 3733//2196
f 4016//2477 3733//2196 4017//2478
f 4017//2478 3733//2196 3694//2158
f 4017//2478 3694//2158 4018//2479
f 3771//2233 4019//2480 3693//2157
f 3693//2157 4019//2480 4020//2481
f 3693//2157 4020//2481 3694//2158
f 3694//2158 4020//2481 4021//2482
f 3694//2158 4021//2482 4018//2479
f 3809//2270 4022//2483 3771//2233
f 3771//2233 4022//2483 4023//2484
f 3771//2233 4023//2484 4019//2480
f 4024//2485 4025//2486 3811//2272
f 3811//2272 4025//2486 4026//2487
f 3811//2272 4026//2487 3809//2270
f 3809//2270 4026//2487 4027//2488
f 3809//2270 4027//2488 4022//2483
f 4024//2485 3811//2272 4028//2489
f 4028//2489 3811//2272 3813//2274
f 4028//2489 3813//2274 4029//2490
f 4029//2490 3813//2274 3765//2228
f 4029//2490 3765//2228 4030//2491
f 4031//2492 4032//2493 3449//1915
f 3449//1915 4032//2493 4033//2494
f 3449//1915 4033//2494 3419//1885
f 3419//1885 4033//2494 4034//2495
f 3419//1885 4034//2495 3420//1886
f 3420//1886 4034//2495 4035//2496
f 3420//1886 4035//2496 3765//2228
f 3765//2228 4035//2496 4036//2497
f 3765//2228 4036//2497 4030//2491
f 4031//2492 3449//1915 4037//2498
f 4037//2498 3449//1915 3447//1913
f 4037//2498 3447//1913 4038//2499
f 4039//2500 4040//2501 3429//1895
f 3429//1895 4040//2501 4041//2502
f 3429//1895 4041//2502 3445//1911
f 3445//1911 4041//2502 4042//2503
f 3445//1911 4042//2503 3447//1913
f 3447//1913 4042//2503 4043//2504
f 3447//1913 4043//2504 4038//2499
f 4039//2500 3429//1895 4044//2505
f 4044//2505 3429//1895 3361//1828
f 4044//2505 3361//1828 4045//2506
f 4045//2506 3361//1828 3360//1827
f 4045//2506 3360//1827 4046//2507
f 4046//2507 3360//1827 4047//2508
f 4047//2508 3360//1827 3390//1857
f 4047//2508 3390//1857 4048//2509
f 4048//2509 3390//1857 4049//2510
f 4049//2510 3390//1857 3392//1859
f 4049//2510 3392//1859 4050//2511
f 3394//1861 4051//2512 3392//1859
f 3392//1859 4051//2512 4052//2513
f 3392//1859 4052//2513 4050//2511
f 3922//2383 4053//2514 3289//1756
f 3289//1756 4053//2514 4054//2515
f 3289//1756 4054//2515 3394//1861
f 3394//1861 4054//2515 4055//2516
f 3394//1861 4055//2516 4051//2512
f 4056//2517 4057//2518 3293//1760
f 3293//1760 4057//2518 3230//1697
f 4058//2519 4059//2520 3258//1725
f 4060//2521 4061//2522 3238//1705
f 4062//2523 4063//2524 3488//1954
f 4064//2525 4065//2526 3791//2252
f 3371//1838 4066//2527 3372//1839
f 3372//1839 4066//2527 4067//2528
f 3370//1837 4068//2529 3371//1838
f 3371//1838 4068//2529 4069//2530
f 3371//1838 4069//2530 4066//2527
f 3353//1820 4070//2531 3370//1837
f 3370//1837 4070//2531 4071//2532
f 3370//1837 4071//2532 4068//2529
f 3351//1818 4072//2533 3353//1820
f 3353//1820 4072//2533 4073//2534
f 3353//1820 4073//2534 4070//2531
f 4074//2535 4075//2536 3417//1883
f 3417//1883 4075//2536 4076//2537
f 3417//1883 4076//2537 3350//1817
f 3350//1817 4076//2537 4077//2538
f 3350//1817 4077//2538 3351//1818
f 3351//1818 4077//2538 4078//2539
f 3351//1818 4078//2539 4072//2533
f 4074//2535 3417//1883 4079//2540
f 4079//2540 3417//1883 3455//1921
f 4079//2540 3455//1921 4080//2541
f 4080//2541 3455//1921 3453//1919
f 4080//2541 3453//1919 4081//2542
f 3451//1917 4082//2543 3453//1919
f 3453//1919 4082//2543 4083//2544
f 3453//1919 4083//2544 4081//2542
f 3424//1890 4084//2545 3451//1917
f 3451//1917 4084//2545 4085//2546
f 3451//1917 4085//2546 4082//2543
f 3762//2225 4086//2547 4087//2548
f 3762//2225 4087//2548 3426//1892
f 3426//1892 4087//2548 4088//2549
f 3426//1892 4088//2549 3424//1890
f 3424//1890 4088//2549 4089//2550
f 3424//1890 4089//2550 4084//2545
f 4065//2526 4090//2551 3791//2252
f 3791//2252 4090//2551 4091//2552
f 3791//2252 4091//2552 3793//2254
f 3793//2254 4091//2552 4092//2553
f 3793//2254 4092//2553 3762//2225
f 3762//2225 4092//2553 4093//2554
f 3762//2225 4093//2554 4086//2547
f 4064//2525 3791//2252 4094//2555
f 4094//2555 3791//2252 3789//2250
f 4094//2555 3789//2250 4095//2556
f 4095//2556 3789//2250 3775//2237
f 4095//2556 3775//2237 4096//2557
f 3697//2161 4097//2558 3695//2159
f 3695//2159 4097//2558 4098//2559
f 3695//2159 4098//2559 3775//2237
f 3775//2237 4098//2559 4099//2560
f 3775//2237 4099//2560 4096//2557
f 4100//2561 4101//2562 3714//2178
f 3714//2178 4101//2562 4102//2563
f 3714//2178 4102//2563 3716//2180
f 3716//2180 4102//2563 4103//2564
f 3716//2180 4103//2564 3697//2161
f 3697//2161 4103//2564 4104//2565
f 3697//2161 4104//2565 4097//2558
f 3712//2176 4105//2566 3714//2178
f 3714//2178 4105//2566 4106//2567
f 3714//2178 4106//2567 4100//2561
f 3706//2170 4107//2568 3712//2176
f 3712//2176 4107//2568 4108//2569
f 3712//2176 4108//2569 4105//2566
f 3661//2126 4109//2570 3625//2090
f 3625//2090 4109//2570 4110//2571
f 3625//2090 4110//2571 3623//2088
f 3623//2088 4110//2571 4111//2572
f 3623//2088 4111//2572 3706//2170
f 3706//2170 4111//2572 4112//2573
f 3706//2170 4112//2573 4107//2568
f 4113//2574 4114//2575 3659//2124
f 3659//2124 4114//2575 4115//2576
f 3659//2124 4115//2576 3661//2126
f 3661//2126 4115//2576 4116//2577
f 3661//2126 4116//2577 4109//2570
f 4113//2574 3659//2124 4117//2578
f 4117//2578 3659//2124 3657//2122
f 4117//2578 3657//2122 4118//2579
f 4118//2579 3657//2122 3655//2120
f 4118//2579 3655//2120 4119//2580
f 3566//2031 4120//2581 3564//2029
f 3564//2029 4120//2581 4121//2582
f 3564//2029 4121//2582 3655//2120
f 3655//2120 4121//2582 4122//2583
f 3655//2120 4122//2583 4119//2580
f 3602//2067 4123//2584 3566//2031
f 3566//2031 4123//2584 4124//2585
f 3566//2031 4124//2585 4120//2581
f 4125//2586 4126//2587 3600//2065
f 3600//2065 4126//2587 4127//2588
f 3600//2065 4127//2588 3602//2067
f 3602//2067 4127//2588 4128//2589
f 3602//2067 4128//2589 4123//2584
f 4125//2586 3600//2065 4129//2590
f 4129//2590 3600//2065 3598//2063
f 4129//2590 3598//2063 4130//2591
f 4130//2591 3598//2063 3555//2020
f 4130//2591 3555//2020 4131//2592
f 3488//1954 4063//2524 3489//1955
f 3489//1955 4063//2524 4132//2593
f 3489//1955 4132//2593 3555//2020
f 3555//2020 4132//2593 4133//2594
f 3555//2020 4133//2594 4131//2592
f 4062//2523 3488//1954 4134//2595
f 4134//2595 3488//1954 3547//2012
f 4134//2595 3547//2012 4135//2596
f 4135//2596 3547//2012 4136//2597
f 4136//2597 3547//2012 3549//2014
f 4136//2597 3549//2014 4137//2598
f 4138//2599 4139//2600 3501//1967
f 3501//1967 4139//2600 4140//2601
f 3501//1967 4140//2601 3551//2016
f 3551//2016 4140//2601 4141//2602
f 3551//2016 4141//2602 3549//2014
f 3549//2014 4141//2602 4142//2603
f 3549//2014 4142//2603 4137//2598
f 4138//2599 3501//1967 4143//2604
f 4143//2604 3501//1967 3020//1488
f 4143//2604 3020//1488 4144//2605
f 4144//2605 3020//1488 3022//1490
f 4144//2605 3022//1490 4145//2606
f 4145//2606 3022//1490 3043//1511
f 4145//2606 3043//1511 4146//2607
f 4147//2608 4148//2609 3045//1513
f 3045//1513 4148//2609 4149//2610
f 3045//1513 4149//2610 3043//1511
f 3043//1511 4149//2610 4150//2611
f 3043//1511 4150//2611 4146//2607
f 4147//2608 3045//1513 4151//2612
f 4151//2612 3045//1513 3047//1515
f 4151//2612 3047//1515 4152//2613
f 4152//2613 3047//1515 3017//1485
f 4152//2613 3017//1485 4153//2614
f 4153//2614 3017//1485 4154//2615
f 4154//2615 3017//1485 3019//1487
f 4154//2615 3019//1487 4155//2616
f 4155//2616 3019//1487 3095//1563
f 4155//2616 3095//1563 4156//2617
f 4156//2617 3095//1563 3105//1573
f 4156//2617 3105//1573 4157//2618
f 4158//2619 4159//2620 3107//1575
f 3107//1575 4159//2620 4160//2621
f 3107//1575 4160//2621 3105//1573
f 3105//1573 4160//2621 4161//2622
f 3105//1573 4161//2622 4157//2618
f 4158//2619 3107//1575 4162//2623
f 4162//2623 3107//1575 3109//1577
f 4162//2623 3109//1577 4163//2624
f 4163//2624 3109//1577 4164//2625
f 4164//2625 3109//1577 3079//1547
f 4164//2625 3079//1547 4165//2626
f 4165//2626 3079//1547 4166//2627
f 4166//2627 3079//1547 3081//1549
f 4166//2627 3081//1549 4167//2628
f 4167//2628 3081//1549 3157//1625
f 4167//2628 3157//1625 4168//2629
f 4168//2629 3157//1625 4169//2630
f 4169//2630 3157//1625 3162//1630
f 4169//2630 3162//1630 4170//2631
f 4170//2631 3162//1630 4171//2632
f 4171//2632 3162//1630 3164//1632
f 4171//2632 3164//1632 4172//2633
f 3166//1634 4173//2634 3164//1632
f 3164//1632 4173//2634 4174//2635
f 3164//1632 4174//2635 4172//2633
f 4175//2636 4176//2637 3142//1610
f 3142//1610 4176//2637 4177//2638
f 3142//1610 4177//2638 3166//1634
f 3166//1634 4177//2638 4178//2639
f 3166//1634 4178//2639 4173//2634
f 4175//2636 3142//1610 4061//2522
f 4061//2522 3142//1610 3141//1609
f 4061//2522 3141//1609 3238//1705
f 4060//2521 3238//1705 4179//2640
f 4179//2640 3238//1705 3256//1723
f 4179//2640 3256//1723 4180//2641
f 3258//1725 4059//2520 3256//1723
f 3256//1723 4059//2520 4181//2642
f 3256//1723 4181//2642 4180//2641
f 4058//2519 3258//1725 4182//2643
f 4182//2643 3258//1725 3260//1727
f 4182//2643 3260//1727 4183//2644
f 4183//2644 3260//1727 4184//2645
f 4184//2645 3260//1727 3228//1695
f 4184//2645 3228//1695 4185//2646
f 3230//1697 4057//2518 3228//1695
f 3228//1695 4057//2518 4186//2647
f 3228//1695 4186//2647 4185//2646
f 4056//2517 3293//1760 4187//2648
f 4187//2648 3293//1760 3291//1758
f 4187//2648 3291//1758 4188//2649
f 4189//2650 4190//2651 3326//1793
f 3326//1793 4190//2651 4191//2652
f 3326//1793 4191//2652 3324//1791
f 3324//1791 4191//2652 4192//2653
f 3324//1791 4192//2653 3291//1758
f 3291//1758 4192//2653 4193//2654
f 3291//1758 4193//2654 4188//2649
f 4189//2650 3326//1793 4194//2655
f 4194//2655 3326//1793 3280//1747
f 4194//2655 3280//1747 4195//2656
f 4067//2528 4196//2657 3372//1839
f 3372//1839 4196//2657 4197//2658
f 3372//1839 4197//2658 3279//1746
f 3279//1746 4197//2658 4198//2659
f 3279//1746 4198//2659 3280//1747
f 3280//1747 4198//2659 4199//2660
f 3280//1747 4199//2660 4195//2656
f 4200//2661 4201//2662 4202//2663
f 4202//2663 4201//2662 4203//2664
f 4202//2663 4203//2664 4204//2665
f 4204//2665 4203//2664 4205//2666
f 4204//2665 4205//2666 4206//2667
f 4206//2667 4205//2666 4207//2668
f 4206//2667 4207//2668 4208//2669
f 4208//2669 4207//2668 4209//2670
f 4208//2669 4209//2670 4210//2671
f 4210//2671 4209//2670 4211//2672
f 4210//2671 4211//2672 4212//2673
f 4212//2673 4211//2672 4213//2674
f 4212//2673 4213//2674 4214//2675
f 4214//2675 4213//2674 4215//2676
f 4214//2675 4215//2676 4216//2677
f 4216//2677 4215//2676 4217//2678
f 4216//2677 4217//2678 4218//2679
f 4218//2679 4217//2678 4219//2680
f 4218//2679 4219//2680 4220//2681
f 4220//2681 4219//2680 4221//2682
f 4220//2681 4221//2682 4222//2683
f 4222//2683 4221//2682 4223//2684
f 4222//2683 4223//2684 4224//2685
f 4224//2685 4223//2684 4225//2686
f 4224//2685 4225//2686 4226//2687
f 4226//2687 4225//2686 4227//2688
f 4226//2687 4227//2688 4228//2689
f 4228//2689 4227//2688 4229//2690
f 4228//2689 4229//2690 4230//2691
f 4230//2691 4229//2690 4231//2692
f 4230//2691 4231//2692 4232//2693
f 4232//2693 4231//2692 4233//2694
f 4232//2693 4233//2694 4234//2695
f 4235//2696 4236//2697 4237//2698
f 4237//2698 4236//2697 4238//2699
f 4237//2698 4238//2699 4239//2700
f 4239//2700 4238//2699 4240//2701
f 4239//2700 4240//2701 4241//2702
f 4241//2702 4240//2701 4242//2703
f 4241//2702 4242//2703 4243//2704
f 4243//2704 4242//2703 4244//2705
f 4243//2704 4244//2705 4245//2706
f 4245//2706 4244//2705 4246//2707
f 4245//2706 4246//2707 4247//2708
f 4247//2708 4246//2707 4248//2709
f 4247//2708 4248//2709 4249//2710
f 4249//2710 4248//2709 4250//2711
f 4249//2710 4250//2711 4251//2712
f 4251//2712 4250//2711 4252//2713
f 4251//2712 4252//2713 4253//2714
f 4253//2714 4252//2713 4254//2715
f 4253//2714 4254//2715 4255//2716
f 4255//2716 4254//2715 4256//2717
f 4255//2716 4256//2717 4257//2718
f 4257//2718 4256//2717 4258//2719
f 4257//2718 4258//2719 4259//2720
f 4259//2720 4258//2719 4260//2721
f 4259//2720 4260//2721 4261//2722
f 4261//2722 4260//2721 4262//2723
f 4261//2722 4262//2723 4263//2724
f 4263//2724 4262//2723 4264//2725
f 4263//2724 4264//2725 4265//2726
f 4265//2726 4264//2725 4266//2727
f 4265//2726 4266//2727 4200//2661
f 4200//2661 4266//2727 4267//2728
f 4200//2661 4267//2728 4201//2662
f 4233//2694 4268//2729 4234//2695
f 4234//2695 4268//2729 4269//2730
f 4234//2695 4269//2730 4270//2731
f 4270//2731 4269//2730 4271//2732
f 4270//2731 4271//2732 4272//2733
f 4272//2733 4271//2732 4273//2734
f 4272//2733 4273//2734 4274//2735
f 4274//2735 4273//2734 4275//2736
f 4274//2735 4275//2736 4276//2737
f 4276//2737 4275//2736 4277//2738
f 4276//2737 4277//2738 4278//2739
f 4278//2739 4277//2738 4279//2740
f 4278//2739 4279//2740 4280//2741
f 4280//2741 4279//2740 4281//2742
f 4280//2741 4281//2742 4282//2743
f 4282//2743 4281//2742 4283//2744
f 4282//2743 4283//2744 4284//2745
f 4284//2745 4283//2744 4285//2746
f 4284//2745 4285//2746 4286//2747
f 4286//2747 4285//2746 4287//2748
f 4286//2747 4287//2748 4288//2749
f 4288//2749 4287//2748 4289//2750
f 4288//2749 4289//2750 4290//2751
f 4290//2751 4289//2750 4291//2752
f 4290//2751 4291//2752 4292//2753
f 4292//2753 4291//2752 4293//2754
f 4292//2753 4293//2754 4294//2755
f 4294//2755 4293//2754 4295//2756
f 4294//2755 4295//2756 4296//2757
f 4296//2757 4295//2756 4297//2758
f 4296//2757 4297//2758 4298//2759
f 4298//2759 4297//2758 4299//2760
f 4298//2759 4299//2760 4300//2761
f 4301//2762 4302//2763 4303//2764
f 4303//2764 4302//2763 4304//2765
f 4303//2764 4304//2765 4305//2766
f 4305//2766 4304//2765 4306//2767
f 4305//2766 4306//2767 4307//2768
f 4307//2768 4306//2767 4308//2769
f 4307//2768 4308//2769 4309//2770
f 4309//2770 4308//2769 4310//2771
f 4309//2770 4310//2771 4311//2772
f 4311//2772 4310//2771 4312//2773
f 4311//2772 4312//2773 4313//2774
f 4313//2774 4312//2773 4314//2775
f 4313//2774 4314//2775 4315//2776
f 4315//2776 4314//2775 4316//2777
f 4315//2776 4316//2777 4317//2778
f 4317//2778 4316//2777 4318//2779
f 4317//2778 4318//2779 4319//2780
f 4319//2780 4318//2779 4320//2781
f 4319//2780 4320//2781 4321//2782
f 4321//2782 4320//2781 4322//2783
f 4321//2782 4322//2783 4323//2784
f 4323//2784 4322//2783 4324//2785
f 4323//2784 4324//2785 4325//2786
f 4325//2786 4324//2785 4326//2787
f 4325//2786 4326//2787 4327//2788
f 4327//2788 4326//2787 4328//2789
f 4327//2788 4328//2789 4329//2790
f 4329//2790 4328//2789 4330//2791
f 4329//2790 4330//2791 4331//2792
f 4331//2792 4330//2791 4332//2793
f 4331//2792 4332//2793 4235//2696
f 4235//2696 4332//2793 4333//2794
f 4235//2696 4333//2794 4236//2697
f 4299//2760 4334//2795 4300//2761
f 4300//2761 4334//2795 4335//2796
f 4300//2761 4335//2796 4336//2797
f 4336//2797 4335//2796 4337//2798
f 4336//2797 4337//2798 4338//2799
f 4338//2799 4337//2798 4339//2800
f 4338//2799 4339//2800 4340//2801
f 4340//2801 4339//2800 4341//2802
f 4340//2801 4341//2802 4342//2803
f 4342//2803 4341//2802 4343//2804
f 4342//2803 4343//2804 4344//2805
f 4344//2805 4343//2804 4345//2806
f 4344//2805 4345//2806 4346//2807
f 4346//2807 4345//2806 4347//2808
f 4346//2807 4347//2808 4348//2809
f 4348//2809 4347//2808 4349//2810
f 4348//2809 4349//2810 4350//2811
f 4350//2811 4349//2810 4351//2812
f 4350//2811 4351//2812 4352//2813
f 4352//2813 4351//2812 4353//2814
f 4352//2813 4353//2814 4354//2815
f 4354//2815 4353//2814 4355//2816
f 4354//2815 4355//2816 4356//2817
f 4356//2817 4355//2816 4357//2818
f 4356//2817 4357//2818 4358//2819
f 4358//2819 4357//2818 4359//2820
f 4358//2819 4359//2820 4360//2821
f 4360//2821 4359//2820 4361//2822
f 4360//2821 4361//2822 4362//2823
f 4362//2823 4361//2822 4363//2824
f 4362//2823 4363//2824 4364//2825
f 4364//2825 4363//2824 4365//2826
f 4364//2825 4365//2826 4301//2762
f 4301//2762 4365//2826 4366//2827
f 4301//2762 4366//2827 4302//2763
f 4367//2828 3358//1825 4368//2829
f 4368//2829 3358//1825 3356//1823
f 4368//2829 3356//1823 4369//2291
f 4369//2291 3356//1823 3355//1822
f 4369//2291 3355//1822 4370//2292
f 4370//2292 3355//1822 3383//1850
f 4370//2292 3383//1850 4371//2293
f 4371//2293 3383//1850 3385//1852
f 4371//2293 3385//1852 4372//2294
f 4372//2294 3385//1852 3387//1854
f 4372//2294 3387//1854 4373//2830
f 4373//2830 3387//1854 3382//1849
f 4373//2830 3382//1849 4374//2296
f 4374//2296 3382//1849 3380//1847
f 4374//2296 3380//1847 4375//2297
f 4375//2297 3380//1847 3378//1845
f 4375//2297 3378//1845 4376//2831
f 4376//2831 3378//1845 3377//1844
f 4376//2831 3377//1844 4377//2299
f 4377//2299 3377//1844 3368//1835
f 4377//2299 3368//1835 4378//2300
f 4378//2300 3368//1835 3367//1834
f 4378//2300 3367//1834 4379//2301
f 4379//2301 3367//1834 3365//1832
f 4379//2301 3365//1832 4380//2302
f 4380//2302 3365//1832 3362//1829
f 4380//2302 3362//1829 4381//2303
f 4381//2303 3362//1829 3361//1828
f 4381//2303 3361//1828 4382//2304
f 4382//2304 3361//1828 3430//1896
f 4382//2304 3430//1896 4383//2305
f 4383//2305 3430//1896 3428//1894
f 4383//2305 3428//1894 4384//2832
f 4384//2832 3428//1894 3427//1893
f 4384//2832 3427//1893 4385//2307
f 4385//2307 3427//1893 3442//1908
f 4385//2307 3442//1908 4386//2308
f 4386//2308 3442//1908 3459//1925
f 4386//2308 3459//1925 4387//2309
f 4387//2309 3459//1925 3458//1924
f 4387//2309 3458//1924 4388//2310
f 4388//2310 3458//1924 3457//1923
f 4388//2310 3457//1923 4389//2311
f 4389//2311 3457//1923 3462//1928
f 4389//2311 3462//1928 4390//2312
f 4390//2312 3462//1928 3464//1930
f 4390//2312 3464//1930 4391//2313
f 4391//2313 3464//1930 3466//1932
f 4391//2313 3466//1932 4392//2314
f 4392//2314 3466//1932 3468//1934
f 4392//2314 3468//1934 4393//2833
f 4393//2833 3468//1934 3470//1936
f 4393//2833 3470//1936 4394//2316
f 4394//2316 3470//1936 3471//1937
f 4394//2316 3471//1937 4395//2834
f 4395//2834 3471//1937 3432//1898
f 4395//2834 3432//1898 4396//2318
f 4396//2318 3432//1898 3431//1897
f 4396//2318 3431//1897 4397//2319
f 4397//2319 3431//1897 3418//1884
f 4397//2319 3418//1884 4398//2320
f 4398//2320 3418//1884 3416//1882
f 4398//2320 3416//1882 4399//2321
f 4399//2321 3416//1882 3350//1817
f 4399//2321 3350//1817 4400//2322
f 4400//2322 3350//1817 3352//1819
f 4400//2322 3352//1819 4401//2323
f 4401//2323 3352//1819 3354//1821
f 4401//2323 3354//1821 4402//2835
f 4402//2835 3354//1821 3359//1826
f 4402//2835 3359//1826 4367//2828
f 4367//2828 3359//1826 3358//1825
f 4403//2348 4381//2303 4404//2349
f 4404//2349 4381//2303 4382//2304
f 4404//2349 4382//2304 4405//2836
f 4405//2836 4382//2304 4383//2305
f 4405//2836 4383//2305 4406//2837
f 4406//2837 4383//2305 4384//2832
f 4406//2837 4384//2832 4407//2352
f 4407//2352 4384//2832 4385//2307
f 4407//2352 4385//2307 4408//2838
f 4408//2838 4385//2307 4386//2308
f 4408//2838 4386//2308 4409//2839
f 4409//2839 4386//2308 4387//2309
f 4409//2839 4387//2309 4410//2355
f 4410//2355 4387//2309 4388//2310
f 4410//2355 4388//2310 4411//2356
f 4411//2356 4388//2310 4389//2311
f 4411//2356 4389//2311 4412//2357
f 4412//2357 4389//2311 4390//2312
f 4412//2357 4390//2312 4413//2358
f 4413//2358 4390//2312 4391//2313
f 4413//2358 4391//2313 4414//2840
f 4414//2840 4391//2313 4392//2314
f 4414//2840 4392//2314 4415//2841
f 4415//2841 4392//2314 4393//2833
f 4415//2841 4393//2833 4416//2325
f 4416//2325 4393//2833 4394//2316
f 4416//2325 4394//2316 4417//2842
f 4417//2842 4394//2316 4395//2834
f 4417//2842 4395//2834 4418//2843
f 4418//2843 4395//2834 4396//2318
f 4418//2843 4396//2318 4419//2328
f 4419//2328 4396//2318 4397//2319
f 4419//2328 4397//2319 4420//2329
f 4420//2329 4397//2319 4398//2320
f 4420//2329 4398//2320 4421//2330
f 4421//2330 4398//2320 4399//2321
f 4421//2330 4399//2321 4422//2331
f 4422//2331 4399//2321 4400//2322
f 4422//2331 4400//2322 4423//2844
f 4423//2844 4400//2322 4401//2323
f 4423//2844 4401//2323 4424//2845
f 4424//2845 4401//2323 4402//2835
f 4424//2845 4402//2835 4425//2334
f 4425//2334 4402//2835 4367//2828
f 4425//2334 4367//2828 4426//2846
f 4426//2846 4367//2828 4368//2829
f 4426//2846 4368//2829 4427//2847
f 4427//2847 4368//2829 4369//2291
f 4427//2847 4369//2291 4428//2337
f 4428//2337 4369//2291 4370//2292
f 4428//2337 4370//2292 4429//2338
f 4429//2338 4370//2292 4371//2293
f 4429//2338 4371//2293 4430//2339
f 4430//2339 4371//2293 4372//2294
f 4430//2339 4372//2294 4431//2340
f 4431//2340 4372//2294 4373//2830
f 4431//2340 4373//2830 4432//2848
f 4432//2848 4373//2830 4374//2296
f 4432//2848 4374//2296 4433//2849
f 4433//2849 4374//2296 4375//2297
f 4433//2849 4375//2297 4434//2343
f 4434//2343 4375//2297 4376//2831
f 4434//2343 4376//2831 4435//2850
f 4435//2850 4376//2831 4377//2299
f 4435//2850 4377//2299 4436//2851
f 4436//2851 4377//2299 4378//2300
f 4436//2851 4378//2300 4437//2346
f 4437//2346 4378//2300 4379//2301
f 4437//2346 4379//2301 4438//2347
f 4438//2347 4379//2301 4380//2302
f 4438//2347 4380//2302 4403//2348
f 4403//2348 4380//2302 4381//2303
f 4436//2851 2928//1396 4435//2850
f 4435//2850 2928//1396 2927//1395
f 4435//2850 2927//1395 4434//2343
f 4434//2343 2927//1395 2925//1393
f 4434//2343 2925//1393 4433//2849
f 4433//2849 2925//1393 2924//1392
f 4433//2849 2924//1392 4432//2848
f 4432//2848 2924//1392 2940//1408
f 4432//2848 2940//1408 4431//2340
f 4431//2340 2940//1408 2938//1406
f 4431//2340 2938//1406 4430//2339
f 4430//2339 2938//1406 2936//1404
f 4430//2339 2936//1404 4429//2338
f 4429//2338 2936//1404 2934//1402
f 4429//2338 2934//1402 4428//2337
f 4428//2337 2934//1402 2932//1400
f 4428//2337 2932//1400 4427//2847
f 2932//1400 2930//1398 4427//2847
f 4427//2847 2930//1398 2929//1397
f 4427//2847 2929//1397 4426//2846
f 4426//2846 2929//1397 4439//2852
f 4426//2846 4439//2852 4425//2334
f 4425//2334 4439//2852 4440//2853
f 4425//2334 4440//2853 4424//2845
f 4424//2845 4440//2853 4441//2854
f 4424//2845 4441//2854 4423//2844
f 4423//2844 4441//2854 4442//2855
f 4423//2844 4442//2855 4422//2331
f 4422//2331 4442//2855 4443//2856
f 4422//2331 4443//2856 4421//2330
f 4421//2330 4443//2856 4444//2857
f 4421//2330 4444//2857 4420//2329
f 4420//2329 4444//2857 4445//2858
f 4420//2329 4445//2858 4419//2328
f 4419//2328 4445//2858 4446//2859
f 4419//2328 4446//2859 4418//2843
f 4446//2859 4447//2860 4418//2843
f 4418//2843 4447//2860 2944//1412
f 4418//2843 2944//1412 4417//2842
f 4417//2842 2944//1412 2943//1411
f 4417//2842 2943//1411 4416//2325
f 4416//2325 2943//1411 2961//1429
f 4416//2325 2961//1429 4415//2841
f 4415//2841 2961//1429 2960//1428
f 4415//2841 2960//1428 4414//2840
f 4414//2840 2960//1428 2958//1426
f 4414//2840 2958//1426 4413//2358
f 4413//2358 2958//1426 2956//1424
f 4413//2358 2956//1424 4412//2357
f 4412//2357 2956//1424 2953//1421
f 4412//2357 2953//1421 4411//2356
f 4411//2356 2953//1421 2951//1419
f 4411//2356 2951//1419 4410//2355
f 4410//2355 2951//1419 2949//1417
f 4410//2355 2949//1417 4409//2839
f 2949//1417 2947//1415 4409//2839
f 4409//2839 2947//1415 2946//1414
f 4409//2839 2946//1414 4408//2838
f 4408//2838 2946//1414 4448//2861
f 4408//2838 4448//2861 4407//2352
f 4407//2352 4448//2861 4449//2862
f 4407//2352 4449//2862 4406//2837
f 4406//2837 4449//2862 4450//2863
f 4406//2837 4450//2863 4405//2836
f 4405//2836 4450//2863 4451//2864
f 4405//2836 4451//2864 4404//2349
f 4404//2349 4451//2864 4452//2865
f 4404//2349 4452//2865 4403//2348
f 4403//2348 4452//2865 4453//2866
f 4403//2348 4453//2866 4438//2347
f 4438//2347 4453//2866 4454//2867
f 4438//2347 4454//2867 4437//2346
f 4437//2346 4454//2867 4455//2868
f 4437//2346 4455//2868 4436//2851
f 4436//2851 4455//2868 4456//2869
f 4436//2851 4456//2869 2928//1396
f 4457//2828 3820//2281 4458//2290
f 4458//2290 3820//2281 3818//2279
f 4458//2290 3818//2279 4459//2870
f 4459//2870 3818//2279 3816//2277
f 4459//2870 3816//2277 4460//2292
f 4460//2292 3816//2277 3815//2276
f 4460//2292 3815//2276 4461//2293
f 4461//2293 3815//2276 3786//2247
f 4461//2293 3786//2247 4462//2294
f 4462//2294 3786//2247 3785//2024
f 4462//2294 3785//2024 4463//2295
f 4463//2295 3785//2024 3772//2234
f 4463//2295 3772//2234 4464//2296
f 4464//2296 3772//2234 3770//2232
f 4464//2296 3770//2232 4465//2297
f 4465//2297 3770//2232 3693//2157
f 4465//2297 3693//2157 4466//2831
f 4466//2831 3693//2157 3692//2156
f 4466//2831 3692//2156 4467//2871
f 4467//2871 3692//2156 3724//2188
f 4467//2871 3724//2188 4468//2300
f 4468//2300 3724//2188 3726//1834
f 4468//2300 3726//1834 4469//2301
f 4469//2301 3726//1834 3730//2193
f 4469//2301 3730//2193 4470//2302
f 4470//2302 3730//2193 3729//2192
f 4470//2302 3729//2192 4471//2872
f 4471//2872 3729//2192 3728//2191
f 4471//2872 3728//2191 4472//2873
f 4472//2873 3728//2191 3727//2190
f 4472//2873 3727//2190 4473//2305
f 4473//2305 3727//2190 3745//2208
f 4473//2305 3745//2208 4474//2874
f 4474//2874 3745//2208 3743//2206
f 4474//2874 3743//2206 4475//2307
f 4475//2307 3743//2206 3741//2204
f 4475//2307 3741//2204 4476//2875
f 4476//2875 3741//2204 3739//2202
f 4476//2875 3739//2202 4477//2309
f 4477//2309 3739//2202 3737//2200
f 4477//2309 3737//2200 4478//2310
f 4478//2310 3737//2200 3736//2199
f 4478//2310 3736//2199 4479//2311
f 4479//2311 3736//2199 3701//2165
f 4479//2311 3701//2165 4480//2312
f 4480//2312 3701//2165 3700//2164
f 4480//2312 3700//2164 4481//2313
f 4481//2313 3700//2164 3698//2162
f 4481//2313 3698//2162 4482//2314
f 4482//2314 3698//2162 3696//2160
f 4482//2314 3696//2160 4483//2833
f 4483//2833 3696//2160 3695//2159
f 4483//2833 3695//2159 4484//2316
f 4484//2316 3695//2159 3778//2240
f 4484//2316 3778//2240 4485//2317
f 4485//2317 3778//2240 3777//2239
f 4485//2317 3777//2239 4486//2876
f 4486//2876 3777//2239 3774//2236
f 4486//2876 3774//2236 4487//2319
f 4487//2319 3774//2236 3773//2235
f 4487//2319 3773//2235 4488//2320
f 4488//2320 3773//2235 3781//2243
f 4488//2320 3781//2243 4489//2321
f 4489//2321 3781//2243 3780//2242
f 4489//2321 3780//2242 4490//2322
f 4490//2322 3780//2242 3821//2282
f 4490//2322 3821//2282 4491//2877
f 4491//2877 3821//2282 3823//2284
f 4491//2877 3823//2284 4492//2835
f 4492//2835 3823//2284 3825//2286
f 4492//2835 3825//2286 4457//2828
f 4457//2828 3825//2286 3820//2281
f 4493//2878 4459//2870 4494//2337
f 4494//2337 4459//2870 4460//2292
f 4494//2337 4460//2292 4495//2879
f 4495//2879 4460//2292 4461//2293
f 4495//2879 4461//2293 4496//2880
f 4496//2880 4461//2293 4462//2294
f 4496//2880 4462//2294 4497//2340
f 4497//2340 4462//2294 4463//2295
f 4497//2340 4463//2295 4498//2881
f 4498//2881 4463//2295 4464//2296
f 4498//2881 4464//2296 4499//2882
f 4499//2882 4464//2296 4465//2297
f 4499//2882 4465//2297 4500//2343
f 4500//2343 4465//2297 4466//2831
f 4500//2343 4466//2831 4501//2883
f 4501//2883 4466//2831 4467//2871
f 4501//2883 4467//2871 4502//2345
f 4502//2345 4467//2871 4468//2300
f 4502//2345 4468//2300 4503//2346
f 4503//2346 4468//2300 4469//2301
f 4503//2346 4469//2301 4504//2884
f 4504//2884 4469//2301 4470//2302
f 4504//2884 4470//2302 4505//2885
f 4505//2885 4470//2302 4471//2872
f 4505//2885 4471//2872 4506//2349
f 4506//2349 4471//2872 4472//2873
f 4506//2349 4472//2873 4507//2886
f 4507//2886 4472//2873 4473//2305
f 4507//2886 4473//2305 4508//2837
f 4508//2837 4473//2305 4474//2874
f 4508//2837 4474//2874 4509//2352
f 4509//2352 4474//2874 4475//2307
f 4509//2352 4475//2307 4510//2887
f 4510//2887 4475//2307 4476//2875
f 4510//2887 4476//2875 4511//2888
f 4511//2888 4476//2875 4477//2309
f 4511//2888 4477//2309 4512//2355
f 4512//2355 4477//2309 4478//2310
f 4512//2355 4478//2310 4513//2889
f 4513//2889 4478//2310 4479//2311
f 4513//2889 4479//2311 4514//2890
f 4514//2890 4479//2311 4480//2312
f 4514//2890 4480//2312 4515//2358
f 4515//2358 4480//2312 4481//2313
f 4515//2358 4481//2313 4516//2891
f 4516//2891 4481//2313 4482//2314
f 4516//2891 4482//2314 4517//2841
f 4517//2841 4482//2314 4483//2833
f 4517//2841 4483//2833 4518//2325
f 4518//2325 4483//2833 4484//2316
f 4518//2325 4484//2316 4519//2892
f 4519//2892 4484//2316 4485//2317
f 4519//2892 4485//2317 4520//2327
f 4520//2327 4485//2317 4486//2876
f 4520//2327 4486//2876 4521//2328
f 4521//2328 4486//2876 4487//2319
f 4521//2328 4487//2319 4522//2893
f 4522//2893 4487//2319 4488//2320
f 4522//2893 4488//2320 4523//2894
f 4523//2894 4488//2320 4489//2321
f 4523//2894 4489//2321 4524//2331
f 4524//2331 4489//2321 4490//2322
f 4524//2331 4490//2322 4525//2895
f 4525//2895 4490//2322 4491//2877
f 4525//2895 4491//2877 4526//2845
f 4526//2845 4491//2877 4492//2835
f 4526//2845 4492//2835 4527//2334
f 4527//2334 4492//2835 4457//2828
f 4527//2334 4457//2828 4528//2335
f 4528//2335 4457//2828 4458//2290
f 4528//2335 4458//2290 4493//2878
f 4493//2878 4458//2290 4459//2870
f 4505//2885 4529//2896 4504//2884
f 4504//2884 4529//2896 4530//2897
f 4504//2884 4530//2897 4503//2346
f 4503//2346 4530//2897 4531//2868
f 4503//2346 4531//2868 4502//2345
f 4502//2345 4531//2868 4532//2898
f 4502//2345 4532//2898 4501//2883
f 4501//2883 4532//2898 4533//2899
f 4501//2883 4533//2899 4500//2343
f 4500//2343 4533//2899 4534//2900
f 4500//2343 4534//2900 4499//2882
f 4499//2882 4534//2900 4535//2901
f 4499//2882 4535//2901 4498//2881
f 4498//2881 4535//2901 4536//2902
f 4498//2881 4536//2902 4497//2340
f 4497//2340 4536//2902 4537//2903
f 4497//2340 4537//2903 4496//2880
f 4537//2903 4538//2904 4496//2880
f 4496//2880 4538//2904 2869//1337
f 4496//2880 2869//1337 4495//2879
f 4495//2879 2869//1337 2868//1336
f 4495//2879 2868//1336 4494//2337
f 4494//2337 2868//1336 2866//1334
f 4494//2337 2866//1334 4493//2878
f 4493//2878 2866//1334 2865//1333
f 4493//2878 2865//1333 4528//2335
f 4528//2335 2865//1333 2872//1340
f 4528//2335 2872//1340 4527//2334
f 4527//2334 2872//1340 2874//1342
f 4527//2334 2874//1342 4526//2845
f 4526//2845 2874//1342 2876//1344
f 4526//2845 2876//1344 4525//2895
f 4525//2895 2876//1344 2878//1346
f 4525//2895 2878//1346 4524//2331
f 4524//2331 2878//1346 2880//1348
f 4524//2331 2880//1348 4523//2894
f 2880//1348 2882//1350 4523//2894
f 4523//2894 2882//1350 2883//1351
f 4523//2894 2883//1351 4522//2893
f 4522//2893 2883//1351 4539//2905
f 4522//2893 4539//2905 4521//2328
f 4521//2328 4539//2905 4540//2859
f 4521//2328 4540//2859 4520//2327
f 4520//2327 4540//2859 4541//2906
f 4520//2327 4541//2906 4519//2892
f 4519//2892 4541//2906 4542//2907
f 4519//2892 4542//2907 4518//2325
f 4518//2325 4542//2907 4543//2908
f 4518//2325 4543//2908 4517//2841
f 4517//2841 4543//2908 4544//2909
f 4517//2841 4544//2909 4516//2891
f 4516//2891 4544//2909 4545//2910
f 4516//2891 4545//2910 4515//2358
f 4515//2358 4545//2910 4546//2911
f 4515//2358 4546//2911 4514//2890
f 4546//2911 4547//2912 4514//2890
f 4514//2890 4547//2912 4548//2913
f 4514//2890 4548//2913 4513//2889
f 4513//2889 4548//2913 4549//2914
f 4513//2889 4549//2914 4512//2355
f 4512//2355 4549//2914 4550//2915
f 4512//2355 4550//2915 4511//2888
f 4511//2888 4550//2915 4551//2916
f 4511//2888 4551//2916 4510//2887
f 4510//2887 4551//2916 4552//2917
f 4510//2887 4552//2917 4509//2352
f 4509//2352 4552//2917 4553//2918
f 4509//2352 4553//2918 4508//2837
f 4508//2837 4553//2918 4554//2919
f 4508//2837 4554//2919 4507//2886
f 4507//2886 4554//2919 4555//2920
f 4507//2886 4555//2920 4506//2349
f 4506//2349 4555//2920 4556//2921
f 4506//2349 4556//2921 4505//2885
f 4505//2885 4556//2921 4557//2922
f 4505//2885 4557//2922 4529//2896
f 4558//2289 3278//1745 4559//2923
f 4559//2923 3278//1745 3285//1752
f 4559//2923 3285//1752 4560//2291
f 4560//2291 3285//1752 3287//1754
f 4560//2291 3287//1754 4561//2292
f 4561//2292 3287//1754 3306//1773
f 4561//2292 3306//1773 4562//2293
f 4562//2293 3306//1773 3305//1772
f 4562//2293 3305//1772 4563//2294
f 4563//2294 3305//1772 3304//1771
f 4563//2294 3304//1771 4564//2295
f 4564//2295 3304//1771 3340//1807
f 4564//2295 3340//1807 4565//2296
f 4565//2296 3340//1807 3342//1809
f 4565//2296 3342//1809 4566//2297
f 4566//2297 3342//1809 3344//1811
f 4566//2297 3344//1811 4567//2831
f 4567//2831 3344//1811 3339//1806
f 4567//2831 3339//1806 4568//2299
f 4568//2299 3339//1806 3337//1804
f 4568//2299 3337//1804 4569//2300
f 4569//2300 3337//1804 3335//1802
f 4569//2300 3335//1802 4570//2301
f 4570//2301 3335//1802 3334//1801
f 4570//2301 3334//1801 4571//2302
f 4571//2302 3334//1801 3298//1765
f 4571//2302 3298//1765 4572//2303
f 4572//2303 3298//1765 3297//1764
f 4572//2303 3297//1764 4573//2304
f 4573//2304 3297//1764 3295//1762
f 4573//2304 3295//1762 4574//2305
f 4574//2305 3295//1762 3290//1757
f 4574//2305 3290//1757 4575//2924
f 4575//2924 3290//1757 3289//1756
f 4575//2924 3289//1756 4576//2307
f 4576//2307 3289//1756 3403//1869
f 4576//2307 3403//1869 4577//2875
f 4577//2875 3403//1869 3402//1868
f 4577//2875 3402//1868 4578//2309
f 4578//2309 3402//1868 3401//1638
f 4578//2309 3401//1638 4579//2310
f 4579//2310 3401//1638 3400//1867
f 4579//2310 3400//1867 4580//2311
f 4580//2311 3400//1867 3399//1866
f 4580//2311 3399//1866 4581//2312
f 4581//2312 3399//1866 3398//1865
f 4581//2312 3398//1865 4582//2313
f 4582//2313 3398//1865 3397//1864
f 4582//2313 3397//1864 4583//2314
f 4583//2314 3397//1864 3413//1879
f 4583//2314 3413//1879 4584//2833
f 4584//2833 3413//1879 3411//1877
f 4584//2833 3411//1877 4585//2316
f 4585//2316 3411//1877 3409//1875
f 4585//2316 3409//1875 4586//2834
f 4586//2834 3409//1875 3407//1873
f 4586//2834 3407//1873 4587//2318
f 4587//2318 3407//1873 3405//1871
f 4587//2318 3405//1871 4588//2319
f 4588//2319 3405//1871 3404//1870
f 4588//2319 3404//1870 4589//2320
f 4589//2320 3404//1870 3376//1843
f 4589//2320 3376//1843 4590//2321
f 4590//2321 3376//1843 3375//1842
f 4590//2321 3375//1842 4591//2322
f 4591//2322 3375//1842 3347//1814
f 4591//2322 3347//1814 4592//2323
f 4592//2323 3347//1814 3369//1836
f 4592//2323 3369//1836 4593//2835
f 4593//2835 3369//1836 3279//1746
f 4593//2835 3279//1746 4558//2289
f 4558//2289 3279//1746 3278//1745
f 4594//2345 4569//2300 4595//2346
f 4595//2346 4569//2300 4570//2301
f 4595//2346 4570//2301 4596//2925
f 4596//2925 4570//2301 4571//2302
f 4596//2925 4571//2302 4597//2926
f 4597//2926 4571//2302 4572//2303
f 4597//2926 4572//2303 4598//2349
f 4598//2349 4572//2303 4573//2304
f 4598//2349 4573//2304 4599//2886
f 4599//2886 4573//2304 4574//2305
f 4599//2886 4574//2305 4600//2927
f 4600//2927 4574//2305 4575//2924
f 4600//2927 4575//2924 4601//2352
f 4601//2352 4575//2924 4576//2307
f 4601//2352 4576//2307 4602//2353
f 4602//2353 4576//2307 4577//2875
f 4602//2353 4577//2875 4603//2928
f 4603//2928 4577//2875 4578//2309
f 4603//2928 4578//2309 4604//2355
f 4604//2355 4578//2309 4579//2310
f 4604//2355 4579//2310 4605//2929
f 4605//2929 4579//2310 4580//2311
f 4605//2929 4580//2311 4606//2890
f 4606//2890 4580//2311 4581//2312
f 4606//2890 4581//2312 4607//2358
f 4607//2358 4581//2312 4582//2313
f 4607//2358 4582//2313 4608//2840
f 4608//2840 4582//2313 4583//2314
f 4608//2840 4583//2314 4609//2930
f 4609//2930 4583//2314 4584//2833
f 4609//2930 4584//2833 4610//2325
f 4610//2325 4584//2833 4585//2316
f 4610//2325 4585//2316 4611//2931
f 4611//2931 4585//2316 4586//2834
f 4611//2931 4586//2834 4612//2327
f 4612//2327 4586//2834 4587//2318
f 4612//2327 4587//2318 4613//2328
f 4613//2328 4587//2318 4588//2319
f 4613//2328 4588//2319 4614//2932
f 4614//2932 4588//2319 4589//2320
f 4614//2932 4589//2320 4615//2933
f 4615//2933 4589//2320 4590//2321
f 4615//2933 4590//2321 4616//2331
f 4616//2331 4590//2321 4591//2322
f 4616//2331 4591//2322 4617//2934
f 4617//2934 4591//2322 4592//2323
f 4617//2934 4592//2323 4618//2845
f 4618//2845 4592//2323 4593//2835
f 4618//2845 4593//2835 4619//2334
f 4619//2334 4593//2835 4558//2289
f 4619//2334 4558//2289 4620//2935
f 4620//2935 4558//2289 4559//2923
f 4620//2935 4559//2923 4621//2336
f 4621//2336 4559//2923 4560//2291
f 4621//2336 4560//2291 4622//2337
f 4622//2337 4560//2291 4561//2292
f 4622//2337 4561//2292 4623//2936
f 4623//2936 4561//2292 4562//2293
f 4623//2936 4562//2293 4624//2937
f 4624//2937 4562//2293 4563//2294
f 4624//2937 4563//2294 4625//2340
f 4625//2340 4563//2294 4564//2295
f 4625//2340 4564//2295 4626//2848
f 4626//2848 4564//2295 4565//2296
f 4626//2848 4565//2296 4627//2849
f 4627//2849 4565//2296 4566//2297
f 4627//2849 4566//2297 4628//2343
f 4628//2343 4566//2297 4567//2831
f 4628//2343 4567//2831 4629//2938
f 4629//2938 4567//2831 4568//2299
f 4629//2938 4568//2299 4594//2345
f 4594//2345 4568//2299 4569//2300
f 4597//2926 2966//1434 4596//2925
f 4596//2925 2966//1434 2965//1433
f 4596//2925 2965//1433 4595//2346
f 4595//2346 2965//1433 2963//1431
f 4595//2346 2963//1431 4594//2345
f 4594//2345 2963//1431 2962//1430
f 4594//2345 2962//1430 4629//2938
f 4629//2938 2962//1430 2978//1446
f 4629//2938 2978//1446 4628//2343
f 4628//2343 2978//1446 2976//1444
f 4628//2343 2976//1444 4627//2849
f 4627//2849 2976//1444 2974//1442
f 4627//2849 2974//1442 4626//2848
f 4626//2848 2974//1442 2972//1440
f 4626//2848 2972//1440 4625//2340
f 4625//2340 2972//1440 2970//1438
f 4625//2340 2970//1438 4624//2937
f 2970//1438 2968//1436 4624//2937
f 4624//2937 2968//1436 2967//1435
f 4624//2937 2967//1435 4623//2936
f 4623//2936 2967//1435 4630//2939
f 4623//2936 4630//2939 4622//2337
f 4622//2337 4630//2939 4631//2940
f 4622//2337 4631//2940 4621//2336
f 4621//2336 4631//2940 4632//2941
f 4621//2336 4632//2941 4620//2935
f 4620//2935 4632//2941 4633//2942
f 4620//2935 4633//2942 4619//2334
f 4619//2334 4633//2942 4634//2943
f 4619//2334 4634//2943 4618//2845
f 4618//2845 4634//2943 4635//2944
f 4618//2845 4635//2944 4617//2934
f 4617//2934 4635//2944 4636//2945
f 4617//2934 4636//2945 4616//2331
f 4616//2331 4636//2945 4637//2371
f 4616//2331 4637//2371 4615//2933
f 4637//2371 4638//2946 4615//2933
f 4615//2933 4638//2946 2981//1449
f 4615//2933 2981//1449 4614//2932
f 4614//2932 2981//1449 2983//1451
f 4614//2932 2983//1451 4613//2328
f 4613//2328 2983//1451 2984//1452
f 4613//2328 2984//1452 4612//2327
f 4612//2327 2984//1452 2993//1461
f 4612//2327 2993//1461 4611//2931
f 4611//2931 2993//1461 2995//1463
f 4611//2931 2995//1463 4610//2325
f 4610//2325 2995//1463 2997//1465
f 4610//2325 2997//1465 4609//2930
f 4609//2930 2997//1465 2992//1460
f 4609//2930 2992//1460 4608//2840
f 4608//2840 2992//1460 2990//1458
f 4608//2840 2990//1458 4607//2358
f 4607//2358 2990//1458 2988//1456
f 4607//2358 2988//1456 4606//2890
f 2988//1456 2986//1454 4606//2890
f 4606//2890 2986//1454 2985//1453
f 4606//2890 2985//1453 4605//2929
f 4605//2929 2985//1453 4639//2947
f 4605//2929 4639//2947 4604//2355
f 4604//2355 4639//2947 4640//2948
f 4604//2355 4640//2948 4603//2928
f 4603//2928 4640//2948 4641//2949
f 4603//2928 4641//2949 4602//2353
f 4602//2353 4641//2949 4642//2950
f 4602//2353 4642//2950 4601//2352
f 4601//2352 4642//2950 4643//2951
f 4601//2352 4643//2951 4600//2927
f 4600//2927 4643//2951 4644//2952
f 4600//2927 4644//2952 4599//2886
f 4599//2886 4644//2952 4645//2953
f 4599//2886 4645//2953 4598//2349
f 4598//2349 4645//2953 4646//2954
f 4598//2349 4646//2954 4597//2926
f 4597//2926 4646//2954 4647//2955
f 4597//2926 4647//2955 2966//1434
f 4648//2289 3748//2211 4649//2290
f 4649//2290 3748//2211 3722//2186
f 4649//2290 3722//2186 4650//2291
f 4650//2291 3722//2186 3721//2185
f 4650//2291 3721//2185 4651//2292
f 4651//2292 3721//2185 3719//2183
f 4651//2292 3719//2183 4652//2293
f 4652//2293 3719//2183 3703//2167
f 4652//2293 3703//2167 4653//2294
f 4653//2294 3703//2167 3678//2142
f 4653//2294 3678//2142 4654//2295
f 4654//2295 3678//2142 3677//2141
f 4654//2295 3677//2141 4655//2296
f 4655//2296 3677//2141 3675//2139
f 4655//2296 3675//2139 4656//2297
f 4656//2297 3675//2139 3674//1901
f 4656//2297 3674//1901 4657//2956
f 4657//2956 3674//1901 3636//2101
f 4657//2956 3636//2101 4658//2299
f 4658//2299 3636//2101 3635//2100
f 4658//2299 3635//2100 4659//2300
f 4659//2300 3635//2100 3633//2098
f 4659//2300 3633//2098 4660//2301
f 4660//2301 3633//2098 3632//2097
f 4660//2301 3632//2097 4661//2302
f 4661//2302 3632//2097 3651//2116
f 4661//2302 3651//2116 4662//2872
f 4662//2872 3651//2116 3649//2114
f 4662//2872 3649//2114 4663//2304
f 4663//2304 3649//2114 3647//2112
f 4663//2304 3647//2112 4664//2305
f 4664//2305 3647//2112 3645//2110
f 4664//2305 3645//2110 4665//2832
f 4665//2832 3645//2110 3643//2108
f 4665//2832 3643//2108 4666//2307
f 4666//2307 3643//2108 3642//2107
f 4666//2307 3642//2107 4667//2957
f 4667//2957 3642//2107 3631//2096
f 4667//2957 3631//2096 4668//2958
f 4668//2958 3631//2096 3630//2095
f 4668//2958 3630//2095 4669//2310
f 4669//2310 3630//2095 3626//2091
f 4669//2310 3626//2091 4670//2311
f 4670//2311 3626//2091 3624//2089
f 4670//2311 3624//2089 4671//2312
f 4671//2312 3624//2089 3623//2088
f 4671//2312 3623//2088 4672//2313
f 4672//2313 3623//2088 3707//2171
f 4672//2313 3707//2171 4673//2314
f 4673//2314 3707//2171 3705//2169
f 4673//2314 3705//2169 4674//2315
f 4674//2315 3705//2169 3704//2168
f 4674//2315 3704//2168 4675//2316
f 4675//2316 3704//2168 3723//2187
f 4675//2316 3723//2187 4676//2317
f 4676//2317 3723//2187 3710//2174
f 4676//2317 3710//2174 4677//2318
f 4677//2318 3710//2174 3709//2173
f 4677//2318 3709//2173 4678//2319
f 4678//2319 3709//2173 3754//2217
f 4678//2319 3754//2217 4679//2320
f 4679//2320 3754//2217 3756//2219
f 4679//2320 3756//2219 4680//2321
f 4680//2321 3756//2219 3758//2221
f 4680//2321 3758//2221 4681//2322
f 4681//2322 3758//2221 3753//2216
f 4681//2322 3753//2216 4682//2323
f 4682//2323 3753//2216 3751//2214
f 4682//2323 3751//2214 4683//2835
f 4683//2835 3751//2214 3749//2212
f 4683//2835 3749//2212 4648//2289
f 4648//2289 3749//2212 3748//2211
f 4684//2349 4663//2304 4685//2886
f 4685//2886 4663//2304 4664//2305
f 4685//2886 4664//2305 4686//2837
f 4686//2837 4664//2305 4665//2832
f 4686//2837 4665//2832 4687//2352
f 4687//2352 4665//2832 4666//2307
f 4687//2352 4666//2307 4688//2959
f 4688//2959 4666//2307 4667//2957
f 4688//2959 4667//2957 4689//2960
f 4689//2960 4667//2957 4668//2958
f 4689//2960 4668//2958 4690//2355
f 4690//2355 4668//2958 4669//2310
f 4690//2355 4669//2310 4691//2356
f 4691//2356 4669//2310 4670//2311
f 4691//2356 4670//2311 4692//2357
f 4692//2357 4670//2311 4671//2312
f 4692//2357 4671//2312 4693//2358
f 4693//2358 4671//2312 4672//2313
f 4693//2358 4672//2313 4694//2891
f 4694//2891 4672//2313 4673//2314
f 4694//2891 4673//2314 4695//2841
f 4695//2841 4673//2314 4674//2315
f 4695//2841 4674//2315 4696//2325
f 4696//2325 4674//2315 4675//2316
f 4696//2325 4675//2316 4697//2961
f 4697//2961 4675//2316 4676//2317
f 4697//2961 4676//2317 4698//2962
f 4698//2962 4676//2317 4677//2318
f 4698//2962 4677//2318 4699//2328
f 4699//2328 4677//2318 4678//2319
f 4699//2328 4678//2319 4700//2329
f 4700//2329 4678//2319 4679//2320
f 4700//2329 4679//2320 4701//2330
f 4701//2330 4679//2320 4680//2321
f 4701//2330 4680//2321 4702//2331
f 4702//2331 4680//2321 4681//2322
f 4702//2331 4681//2322 4703//2934
f 4703//2934 4681//2322 4682//2323
f 4703//2934 4682//2323 4704//2845
f 4704//2845 4682//2323 4683//2835
f 4704//2845 4683//2835 4705//2334
f 4705//2334 4683//2835 4648//2289
f 4705//2334 4648//2289 4706//2963
f 4706//2963 4648//2289 4649//2290
f 4706//2963 4649//2290 4707//2964
f 4707//2964 4649//2290 4650//2291
f 4707//2964 4650//2291 4708//2337
f 4708//2337 4650//2291 4651//2292
f 4708//2337 4651//2292 4709//2338
f 4709//2338 4651//2292 4652//2293
f 4709//2338 4652//2293 4710//2339
f 4710//2339 4652//2293 4653//2294
f 4710//2339 4653//2294 4711//2340
f 4711//2340 4653//2294 4654//2295
f 4711//2340 4654//2295 4712//2848
f 4712//2848 4654//2295 4655//2296
f 4712//2848 4655//2296 4713//2849
f 4713//2849 4655//2296 4656//2297
f 4713//2849 4656//2297 4714//2343
f 4714//2343 4656//2297 4657//2956
f 4714//2343 4657//2956 4715//2965
f 4715//2965 4657//2956 4658//2299
f 4715//2965 4658//2299 4716//2966
f 4716//2966 4658//2299 4659//2300
f 4716//2966 4659//2300 4717//2346
f 4717//2346 4659//2300 4660//2301
f 4717//2346 4660//2301 4718//2347
f 4718//2347 4660//2301 4661//2302
f 4718//2347 4661//2302 4719//2348
f 4719//2348 4661//2302 4662//2872
f 4719//2348 4662//2872 4684//2349
f 4684//2349 4662//2872 4663//2304
f 4716//2966 2827//1295 4715//2965
f 4715//2965 2827//1295 4720//2967
f 4715//2965 4720//2967 4714//2343
f 4714//2343 4720//2967 4721//2368
f 4714//2343 4721//2368 4713//2849
f 4713//2849 4721//2368 4722//2968
f 4713//2849 4722//2968 4712//2848
f 4712//2848 4722//2968 4723//2969
f 4712//2848 4723//2969 4711//2340
f 4711//2340 4723//2969 4724//2970
f 4711//2340 4724//2970 4710//2339
f 4710//2339 4724//2970 4725//2971
f 4710//2339 4725//2971 4709//2338
f 4709//2338 4725//2971 4726//2972
f 4709//2338 4726//2972 4708//2337
f 4708//2337 4726//2972 4727//2973
f 4708//2337 4727//2973 4707//2964
f 4727//2973 4728//2974 4707//2964
f 4707//2964 4728//2974 2850//1318
f 4707//2964 2850//1318 4706//2963
f 4706//2963 2850//1318 2849//1317
f 4706//2963 2849//1317 4705//2334
f 4705//2334 2849//1317 2847//1315
f 4705//2334 2847//1315 4704//2845
f 4704//2845 2847//1315 2846//1314
f 4704//2845 2846//1314 4703//2934
f 4703//2934 2846//1314 2862//1330
f 4703//2934 2862//1330 4702//2331
f 4702//2331 2862//1330 2860//1328
f 4702//2331 2860//1328 4701//2330
f 4701//2330 2860//1328 2858//1326
f 4701//2330 2858//1326 4700//2329
f 4700//2329 2858//1326 2856//1324
f 4700//2329 2856//1324 4699//2328
f 4699//2328 2856//1324 2854//1322
f 4699//2328 2854//1322 4698//2962
f 2854//1322 2852//1320 4698//2962
f 4698//2962 2852//1320 2851//1319
f 4698//2962 2851//1319 4697//2961
f 4697//2961 2851//1319 4729//2975
f 4697//2961 4729//2975 4696//2325
f 4696//2325 4729//2975 4730//2377
f 4696//2325 4730//2377 4695//2841
f 4695//2841 4730//2377 4731//2976
f 4695//2841 4731//2976 4694//2891
f 4694//2891 4731//2976 4732//2977
f 4694//2891 4732//2977 4693//2358
f 4693//2358 4732//2977 4733//2978
f 4693//2358 4733//2978 4692//2357
f 4692//2357 4733//2978 4734//2979
f 4692//2357 4734//2979 4691//2356
f 4691//2356 4734//2979 4735//2980
f 4691//2356 4735//2980 4690//2355
f 4690//2355 4735//2980 4736//2948
f 4690//2355 4736//2948 4689//2960
f 4736//2948 4737//2981 4689//2960
f 4689//2960 4737//2981 2835//1303
f 4689//2960 2835//1303 4688//2959
f 4688//2959 2835//1303 2837//1305
f 4688//2959 2837//1305 4687//2352
f 4687//2352 2837//1305 2838//1306
f 4687//2352 2838//1306 4686//2837
f 4686//2837 2838//1306 2839//1307
f 4686//2837 2839//1307 4685//2886
f 4685//2886 2839//1307 2841//1309
f 4685//2886 2841//1309 4684//2349
f 4684//2349 2841//1309 2843//1311
f 4684//2349 2843//1311 4719//2348
f 4719//2348 2843//1311 2834//1302
f 4719//2348 2834//1302 4718//2347
f 4718//2347 2834//1302 2832//1300
f 4718//2347 2832//1300 4717//2346
f 4717//2346 2832//1300 2830//1298
f 4717//2346 2830//1298 4716//2966
f 4716//2966 2830//1298 2828//1296
f 4716//2966 2828//1296 2827//1295
f 4738//2828 3638//2103 4739//2290
f 4739//2290 3638//2103 3628//2093
f 4739//2290 3628//2093 4740//2291
f 4740//2291 3628//2093 3563//2028
f 4740//2291 3563//2028 4741//2292
f 4741//2292 3563//2028 3562//2027
f 4741//2292 3562//2027 4742//2293
f 4742//2293 3562//2027 3560//2025
f 4742//2293 3560//2025 4743//2294
f 4743//2294 3560//2025 3559//2024
f 4743//2294 3559//2024 4744//2295
f 4744//2295 3559//2024 3584//2049
f 4744//2295 3584//2049 4745//2296
f 4745//2296 3584//2049 3583//2048
f 4745//2296 3583//2048 4746//2297
f 4746//2297 3583//2048 3581//2046
f 4746//2297 3581//2046 4747//2831
f 4747//2831 3581//2046 3580//2045
f 4747//2831 3580//2045 4748//2299
f 4748//2299 3580//2045 3620//2085
f 4748//2299 3620//2085 4749//2300
f 4749//2300 3620//2085 3618//2083
f 4749//2300 3618//2083 4750//2301
f 4750//2301 3618//2083 3616//2081
f 4750//2301 3616//2081 4751//2302
f 4751//2302 3616//2081 3614//2079
f 4751//2302 3614//2079 4752//2303
f 4752//2303 3614//2079 3612//2077
f 4752//2303 3612//2077 4753//2304
f 4753//2304 3612//2077 3611//2076
f 4753//2304 3611//2076 4754//2305
f 4754//2305 3611//2076 3579//2044
f 4754//2305 3579//2044 4755//2832
f 4755//2832 3579//2044 3578//2043
f 4755//2832 3578//2043 4756//2307
f 4756//2307 3578//2043 3567//2032
f 4756//2307 3567//2032 4757//2308
f 4757//2308 3567//2032 3565//2030
f 4757//2308 3565//2030 4758//2309
f 4758//2309 3565//2030 3564//2029
f 4758//2309 3564//2029 4759//2310
f 4759//2310 3564//2029 3673//2138
f 4759//2310 3673//2138 4760//2311
f 4760//2311 3673//2138 3672//2137
f 4760//2311 3672//2137 4761//2312
f 4761//2312 3672//2137 3671//2136
f 4761//2312 3671//2136 4762//2313
f 4762//2313 3671//2136 3691//2155
f 4762//2313 3691//2155 4763//2314
f 4763//2314 3691//2155 3690//2154
f 4763//2314 3690//2154 4764//2833
f 4764//2833 3690//2154 3689//2153
f 4764//2833 3689//2153 4765//2316
f 4765//2316 3689//2153 3670//2135
f 4765//2316 3670//2135 4766//2834
f 4766//2834 3670//2135 3679//2143
f 4766//2834 3679//2143 4767//2318
f 4767//2318 3679//2143 3681//2145
f 4767//2318 3681//2145 4768//2319
f 4768//2319 3681//2145 3668//2133
f 4768//2319 3668//2133 4769//2320
f 4769//2320 3668//2133 3666//2131
f 4769//2320 3666//2131 4770//2321
f 4770//2321 3666//2131 3664//2129
f 4770//2321 3664//2129 4771//2322
f 4771//2322 3664//2129 3663//2128
f 4771//2322 3663//2128 4772//2323
f 4772//2323 3663//2128 3641//2106
f 4772//2323 3641//2106 4773//2835
f 4773//2835 3641//2106 3640//2105
f 4773//2835 3640//2105 4738//2828
f 4738//2828 3640//2105 3638//2103
f 4774//2345 4749//2300 4775//2346
f 4775//2346 4749//2300 4750//2301
f 4775//2346 4750//2301 4776//2347
f 4776//2347 4750//2301 4751//2302
f 4776//2347 4751//2302 4777//2348
f 4777//2348 4751//2302 4752//2303
f 4777//2348 4752//2303 4778//2349
f 4778//2349 4752//2303 4753//2304
f 4778//2349 4753//2304 4779//2982
f 4779//2982 4753//2304 4754//2305
f 4779//2982 4754//2305 4780//2983
f 4780//2983 4754//2305 4755//2832
f 4780//2983 4755//2832 4781//2352
f 4781//2352 4755//2832 4756//2307
f 4781//2352 4756//2307 4782//2353
f 4782//2353 4756//2307 4757//2308
f 4782//2353 4757//2308 4783//2928
f 4783//2928 4757//2308 4758//2309
f 4783//2928 4758//2309 4784//2355
f 4784//2355 4758//2309 4759//2310
f 4784//2355 4759//2310 4785//2356
f 4785//2356 4759//2310 4760//2311
f 4785//2356 4760//2311 4786//2357
f 4786//2357 4760//2311 4761//2312
f 4786//2357 4761//2312 4787//2358
f 4787//2358 4761//2312 4762//2313
f 4787//2358 4762//2313 4788//2984
f 4788//2984 4762//2313 4763//2314
f 4788//2984 4763//2314 4789//2985
f 4789//2985 4763//2314 4764//2833
f 4789//2985 4764//2833 4790//2325
f 4790//2325 4764//2833 4765//2316
f 4790//2325 4765//2316 4791//2326
f 4791//2326 4765//2316 4766//2834
f 4791//2326 4766//2834 4792//2327
f 4792//2327 4766//2834 4767//2318
f 4792//2327 4767//2318 4793//2328
f 4793//2328 4767//2318 4768//2319
f 4793//2328 4768//2319 4794//2329
f 4794//2329 4768//2319 4769//2320
f 4794//2329 4769//2320 4795//2330
f 4795//2330 4769//2320 4770//2321
f 4795//2330 4770//2321 4796//2331
f 4796//2331 4770//2321 4771//2322
f 4796//2331 4771//2322 4797//2986
f 4797//2986 4771//2322 4772//2323
f 4797//2986 4772//2323 4798//2987
f 4798//2987 4772//2323 4773//2835
f 4798//2987 4773//2835 4799//2334
f 4799//2334 4773//2835 4738//2828
f 4799//2334 4738//2828 4800//2335
f 4800//2335 4738//2828 4739//2290
f 4800//2335 4739//2290 4801//2336
f 4801//2336 4739//2290 4740//2291
f 4801//2336 4740//2291 4802//2337
f 4802//2337 4740//2291 4741//2292
f 4802//2337 4741//2292 4803//2338
f 4803//2338 4741//2292 4742//2293
f 4803//2338 4742//2293 4804//2339
f 4804//2339 4742//2293 4743//2294
f 4804//2339 4743//2294 4805//2340
f 4805//2340 4743//2294 4744//2295
f 4805//2340 4744//2295 4806//2988
f 4806//2988 4744//2295 4745//2296
f 4806//2988 4745//2296 4807//2989
f 4807//2989 4745//2296 4746//2297
f 4807//2989 4746//2297 4808//2343
f 4808//2343 4746//2297 4747//2831
f 4808//2343 4747//2831 4809//2344
f 4809//2344 4747//2831 4748//2299
f 4809//2344 4748//2299 4774//2345
f 4774//2345 4748//2299 4749//2300
f 4780//2983 2789//1257 4779//2982
f 4779//2982 2789//1257 2791//1259
f 4779//2982 2791//1259 4778//2349
f 4778//2349 2791//1259 2792//1260
f 4778//2349 2792//1260 4777//2348
f 4777//2348 2792//1260 2801//1269
f 4777//2348 2801//1269 4776//2347
f 4776//2347 2801//1269 2803//1271
f 4776//2347 2803//1271 4775//2346
f 4775//2346 2803//1271 2805//1273
f 4775//2346 2805//1273 4774//2345
f 4774//2345 2805//1273 2800//1268
f 4774//2345 2800//1268 4809//2344
f 4809//2344 2800//1268 2798//1266
f 4809//2344 2798//1266 4808//2343
f 4808//2343 2798//1266 2796//1264
f 4808//2343 2796//1264 4807//2989
f 2796//1264 2794//1262 4807//2989
f 4807//2989 2794//1262 2793//1261
f 4807//2989 2793//1261 4806//2988
f 4806//2988 2793//1261 4810//2990
f 4806//2988 4810//2990 4805//2340
f 4805//2340 4810//2990 4811//2991
f 4805//2340 4811//2991 4804//2339
f 4804//2339 4811//2991 4812//2992
f 4804//2339 4812//2992 4803//2338
f 4803//2338 4812//2992 4813//2993
f 4803//2338 4813//2993 4802//2337
f 4802//2337 4813//2993 4814//2994
f 4802//2337 4814//2994 4801//2336
f 4801//2336 4814//2994 4815//2995
f 4801//2336 4815//2995 4800//2335
f 4800//2335 4815//2995 4816//2996
f 4800//2335 4816//2996 4799//2334
f 4799//2334 4816//2996 4817//2997
f 4799//2334 4817//2997 4798//2987
f 4817//2997 4818//2998 4798//2987
f 4798//2987 4818//2998 2812//1280
f 4798//2987 2812//1280 4797//2986
f 4797//2986 2812//1280 2811//1279
f 4797//2986 2811//1279 4796//2331
f 4796//2331 2811//1279 2809//1277
f 4796//2331 2809//1277 4795//2330
f 4795//2330 2809//1277 2808//1276
f 4795//2330 2808//1276 4794//2329
f 4794//2329 2808//1276 2824//1292
f 4794//2329 2824//1292 4793//2328
f 4793//2328 2824//1292 2822//1290
f 4793//2328 2822//1290 4792//2327
f 4792//2327 2822//1290 2820//1288
f 4792//2327 2820//1288 4791//2326
f 4791//2326 2820//1288 2818//1286
f 4791//2326 2818//1286 4790//2325
f 4790//2325 2818//1286 2816//1284
f 4790//2325 2816//1284 4789//2985
f 2816//1284 2814//1282 4789//2985
f 4789//2985 2814//1282 2813//1281
f 4789//2985 2813//1281 4788//2984
f 4788//2984 2813//1281 4819//2999
f 4788//2984 4819//2999 4787//2358
f 4787//2358 4819//2999 4820//2911
f 4787//2358 4820//2911 4786//2357
f 4786//2357 4820//2911 4821//3000
f 4786//2357 4821//3000 4785//2356
f 4785//2356 4821//3000 4822//3001
f 4785//2356 4822//3001 4784//2355
f 4784//2355 4822//3001 4823//3002
f 4784//2355 4823//3002 4783//2928
f 4783//2928 4823//3002 4824//3003
f 4783//2928 4824//3003 4782//2353
f 4782//2353 4824//3003 4825//3004
f 4782//2353 4825//3004 4781//2352
f 4781//2352 4825//3004 4826//3005
f 4781//2352 4826//3005 4780//2983
f 4780//2983 4826//3005 4827//3006
f 4780//2983 4827//3006 2789//1257
f 4828//2828 3284//1751 4829//2290
f 4829//2290 3284//1751 3292//1759
f 4829//2290 3292//1759 4830//2291
f 4830//2291 3292//1759 3230//1697
f 4830//2291 3230//1697 4831//2292
f 4831//2292 3230//1697 3229//1696
f 4831//2292 3229//1696 4832//3007
f 4832//3007 3229//1696 3227//1694
f 4832//3007 3227//1694 4833//3008
f 4833//3008 3227//1694 3226//1693
f 4833//3008 3226//1693 4834//3009
f 4834//3009 3226//1693 3222//1689
f 4834//3009 3222//1689 4835//2296
f 4835//2296 3222//1689 3224//1691
f 4835//2296 3224//1691 4836//2297
f 4836//2297 3224//1691 3225//1692
f 4836//2297 3225//1692 4837//2831
f 4837//2831 3225//1692 3249//1716
f 4837//2831 3249//1716 4838//2871
f 4838//2871 3249//1716 3251//1718
f 4838//2871 3251//1718 4839//2300
f 4839//2300 3251//1718 3253//1720
f 4839//2300 3253//1720 4840//3010
f 4840//3010 3253//1720 3248//1715
f 4840//3010 3248//1715 4841//3011
f 4841//3011 3248//1715 3246//1713
f 4841//3011 3246//1713 4842//2303
f 4842//2303 3246//1713 3244//1711
f 4842//2303 3244//1711 4843//2304
f 4843//2304 3244//1711 3243//1710
f 4843//2304 3243//1710 4844//3012
f 4844//3012 3243//1710 3216//1684
f 4844//3012 3216//1684 4845//2874
f 4845//2874 3216//1684 3215//1683
f 4845//2874 3215//1683 4846//2307
f 4846//2307 3215//1683 3211//1679
f 4846//2307 3211//1679 4847//3013
f 4847//3013 3211//1679 3213//1681
f 4847//3013 3213//1681 4848//2309
f 4848//2309 3213//1681 3214//1682
f 4848//2309 3214//1682 4849//2310
f 4849//2310 3214//1682 3310//1777
f 4849//2310 3310//1777 4850//3014
f 4850//3014 3310//1777 3308//1775
f 4850//3014 3308//1775 4851//3015
f 4851//3015 3308//1775 3307//1774
f 4851//3015 3307//1774 4852//2313
f 4852//2313 3307//1774 3303//1770
f 4852//2313 3303//1770 4853//2314
f 4853//2314 3303//1770 3302//1769
f 4853//2314 3302//1769 4854//3016
f 4854//3016 3302//1769 3300//1767
f 4854//3016 3300//1767 4855//3017
f 4855//3017 3300//1767 3299//1766
f 4855//3017 3299//1766 4856//3018
f 4856//3018 3299//1766 3320//1787
f 4856//3018 3320//1787 4857//3019
f 4857//3019 3320//1787 3318//1785
f 4857//3019 3318//1785 4858//3020
f 4858//3020 3318//1785 3316//1783
f 4858//3020 3316//1783 4859//3021
f 4859//3021 3316//1783 3314//1781
f 4859//3021 3314//1781 4860//2321
f 4860//2321 3314//1781 3312//1779
f 4860//2321 3312//1779 4861//2322
f 4861//2322 3312//1779 3311//1778
f 4861//2322 3311//1778 4862//3022
f 4862//3022 3311//1778 3281//1748
f 4862//3022 3281//1748 4863//2835
f 4863//2835 3281//1748 3283//1750
f 4863//2835 3283//1750 4828//2828
f 4828//2828 3283//1750 3284//1751
f 4864//2348 4842//2303 4865//2349
f 4865//2349 4842//2303 4843//2304
f 4865//2349 4843//2304 4866//3023
f 4866//3023 4843//2304 4844//3012
f 4866//3023 4844//3012 4867//3024
f 4867//3024 4844//3012 4845//2874
f 4867//3024 4845//2874 4868//2352
f 4868//2352 4845//2874 4846//2307
f 4868//2352 4846//2307 4869//2353
f 4869//2353 4846//2307 4847//3013
f 4869//2353 4847//3013 4870//2928
f 4870//2928 4847//3013 4848//2309
f 4870//2928 4848//2309 4871//2355
f 4871//2355 4848//2309 4849//2310
f 4871//2355 4849//2310 4872//2356
f 4872//2356 4849//2310 4850//3014
f 4872//2356 4850//3014 4873//2357
f 4873//2357 4850//3014 4851//3015
f 4873//2357 4851//3015 4874//2358
f 4874//2358 4851//3015 4852//2313
f 4874//2358 4852//2313 4875//3025
f 4875//3025 4852//2313 4853//2314
f 4875//3025 4853//2314 4876//3026
f 4876//3026 4853//2314 4854//3016
f 4876//3026 4854//3016 4877//2325
f 4877//2325 4854//3016 4855//3017
f 4877//2325 4855//3017 4878//2892
f 4878//2892 4855//3017 4856//3018
f 4878//2892 4856//3018 4879//2327
f 4879//2327 4856//3018 4857//3019
f 4879//2327 4857//3019 4880//2328
f 4880//2328 4857//3019 4858//3020
f 4880//2328 4858//3020 4881//2329
f 4881//2329 4858//3020 4859//3021
f 4881//2329 4859//3021 4882//2330
f 4882//2330 4859//3021 4860//2321
f 4882//2330 4860//2321 4883//2331
f 4883//2331 4860//2321 4861//2322
f 4883//2331 4861//2322 4884//3027
f 4884//3027 4861//2322 4862//3022
f 4884//3027 4862//3022 4885//3028
f 4885//3028 4862//3022 4863//2835
f 4885//3028 4863//2835 4886//2334
f 4886//2334 4863//2835 4828//2828
f 4886//2334 4828//2828 4887//3029
f 4887//3029 4828//2828 4829//2290
f 4887//3029 4829//2290 4888//2336
f 4888//2336 4829//2290 4830//2291
f 4888//2336 4830//2291 4889//2337
f 4889//2337 4830//2291 4831//2292
f 4889//2337 4831//2292 4890//2338
f 4890//2338 4831//2292 4832//3007
f 4890//2338 4832//3007 4891//2339
f 4891//2339 4832//3007 4833//3008
f 4891//2339 4833//3008 4892//2340
f 4892//2340 4833//3008 4834//3009
f 4892//2340 4834//3009 4893//3030
f 4893//3030 4834//3009 4835//2296
f 4893//3030 4835//2296 4894//3031
f 4894//3031 4835//2296 4836//2297
f 4894//3031 4836//2297 4895//2343
f 4895//2343 4836//2297 4837//2831
f 4895//2343 4837//2831 4896//2938
f 4896//2938 4837//2831 4838//2871
f 4896//2938 4838//2871 4897//2345
f 4897//2345 4838//2871 4839//2300
f 4897//2345 4839//2300 4898//2346
f 4898//2346 4839//2300 4840//3010
f 4898//2346 4840//3010 4899//2347
f 4899//2347 4840//3010 4841//3011
f 4899//2347 4841//3011 4864//2348
f 4864//2348 4841//3011 4842//2303
f 4867//3024 2677//1145 4866//3023
f 4866//3023 2677//1145 2676//1144
f 4866//3023 2676//1144 4865//2349
f 4865//2349 2676//1144 2674//1142
f 4865//2349 2674//1142 4864//2348
f 4864//2348 2674//1142 2673//1141
f 4864//2348 2673//1141 4899//2347
f 4899//2347 2673//1141 2689//1157
f 4899//2347 2689//1157 4898//2346
f 4898//2346 2689//1157 2687//1155
f 4898//2346 2687//1155 4897//2345
f 4897//2345 2687//1155 2685//1153
f 4897//2345 2685//1153 4896//2938
f 4896//2938 2685//1153 2683//1151
f 4896//2938 2683//1151 4895//2343
f 4895//2343 2683//1151 2681//1149
f 4895//2343 2681//1149 4894//3031
f 2681//1149 2679//1147 4894//3031
f 4894//3031 2679//1147 2678//1146
f 4894//3031 2678//1146 4893//3030
f 4893//3030 2678//1146 4900//3032
f 4893//3030 4900//3032 4892//2340
f 4892//2340 4900//3032 4901//3033
f 4892//2340 4901//3033 4891//2339
f 4891//2339 4901//3033 4902//3034
f 4891//2339 4902//3034 4890//2338
f 4890//2338 4902//3034 4903//3035
f 4890//2338 4903//3035 4889//2337
f 4889//2337 4903//3035 4904//3036
f 4889//2337 4904//3036 4888//2336
f 4888//2336 4904//3036 4905//3037
f 4888//2336 4905//3037 4887//3029
f 4887//3029 4905//3037 4906//3038
f 4887//3029 4906//3038 4886//2334
f 4886//2334 4906//3038 4907//2853
f 4886//2334 4907//2853 4885//3028
f 4907//2853 4908//3039 4885//3028
f 4885//3028 4908//3039 2692//1160
f 4885//3028 2692//1160 4884//3027
f 4884//3027 2692//1160 2694//1162
f 4884//3027 2694//1162 4883//2331
f 4883//2331 2694//1162 2695//1163
f 4883//2331 2695//1163 4882//2330
f 4882//2330 2695//1163 2704//1172
f 4882//2330 2704//1172 4881//2329
f 4881//2329 2704//1172 2706//1174
f 4881//2329 2706//1174 4880//2328
f 4880//2328 2706//1174 2708//1176
f 4880//2328 2708//1176 4879//2327
f 4879//2327 2708//1176 2703//1171
f 4879//2327 2703//1171 4878//2892
f 4878//2892 2703//1171 2701//1169
f 4878//2892 2701//1169 4877//2325
f 4877//2325 2701//1169 2699//1167
f 4877//2325 2699//1167 4876//3026
f 2699//1167 2697//1165 4876//3026
f 4876//3026 2697//1165 2696//1164
f 4876//3026 2696//1164 4875//3025
f 4875//3025 2696//1164 4909//3040
f 4875//3025 4909//3040 4874//2358
f 4874//2358 4909//3040 4910//3041
f 4874//2358 4910//3041 4873//2357
f 4873//2357 4910//3041 4911//3042
f 4873//2357 4911//3042 4872//2356
f 4872//2356 4911//3042 4912//3043
f 4872//2356 4912//3043 4871//2355
f 4871//2355 4912//3043 4913//3044
f 4871//2355 4913//3044 4870//2928
f 4870//2928 4913//3044 4914//3045
f 4870//2928 4914//3045 4869//2353
f 4869//2353 4914//3045 4915//3046
f 4869//2353 4915//3046 4868//2352
f 4868//2352 4915//3046 4916//2862
f 4868//2352 4916//2862 4867//3024
f 4867//3024 4916//2862 4917//3047
f 4867//3024 4917//3047 2677//1145
f 4918//2289 3266//1733 4919//2923
f 4919//2923 3266//1733 3242//1709
f 4919//2923 3242//1709 4920//3048
f 4920//3048 3242//1709 3241//1708
f 4920//3048 3241//1708 4921//2292
f 4921//2292 3241//1708 3239//1706
f 4921//2292 3239//1706 4922//2293
f 4922//2293 3239//1706 3237//1704
f 4922//2293 3237//1704 4923//2294
f 4923//2294 3237//1704 3141//1609
f 4923//2294 3141//1609 4924//3049
f 4924//3049 3141//1609 3140//1608
f 4924//3049 3140//1608 4925//2296
f 4925//2296 3140//1608 3143//1611
f 4925//2296 3143//1611 4926//3050
f 4926//3050 3143//1611 3145//1613
f 4926//3050 3145//1613 4927//2831
f 4927//2831 3145//1613 3155//1623
f 4927//2831 3155//1623 4928//2871
f 4928//2871 3155//1623 3154//1622
f 4928//2871 3154//1622 4929//3051
f 4929//3051 3154//1622 3153//1621
f 4929//3051 3153//1621 4930//2301
f 4930//2301 3153//1621 3190//1658
f 4930//2301 3190//1658 4931//2302
f 4931//2302 3190//1658 3192//1660
f 4931//2302 3192//1660 4932//2303
f 4932//2303 3192//1660 3194//1662
f 4932//2303 3194//1662 4933//2304
f 4933//2304 3194//1662 3186//1654
f 4933//2304 3186//1654 4934//2305
f 4934//2305 3186//1654 3184//1652
f 4934//2305 3184//1652 4935//2832
f 4935//2832 3184//1652 3182//1650
f 4935//2832 3182//1650 4936//2307
f 4936//2307 3182//1650 3181//1649
f 4936//2307 3181//1649 4937//2308
f 4937//2308 3181//1649 3172//1640
f 4937//2308 3172//1640 4938//2309
f 4938//2309 3172//1640 3170//1638
f 4938//2309 3170//1638 4939//2310
f 4939//2310 3170//1638 3169//1637
f 4939//2310 3169//1637 4940//3052
f 4940//3052 3169//1637 3148//1616
f 4940//3052 3148//1616 4941//3053
f 4941//3053 3148//1616 3147//1615
f 4941//3053 3147//1615 4942//3054
f 4942//3054 3147//1615 3209//1677
f 4942//3054 3209//1677 4943//2314
f 4943//2314 3209//1677 3221//1688
f 4943//2314 3221//1688 4944//2833
f 4944//2833 3221//1688 3219//1477
f 4944//2833 3219//1477 4945//2316
f 4945//2316 3219//1477 3218//1686
f 4945//2316 3218//1686 4946//2834
f 4946//2834 3218//1686 3265//1732
f 4946//2834 3265//1732 4947//2876
f 4947//2876 3265//1732 3264//1731
f 4947//2876 3264//1731 4948//2319
f 4948//2319 3264//1731 3263//1730
f 4948//2319 3263//1730 4949//3055
f 4949//3055 3263//1730 3275//1742
f 4949//3055 3275//1742 4950//3056
f 4950//3056 3275//1742 3273//1740
f 4950//3056 3273//1740 4951//2322
f 4951//2322 3273//1740 3271//1738
f 4951//2322 3271//1738 4952//2323
f 4952//2323 3271//1738 3269//1736
f 4952//2323 3269//1736 4953//2324
f 4953//2324 3269//1736 3267//1734
f 4953//2324 3267//1734 4918//2289
f 4918//2289 3267//1734 3266//1733
f 4954//2347 4931//2302 4955//2348
f 4955//2348 4931//2302 4932//2303
f 4955//2348 4932//2303 4956//2349
f 4956//2349 4932//2303 4933//2304
f 4956//2349 4933//2304 4957//2886
f 4957//2886 4933//2304 4934//2305
f 4957//2886 4934//2305 4958//2927
f 4958//2927 4934//2305 4935//2832
f 4958//2927 4935//2832 4959//2352
f 4959//2352 4935//2832 4936//2307
f 4959//2352 4936//2307 4960//3057
f 4960//3057 4936//2307 4937//2308
f 4960//3057 4937//2308 4961//3058
f 4961//3058 4937//2308 4938//2309
f 4961//3058 4938//2309 4962//2355
f 4962//2355 4938//2309 4939//2310
f 4962//2355 4939//2310 4963//2356
f 4963//2356 4939//2310 4940//3052
f 4963//2356 4940//3052 4964//2357
f 4964//2357 4940//3052 4941//3053
f 4964//2357 4941//3053 4965//3059
f 4965//3059 4941//3053 4942//3054
f 4965//3059 4942//3054 4966//2840
f 4966//2840 4942//3054 4943//2314
f 4966//2840 4943//2314 4967//2841
f 4967//2841 4943//2314 4944//2833
f 4967//2841 4944//2833 4968//2325
f 4968//2325 4944//2833 4945//2316
f 4968//2325 4945//2316 4969//3060
f 4969//3060 4945//2316 4946//2834
f 4969//3060 4946//2834 4970//2843
f 4970//2843 4946//2834 4947//2876
f 4970//2843 4947//2876 4971//2328
f 4971//2328 4947//2876 4948//2319
f 4971//2328 4948//2319 4972//2329
f 4972//2329 4948//2319 4949//3055
f 4972//2329 4949//3055 4973//2330
f 4973//2330 4949//3055 4950//3056
f 4973//2330 4950//3056 4974//2331
f 4974//2331 4950//3056 4951//2322
f 4974//2331 4951//2322 4975//2844
f 4975//2844 4951//2322 4952//2323
f 4975//2844 4952//2323 4976//2845
f 4976//2845 4952//2323 4953//2324
f 4976//2845 4953//2324 4977//2334
f 4977//2334 4953//2324 4918//2289
f 4977//2334 4918//2289 4978//3061
f 4978//3061 4918//2289 4919//2923
f 4978//3061 4919//2923 4979//3062
f 4979//3062 4919//2923 4920//3048
f 4979//3062 4920//3048 4980//2337
f 4980//2337 4920//3048 4921//2292
f 4980//2337 4921//2292 4981//2338
f 4981//2338 4921//2292 4922//2293
f 4981//2338 4922//2293 4982//2339
f 4982//2339 4922//2293 4923//2294
f 4982//2339 4923//2294 4983//2340
f 4983//2340 4923//2294 4924//3049
f 4983//2340 4924//3049 4984//2881
f 4984//2881 4924//3049 4925//2296
f 4984//2881 4925//2296 4985//2849
f 4985//2849 4925//2296 4926//3050
f 4985//2849 4926//3050 4986//2343
f 4986//2343 4926//3050 4927//2831
f 4986//2343 4927//2831 4987//3063
f 4987//3063 4927//2831 4928//2871
f 4987//3063 4928//2871 4988//3064
f 4988//3064 4928//2871 4929//3051
f 4988//3064 4929//3051 4989//2346
f 4989//2346 4929//3051 4930//2301
f 4989//2346 4930//2301 4954//2347
f 4954//2347 4930//2301 4931//2302
f 4988//3064 2595//1063 4987//3063
f 4987//3063 2595//1063 4990//3065
f 4987//3063 4990//3065 4986//2343
f 4986//2343 4990//3065 4991//2368
f 4986//2343 4991//2368 4985//2849
f 4985//2849 4991//2368 4992//2968
f 4985//2849 4992//2968 4984//2881
f 4984//2881 4992//2968 4993//3066
f 4984//2881 4993//3066 4983//2340
f 4983//2340 4993//3066 4994//2970
f 4983//2340 4994//2970 4982//2339
f 4982//2339 4994//2970 4995//2971
f 4982//2339 4995//2971 4981//2338
f 4981//2338 4995//2971 4996//2972
f 4981//2338 4996//2972 4980//2337
f 4980//2337 4996//2972 4997//2973
f 4980//2337 4997//2973 4979//3062
f 4997//2973 4998//3067 4979//3062
f 4979//3062 4998//3067 2596//1064
f 4979//3062 2596//1064 4978//3061
f 4978//3061 2596//1064 2598//1066
f 4978//3061 2598//1066 4977//2334
f 4977//2334 2598//1066 2599//1067
f 4977//2334 2599//1067 4976//2845
f 4976//2845 2599//1067 2609//1077
f 4976//2845 2609//1077 4975//2844
f 4975//2844 2609//1077 2611//1079
f 4975//2844 2611//1079 4974//2331
f 4974//2331 2611//1079 2613//1081
f 4974//2331 2613//1081 4973//2330
f 4973//2330 2613//1081 2600//1068
f 4973//2330 2600//1068 4972//2329
f 4972//2329 2600//1068 2602//1070
f 4972//2329 2602//1070 4971//2328
f 4971//2328 2602//1070 2604//1072
f 4971//2328 2604//1072 4970//2843
f 2604//1072 2606//1074 4970//2843
f 4970//2843 2606//1074 2608//1076
f 4970//2843 2608//1076 4969//3060
f 4969//3060 2608//1076 4999//3068
f 4969//3060 4999//3068 4968//2325
f 4968//2325 4999//3068 5000//2377
f 4968//2325 5000//2377 4967//2841
f 4967//2841 5000//2377 5001//3069
f 4967//2841 5001//3069 4966//2840
f 4966//2840 5001//3069 5002//3070
f 4966//2840 5002//3070 4965//3059
f 4965//3059 5002//3070 5003//2978
f 4965//3059 5003//2978 4964//2357
f 4964//2357 5003//2978 5004//2979
f 4964//2357 5004//2979 4963//2356
f 4963//2356 5004//2979 5005//2980
f 4963//2356 5005//2980 4962//2355
f 4962//2355 5005//2980 5006//2948
f 4962//2355 5006//2948 4961//3058
f 5006//2948 5007//3071 4961//3058
f 4961//3058 5007//3071 2581//1049
f 4961//3058 2581//1049 4960//3057
f 4960//3057 2581//1049 2580//1048
f 4960//3057 2580//1048 4959//2352
f 4959//2352 2580//1048 2577//1045
f 4959//2352 2577//1045 4958//2927
f 4958//2927 2577//1045 2576//1044
f 4958//2927 2576//1044 4957//2886
f 4957//2886 2576//1044 2584//1052
f 4957//2886 2584//1052 4956//2349
f 4956//2349 2584//1052 2586//1054
f 4956//2349 2586//1054 4955//2348
f 4955//2348 2586//1054 2588//1056
f 4955//2348 2588//1056 4954//2347
f 4954//2347 2588//1056 2590//1058
f 4954//2347 2590//1058 4989//2346
f 4989//2346 2590//1058 2592//1060
f 4989//2346 2592//1060 4988//3064
f 4988//3064 2592//1060 2594//1062
f 4988//3064 2594//1062 2595//1063
f 5008//2828 3202//1670 5009//2290
f 5009//2290 3202//1670 3200//1668
f 5009//2290 3200//1668 5010//3072
f 5010//3072 3200//1668 3198//1666
f 5010//3072 3198//1666 5011//2292
f 5011//2292 3198//1666 3197//1665
f 5011//2292 3197//1665 5012//3073
f 5012//3073 3197//1665 3160//1628
f 5012//3073 3160//1628 5013//3074
f 5013//3074 3160//1628 3159//1627
f 5013//3074 3159//1627 5014//2295
f 5014//2295 3159//1627 3158//1626
f 5014//2295 3158//1626 5015//2296
f 5015//2296 3158//1626 3156//1624
f 5015//2296 3156//1624 5016//2297
f 5016//2297 3156//1624 3081//1549
f 5016//2297 3081//1549 5017//2831
f 5017//2831 3081//1549 3080//1548
f 5017//2831 3080//1548 5018//2871
f 5018//2871 3080//1548 3078//1546
f 5018//2871 3078//1546 5019//2300
f 5019//2300 3078//1546 3077//1545
f 5019//2300 3077//1545 5020//2301
f 5020//2301 3077//1545 3072//1540
f 5020//2301 3072//1540 5021//3075
f 5021//3075 3072//1540 3071//1539
f 5021//3075 3071//1539 5022//3076
f 5022//3076 3071//1539 3124//1592
f 5022//3076 3124//1592 5023//2304
f 5023//2304 3124//1592 3123//1591
f 5023//2304 3123//1591 5024//2305
f 5024//2305 3123//1591 3121//1589
f 5024//2305 3121//1589 5025//2924
f 5025//2924 3121//1589 3119//1587
f 5025//2924 3119//1587 5026//2307
f 5026//2307 3119//1587 3092//1560
f 5026//2307 3092//1560 5027//2875
f 5027//2875 3092//1560 3090//1558
f 5027//2875 3090//1558 5028//2309
f 5028//2309 3090//1558 3088//1556
f 5028//2309 3088//1556 5029//2310
f 5029//2310 3088//1556 3087//1555
f 5029//2310 3087//1555 5030//3077
f 5030//3077 3087//1555 3086//1554
f 5030//3077 3086//1554 5031//3015
f 5031//3015 3086//1554 3085//1553
f 5031//3015 3085//1553 5032//2313
f 5032//2313 3085//1553 3083//1551
f 5032//2313 3083//1551 5033//2314
f 5033//2314 3083//1551 3076//1544
f 5033//2314 3076//1544 5034//2833
f 5034//2833 3076//1544 3075//1543
f 5034//2833 3075//1543 5035//2316
f 5035//2316 3075//1543 3152//1620
f 5035//2316 3152//1620 5036//2317
f 5036//2317 3152//1620 3150//1618
f 5036//2317 3150//1618 5037//2318
f 5037//2318 3150//1618 3149//1617
f 5037//2318 3149//1617 5038//2319
f 5038//2319 3149//1617 3180//1648
f 5038//2319 3180//1648 5039//3021
f 5039//3021 3180//1648 3189//1657
f 5039//3021 3189//1657 5040//3078
f 5040//3078 3189//1657 3188//1656
f 5040//3078 3188//1656 5041//3079
f 5041//3079 3188//1656 3187//1655
f 5041//3079 3187//1655 5042//2323
f 5042//2323 3187//1655 3206//1674
f 5042//2323 3206//1674 5043//2835
f 5043//2835 3206//1674 3204//1672
f 5043//2835 3204//1672 5008//2828
f 5008//2828 3204//1672 3202//1670
f 5044//3080 5010//3072 5045//2337
f 5045//2337 5010//3072 5011//2292
f 5045//2337 5011//2292 5046//3081
f 5046//3081 5011//2292 5012//3073
f 5046//3081 5012//3073 5047//3082
f 5047//3082 5012//3073 5013//3074
f 5047//3082 5013//3074 5048//2340
f 5048//2340 5013//3074 5014//2295
f 5048//2340 5014//2295 5049//2848
f 5049//2848 5014//2295 5015//2296
f 5049//2848 5015//2296 5050//2849
f 5050//2849 5015//2296 5016//2297
f 5050//2849 5016//2297 5051//2343
f 5051//2343 5016//2297 5017//2831
f 5051//2343 5017//2831 5052//2344
f 5052//2344 5017//2831 5018//2871
f 5052//2344 5018//2871 5053//2345
f 5053//2345 5018//2871 5019//2300
f 5053//2345 5019//2300 5054//2346
f 5054//2346 5019//2300 5020//2301
f 5054//2346 5020//2301 5055//3083
f 5055//3083 5020//2301 5021//3075
f 5055//3083 5021//3075 5056//3084
f 5056//3084 5021//3075 5022//3076
f 5056//3084 5022//3076 5057//2349
f 5057//2349 5022//3076 5023//2304
f 5057//2349 5023//2304 5058//2886
f 5058//2886 5023//2304 5024//2305
f 5058//2886 5024//2305 5059//2837
f 5059//2837 5024//2305 5025//2924
f 5059//2837 5025//2924 5060//2352
f 5060//2352 5025//2924 5026//2307
f 5060//2352 5026//2307 5061//2353
f 5061//2353 5026//2307 5027//2875
f 5061//2353 5027//2875 5062//2928
f 5062//2928 5027//2875 5028//2309
f 5062//2928 5028//2309 5063//2355
f 5063//2355 5028//2309 5029//2310
f 5063//2355 5029//2310 5064//3085
f 5064//3085 5029//2310 5030//3077
f 5064//3085 5030//3077 5065//3086
f 5065//3086 5030//3077 5031//3015
f 5065//3086 5031//3015 5066//2358
f 5066//2358 5031//3015 5032//2313
f 5066//2358 5032//2313 5067//2840
f 5067//2840 5032//2313 5033//2314
f 5067//2840 5033//2314 5068//2841
f 5068//2841 5033//2314 5034//2833
f 5068//2841 5034//2833 5069//2325
f 5069//2325 5034//2833 5035//2316
f 5069//2325 5035//2316 5070//2326
f 5070//2326 5035//2316 5036//2317
f 5070//2326 5036//2317 5071//3087
f 5071//3087 5036//2317 5037//2318
f 5071//3087 5037//2318 5072//2328
f 5072//2328 5037//2318 5038//2319
f 5072//2328 5038//2319 5073//3088
f 5073//3088 5038//2319 5039//3021
f 5073//3088 5039//3021 5074//3089
f 5074//3089 5039//3021 5040//3078
f 5074//3089 5040//3078 5075//2331
f 5075//2331 5040//3078 5041//3079
f 5075//2331 5041//3079 5076//2844
f 5076//2844 5041//3079 5042//2323
f 5076//2844 5042//2323 5077//2845
f 5077//2845 5042//2323 5043//2835
f 5077//2845 5043//2835 5078//2334
f 5078//2334 5043//2835 5008//2828
f 5078//2334 5008//2828 5079//2335
f 5079//2335 5008//2828 5009//2290
f 5079//2335 5009//2290 5044//3080
f 5044//3080 5009//2290 5010//3072
f 5056//3084 2619//1087 5055//3083
f 5055//3083 2619//1087 5080//3090
f 5055//3083 5080//3090 5054//2346
f 5054//2346 5080//3090 5081//3091
f 5054//2346 5081//3091 5053//2345
f 5053//2345 5081//3091 5082//3092
f 5053//2345 5082//3092 5052//2344
f 5052//2344 5082//3092 5083//3093
f 5052//2344 5083//3093 5051//2343
f 5051//2343 5083//3093 5084//3094
f 5051//2343 5084//3094 5050//2849
f 5050//2849 5084//3094 5085//3095
f 5050//2849 5085//3095 5049//2848
f 5049//2848 5085//3095 5086//3096
f 5049//2848 5086//3096 5048//2340
f 5048//2340 5086//3096 5087//3033
f 5048//2340 5087//3033 5047//3082
f 5087//3033 5088//3097 5047//3082
f 5047//3082 5088//3097 2635//1103
f 5047//3082 2635//1103 5046//3081
f 5046//3081 2635//1103 2637//1105
f 5046//3081 2637//1105 5045//2337
f 5045//2337 2637//1105 2638//1106
f 5045//2337 2638//1106 5044//3080
f 5044//3080 2638//1106 2639//1107
f 5044//3080 2639//1107 5079//2335
f 5079//2335 2639//1107 2641//1109
f 5079//2335 2641//1109 5078//2334
f 5078//2334 2641//1109 2643//1111
f 5078//2334 2643//1111 5077//2845
f 5077//2845 2643//1111 2645//1113
f 5077//2845 2645//1113 5076//2844
f 5076//2844 2645//1113 2648//1116
f 5076//2844 2648//1116 5075//2331
f 5075//2331 2648//1116 2650//1118
f 5075//2331 2650//1118 5074//3089
f 2650//1118 2652//1120 5074//3089
f 5074//3089 2652//1120 2653//1121
f 5074//3089 2653//1121 5073//3088
f 5073//3088 2653//1121 5089//3098
f 5073//3088 5089//3098 5072//2328
f 5072//2328 5089//3098 5090//3099
f 5072//2328 5090//3099 5071//3087
f 5071//3087 5090//3099 5091//3100
f 5071//3087 5091//3100 5070//2326
f 5070//2326 5091//3100 5092//3101
f 5070//2326 5092//3101 5069//2325
f 5069//2325 5092//3101 5093//3102
f 5069//2325 5093//3102 5068//2841
f 5068//2841 5093//3102 5094//3103
f 5068//2841 5094//3103 5067//2840
f 5067//2840 5094//3103 5095//3104
f 5067//2840 5095//3104 5066//2358
f 5066//2358 5095//3104 5096//3041
f 5066//2358 5096//3041 5065//3086
f 5096//3041 5097//3105 5065//3086
f 5065//3086 5097//3105 2617//1085
f 5065//3086 2617//1085 5064//3085
f 5064//3085 2617//1085 2616//1084
f 5064//3085 2616//1084 5063//2355
f 5063//2355 2616//1084 2634//1102
f 5063//2355 2634//1102 5062//2928
f 5062//2928 2634//1102 2632//1100
f 5062//2928 2632//1100 5061//2353
f 5061//2353 2632//1100 2630//1098
f 5061//2353 2630//1098 5060//2352
f 5060//2352 2630//1098 2628//1096
f 5060//2352 2628//1096 5059//2837
f 5059//2837 2628//1096 2626//1094
f 5059//2837 2626//1094 5058//2886
f 5058//2886 2626//1094 2624//1092
f 5058//2886 2624//1092 5057//2349
f 5057//2349 2624//1092 2622//1090
f 5057//2349 2622//1090 5056//3084
f 5056//3084 2622//1090 2620//1088
f 5056//3084 2620//1088 2619//1087
f 5098//2289 3098//1566 5099//2923
f 5099//2923 3098//1566 3137//1605
f 5099//2923 3137//1605 5100//2291
f 5100//2291 3137//1605 3135//1603
f 5100//2291 3135//1603 5101//3106
f 5101//3106 3135//1603 3133//1601
f 5101//3106 3133//1601 5102//2293
f 5102//2293 3133//1601 3131//1599
f 5102//2293 3131//1599 5103//2294
f 5103//2294 3131//1599 3129//1597
f 5103//2294 3129//1597 5104//3107
f 5104//3107 3129//1597 3128//1596
f 5104//3107 3128//1596 5105//2296
f 5105//2296 3128//1596 3103//1571
f 5105//2296 3103//1571 5106//2297
f 5106//2297 3103//1571 3097//1565
f 5106//2297 3097//1565 5107//2831
f 5107//2831 3097//1565 3096//1564
f 5107//2831 3096//1564 5108//2871
f 5108//2871 3096//1564 3094//1562
f 5108//2871 3094//1562 5109//3051
f 5109//3051 3094//1562 3019//1487
f 5109//3051 3019//1487 5110//2301
f 5110//2301 3019//1487 3018//1486
f 5110//2301 3018//1486 5111//2302
f 5111//2302 3018//1486 3016//1484
f 5111//2302 3016//1484 5112//2303
f 5112//2303 3016//1484 3015//1483
f 5112//2303 3015//1483 5113//2304
f 5113//2304 3015//1483 3014//1482
f 5113//2304 3014//1482 5114//2305
f 5114//2305 3014//1482 3012//1480
f 5114//2305 3012//1480 5115//2832
f 5115//2832 3012//1480 3011//1479
f 5115//2832 3011//1479 5116//2307
f 5116//2307 3011//1479 3034//1502
f 5116//2307 3034//1502 5117//2957
f 5117//2957 3034//1502 3036//1504
f 5117//2957 3036//1504 5118//2309
f 5118//2309 3036//1504 3038//1506
f 5118//2309 3038//1506 5119//2310
f 5119//2310 3038//1506 3033//1501
f 5119//2310 3033//1501 5120//3052
f 5120//3052 3033//1501 3031//1499
f 5120//3052 3031//1499 5121//3053
f 5121//3053 3031//1499 3029//1497
f 5121//3053 3029//1497 5122//3108
f 5122//3108 3029//1497 3028//1496
f 5122//3108 3028//1496 5123//2314
f 5123//2314 3028//1496 3010//1478
f 5123//2314 3010//1478 5124//2833
f 5124//2833 3010//1478 3009//1477
f 5124//2833 3009//1477 5125//2316
f 5125//2316 3009//1477 3007//1475
f 5125//2316 3007//1475 5126//2834
f 5126//2834 3007//1475 3005//1473
f 5126//2834 3005//1473 5127//2876
f 5127//2876 3005//1473 3004//1472
f 5127//2876 3004//1472 5128//3109
f 5128//3109 3004//1472 3127//1595
f 5128//3109 3127//1595 5129//3055
f 5129//3055 3127//1595 3126//1594
f 5129//3055 3126//1594 5130//3056
f 5130//3056 3126//1594 3125//1593
f 5130//3056 3125//1593 5131//2322
f 5131//2322 3125//1593 3102//1570
f 5131//2322 3102//1570 5132//2323
f 5132//2323 3102//1570 3101//1569
f 5132//2323 3101//1569 5133//2324
f 5133//2324 3101//1569 3099//1567
f 5133//2324 3099//1567 5098//2289
f 5098//2289 3099//1567 3098//1566
f 5134//2349 5113//2304 5135//3110
f 5135//3110 5113//2304 5114//2305
f 5135//3110 5114//2305 5136//3111
f 5136//3111 5114//2305 5115//2832
f 5136//3111 5115//2832 5137//2352
f 5137//2352 5115//2832 5116//2307
f 5137//2352 5116//2307 5138//2353
f 5138//2353 5116//2307 5117//2957
f 5138//2353 5117//2957 5139//2928
f 5139//2928 5117//2957 5118//2309
f 5139//2928 5118//2309 5140//2355
f 5140//2355 5118//2309 5119//2310
f 5140//2355 5119//2310 5141//2356
f 5141//2356 5119//2310 5120//3052
f 5141//2356 5120//3052 5142//2357
f 5142//2357 5120//3052 5121//3053
f 5142//2357 5121//3053 5143//2358
f 5143//2358 5121//3053 5122//3108
f 5143//2358 5122//3108 5144//3112
f 5144//3112 5122//3108 5123//2314
f 5144//3112 5123//2314 5145//3113
f 5145//3113 5123//2314 5124//2833
f 5145//3113 5124//2833 5146//2325
f 5146//2325 5124//2833 5125//2316
f 5146//2325 5125//2316 5147//2326
f 5147//2326 5125//2316 5126//2834
f 5147//2326 5126//2834 5148//2327
f 5148//2327 5126//2834 5127//2876
f 5148//2327 5127//2876 5149//2328
f 5149//2328 5127//2876 5128//3109
f 5149//2328 5128//3109 5150//2329
f 5150//2329 5128//3109 5129//3055
f 5150//2329 5129//3055 5151//2330
f 5151//2330 5129//3055 5130//3056
f 5151//2330 5130//3056 5152//2331
f 5152//2331 5130//3056 5131//2322
f 5152//2331 5131//2322 5153//3114
f 5153//3114 5131//2322 5132//2323
f 5153//3114 5132//2323 5154//3028
f 5154//3028 5132//2323 5133//2324
f 5154//3028 5133//2324 5155//2334
f 5155//2334 5133//2324 5098//2289
f 5155//2334 5098//2289 5156//2935
f 5156//2935 5098//2289 5099//2923
f 5156//2935 5099//2923 5157//2336
f 5157//2336 5099//2923 5100//2291
f 5157//2336 5100//2291 5158//2337
f 5158//2337 5100//2291 5101//3106
f 5158//2337 5101//3106 5159//2338
f 5159//2338 5101//3106 5102//2293
f 5159//2338 5102//2293 5160//3115
f 5160//3115 5102//2293 5103//2294
f 5160//3115 5103//2294 5161//2340
f 5161//2340 5103//2294 5104//3107
f 5161//2340 5104//3107 5162//3116
f 5162//3116 5104//3107 5105//2296
f 5162//3116 5105//2296 5163//2989
f 5163//2989 5105//2296 5106//2297
f 5163//2989 5106//2297 5164//2343
f 5164//2343 5106//2297 5107//2831
f 5164//2343 5107//2831 5165//2344
f 5165//2344 5107//2831 5108//2871
f 5165//2344 5108//2871 5166//2345
f 5166//2345 5108//2871 5109//3051
f 5166//2345 5109//3051 5167//2346
f 5167//2346 5109//3051 5110//2301
f 5167//2346 5110//2301 5168//3117
f 5168//3117 5110//2301 5111//2302
f 5168//3117 5111//2302 5169//2348
f 5169//2348 5111//2302 5112//2303
f 5169//2348 5112//2303 5134//2349
f 5134//2349 5112//2303 5113//2304
f 5136//3111 5170//3118 5135//3110
f 5135//3110 5170//3118 5171//3119
f 5135//3110 5171//3119 5134//2349
f 5134//2349 5171//3119 5172//2362
f 5134//2349 5172//2362 5169//2348
f 5169//2348 5172//2362 5173//2363
f 5169//2348 5173//2363 5168//3117
f 5168//3117 5173//2363 5174//3120
f 5168//3117 5174//3120 5167//2346
f 5167//2346 5174//3120 5175//2365
f 5167//2346 5175//2365 5166//2345
f 5166//2345 5175//2365 5176//3121
f 5166//2345 5176//3121 5165//2344
f 5165//2344 5176//3121 5177//2367
f 5165//2344 5177//2367 5164//2343
f 5164//2343 5177//2367 5178//2368
f 5164//2343 5178//2368 5163//2989
f 5178//2368 5179//3122 5163//2989
f 5163//2989 5179//3122 2654//1122
f 5163//2989 2654//1122 5162//3116
f 5162//3116 2654//1122 2656//1124
f 5162//3116 2656//1124 5161//2340
f 5161//2340 2656//1124 2657//1125
f 5161//2340 2657//1125 5160//3115
f 5160//3115 2657//1125 2666//1134
f 5160//3115 2666//1134 5159//2338
f 5159//2338 2666//1134 2668//1136
f 5159//2338 2668//1136 5158//2337
f 5158//2337 2668//1136 2670//1138
f 5158//2337 2670//1138 5157//2336
f 5157//2336 2670//1138 2665//1133
f 5157//2336 2665//1133 5156//2935
f 5156//2935 2665//1133 2663//1131
f 5156//2935 2663//1131 5155//2334
f 5155//2334 2663//1131 2661//1129
f 5155//2334 2661//1129 5154//3028
f 2661//1129 2659//1127 5154//3028
f 5154//3028 2659//1127 2658//1126
f 5154//3028 2658//1126 5153//3114
f 5153//3114 2658//1126 5180//3123
f 5153//3114 5180//3123 5152//2331
f 5152//2331 5180//3123 5181//3124
f 5152//2331 5181//3124 5151//2330
f 5151//2330 5181//3124 5182//3125
f 5151//2330 5182//3125 5150//2329
f 5150//2329 5182//3125 5183//2373
f 5150//2329 5183//2373 5149//2328
f 5149//2328 5183//2373 5184//2374
f 5149//2328 5184//2374 5148//2327
f 5148//2327 5184//2374 5185//3126
f 5148//2327 5185//3126 5147//2326
f 5147//2326 5185//3126 5186//2376
f 5147//2326 5186//2376 5146//2325
f 5146//2325 5186//2376 5187//2377
f 5146//2325 5187//2377 5145//3113
f 5187//2377 5188//3127 5145//3113
f 5145//3113 5188//3127 5189//3128
f 5145//3113 5189//3128 5144//3112
f 5144//3112 5189//3128 5190//3129
f 5144//3112 5190//3129 5143//2358
f 5143//2358 5190//3129 5191//3130
f 5143//2358 5191//3130 5142//2357
f 5142//2357 5191//3130 5192//3131
f 5142//2357 5192//3131 5141//2356
f 5141//2356 5192//3131 5193//3132
f 5141//2356 5193//3132 5140//2355
f 5140//2355 5193//3132 5194//3133
f 5140//2355 5194//3133 5139//2928
f 5139//2928 5194//3133 5195//3134
f 5139//2928 5195//3134 5138//2353
f 5138//2353 5195//3134 5196//3135
f 5138//2353 5196//3135 5137//2352
f 5137//2352 5196//3135 5197//3136
f 5137//2352 5197//3136 5136//3111
f 5136//3111 5197//3136 5198//3137
f 5136//3111 5198//3137 5170//3118
f 5199//2828 3485//1951 5200//3138
f 5200//3138 3485//1951 3498//1964
f 5200//3138 3498//1964 5201//2291
f 5201//2291 3498//1964 3532//1997
f 5201//2291 3532//1997 5202//2292
f 5202//2292 3532//1997 3531//1996
f 5202//2292 3531//1996 5203//2293
f 5203//2293 3531//1996 3530//1995
f 5203//2293 3530//1995 5204//2294
f 5204//2294 3530//1995 3546//2011
f 5204//2294 3546//2011 5205//2295
f 5205//2295 3546//2011 3544//2009
f 5205//2295 3544//2009 5206//2296
f 5206//2296 3544//2009 3542//2007
f 5206//2296 3542//2007 5207//2297
f 5207//2297 3542//2007 3540//2005
f 5207//2297 3540//2005 5208//2831
f 5208//2831 3540//2005 3538//2003
f 5208//2831 3538//2003 5209//3139
f 5209//3139 3538//2003 3536//2001
f 5209//3139 3536//2001 5210//2300
f 5210//2300 3536//2001 3534//1999
f 5210//2300 3534//1999 5211//2301
f 5211//2301 3534//1999 3533//1998
f 5211//2301 3533//1998 5212//2302
f 5212//2302 3533//1998 3506//1972
f 5212//2302 3506//1972 5213//2303
f 5213//2303 3506//1972 3504//1970
f 5213//2303 3504//1970 5214//2304
f 5214//2304 3504//1970 3503//1969
f 5214//2304 3503//1969 5215//2305
f 5215//2305 3503//1969 3490//1956
f 5215//2305 3490//1956 5216//2832
f 5216//2832 3490//1956 3489//1955
f 5216//2832 3489//1955 5217//2307
f 5217//2307 3489//1955 3554//2019
f 5217//2307 3554//2019 5218//2308
f 5218//2308 3554//2019 3556//2021
f 5218//2308 3556//2021 5219//2309
f 5219//2309 3556//2021 3576//2041
f 5219//2309 3576//2041 5220//2310
f 5220//2310 3576//2041 3575//2040
f 5220//2310 3575//2040 5221//2311
f 5221//2311 3575//2040 3573//2038
f 5221//2311 3573//2038 5222//2312
f 5222//2312 3573//2038 3572//2037
f 5222//2312 3572//2037 5223//2313
f 5223//2313 3572//2037 3604//2069
f 5223//2313 3604//2069 5224//2314
f 5224//2314 3604//2069 3606//2071
f 5224//2314 3606//2071 5225//2833
f 5225//2833 3606//2071 3608//2073
f 5225//2833 3608//2073 5226//2316
f 5226//2316 3608//2073 3596//2061
f 5226//2316 3596//2061 5227//2834
f 5227//2834 3596//2061 3594//2059
f 5227//2834 3594//2059 5228//2318
f 5228//2318 3594//2059 3592//2057
f 5228//2318 3592//2057 5229//2319
f 5229//2319 3592//2057 3591//2056
f 5229//2319 3591//2056 5230//2320
f 5230//2320 3591//2056 3571//2036
f 5230//2320 3571//2036 5231//2321
f 5231//2321 3571//2036 3569//2034
f 5231//2321 3569//2034 5232//2322
f 5232//2322 3569//2034 3568//2033
f 5232//2322 3568//2033 5233//2323
f 5233//2323 3568//2033 3558//2023
f 5233//2323 3558//2023 5234//2835
f 5234//2835 3558//2023 3486//1952
f 5234//2835 3486//1952 5199//2828
f 5199//2828 3486//1952 3485//1951
f 5235//2345 5210//2300 5236//2346
f 5236//2346 5210//2300 5211//2301
f 5236//2346 5211//2301 5237//3140
f 5237//3140 5211//2301 5212//2302
f 5237//3140 5212//2302 5238//3141
f 5238//3141 5212//2302 5213//2303
f 5238//3141 5213//2303 5239//2349
f 5239//2349 5213//2303 5214//2304
f 5239//2349 5214//2304 5240//2886
f 5240//2886 5214//2304 5215//2305
f 5240//2886 5215//2305 5241//2927
f 5241//2927 5215//2305 5216//2832
f 5241//2927 5216//2832 5242//2352
f 5242//2352 5216//2832 5217//2307
f 5242//2352 5217//2307 5243//2353
f 5243//2353 5217//2307 5218//2308
f 5243//2353 5218//2308 5244//2928
f 5244//2928 5218//2308 5219//2309
f 5244//2928 5219//2309 5245//2355
f 5245//2355 5219//2309 5220//2310
f 5245//2355 5220//2310 5246//3142
f 5246//3142 5220//2310 5221//2311
f 5246//3142 5221//2311 5247//3143
f 5247//3143 5221//2311 5222//2312
f 5247//3143 5222//2312 5248//2358
f 5248//2358 5222//2312 5223//2313
f 5248//2358 5223//2313 5249//2840
f 5249//2840 5223//2313 5224//2314
f 5249//2840 5224//2314 5250//2930
f 5250//2930 5224//2314 5225//2833
f 5250//2930 5225//2833 5251//2325
f 5251//2325 5225//2833 5226//2316
f 5251//2325 5226//2316 5252//2931
f 5252//2931 5226//2316 5227//2834
f 5252//2931 5227//2834 5253//2327
f 5253//2327 5227//2834 5228//2318
f 5253//2327 5228//2318 5254//2328
f 5254//2328 5228//2318 5229//2319
f 5254//2328 5229//2319 5255//3144
f 5255//3144 5229//2319 5230//2320
f 5255//3144 5230//2320 5256//3145
f 5256//3145 5230//2320 5231//2321
f 5256//3145 5231//2321 5257//2331
f 5257//2331 5231//2321 5232//2322
f 5257//2331 5232//2322 5258//2934
f 5258//2934 5232//2322 5233//2323
f 5258//2934 5233//2323 5259//2845
f 5259//2845 5233//2323 5234//2835
f 5259//2845 5234//2835 5260//2334
f 5260//2334 5234//2835 5199//2828
f 5260//2334 5199//2828 5261//2935
f 5261//2935 5199//2828 5200//3138
f 5261//2935 5200//3138 5262//2336
f 5262//2336 5200//3138 5201//2291
f 5262//2336 5201//2291 5263//2337
f 5263//2337 5201//2291 5202//2292
f 5263//2337 5202//2292 5264//3146
f 5264//3146 5202//2292 5203//2293
f 5264//3146 5203//2293 5265//3147
f 5265//3147 5203//2293 5204//2294
f 5265//3147 5204//2294 5266//2340
f 5266//2340 5204//2294 5205//2295
f 5266//2340 5205//2295 5267//2848
f 5267//2848 5205//2295 5206//2296
f 5267//2848 5206//2296 5268//2849
f 5268//2849 5206//2296 5207//2297
f 5268//2849 5207//2297 5269//2343
f 5269//2343 5207//2297 5208//2831
f 5269//2343 5208//2831 5270//2938
f 5270//2938 5208//2831 5209//3139
f 5270//2938 5209//3139 5235//2345
f 5235//2345 5209//3139 5210//2300
f 5238//3141 2758//1226 5237//3140
f 5237//3140 2758//1226 2760//1228
f 5237//3140 2760//1228 5236//2346
f 5236//2346 2760//1228 2761//1229
f 5236//2346 2761//1229 5235//2345
f 5235//2345 2761//1229 2762//1230
f 5235//2345 2762//1230 5270//2938
f 5270//2938 2762//1230 2764//1232
f 5270//2938 2764//1232 5269//2343
f 5269//2343 2764//1232 2766//1234
f 5269//2343 2766//1234 5268//2849
f 5268//2849 2766//1234 2749//1217
f 5268//2849 2749//1217 5267//2848
f 5267//2848 2749//1217 2751//1219
f 5267//2848 2751//1219 5266//2340
f 5266//2340 2751//1219 2753//1221
f 5266//2340 2753//1221 5265//3147
f 2753//1221 2755//1223 5265//3147
f 5265//3147 2755//1223 2757//1225
f 5265//3147 2757//1225 5264//3146
f 5264//3146 2757//1225 5271//3148
f 5264//3146 5271//3148 5263//2337
f 5263//2337 5271//3148 5272//2940
f 5263//2337 5272//2940 5262//2336
f 5262//2336 5272//2940 5273//2941
f 5262//2336 5273//2941 5261//2935
f 5261//2935 5273//2941 5274//3149
f 5261//2935 5274//3149 5260//2334
f 5260//2334 5274//3149 5275//2943
f 5260//2334 5275//2943 5259//2845
f 5259//2845 5275//2943 5276//2944
f 5259//2845 5276//2944 5258//2934
f 5258//2934 5276//2944 5277//2945
f 5258//2934 5277//2945 5257//2331
f 5257//2331 5277//2945 5278//2371
f 5257//2331 5278//2371 5256//3145
f 5278//2371 5279//3150 5256//3145
f 5256//3145 5279//3150 2774//1242
f 5256//3145 2774//1242 5255//3144
f 5255//3144 2774//1242 2773//1241
f 5255//3144 2773//1241 5254//2328
f 5254//2328 2773//1241 2770//1238
f 5254//2328 2770//1238 5253//2327
f 5253//2327 2770//1238 2769//1237
f 5253//2327 2769//1237 5252//2931
f 5252//2931 2769//1237 2786//1254
f 5252//2931 2786//1254 5251//2325
f 5251//2325 2786//1254 2784//1252
f 5251//2325 2784//1252 5250//2930
f 5250//2930 2784//1252 2782//1250
f 5250//2930 2782//1250 5249//2840
f 5249//2840 2782//1250 2780//1248
f 5249//2840 2780//1248 5248//2358
f 5248//2358 2780//1248 2778//1246
f 5248//2358 2778//1246 5247//3143
f 2778//1246 2776//1244 5247//3143
f 5247//3143 2776//1244 2775//1243
f 5247//3143 2775//1243 5246//3142
f 5246//3142 2775//1243 5280//3151
f 5246//3142 5280//3151 5245//2355
f 5245//2355 5280//3151 5281//2948
f 5245//2355 5281//2948 5244//2928
f 5244//2928 5281//2948 5282//2949
f 5244//2928 5282//2949 5243//2353
f 5243//2353 5282//2949 5283//3152
f 5243//2353 5283//3152 5242//2352
f 5242//2352 5283//3152 5284//2951
f 5242//2352 5284//2951 5241//2927
f 5241//2927 5284//2951 5285//2952
f 5241//2927 5285//2952 5240//2886
f 5240//2886 5285//2952 5286//3153
f 5240//2886 5286//3153 5239//2349
f 5239//2349 5286//3153 5287//2954
f 5239//2349 5287//2954 5238//3141
f 5238//3141 5287//2954 5288//3154
f 5238//3141 5288//3154 2758//1226
f 5289//2828 3058//1526 5290//2290
f 5290//2290 3058//1526 3057//1525
f 5290//2290 3057//1525 5291//2291
f 5291//2291 3057//1525 3026//1494
f 5291//2291 3026//1494 5292//2292
f 5292//2292 3026//1494 3025//1493
f 5292//2292 3025//1493 5293//3007
f 5293//3007 3025//1493 3068//1536
f 5293//3007 3068//1536 5294//2294
f 5294//2294 3068//1536 3066//1534
f 5294//2294 3066//1534 5295//3009
f 5295//3009 3066//1534 3064//1532
f 5295//3009 3064//1532 5296//2296
f 5296//2296 3064//1532 3062//1530
f 5296//2296 3062//1530 5297//2297
f 5297//2297 3062//1530 3060//1528
f 5297//2297 3060//1528 5298//2831
f 5298//2831 3060//1528 3059//1527
f 5298//2831 3059//1527 5299//2871
f 5299//2871 3059//1527 3041//1509
f 5299//2871 3041//1509 5300//2300
f 5300//2300 3041//1509 3024//1492
f 5300//2300 3024//1492 5301//3155
f 5301//3155 3024//1492 3023//1491
f 5301//3155 3023//1491 5302//3156
f 5302//3156 3023//1491 3021//1489
f 5302//3156 3021//1489 5303//2303
f 5303//2303 3021//1489 3020//1488
f 5303//2303 3020//1488 5304//2304
f 5304//2304 3020//1488 3502//1968
f 5304//2304 3502//1968 5305//3157
f 5305//3157 3502//1968 3500//1966
f 5305//3157 3500//1966 5306//2832
f 5306//2832 3500//1966 3499//1965
f 5306//2832 3499//1965 5307//2307
f 5307//2307 3499//1965 3494//1960
f 5307//2307 3494//1960 5308//2308
f 5308//2308 3494//1960 3496//1962
f 5308//2308 3496//1962 5309//2309
f 5309//2309 3496//1962 3497//1963
f 5309//2309 3497//1963 5310//2310
f 5310//2310 3497//1963 3516//1981
f 5310//2310 3516//1981 5311//2311
f 5311//2311 3516//1981 3518//1983
f 5311//2311 3518//1983 5312//3015
f 5312//3015 3518//1983 3520//1985
f 5312//3015 3520//1985 5313//2313
f 5313//2313 3520//1985 3515//1980
f 5313//2313 3515//1980 5314//3158
f 5314//3158 3515//1980 3513//1978
f 5314//3158 3513//1978 5315//3016
f 5315//3016 3513//1978 3511//1976
f 5315//3016 3511//1976 5316//3017
f 5316//3017 3511//1976 3510//1975
f 5316//3017 3510//1975 5317//3018
f 5317//3018 3510//1975 3508//1973
f 5317//3018 3508//1973 5318//3019
f 5318//3019 3508//1973 3507//1617
f 5318//3019 3507//1617 5319//2319
f 5319//2319 3507//1617 3491//1957
f 5319//2319 3491//1957 5320//3021
f 5320//3021 3491//1957 3493//1959
f 5320//3021 3493//1959 5321//2321
f 5321//2321 3493//1959 3001//1469
f 5321//2321 3001//1469 5322//2322
f 5322//2322 3001//1469 3000//1468
f 5322//2322 3000//1468 5323//2323
f 5323//2323 3000//1468 3050//1518
f 5323//2323 3050//1518 5324//2835
f 5324//2835 3050//1518 3051//1519
f 5324//2835 3051//1519 5289//2828
f 5289//2828 3051//1519 3058//1526
f 5325//3159 5300//2300 5326//2346
f 5326//2346 5300//2300 5301//3155
f 5326//2346 5301//3155 5327//2347
f 5327//2347 5301//3155 5302//3156
f 5327//2347 5302//3156 5328//2348
f 5328//2348 5302//3156 5303//2303
f 5328//2348 5303//2303 5329//3160
f 5329//3160 5303//2303 5304//2304
f 5329//3160 5304//2304 5330//2886
f 5330//2886 5304//2304 5305//3157
f 5330//2886 5305//3157 5331//2927
f 5331//2927 5305//3157 5306//2832
f 5331//2927 5306//2832 5332//2352
f 5332//2352 5306//2832 5307//2307
f 5332//2352 5307//2307 5333//3161
f 5333//3161 5307//2307 5308//2308
f 5333//3161 5308//2308 5334//3162
f 5334//3162 5308//2308 5309//2309
f 5334//3162 5309//2309 5335//2355
f 5335//2355 5309//2309 5310//2310
f 5335//2355 5310//2310 5336//2356
f 5336//2356 5310//2310 5311//2311
f 5336//2356 5311//2311 5337//2357
f 5337//2357 5311//2311 5312//3015
f 5337//2357 5312//3015 5338//2358
f 5338//2358 5312//3015 5313//2313
f 5338//2358 5313//2313 5339//2840
f 5339//2840 5313//2313 5314//3158
f 5339//2840 5314//3158 5340//2841
f 5340//2841 5314//3158 5315//3016
f 5340//2841 5315//3016 5341//2325
f 5341//2325 5315//3016 5316//3017
f 5341//2325 5316//3017 5342//3163
f 5342//3163 5316//3017 5317//3018
f 5342//3163 5317//3018 5343//3164
f 5343//3164 5317//3018 5318//3019
f 5343//3164 5318//3019 5344//2328
f 5344//2328 5318//3019 5319//2319
f 5344//2328 5319//2319 5345//2329
f 5345//2329 5319//2319 5320//3021
f 5345//2329 5320//3021 5346//2330
f 5346//2330 5320//3021 5321//2321
f 5346//2330 5321//2321 5347//2331
f 5347//2331 5321//2321 5322//2322
f 5347//2331 5322//2322 5348//2844
f 5348//2844 5322//2322 5323//2323
f 5348//2844 5323//2323 5349//2845
f 5349//2845 5323//2323 5324//2835
f 5349//2845 5324//2835 5350//2334
f 5350//2334 5324//2835 5289//2828
f 5350//2334 5289//2828 5351//3165
f 5351//3165 5289//2828 5290//2290
f 5351//3165 5290//2290 5352//3166
f 5352//3166 5290//2290 5291//2291
f 5352//3166 5291//2291 5353//2337
f 5353//2337 5291//2291 5292//2292
f 5353//2337 5292//2292 5354//2338
f 5354//2338 5292//2292 5293//3007
f 5354//2338 5293//3007 5355//2339
f 5355//2339 5293//3007 5294//2294
f 5355//2339 5294//2294 5356//2340
f 5356//2340 5294//2294 5295//3009
f 5356//2340 5295//3009 5357//2848
f 5357//2848 5295//3009 5296//2296
f 5357//2848 5296//2296 5358//3167
f 5358//3167 5296//2296 5297//2297
f 5358//3167 5297//2297 5359//2343
f 5359//2343 5297//2297 5298//2831
f 5359//2343 5298//2831 5360//3168
f 5360//3168 5298//2831 5299//2871
f 5360//3168 5299//2871 5325//3159
f 5325//3159 5299//2871 5300//2300
f 5325//3159 2712//1180 5360//3168
f 5360//3168 2712//1180 2711//1179
f 5360//3168 2711//1179 5359//2343
f 5359//2343 2711//1179 2729//1197
f 5359//2343 2729//1197 5358//3167
f 5358//3167 2729//1197 2728//1196
f 5358//3167 2728//1196 5357//2848
f 5357//2848 2728//1196 2726//1194
f 5357//2848 2726//1194 5356//2340
f 5356//2340 2726//1194 2724//1192
f 5356//2340 2724//1192 5355//2339
f 5355//2339 2724//1192 2721//1189
f 5355//2339 2721//1189 5354//2338
f 5354//2338 2721//1189 2719//1187
f 5354//2338 2719//1187 5353//2337
f 5353//2337 2719//1187 2717//1185
f 5353//2337 2717//1185 5352//3166
f 2717//1185 2715//1183 5352//3166
f 5352//3166 2715//1183 2714//1182
f 5352//3166 2714//1182 5351//3165
f 5351//3165 2714//1182 5361//3169
f 5351//3165 5361//3169 5350//2334
f 5350//2334 5361//3169 5362//2997
f 5350//2334 5362//2997 5349//2845
f 5349//2845 5362//2997 5363//3170
f 5349//2845 5363//3170 5348//2844
f 5348//2844 5363//3170 5364//3171
f 5348//2844 5364//3171 5347//2331
f 5347//2331 5364//3171 5365//3172
f 5347//2331 5365//3172 5346//2330
f 5346//2330 5365//3172 5366//3173
f 5346//2330 5366//3173 5345//2329
f 5345//2329 5366//3173 5367//3174
f 5345//2329 5367//3174 5344//2328
f 5344//2328 5367//3174 5368//3175
f 5344//2328 5368//3175 5343//3164
f 5368//3175 5369//3176 5343//3164
f 5343//3164 5369//3176 2734//1202
f 5343//3164 2734//1202 5342//3163
f 5342//3163 2734//1202 2733//1201
f 5342//3163 2733//1201 5341//2325
f 5341//2325 2733//1201 2731//1199
f 5341//2325 2731//1199 5340//2841
f 5340//2841 2731//1199 2730//1198
f 5340//2841 2730//1198 5339//2840
f 5339//2840 2730//1198 2746//1214
f 5339//2840 2746//1214 5338//2358
f 5338//2358 2746//1214 2744//1212
f 5338//2358 2744//1212 5337//2357
f 5337//2357 2744//1212 2742//1210
f 5337//2357 2742//1210 5336//2356
f 5336//2356 2742//1210 2740//1208
f 5336//2356 2740//1208 5335//2355
f 5335//2355 2740//1208 2738//1206
f 5335//2355 2738//1206 5334//3162
f 2738//1206 2736//1204 5334//3162
f 5334//3162 2736//1204 2735//1203
f 5334//3162 2735//1203 5333//3161
f 5333//3161 2735//1203 5370//3177
f 5333//3161 5370//3177 5332//2352
f 5332//2352 5370//3177 5371//3005
f 5332//2352 5371//3005 5331//2927
f 5331//2927 5371//3005 5372//3178
f 5331//2927 5372//3178 5330//2886
f 5330//2886 5372//3178 5373//3179
f 5330//2886 5373//3179 5329//3160
f 5329//3160 5373//3179 5374//3180
f 5329//3160 5374//3180 5328//2348
f 5328//2348 5374//3180 5375//3181
f 5328//2348 5375//3181 5327//2347
f 5327//2347 5375//3181 5376//3182
f 5327//2347 5376//3182 5326//2346
f 5326//2346 5376//3182 5377//3091
f 5326//2346 5377//3091 5325//3159
f 5325//3159 5377//3091 5378//3183
f 5325//3159 5378//3183 2712//1180
f 3992//2453 5379//3184 5380//3185
f 3992//2453 3991//2452 5379//3184
f 5379//3184 3991//2452 3990//2451
f 5379//3184 3990//2451 5381//3186
f 5381//3186 3990//2451 3989//2450
f 5381//3186 3989//2450 5382//3187
f 3989//2450 3995//2456 5382//3187
f 5382//3187 3995//2456 3996//2457
f 5382//3187 3996//2457 5383//3188
f 5383//3188 3996//2457 3997//2458
f 5383//3188 3997//2458 5384//3189
f 5384//3189 3997//2458 3921//2382
f 4001//2462 5385//3190 5386//3191
f 3921//2382 3920//2381 5384//3189
f 5384//3189 3920//2381 3998//2459
f 5384//3189 3998//2459 5387//3192
f 5387//3192 3998//2459 3999//2460
f 5387//3192 3999//2460 5386//3191
f 5386//3191 3999//2460 4000//2461
f 5386//3191 4000//2461 4001//2462
f 4009//2470 5388//3193 5389//3194
f 4001//2462 4002//2463 5385//3190
f 5385//3190 4002//2463 4003//2464
f 5385//3190 4003//2464 5390//3195
f 5390//3195 4003//2464 4005//2466
f 5390//3195 4005//2466 5389//3194
f 5389//3194 4005//2466 4004//2465
f 5389//3194 4004//2465 4009//2470
f 4009//2470 4008//2469 5388//3193
f 5388//3193 4008//2469 4007//2468
f 5388//3193 4007//2468 5391//3196
f 5391//3196 4007//2468 4006//2467
f 5391//3196 4006//2467 5392//3197
f 4006//2467 4010//2471 5392//3197
f 5392//3197 4010//2471 4011//2472
f 5392//3197 4011//2472 5393//3198
f 5393//3198 4011//2472 4015//2476
f 5393//3198 4015//2476 5394//3199
f 5394//3199 4015//2476 4014//2475
f 4016//2477 5395//3200 5396//3201
f 4014//2475 4013//2474 5394//3199
f 5394//3199 4013//2474 4012//2473
f 5394//3199 4012//2473 5397//3202
f 5397//3202 4012//2473 3919//2380
f 5397//3202 3919//2380 5396//3201
f 5396//3201 3919//2380 3918//2379
f 5396//3201 3918//2379 4016//2477
f 4019//2480 5398//3203 5399//3204
f 4016//2477 4017//2478 5395//3200
f 5395//3200 4017//2478 4018//2479
f 5395//3200 4018//2479 5400//3205
f 5400//3205 4018//2479 4021//2482
f 5400//3205 4021//2482 5399//3204
f 5399//3204 4021//2482 4020//2481
f 5399//3204 4020//2481 4019//2480
f 4019//2480 4023//2484 5398//3203
f 5398//3203 4023//2484 4022//2483
f 5398//3203 4022//2483 5401//3206
f 5401//3206 4022//2483 4027//2488
f 5401//3206 4027//2488 5402//3207
f 4028//2489 5403//3208 5404//3209
f 4027//2488 4026//2487 5402//3207
f 5402//3207 4026//2487 4025//2486
f 5402//3207 4025//2486 5404//3209
f 5404//3209 4025//2486 4024//2485
f 5404//3209 4024//2485 4028//2489
f 4034//2495 5405//3210 5406//3211
f 4028//2489 4029//2490 5403//3208
f 5403//3208 4029//2490 4030//2491
f 5403//3208 4030//2491 5407//3212
f 5407//3212 4030//2491 4036//2497
f 5407//3212 4036//2497 5406//3211
f 5406//3211 4036//2497 4035//2496
f 5406//3211 4035//2496 4034//2495
f 4034//2495 4033//2494 5405//3210
f 5405//3210 4033//2494 4032//2493
f 5405//3210 4032//2493 5408//3213
f 5408//3213 4032//2493 4031//2492
f 5408//3213 4031//2492 5409//3214
f 4031//2492 4037//2498 5409//3214
f 5409//3214 4037//2498 4038//2499
f 5409//3214 4038//2499 5410//3215
f 5410//3215 4038//2499 4043//2504
f 5410//3215 4043//2504 5411//3216
f 5411//3216 4043//2504 4042//2503
f 4045//2506 5412//3217 5413//3218
f 4042//2503 4041//2502 5411//3216
f 5411//3216 4041//2502 4040//2501
f 5411//3216 4040//2501 5414//3219
f 5414//3219 4040//2501 4039//2500
f 5414//3219 4039//2500 5413//3218
f 5413//3218 4039//2500 4044//2505
f 5413//3218 4044//2505 4045//2506
f 4050//2511 5415//3220 5416//3221
f 4045//2506 4046//2507 5412//3217
f 5412//3217 4046//2507 4047//2508
f 5412//3217 4047//2508 5417//3222
f 5417//3222 4047//2508 4048//2509
f 5417//3222 4048//2509 5416//3221
f 5416//3221 4048//2509 4049//2510
f 5416//3221 4049//2510 4050//2511
f 4050//2511 4052//2513 5415//3220
f 5415//3220 4052//2513 4051//2512
f 5415//3220 4051//2512 5418//3223
f 5418//3223 4051//2512 4055//2516
f 5418//3223 4055//2516 5419//3224
f 4055//2516 4054//2515 5419//3224
f 5419//3224 4054//2515 4053//2514
f 5419//3224 4053//2514 5420//3225
f 5420//3225 4053//2514 3922//2383
f 5420//3225 3922//2383 5421//3226
f 5421//3226 3922//2383 3923//2384
f 3930//2391 5422//3227 5423//3228
f 3923//2384 3924//2385 5421//3226
f 5421//3226 3924//2385 3925//2386
f 5421//3226 3925//2386 5424//3229
f 5424//3229 3925//2386 3926//2387
f 5424//3229 3926//2387 5423//3228
f 5423//3228 3926//2387 3931//2392
f 5423//3228 3931//2392 3930//2391
f 3933//2394 5425//3230 5426//3231
f 3930//2391 3929//2390 5422//3227
f 5422//3227 3929//2390 3928//2389
f 5422//3227 3928//2389 5427//3232
f 5427//3232 3928//2389 3927//2388
f 5427//3232 3927//2388 5426//3231
f 5426//3231 3927//2388 3932//2393
f 5426//3231 3932//2393 3933//2394
f 3933//2394 3934//2395 5425//3230
f 5425//3230 3934//2395 3935//2396
f 5425//3230 3935//2396 5428//3233
f 5428//3233 3935//2396 3936//2397
f 5428//3233 3936//2397 5429//3234
f 3939//2400 5430//3235 5431//3236
f 3936//2397 3937//2398 5429//3234
f 5429//3234 3937//2398 3938//2399
f 5429//3234 3938//2399 5431//3236
f 5431//3236 3938//2399 3940//2401
f 5431//3236 3940//2401 3939//2400
f 3943//2404 5432//3237 5433//3238
f 3939//2400 3942//2403 5430//3235
f 5430//3235 3942//2403 3941//2402
f 5430//3235 3941//2402 5434//3239
f 5434//3239 3941//2402 3945//2406
f 5434//3239 3945//2406 5433//3238
f 5433//3238 3945//2406 3944//2405
f 5433//3238 3944//2405 3943//2404
f 3943//2404 3947//2408 5432//3237
f 5432//3237 3947//2408 3946//2407
f 5432//3237 3946//2407 5435//3240
f 5435//3240 3946//2407 3951//2412
f 5435//3240 3951//2412 5436//3241
f 3951//2412 3950//2411 5436//3241
f 5436//3241 3950//2411 3949//2410
f 5436//3241 3949//2410 5437//3242
f 5437//3242 3949//2410 3948//2409
f 5437//3242 3948//2409 5438//3243
f 5438//3243 3948//2409 3952//2413
f 3955//2416 5439//3244 5440//3245
f 3952//2413 3953//2414 5438//3243
f 5438//3243 3953//2414 3954//2415
f 5438//3243 3954//2415 5441//3246
f 5441//3246 3954//2415 3957//2418
f 5441//3246 3957//2418 5440//3245
f 5440//3245 3957//2418 3956//2417
f 5440//3245 3956//2417 3955//2416
f 3961//2422 5442//3247 5443//3248
f 3955//2416 3959//2420 5439//3244
f 5439//3244 3959//2420 3958//2419
f 5439//3244 3958//2419 5444//3249
f 5444//3249 3958//2419 3963//2424
f 5444//3249 3963//2424 5443//3248
f 5443//3248 3963//2424 3962//2423
f 5443//3248 3962//2423 3961//2422
f 3961//2422 3960//2421 5442//3247
f 5442//3247 3960//2421 3964//2425
f 5442//3247 3964//2425 5445//3250
f 5445//3250 3964//2425 3965//2426
f 5445//3250 3965//2426 5446//3251
f 3965//2426 3966//2427 5446//3251
f 5446//3251 3966//2427 3967//2428
f 5446//3251 3967//2428 5447//3252
f 5447//3252 3967//2428 3972//2433
f 5447//3252 3972//2433 5448//3253
f 5448//3253 3972//2433 3971//2432
f 3973//2434 5449//3254 5450//3255
f 3971//2432 3970//2431 5448//3253
f 5448//3253 3970//2431 3969//2430
f 5448//3253 3969//2430 5451//3256
f 5451//3256 3969//2430 3968//2429
f 5451//3256 3968//2429 5450//3255
f 5450//3255 3968//2429 3974//2435
f 5450//3255 3974//2435 3973//2434
f 3980//2441 5452//3257 5453//3258
f 3973//2434 3976//2437 5449//3254
f 5449//3254 3976//2437 3975//2436
f 5449//3254 3975//2436 5454//3259
f 5454//3259 3975//2436 3982//2443
f 5454//3259 3982//2443 5453//3258
f 5453//3258 3982//2443 3981//2442
f 5453//3258 3981//2442 3980//2441
f 3980//2441 3979//2440 5452//3257
f 5452//3257 3979//2440 3978//2439
f 5452//3257 3978//2439 5455//3260
f 5455//3260 3978//2439 3977//2438
f 5455//3260 3977//2438 5456//3261
f 3985//2446 5457//3262 5458//3263
f 3977//2438 3983//2444 5456//3261
f 5456//3261 3983//2444 3984//2445
f 5456//3261 3984//2445 5458//3263
f 5458//3263 3984//2445 3986//2447
f 5458//3263 3986//2447 3985//2446
f 3985//2446 3988//2449 5457//3262
f 5457//3262 3988//2449 3987//2448
f 5457//3262 3987//2448 5459//3264
f 5459//3264 3987//2448 3994//2455
f 5459//3264 3994//2455 5380//3185
f 5380//3185 3994//2455 3993//2454
f 5380//3185 3993//2454 3992//2453
f 5380//3185 5460//3265 5459//3264
f 5459//3264 5460//3265 5461//3266
f 5459//3264 5461//3266 5457//3262
f 5457//3262 5461//3266 5462//3267
f 5457//3262 5462//3267 5458//3263
f 5458//3263 5462//3267 5463//3268
f 5458//3263 5463//3268 5456//3261
f 5456//3261 5463//3268 5464//3269
f 5456//3261 5464//3269 5455//3260
f 5455//3260 5464//3269 5465//3270
f 5455//3260 5465//3270 5452//3257
f 5452//3257 5465//3270 5466//3271
f 5452//3257 5466//3271 5453//3258
f 5453//3258 5466//3271 5467//3272
f 5453//3258 5467//3272 5454//3259
f 5454//3259 5467//3272 5468//3273
f 5454//3259 5468//3273 5449//3254
f 5449//3254 5468//3273 5469//3274
f 5449//3254 5469//3274 5450//3255
f 5450//3255 5469//3274 5470//3275
f 5450//3255 5470//3275 5451//3256
f 5451//3256 5470//3275 5471//3276
f 5451//3256 5471//3276 5448//3253
f 5448//3253 5471//3276 5472//3277
f 5448//3253 5472//3277 5447//3252
f 5447//3252 5472//3277 5473//3278
f 5447//3252 5473//3278 5446//3251
f 5446//3251 5473//3278 5474//3279
f 5446//3251 5474//3279 5445//3250
f 5445//3250 5474//3279 5475//3280
f 5445//3250 5475//3280 5442//3247
f 5442//3247 5475//3280 5476//3281
f 5442//3247 5476//3281 5443//3248
f 5443//3248 5476//3281 5477//3282
f 5443//3248 5477//3282 5444//3249
f 5444//3249 5477//3282 5478//3283
f 5444//3249 5478//3283 5439//3244
f 5439//3244 5478//3283 5479//3284
f 5439//3244 5479//3284 5440//3245
f 5440//3245 5479//3284 5480//3285
f 5440//3245 5480//3285 5441//3246
f 5441//3246 5480//3285 5481//3286
f 5441//3246 5481//3286 5438//3243
f 5438//3243 5481//3286 5482//3287
f 5438//3243 5482//3287 5437//3242
f 5437//3242 5482//3287 5483//3288
f 5437//3242 5483//3288 5436//3241
f 5436//3241 5483//3288 5484//3289
f 5436//3241 5484//3289 5435//3240
f 5435//3240 5484//3289 5485//3290
f 5435//3240 5485//3290 5432//3237
f 5432//3237 5485//3290 5486//3291
f 5432//3237 5486//3291 5433//3238
f 5433//3238 5486//3291 5487//3292
f 5433//3238 5487//3292 5434//3239
f 5434//3239 5487//3292 5488//3293
f 5434//3239 5488//3293 5430//3235
f 5430//3235 5488//3293 5489//3294
f 5430//3235 5489//3294 5431//3236
f 5431//3236 5489//3294 5490//3295
f 5431//3236 5490//3295 5429//3234
f 5429//3234 5490//3295 5491//3296
f 5429//3234 5491//3296 5428//3233
f 5428//3233 5491//3296 5492//3297
f 5428//3233 5492//3297 5425//3230
f 5425//3230 5492//3297 5493//3298
f 5425//3230 5493//3298 5426//3231
f 5426//3231 5493//3298 5494//3299
f 5426//3231 5494//3299 5427//3232
f 5427//3232 5494//3299 5495//3300
f 5427//3232 5495//3300 5422//3227
f 5422//3227 5495//3300 5496//3301
f 5422//3227 5496//3301 5423//3228
f 5423//3228 5496//3301 5497//3302
f 5423//3228 5497//3302 5424//3229
f 5424//3229 5497//3302 5498//3303
f 5424//3229 5498//3303 5421//3226
f 5421//3226 5498//3303 5499//3304
f 5421//3226 5499//3304 5420//3225
f 5420//3225 5499//3304 5500//3305
f 5420//3225 5500//3305 5419//3224
f 5419//3224 5500//3305 5501//3306
f 5419//3224 5501//3306 5418//3223
f 5418//3223 5501//3306 5502//3307
f 5418//3223 5502//3307 5415//3220
f 5415//3220 5502//3307 5503//3308
f 5415//3220 5503//3308 5416//3221
f 5416//3221 5503//3308 5504//3309
f 5416//3221 5504//3309 5417//3222
f 5417//3222 5504//3309 5505//3310
f 5417//3222 5505//3310 5412//3217
f 5412//3217 5505//3310 5506//3311
f 5412//3217 5506//3311 5413//3218
f 5413//3218 5506//3311 5507//3312
f 5413//3218 5507//3312 5414//3219
f 5414//3219 5507//3312 5508//3313
f 5414//3219 5508//3313 5411//3216
f 5411//3216 5508//3313 5509//3314
f 5411//3216 5509//3314 5410//3215
f 5410//3215 5509//3314 5510//3315
f 5410//3215 5510//3315 5409//3214
f 5409//3214 5510//3315 5511//3316
f 5409//3214 5511//3316 5408//3213
f 5408//3213 5511//3316 5512//3317
f 5408//3213 5512//3317 5405//3210
f 5405//3210 5512//3317 5513//3318
f 5405//3210 5513//3318 5406//3211
f 5406//3211 5513//3318 5514//3319
f 5406//3211 5514//3319 5407//3212
f 5407//3212 5514//3319 5515//3320
f 5407//3212 5515//3320 5403//3208
f 5403//3208 5515//3320 5516//3321
f 5403//3208 5516//3321 5404//3209
f 5404//3209 5516//3321 5517//3322
f 5404//3209 5517//3322 5402//3207
f 5402//3207 5517//3322 5518//3323
f 5402//3207 5518//3323 5401//3206
f 5401//3206 5518//3323 5519//3324
f 5401//3206 5519//3324 5398//3203
f 5398//3203 5519//3324 5520//3325
f 5398//3203 5520//3325 5399//3204
f 5399//3204 5520//3325 5521//3326
f 5399//3204 5521//3326 5400//3205
f 5400//3205 5521//3326 5522//3327
f 5400//3205 5522//3327 5395//3200
f 5395//3200 5522//3327 5523//3328
f 5395//3200 5523//3328 5396//3201
f 5396//3201 5523//3328 5524//3329
f 5396//3201 5524//3329 5397//3202
f 5397//3202 5524//3329 5525//3330
f 5397//3202 5525//3330 5394//3199
f 5394//3199 5525//3330 5526//3331
f 5394//3199 5526//3331 5393//3198
f 5393//3198 5526//3331 5527//3332
f 5393//3198 5527//3332 5392//3197
f 5392//3197 5527//3332 5528//3333
f 5392//3197 5528//3333 5391//3196
f 5391//3196 5528//3333 5529//3334
f 5391//3196 5529//3334 5388//3193
f 5388//3193 5529//3334 5530//3335
f 5388//3193 5530//3335 5389//3194
f 5389//3194 5530//3335 5531//3336
f 5389//3194 5531//3336 5390//3195
f 5390//3195 5531//3336 5532//3337
f 5390//3195 5532//3337 5385//3190
f 5385//3190 5532//3337 5533//3338
f 5385//3190 5533//3338 5386//3191
f 5386//3191 5533//3338 5534//3339
f 5386//3191 5534//3339 5387//3192
f 5387//3192 5534//3339 5535//3340
f 5387//3192 5535//3340 5384//3189
f 5384//3189 5535//3340 5536//3341
f 5384//3189 5536//3341 5383//3188
f 5383//3188 5536//3341 5537//3342
f 5383//3188 5537//3342 5382//3187
f 5382//3187 5537//3342 5538//3343
f 5382//3187 5538//3343 5381//3186
f 5381//3186 5538//3343 5539//3344
f 5381//3186 5539//3344 5379//3184
f 5379//3184 5539//3344 5540//3345
f 5379//3184 5540//3345 5380//3185
f 5380//3185 5540//3345 5460//3265
f 5540//3345 5541//3346 5460//3265
f 5460//3265 5541//3346 5542//3347
f 5460//3265 5542//3347 5461//3266
f 5461//3266 5542//3347 5543//3348
f 5461//3266 5543//3348 5462//3267
f 5462//3267 5543//3348 5544//3349
f 5462//3267 5544//3349 5463//3268
f 5463//3268 5544//3349 5545//3350
f 5463//3268 5545//3350 5464//3269
f 5464//3269 5545//3350 5546//3351
f 5464//3269 5546//3351 5465//3270
f 5465//3270 5546//3351 5547//3352
f 5465//3270 5547//3352 5466//3271
f 5466//3271 5547//3352 5548//3353
f 5466//3271 5548//3353 5467//3272
f 5467//3272 5548//3353 5549//3354
f 5467//3272 5549//3354 5468//3273
f 5468//3273 5549//3354 5550//3355
f 5468//3273 5550//3355 5469//3274
f 5469//3274 5550//3355 5551//3356
f 5469//3274 5551//3356 5470//3275
f 5470//3275 5551//3356 5552//3357
f 5470//3275 5552//3357 5471//3276
f 5471//3276 5552//3357 5553//3358
f 5471//3276 5553//3358 5472//3277
f 5472//3277 5553//3358 5554//3359
f 5472//3277 5554//3359 5473//3278
f 5473//3278 5554//3359 5555//3360
f 5473//3278 5555//3360 5474//3279
f 5474//3279 5555//3360 5556//3361
f 5474//3279 5556//3361 5475//3280
f 5475//3280 5556//3361 5557//3362
f 5475//3280 5557//3362 5476//3281
f 5476//3281 5557//3362 5558//3363
f 5476//3281 5558//3363 5477//3282
f 5477//3282 5558//3363 5559//3364
f 5477//3282 5559//3364 5478//3283
f 5478//3283 5559//3364 5560//3365
f 5478//3283 5560//3365 5479//3284
f 5479//3284 5560//3365 5561//3366
f 5479//3284 5561//3366 5480//3285
f 5480//3285 5561//3366 5562//3367
f 5480//3285 5562//3367 5481//3286
f 5481//3286 5562//3367 5563//3368
f 5481//3286 5563//3368 5482//3287
f 5482//3287 5563//3368 5564//3369
f 5482//3287 5564//3369 5483//3288
f 5483//3288 5564//3369 5565//3370
f 5483//3288 5565//3370 5484//3289
f 5484//3289 5565//3370 5566//3371
f 5484//3289 5566//3371 5485//3290
f 5485//3290 5566//3371 5567//3372
f 5485//3290 5567//3372 5486//3291
f 5486//3291 5567//3372 5568//3373
f 5486//3291 5568//3373 5487//3292
f 5487//3292 5568//3373 5569//3374
f 5487//3292 5569//3374 5488//3293
f 5488//3293 5569//3374 5570//3375
f 5488//3293 5570//3375 5489//3294
f 5489//3294 5570//3375 5571//3376
f 5489//3294 5571//3376 5490//3295
f 5490//3295 5571//3376 5572//3377
f 5490//3295 5572//3377 5491//3296
f 5491//3296 5572//3377 5573//3378
f 5491//3296 5573//3378 5492//3297
f 5492//3297 5573//3378 5574//3379
f 5492//3297 5574//3379 5493//3298
f 5493//3298 5574//3379 5575//3380
f 5493//3298 5575//3380 5494//3299
f 5494//3299 5575//3380 5576//3381
f 5494//3299 5576//3381 5495//3300
f 5495//3300 5576//3381 5577//3382
f 5495//3300 5577//3382 5496//3301
f 5496//3301 5577//3382 5578//3383
f 5496//3301 5578//3383 5497//3302
f 5497//3302 5578//3383 5579//3384
f 5497//3302 5579//3384 5498//3303
f 5498//3303 5579//3384 5580//3385
f 5498//3303 5580//3385 5499//3304
f 5499//3304 5580//3385 5581//3386
f 5499//3304 5581//3386 5500//3305
f 5500//3305 5581//3386 5582//3387
f 5500//3305 5582//3387 5501//3306
f 5501//3306 5582//3387 5583//3388
f 5501//3306 5583//3388 5502//3307
f 5502//3307 5583//3388 5584//3389
f 5502//3307 5584//3389 5503//3308
f 5503//3308 5584//3389 5585//3390
f 5503//3308 5585//3390 5504//3309
f 5504//3309 5585//3390 5586//3391
f 5504//3309 5586//3391 5505//3310
f 5505//3310 5586//3391 5587//3392
f 5505//3310 5587//3392 5506//3311
f 5506//3311 5587//3392 5588//3393
f 5506//3311 5588//3393 5507//3312
f 5507//3312 5588//3393 5589//3394
f 5507//3312 5589//3394 5508//3313
f 5508//3313 5589//3394 5590//3395
f 5508//3313 5590//3395 5509//3314
f 5509//3314 5590//3395 5591//3396
f 5509//3314 5591//3396 5510//3315
f 5510//3315 5591//3396 5592//3397
f 5510//3315 5592//3397 5511//3316
f 5511//3316 5592//3397 5593//3398
f 5511//3316 5593//3398 5512//3317
f 5512//3317 5593//3398 5594//3399
f 5512//3317 5594//3399 5513//3318
f 5513//3318 5594//3399 5595//3400
f 5513//3318 5595//3400 5514//3319
f 5514//3319 5595//3400 5596//3401
f 5514//3319 5596//3401 5515//3320
f 5515//3320 5596//3401 5597//3402
f 5515//3320 5597//3402 5516//3321
f 5516//3321 5597//3402 5598//3403
f 5516//3321 5598//3403 5517//3322
f 5517//3322 5598//3403 5599//3404
f 5517//3322 5599//3404 5518//3323
f 5518//3323 5599//3404 5600//3405
f 5518//3323 5600//3405 5519//3324
f 5519//3324 5600//3405 5601//3406
f 5519//3324 5601//3406 5520//3325
f 5520//3325 5601//3406 5602//3407
f 5520//3325 5602//3407 5521//3326
f 5521//3326 5602//3407 5603//3408
f 5521//3326 5603//3408 5522//3327
f 5522//3327 5603//3408 5604//3409
f 5522//3327 5604//3409 5523//3328
f 5523//3328 5604//3409 5605//3410
f 5523//3328 5605//3410 5524//3329
f 5524//3329 5605//3410 5606//3411
f 5524//3329 5606//3411 5525//3330
f 5525//3330 5606//3411 5607//3412
f 5525//3330 5607//3412 5526//3331
f 5526//3331 5607//3412 5608//3413
f 5526//3331 5608//3413 5527//3332
f 5527//3332 5608//3413 5609//3414
f 5527//3332 5609//3414 5528//3333
f 5528//3333 5609//3414 5610//3415
f 5528//3333 5610//3415 5529//3334
f 5529//3334 5610//3415 5611//3416
f 5529//3334 5611//3416 5530//3335
f 5530//3335 5611//3416 5612//3417
f 5530//3335 5612//3417 5531//3336
f 5531//3336 5612//3417 5613//3418
f 5531//3336 5613//3418 5532//3337
f 5532//3337 5613//3418 5614//3419
f 5532//3337 5614//3419 5533//3338
f 5533//3338 5614//3419 5615//3420
f 5533//3338 5615//3420 5534//3339
f 5534//3339 5615//3420 5616//3421
f 5534//3339 5616//3421 5535//3340
f 5535//3340 5616//3421 5617//3422
f 5535//3340 5617//3422 5536//3341
f 5536//3341 5617//3422 5618//3423
f 5536//3341 5618//3423 5537//3342
f 5537//3342 5618//3423 5619//3424
f 5537//3342 5619//3424 5538//3343
f 5538//3343 5619//3424 5620//3425
f 5538//3343 5620//3425 5539//3344
f 5539//3344 5620//3425 5621//3426
f 5539//3344 5621//3426 5540//3345
f 5540//3345 5621//3426 5541//3346
f 5621//3426 5622//3427 5541//3346
f 5541//3346 5622//3427 5623//3428
f 5541//3346 5623//3428 5542//3347
f 5542//3347 5623//3428 5624//3429
f 5542//3347 5624//3429 5543//3348
f 5543//3348 5624//3429 5625//3430
f 5543//3348 5625//3430 5544//3349
f 5544//3349 5625//3430 5626//3431
f 5544//3349 5626//3431 5545//3350
f 5545//3350 5626//3431 5627//3432
f 5545//3350 5627//3432 5546//3351
f 5546//3351 5627//3432 5628//3433
f 5546//3351 5628//3433 5547//3352
f 5547//3352 5628//3433 5629//3434
f 5547//3352 5629//3434 5548//3353
f 5548//3353 5629//3434 5630//3435
f 5548//3353 5630//3435 5549//3354
f 5549//3354 5630//3435 5631//3436
f 5549//3354 5631//3436 5550//3355
f 5550//3355 5631//3436 5632//3437
f 5550//3355 5632//3437 5551//3356
f 5551//3356 5632//3437 5633//3438
f 5551//3356 5633//3438 5552//3357
f 5552//3357 5633//3438 5634//3439
f 5552//3357 5634//3439 5553//3358
f 5553//3358 5634//3439 5635//3440
f 5553//3358 5635//3440 5554//3359
f 5554//3359 5635//3440 5636//3441
f 5554//3359 5636//3441 5555//3360
f 5555//3360 5636//3441 5637//3442
f 5555//3360 5637//3442 5556//3361
f 5556//3361 5637//3442 5638//3443
f 5556//3361 5638//3443 5557//3362
f 5557//3362 5638//3443 5639//3444
f 5557//3362 5639//3444 5558//3363
f 5558//3363 5639//3444 5640//3445
f 5558//3363 5640//3445 5559//3364
f 5559//3364 5640//3445 5641//3446
f 5559//3364 5641//3446 5560//3365
f 5560//3365 5641//3446 5642//3447
f 5560//3365 5642//3447 5561//3366
f 5561//3366 5642//3447 5643//3448
f 5561//3366 5643//3448 5562//3367
f 5562//3367 5643//3448 5644//3449
f 5562//3367 5644//3449 5563//3368
f 5563//3368 5644//3449 5645//3450
f 5563//3368 5645//3450 5564//3369
f 5564//3369 5645//3450 5646//3451
f 5564//3369 5646//3451 5565//3370
f 5565//3370 5646//3451 5647//3452
f 5565//3370 5647//3452 5566//3371
f 5566//3371 5647//3452 5648//3453
f 5566//3371 5648//3453 5567//3372
f 5567//3372 5648//3453 5649//3454
f 5567//3372 5649//3454 5568//3373
f 5568//3373 5649//3454 5650//3455
f 5568//3373 5650//3455 5569//3374
f 5569//3374 5650//3455 5651//3456
f 5569//3374 5651//3456 5570//3375
f 5570//3375 5651//3456 5652//3457
f 5570//3375 5652//3457 5571//3376
f 5571//3376 5652//3457 5653//3458
f 5571//3376 5653//3458 5572//3377
f 5572//3377 5653//3458 5654//3459
f 5572//3377 5654//3459 5573//3378
f 5573//3378 5654//3459 5655//3460
f 5573//3378 5655//3460 5574//3379
f 5574//3379 5655//3460 5656//3461
f 5574//3379 5656//3461 5575//3380
f 5575//3380 5656//3461 5657//3462
f 5575//3380 5657//3462 5576//3381
f 5576//3381 5657//3462 5658//3463
f 5576//3381 5658//3463 5577//3382
f 5577//3382 5658//3463 5659//3464
f 5577//3382 5659//3464 5578//3383
f 5578//3383 5659//3464 5660//3465
f 5578//3383 5660//3465 5579//3384
f 5579//3384 5660//3465 5661//3466
f 5579//3384 5661//3466 5580//3385
f 5580//3385 5661//3466 5662//3467
f 5580//3385 5662//3467 5581//3386
f 5581//3386 5662//3467 5663//3468
f 5581//3386 5663//3468 5582//3387
f 5582//3387 5663//3468 5664//3469
f 5582//3387 5664//3469 5583//3388
f 5583//3388 5664//3469 5665//3470
f 5583//3388 5665//3470 5584//3389
f 5584//3389 5665//3470 5666//3471
f 5584//3389 5666//3471 5585//3390
f 5585//3390 5666//3471 5667//3472
f 5585//3390 5667//3472 5586//3391
f 5586//3391 5667//3472 5668//3473
f 5586//3391 5668//3473 5587//3392
f 5587//3392 5668//3473 5669//3474
f 5587//3392 5669//3474 5588//3393
f 5588//3393 5669//3474 5670//3475
f 5588//3393 5670//3475 5589//3394
f 5589//3394 5670//3475 5671//3476
f 5589//3394 5671//3476 5590//3395
f 5590//3395 5671//3476 5672//3477
f 5590//3395 5672//3477 5591//3396
f 5591//3396 5672//3477 5673//3478
f 5591//3396 5673//3478 5592//3397
f 5592//3397 5673//3478 5674//3479
f 5592//3397 5674//3479 5593//3398
f 5593//3398 5674//3479 5675//3480
f 5593//3398 5675//3480 5594//3399
f 5594//3399 5675//3480 5676//3481
f 5594//3399 5676//3481 5595//3400
f 5595//3400 5676//3481 5677//3482
f 5595//3400 5677//3482 5596//3401
f 5596//3401 5677//3482 5678//3483
f 5596//3401 5678//3483 5597//3402
f 5597//3402 5678//3483 5679//3484
f 5597//3402 5679//3484 5598//3403
f 5598//3403 5679//3484 5680//3485
f 5598//3403 5680//3485 5599//3404
f 5599//3404 5680//3485 5681//3486
f 5599//3404 5681//3486 5600//3405
f 5600//3405 5681//3486 5682//3487
f 5600//3405 5682//3487 5601//3406
f 5601//3406 5682//3487 5683//3488
f 5601//3406 5683//3488 5602//3407
f 5602//3407 5683//3488 5684//3489
f 5602//3407 5684//3489 5603//3408
f 5603//3408 5684//3489 5685//3490
f 5603//3408 5685//3490 5604//3409
f 5604//3409 5685//3490 5686//3491
f 5604//3409 5686//3491 5605//3410
f 5605//3410 5686//3491 5687//3492
f 5605//3410 5687//3492 5606//3411
f 5606//3411 5687//3492 5688//3493
f 5606//3411 5688//3493 5607//3412
f 5607//3412 5688//3493 5689//3494
f 5607//3412 5689//3494 5608//3413
f 5608//3413 5689//3494 5690//3495
f 5608//3413 5690//3495 5609//3414
f 5609//3414 5690//3495 5691//3496
f 5609//3414 5691//3496 5610//3415
f 5610//3415 5691//3496 5692//3497
f 5610//3415 5692//3497 5611//3416
f 5611//3416 5692//3497 5693//3498
f 5611//3416 5693//3498 5612//3417
f 5612//3417 5693//3498 5694//3499
f 5612//3417 5694//3499 5613//3418
f 5613//3418 5694//3499 5695//3500
f 5613//3418 5695//3500 5614//3419
f 5614//3419 5695//3500 5696//3501
f 5614//3419 5696//3501 5615//3420
f 5615//3420 5696//3501 5697//3502
f 5615//3420 5697//3502 5616//3421
f 5616//3421 5697//3502 5698//3503
f 5616//3421 5698//3503 5617//3422
f 5617//3422 5698//3503 5699//3504
f 5617//3422 5699//3504 5618//3423
f 5618//3423 5699//3504 5700//3505
f 5618//3423 5700//3505 5619//3424
f 5619//3424 5700//3505 5701//3506
f 5619//3424 5701//3506 5620//3425
f 5620//3425 5701//3506 5702//3507
f 5620//3425 5702//3507 5621//3426
f 5621//3426 5702//3507 5622//3427
f 5702//3507 5703//3508 5622//3427
f 5622//3427 5703//3508 5704//3509
f 5622//3427 5704//3509 5623//3428
f 5623//3428 5704//3509 5705//3510
f 5623//3428 5705//3510 5624//3429
f 5624//3429 5705//3510 5706//3511
f 5624//3429 5706//3511 5625//3430
f 5625//3430 5706//3511 5707//3512
f 5625//3430 5707//3512 5626//3431
f 5626//3431 5707//3512 5708//3513
f 5626//3431 5708//3513 5627//3432
f 5627//3432 5708//3513 5709//3514
f 5627//3432 5709//3514 5628//3433
f 5628//3433 5709//3514 5710//3515
f 5628//3433 5710//3515 5629//3434
f 5629//3434 5710//3515 5711//3516
f 5629//3434 5711//3516 5630//3435
f 5630//3435 5711//3516 5712//3517
f 5630//3435 5712//3517 5631//3436
f 5631//3436 5712//3517 5713//3518
f 5631//3436 5713//3518 5632//3437
f 5632//3437 5713//3518 5714//3519
f 5632//3437 5714//3519 5633//3438
f 5633//3438 5714//3519 5715//3520
f 5633//3438 5715//3520 5634//3439
f 5634//3439 5715//3520 5716//3521
f 5634//3439 5716//3521 5635//3440
f 5635//3440 5716//3521 5717//3522
f 5635//3440 5717//3522 5636//3441
f 5636//3441 5717//3522 5718//3523
f 5636//3441 5718//3523 5637//3442
f 5637//3442 5718//3523 5719//3524
f 5637//3442 5719//3524 5638//3443
f 5638//3443 5719//3524 5720//3525
f 5638//3443 5720//3525 5639//3444
f 5639//3444 5720//3525 5721//3526
f 5639//3444 5721//3526 5640//3445
f 5640//3445 5721//3526 5722//3527
f 5640//3445 5722//3527 5641//3446
f 5641//3446 5722//3527 5723//3528
f 5641//3446 5723//3528 5642//3447
f 5642//3447 5723//3528 5724//3529
f 5642//3447 5724//3529 5643//3448
f 5643//3448 5724//3529 5725//3530
f 5643//3448 5725//3530 5644//3449
f 5644//3449 5725//3530 5726//3531
f 5644//3449 5726//3531 5645//3450
f 5645//3450 5726//3531 5727//3532
f 5645//3450 5727//3532 5646//3451
f 5646//3451 5727//3532 5728//3533
f 5646//3451 5728//3533 5647//3452
f 5647//3452 5728//3533 5729//3534
f 5647//3452 5729//3534 5648//3453
f 5648//3453 5729//3534 5730//3535
f 5648//3453 5730//3535 5649//3454
f 5649//3454 5730//3535 5731//3536
f 5649//3454 5731//3536 5650//3455
f 5650//3455 5731//3536 5732//3537
f 5650//3455 5732//3537 5651//3456
f 5651//3456 5732//3537 5733//3538
f 5651//3456 5733//3538 5652//3457
f 5652//3457 5733//3538 5734//3539
f 5652//3457 5734//3539 5653//3458
f 5653//3458 5734//3539 5735//3540
f 5653//3458 5735//3540 5654//3459
f 5654//3459 5735//3540 5736//3541
f 5654//3459 5736//3541 5655//3460
f 5655//3460 5736//3541 5737//3542
f 5655//3460 5737//3542 5656//3461
f 5656//3461 5737//3542 5738//3543
f 5656//3461 5738//3543 5657//3462
f 5657//3462 5738//3543 5739//3544
f 5657//3462 5739//3544 5658//3463
f 5658//3463 5739//3544 5740//3545
f 5658//3463 5740//3545 5659//3464
f 5659//3464 5740//3545 5741//3546
f 5659//3464 5741//3546 5660//3465
f 5660//3465 5741//3546 5742//3547
f 5660//3465 5742//3547 5661//3466
f 5661//3466 5742//3547 5743//3548
f 5661//3466 5743//3548 5662//3467
f 5662//3467 5743//3548 5744//3549
f 5662//3467 5744//3549 5663//3468
f 5663//3468 5744//3549 5745//3550
f 5663//3468 5745//3550 5664//3469
f 5664//3469 5745//3550 5746//3551
f 5664//3469 5746//3551 5665//3470
f 5665//3470 5746//3551 5747//3552
f 5665//3470 5747//3552 5666//3471
f 5666//3471 5747//3552 5748//3553
f 5666//3471 5748//3553 5667//3472
f 5667//3472 5748//3553 5749//3554
f 5667//3472 5749//3554 5668//3473
f 5668//3473 5749//3554 5750//3555
f 5668//3473 5750//3555 5669//3474
f 5669//3474 5750//3555 5751//3556
f 5669//3474 5751//3556 5670//3475
f 5670//3475 5751//3556 5752//3557
f 5670//3475 5752//3557 5671//3476
f 5671//3476 5752//3557 5753//3558
f 5671//3476 5753//3558 5672//3477
f 5672//3477 5753//3558 5754//3559
f 5672//3477 5754//3559 5673//3478
f 5673//3478 5754//3559 5755//3560
f 5673//3478 5755//3560 5674//3479
f 5674//3479 5755//3560 5756//3561
f 5674//3479 5756//3561 5675//3480
f 5675//3480 5756//3561 5757//3562
f 5675//3480 5757//3562 5676//3481
f 5676//3481 5757//3562 5758//3563
f 5676//3481 5758//3563 5677//3482
f 5677//3482 5758//3563 5759//3564
f 5677//3482 5759//3564 5678//3483
f 5678//3483 5759//3564 5760//3565
f 5678//3483 5760//3565 5679//3484
f 5679//3484 5760//3565 5761//3566
f 5679//3484 5761//3566 5680//3485
f 5680//3485 5761//3566 5762//3567
f 5680//3485 5762//3567 5681//3486
f 5681//3486 5762//3567 5763//3568
f 5681//3486 5763//3568 5682//3487
f 5682//3487 5763//3568 5764//3569
f 5682//3487 5764//3569 5683//3488
f 5683//3488 5764//3569 5765//3570
f 5683//3488 5765//3570 5684//3489
f 5684//3489 5765//3570 5766//3571
f 5684//3489 5766//3571 5685//3490
f 5685//3490 5766//3571 5767//3572
f 5685//3490 5767//3572 5686//3491
f 5686//3491 5767//3572 5768//3573
f 5686//3491 5768//3573 5687//3492
f 5687//3492 5768//3573 5769//3574
f 5687//3492 5769//3574 5688//3493
f 5688//3493 5769//3574 5770//3575
f 5688//3493 5770//3575 5689//3494
f 5689//3494 5770//3575 5771//3576
f 5689//3494 5771//3576 5690//3495
f 5690//3495 5771//3576 5772//3577
f 5690//3495 5772//3577 5691//3496
f 5691//3496 5772//3577 5773//3578
f 5691//3496 5773//3578 5692//3497
f 5692//3497 5773//3578 5774//3579
f 5692//3497 5774//3579 5693//3498
f 5693//3498 5774//3579 5775//3580
f 5693//3498 5775//3580 5694//3499
f 5694//3499 5775//3580 5776//3581
f 5694//3499 5776//3581 5695//3500
f 5695//3500 5776//3581 5777//3582
f 5695//3500 5777//3582 5696//3501
f 5696//3501 5777//3582 5778//3583
f 5696//3501 5778//3583 5697//3502
f 5697//3502 5778//3583 5779//3584
f 5697//3502 5779//3584 5698//3503
f 5698//3503 5779//3584 5780//3585
f 5698//3503 5780//3585 5699//3504
f 5699//3504 5780//3585 5781//3586
f 5699//3504 5781//3586 5700//3505
f 5700//3505 5781//3586 5782//3587
f 5700//3505 5782//3587 5701//3506
f 5701//3506 5782//3587 5783//3588
f 5701//3506 5783//3588 5702//3507
f 5702//3507 5783//3588 5703//3508
f 5783//3588 5784//3589 5703//3508
f 5703//3508 5784//3589 5785//3590
f 5703//3508 5785//3590 5704//3509
f 5704//3509 5785//3590 5786//3591
f 5704//3509 5786//3591 5705//3510
f 5705//3510 5786//3591 5787//3592
f 5705//3510 5787//3592 5706//3511
f 5706//3511 5787//3592 5788//3593
f 5706//3511 5788//3593 5707//3512
f 5707//3512 5788//3593 5789//3594
f 5707//3512 5789//3594 5708//3513
f 5708//3513 5789//3594 5790//3595
f 5708//3513 5790//3595 5709//3514
f 5709//3514 5790//3595 5791//3596
f 5709//3514 5791//3596 5710//3515
f 5710//3515 5791//3596 5792//3597
f 5710//3515 5792//3597 5711//3516
f 5711//3516 5792//3597 5793//3598
f 5711//3516 5793//3598 5712//3517
f 5712//3517 5793//3598 5794//3599
f 5712//3517 5794//3599 5713//3518
f 5713//3518 5794//3599 5795//3600
f 5713//3518 5795//3600 5714//3519
f 5714//3519 5795//3600 5796//3601
f 5714//3519 5796//3601 5715//3520
f 5715//3520 5796//3601 5797//3602
f 5715//3520 5797//3602 5716//3521
f 5716//3521 5797//3602 5798//3603
f 5716//3521 5798//3603 5717//3522
f 5717//3522 5798//3603 5799//3604
f 5717//3522 5799//3604 5718//3523
f 5718//3523 5799//3604 5800//3605
f 5718//3523 5800//3605 5719//3524
f 5719//3524 5800//3605 5801//3606
f 5719//3524 5801//3606 5720//3525
f 5720//3525 5801//3606 5802//3607
f 5720//3525 5802//3607 5721//3526
f 5721//3526 5802//3607 5803//3608
f 5721//3526 5803//3608 5722//3527
f 5722//3527 5803//3608 5804//3609
f 5722//3527 5804//3609 5723//3528
f 5723//3528 5804//3609 5805//3610
f 5723//3528 5805//3610 5724//3529
f 5724//3529 5805//3610 5806//3611
f 5724//3529 5806//3611 5725//3530
f 5725//3530 5806//3611 5807//3612
f 5725//3530 5807//3612 5726//3531
f 5726//3531 5807//3612 5808//3613
f 5726//3531 5808//3613 5727//3532
f 5727//3532 5808//3613 5809//3614
f 5727//3532 5809//3614 5728//3533
f 5728//3533 5809//3614 5810//3615
f 5728//3533 5810//3615 5729//3534
f 5729//3534 5810//3615 5811//3616
f 5729//3534 5811//3616 5730//3535
f 5730//3535 5811//3616 5812//3617
f 5730//3535 5812//3617 5731//3536
f 5731//3536 5812//3617 5813//3618
f 5731//3536 5813//3618 5732//3537
f 5732//3537 5813//3618 5814//3619
f 5732//3537 5814//3619 5733//3538
f 5733//3538 5814//3619 5815//3620
f 5733//3538 5815//3620 5734//3539
f 5734//3539 5815//3620 5816//3621
f 5734//3539 5816//3621 5735//3540
f 5735//3540 5816//3621 5817//3622
f 5735//3540 5817//3622 5736//3541
f 5736//3541 5817//3622 5818//3623
f 5736//3541 5818//3623 5737//3542
f 5737//3542 5818//3623 5819//3624
f 5737//3542 5819//3624 5738//3543
f 5738//3543 5819//3624 5820//3625
f 5738//3543 5820//3625 5739//3544
f 5739//3544 5820//3625 5821//3626
f 5739//3544 5821//3626 5740//3545
f 5740//3545 5821//3626 5822//3627
f 5740//3545 5822//3627 5741//3546
f 5741//3546 5822//3627 5823//3628
f 5741//3546 5823//3628 5742//3547
f 5742//3547 5823//3628 5824//3629
f 5742//3547 5824//3629 5743//3548
f 5743//3548 5824//3629 5825//3630
f 5743//3548 5825//3630 5744//3549
f 5744//3549 5825//3630 5826//3631
f 5744//3549 5826//3631 5745//3550
f 5745//3550 5826//3631 5827//3632
f 5745//3550 5827//3632 5746//3551
f 5746//3551 5827//3632 5828//3633
f 5746//3551 5828//3633 5747//3552
f 5747//3552 5828//3633 5829//3634
f 5747//3552 5829//3634 5748//3553
f 5748//3553 5829//3634 5830//3635
f 5748//3553 5830//3635 5749//3554
f 5749//3554 5830//3635 5831//3636
f 5749//3554 5831//3636 5750//3555
f 5750//3555 5831//3636 5832//3637
f 5750//3555 5832//3637 5751//3556
f 5751//3556 5832//3637 5833//3638
f 5751//3556 5833//3638 5752//3557
f 5752//3557 5833//3638 5834//3639
f 5752//3557 5834//3639 5753//3558
f 5753//3558 5834//3639 5835//3640
f 5753//3558 5835//3640 5754//3559
f 5754//3559 5835//3640 5836//3641
f 5754//3559 5836//3641 5755//3560
f 5755//3560 5836//3641 5837//3642
f 5755//3560 5837//3642 5756//3561
f 5756//3561 5837//3642 5838//3643
f 5756//3561 5838//3643 5757//3562
f 5757//3562 5838//3643 5839//3644
f 5757//3562 5839//3644 5758//3563
f 5758//3563 5839//3644 5840//3645
f 5758//3563 5840//3645 5759//3564
f 5759//3564 5840//3645 5841//3646
f 5759//3564 5841//3646 5760//3565
f 5760//3565 5841//3646 5842//3647
f 5760//3565 5842//3647 5761//3566
f 5761//3566 5842//3647 5843//3648
f 5761//3566 5843//3648 5762//3567
f 5762//3567 5843//3648 5844//3649
f 5762//3567 5844//3649 5763//3568
f 5763//3568 5844//3649 5845//3650
f 5763//3568 5845//3650 5764//3569
f 5764//3569 5845//3650 5846//3651
f 5764//3569 5846//3651 5765//3570
f 5765//3570 5846//3651 5847//3652
f 5765//3570 5847//3652 5766//3571
f 5766//3571 5847//3652 5848//3653
f 5766//3571 5848//3653 5767//3572
f 5767//3572 5848//3653 5849//3654
f 5767//3572 5849//3654 5768//3573
f 5768//3573 5849//3654 5850//3655
f 5768//3573 5850//3655 5769//3574
f 5769//3574 5850//3655 5851//3656
f 5769//3574 5851//3656 5770//3575
f 5770//3575 5851//3656 5852//3657
f 5770//3575 5852//3657 5771//3576
f 5771//3576 5852//3657 5853//3658
f 5771//3576 5853//3658 5772//3577
f 5772//3577 5853//3658 5854//3659
f 5772//3577 5854//3659 5773//3578
f 5773//3578 5854//3659 5855//3660
f 5773//3578 5855//3660 5774//3579
f 5774//3579 5855//3660 5856//3661
f 5774//3579 5856//3661 5775//3580
f 5775//3580 5856//3661 5857//3662
f 5775//3580 5857//3662 5776//3581
f 5776//3581 5857//3662 5858//3663
f 5776//3581 5858//3663 5777//3582
f 5777//3582 5858//3663 5859//3664
f 5777//3582 5859//3664 5778//3583
f 5778//3583 5859//3664 5860//3665
f 5778//3583 5860//3665 5779//3584
f 5779//3584 5860//3665 5861//3666
f 5779//3584 5861//3666 5780//3585
f 5780//3585 5861//3666 5862//3667
f 5780//3585 5862//3667 5781//3586
f 5781//3586 5862//3667 5863//3668
f 5781//3586 5863//3668 5782//3587
f 5782//3587 5863//3668 5864//3669
f 5782//3587 5864//3669 5783//3588
f 5783//3588 5864//3669 5784//3589
f 5864//3669 5865//3670 5784//3589
f 5784//3589 5865//3670 5866//3671
f 5784//3589 5866//3671 5785//3590
f 5785//3590 5866//3671 5867//3672
f 5785//3590 5867//3672 5786//3591
f 5786//3591 5867//3672 5868//3673
f 5786//3591 5868//3673 5787//3592
f 5787//3592 5868//3673 5869//3674
f 5787//3592 5869//3674 5788//3593
f 5788//3593 5869//3674 5870//3675
f 5788//3593 5870//3675 5789//3594
f 5789//3594 5870//3675 5871//3676
f 5789//3594 5871//3676 5790//3595
f 5790//3595 5871//3676 5872//3677
f 5790//3595 5872//3677 5791//3596
f 5791//3596 5872//3677 5873//3678
f 5791//3596 5873//3678 5792//3597
f 5792//3597 5873//3678 5874//3679
f 5792//3597 5874//3679 5793//3598
f 5793//3598 5874//3679 5875//3680
f 5793//3598 5875//3680 5794//3599
f 5794//3599 5875//3680 5876//3681
f 5794//3599 5876//3681 5795//3600
f 5795//3600 5876//3681 5877//3682
f 5795//3600 5877//3682 5796//3601
f 5796//3601 5877//3682 5878//3683
f 5796//3601 5878//3683 5797//3602
f 5797//3602 5878//3683 5879//3684
f 5797//3602 5879//3684 5798//3603
f 5798//3603 5879//3684 5880//3685
f 5798//3603 5880//3685 5799//3604
f 5799//3604 5880//3685 5881//3686
f 5799//3604 5881//3686 5800//3605
f 5800//3605 5881//3686 5882//3687
f 5800//3605 5882//3687 5801//3606
f 5801//3606 5882//3687 5883//3688
f 5801//3606 5883//3688 5802//3607
f 5802//3607 5883//3688 5884//3689
f 5802//3607 5884//3689 5803//3608
f 5803//3608 5884//3689 5885//3690
f 5803//3608 5885//3690 5804//3609
f 5804//3609 5885//3690 5886//3691
f 5804//3609 5886//3691 5805//3610
f 5805//3610 5886//3691 5887//3692
f 5805//3610 5887//3692 5806//3611
f 5806//3611 5887//3692 5888//3693
f 5806//3611 5888//3693 5807//3612
f 5807//3612 5888//3693 5889//3694
f 5807//3612 5889//3694 5808//3613
f 5808//3613 5889//3694 5890//3695
f 5808//3613 5890//3695 5809//3614
f 5809//3614 5890//3695 5891//3696
f 5809//3614 5891//3696 5810//3615
f 5810//3615 5891//3696 5892//3697
f 5810//3615 5892//3697 5811//3616
f 5811//3616 5892//3697 5893//3698
f 5811//3616 5893//3698 5812//3617
f 5812//3617 5893//3698 5894//3699
f 5812//3617 5894//3699 5813//3618
f 5813//3618 5894//3699 5895//3700
f 5813//3618 5895//3700 5814//3619
f 5814//3619 5895//3700 5896//3701
f 5814//3619 5896//3701 5815//3620
f 5815//3620 5896//3701 5897//3702
f 5815//3620 5897//3702 5816//3621
f 5816//3621 5897//3702 5898//3703
f 5816//3621 5898//3703 5817//3622
f 5817//3622 5898//3703 5899//3704
f 5817//3622 5899//3704 5818//3623
f 5818//3623 5899//3704 5900//3705
f 5818//3623 5900//3705 5819//3624
f 5819//3624 5900//3705 5901//3706
f 5819//3624 5901//3706 5820//3625
f 5820//3625 5901//3706 5902//3707
f 5820//3625 5902//3707 5821//3626
f 5821//3626 5902//3707 5903//3708
f 5821//3626 5903//3708 5822//3627
f 5822//3627 5903//3708 5904//3709
f 5822//3627 5904//3709 5823//3628
f 5823//3628 5904//3709 5905//3710
f 5823//3628 5905//3710 5824//3629
f 5824//3629 5905//3710 5906//3711
f 5824//3629 5906//3711 5825//3630
f 5825//3630 5906//3711 5907//3712
f 5825//3630 5907//3712 5826//3631
f 5826//3631 5907//3712 5908//3713
f 5826//3631 5908//3713 5827//3632
f 5827//3632 5908//3713 5909//3714
f 5827//3632 5909//3714 5828//3633
f 5828//3633 5909//3714 5910//3715
f 5828//3633 5910//3715 5829//3634
f 5829//3634 5910//3715 5911//3716
f 5829//3634 5911//3716 5830//3635
f 5830//3635 5911//3716 5912//3717
f 5830//3635 5912//3717 5831//3636
f 5831//3636 5912//3717 5913//3718
f 5831//3636 5913//3718 5832//3637
f 5832//3637 5913//3718 5914//3719
f 5832//3637 5914//3719 5833//3638
f 5833//3638 5914//3719 5915//3720
f 5833//3638 5915//3720 5834//3639
f 5834//3639 5915//3720 5916//3721
f 5834//3639 5916//3721 5835//3640
f 5835//3640 5916//3721 5917//3722
f 5835//3640 5917//3722 5836//3641
f 5836//3641 5917//3722 5918//3723
f 5836//3641 5918//3723 5837//3642
f 5837//3642 5918//3723 5919//3724
f 5837//3642 5919//3724 5838//3643
f 5838//3643 5919//3724 5920//3725
f 5838//3643 5920//3725 5839//3644
f 5839//3644 5920//3725 5921//3726
f 5839//3644 5921//3726 5840//3645
f 5840//3645 5921//3726 5922//3727
f 5840//3645 5922//3727 5841//3646
f 5841//3646 5922//3727 5923//3728
f 5841//3646 5923//3728 5842//3647
f 5842//3647 5923//3728 5924//3729
f 5842//3647 5924//3729 5843//3648
f 5843//3648 5924//3729 5925//3730
f 5843//3648 5925//3730 5844//3649
f 5844//3649 5925//3730 5926//3731
f 5844//3649 5926//3731 5845//3650
f 5845//3650 5926//3731 5927//3732
f 5845//3650 5927//3732 5846//3651
f 5846//3651 5927//3732 5928//3733
f 5846//3651 5928//3733 5847//3652
f 5847//3652 5928//3733 5929//3734
f 5847//3652 5929//3734 5848//3653
f 5848//3653 5929//3734 5930//3735
f 5848//3653 5930//3735 5849//3654
f 5849//3654 5930//3735 5931//3736
f 5849//3654 5931//3736 5850//3655
f 5850//3655 5931//3736 5932//3737
f 5850//3655 5932//3737 5851//3656
f 5851//3656 5932//3737 5933//3738
f 5851//3656 5933//3738 5852//3657
f 5852//3657 5933//3738 5934//3739
f 5852//3657 5934//3739 5853//3658
f 5853//3658 5934//3739 5935//3740
f 5853//3658 5935//3740 5854//3659
f 5854//3659 5935//3740 5936//3741
f 5854//3659 5936//3741 5855//3660
f 5855//3660 5936//3741 5937//3742
f 5855//3660 5937//3742 5856//3661
f 5856//3661 5937//3742 5938//3743
f 5856//3661 5938//3743 5857//3662
f 5857//3662 5938//3743 5939//3744
f 5857//3662 5939//3744 5858//3663
f 5858//3663 5939//3744 5940//3745
f 5858//3663 5940//3745 5859//3664
f 5859//3664 5940//3745 5941//3746
f 5859//3664 5941//3746 5860//3665
f 5860//3665 5941//3746 5942//3747
f 5860//3665 5942//3747 5861//3666
f 5861//3666 5942//3747 5943//3748
f 5861//3666 5943//3748 5862//3667
f 5862//3667 5943//3748 5944//3749
f 5862//3667 5944//3749 5863//3668
f 5863//3668 5944//3749 5945//3750
f 5863//3668 5945//3750 5864//3669
f 5864//3669 5945//3750 5865//3670
f 5945//3750 5946//3751 5865//3670
f 5865//3670 5946//3751 5947//3752
f 5865//3670 5947//3752 5866//3671
f 5866//3671 5947//3752 5948//3753
f 5866//3671 5948//3753 5867//3672
f 5867//3672 5948//3753 5949//3754
f 5867//3672 5949//3754 5868//3673
f 5868//3673 5949//3754 5950//3755
f 5868//3673 5950//3755 5869//3674
f 5869//3674 5950//3755 5951//3756
f 5869//3674 5951//3756 5870//3675
f 5870//3675 5951//3756 5952//3757
f 5870//3675 5952//3757 5871//3676
f 5871//3676 5952//3757 5953//3758
f 5871//3676 5953//3758 5872//3677
f 5872//3677 5953//3758 5954//3759
f 5872//3677 5954//3759 5873//3678
f 5873//3678 5954//3759 5955//3760
f 5873//3678 5955//3760 5874//3679
f 5874//3679 5955//3760 5956//3761
f 5874//3679 5956//3761 5875//3680
f 5875//3680 5956//3761 5957//3762
f 5875//3680 5957//3762 5876//3681
f 5876//3681 5957//3762 5958//3763
f 5876//3681 5958//3763 5877//3682
f 5877//3682 5958//3763 5959//3764
f 5877//3682 5959//3764 5878//3683
f 5878//3683 5959//3764 5960//3765
f 5878//3683 5960//3765 5879//3684
f 5879//3684 5960//3765 5961//3766
f 5879//3684 5961//3766 5880//3685
f 5880//3685 5961//3766 5962//3767
f 5880//3685 5962//3767 5881//3686
f 5881//3686 5962//3767 5963//3768
f 5881//3686 5963//3768 5882//3687
f 5882//3687 5963//3768 5964//3769
f 5882//3687 5964//3769 5883//3688
f 5883//3688 5964//3769 5965//3770
f 5883//3688 5965//3770 5884//3689
f 5884//3689 5965//3770 5966//3771
f 5884//3689 5966//3771 5885//3690
f 5885//3690 5966//3771 5967//3772
f 5885//3690 5967//3772 5886//3691
f 5886//3691 5967//3772 5968//3773
f 5886//3691 5968//3773 5887//3692
f 5887//3692 5968//3773 5969//3774
f 5887//3692 5969//3774 5888//3693
f 5888//3693 5969//3774 5970//3775
f 5888//3693 5970//3775 5889//3694
f 5889//3694 5970//3775 5971//3776
f 5889//3694 5971//3776 5890//3695
f 5890//3695 5971//3776 5972//3777
f 5890//3695 5972//3777 5891//3696
f 5891//3696 5972//3777 5973//3778
f 5891//3696 5973//3778 5892//3697
f 5892//3697 5973//3778 5974//3779
f 5892//3697 5974//3779 5893//3698
f 5893//3698 5974//3779 5975//3780
f 5893//3698 5975//3780 5894//3699
f 5894//3699 5975//3780 5976//3781
f 5894//3699 5976//3781 5895//3700
f 5895//3700 5976//3781 5977//3782
f 5895//3700 5977//3782 5896//3701
f 5896//3701 5977//3782 5978//3783
f 5896//3701 5978//3783 5897//3702
f 5897//3702 5978//3783 5979//3784
f 5897//3702 5979//3784 5898//3703
f 5898//3703 5979//3784 5980//3785
f 5898//3703 5980//3785 5899//3704
f 5899//3704 5980//3785 5981//3786
f 5899//3704 5981//3786 5900//3705
f 5900//3705 5981//3786 5982//3787
f 5900//3705 5982//3787 5901//3706
f 5901//3706 5982//3787 5983//3788
f 5901//3706 5983//3788 5902//3707
f 5902//3707 5983//3788 5984//3789
f 5902//3707 5984//3789 5903//3708
f 5903//3708 5984//3789 5985//3790
f 5903//3708 5985//3790 5904//3709
f 5904//3709 5985//3790 5986//3791
f 5904//3709 5986//3791 5905//3710
f 5905//3710 5986//3791 5987//3792
f 5905//3710 5987//3792 5906//3711
f 5906//3711 5987//3792 5988//3793
f 5906//3711 5988//3793 5907//3712
f 5907//3712 5988//3793 5989//3794
f 5907//3712 5989//3794 5908//3713
f 5908//3713 5989//3794 5990//3795
f 5908//3713 5990//3795 5909//3714
f 5909//3714 5990//3795 5991//3796
f 5909//3714 5991//3796 5910//3715
f 5910//3715 5991//3796 5992//3797
f 5910//3715 5992//3797 5911//3716
f 5911//3716 5992//3797 5993//3798
f 5911//3716 5993//3798 5912//3717
f 5912//3717 5993//3798 5994//3799
f 5912//3717 5994//3799 5913//3718
f 5913//3718 5994//3799 5995//3800
f 5913//3718 5995//3800 5914//3719
f 5914//3719 5995//3800 5996//3801
f 5914//3719 5996//3801 5915//3720
f 5915//3720 5996//3801 5997//3802
f 5915//3720 5997//3802 5916//3721
f 5916//3721 5997//3802 5998//3803
f 5916//3721 5998//3803 5917//3722
f 5917//3722 5998//3803 5999//3804
f 5917//3722 5999//3804 5918//3723
f 5918//3723 5999//3804 6000//3805
f 5918//3723 6000//3805 5919//3724
f 5919//3724 6000//3805 6001//3806
f 5919//3724 6001//3806 5920//3725
f 5920//3725 6001//3806 6002//3807
f 5920//3725 6002//3807 5921//3726
f 5921//3726 6002//3807 6003//3808
f 5921//3726 6003//3808 5922//3727
f 5922//3727 6003//3808 6004//3809
f 5922//3727 6004//3809 5923//3728
f 5923//3728 6004//3809 6005//3810
f 5923//3728 6005//3810 5924//3729
f 5924//3729 6005//3810 6006//3811
f 5924//3729 6006//3811 5925//3730
f 5925//3730 6006//3811 6007//3812
f 5925//3730 6007//3812 5926//3731
f 5926//3731 6007//3812 6008//3813
f 5926//3731 6008//3813 5927//3732
f 5927//3732 6008//3813 6009//3814
f 5927//3732 6009//3814 5928//3733
f 5928//3733 6009//3814 6010//3815
f 5928//3733 6010//3815 5929//3734
f 5929//3734 6010//3815 6011//3816
f 5929//3734 6011//3816 5930//3735
f 5930//3735 6011//3816 6012//3817
f 5930//3735 6012//3817 5931//3736
f 5931//3736 6012//3817 6013//3818
f 5931//3736 6013//3818 5932//3737
f 5932//3737 6013//3818 6014//3819
f 5932//3737 6014//3819 5933//3738
f 5933//3738 6014//3819 6015//3820
f 5933//3738 6015//3820 5934//3739
f 5934//3739 6015//3820 6016//3821
f 5934//3739 6016//3821 5935//3740
f 5935//3740 6016//3821 6017//3822
f 5935//3740 6017//3822 5936//3741
f 5936//3741 6017//3822 6018//3823
f 5936//3741 6018//3823 5937//3742
f 5937//3742 6018//3823 6019//3824
f 5937//3742 6019//3824 5938//3743
f 5938//3743 6019//3824 6020//3825
f 5938//3743 6020//3825 5939//3744
f 5939//3744 6020//3825 6021//3826
f 5939//3744 6021//3826 5940//3745
f 5940//3745 6021//3826 6022//3827
f 5940//3745 6022//3827 5941//3746
f 5941//3746 6022//3827 6023//3828
f 5941//3746 6023//3828 5942//3747
f 5942//3747 6023//3828 6024//3829
f 5942//3747 6024//3829 5943//3748
f 5943//3748 6024//3829 6025//3830
f 5943//3748 6025//3830 5944//3749
f 5944//3749 6025//3830 6026//3831
f 5944//3749 6026//3831 5945//3750
f 5945//3750 6026//3831 5946//3751
f 6026//3831 6027//3832 5946//3751
f 5946//3751 6027//3832 6028//3833
f 5946//3751 6028//3833 5947//3752
f 5947//3752 6028//3833 6029//3834
f 5947//3752 6029//3834 5948//3753
f 5948//3753 6029//3834 6030//3835
f 5948//3753 6030//3835 5949//3754
f 5949//3754 6030//3835 6031//3836
f 5949//3754 6031//3836 5950//3755
f 5950//3755 6031//3836 6032//3837
f 5950//3755 6032//3837 5951//3756
f 5951//3756 6032//3837 6033//3838
f 5951//3756 6033//3838 5952//3757
f 5952//3757 6033//3838 6034//3839
f 5952//3757 6034//3839 5953//3758
f 5953//3758 6034//3839 6035//3840
f 5953//3758 6035//3840 5954//3759
f 5954//3759 6035//3840 6036//3841
f 5954//3759 6036//3841 5955//3760
f 5955//3760 6036//3841 6037//3842
f 5955//3760 6037//3842 5956//3761
f 5956//3761 6037//3842 6038//3843
f 5956//3761 6038//3843 5957//3762
f 5957//3762 6038//3843 6039//3844
f 5957//3762 6039//3844 5958//3763
f 5958//3763 6039//3844 6040//3845
f 5958//3763 6040//3845 5959//3764
f 5959//3764 6040//3845 6041//3846
f 5959//3764 6041//3846 5960//3765
f 5960//3765 6041//3846 6042//3847
f 5960//3765 6042//3847 5961//3766
f 5961//3766 6042//3847 6043//3848
f 5961//3766 6043//3848 5962//3767
f 5962//3767 6043//3848 6044//3849
f 5962//3767 6044//3849 5963//3768
f 5963//3768 6044//3849 6045//3850
f 5963//3768 6045//3850 5964//3769
f 5964//3769 6045//3850 6046//3851
f 5964//3769 6046//3851 5965//3770
f 5965//3770 6046//3851 6047//3852
f 5965//3770 6047//3852 5966//3771
f 5966//3771 6047//3852 6048//3853
f 5966//3771 6048//3853 5967//3772
f 5967//3772 6048//3853 6049//3854
f 5967//3772 6049//3854 5968//3773
f 5968//3773 6049//3854 6050//3855
f 5968//3773 6050//3855 5969//3774
f 5969//3774 6050//3855 6051//3856
f 5969//3774 6051//3856 5970//3775
f 5970//3775 6051//3856 6052//3857
f 5970//3775 6052//3857 5971//3776
f 5971//3776 6052//3857 6053//3858
f 5971//3776 6053//3858 5972//3777
f 5972//3777 6053//3858 6054//3859
f 5972//3777 6054//3859 5973//3778
f 5973//3778 6054//3859 6055//3860
f 5973//3778 6055//3860 5974//3779
f 5974//3779 6055//3860 6056//3861
f 5974//3779 6056//3861 5975//3780
f 5975//3780 6056//3861 6057//3862
f 5975//3780 6057//3862 5976//3781
f 5976//3781 6057//3862 6058//3863
f 5976//3781 6058//3863 5977//3782
f 5977//3782 6058//3863 6059//3864
f 5977//3782 6059//3864 5978//3783
f 5978//3783 6059//3864 6060//3865
f 5978//3783 6060//3865 5979//3784
f 5979//3784 6060//3865 6061//3866
f 5979//3784 6061//3866 5980//3785
f 5980//3785 6061//3866 6062//3867
f 5980//3785 6062//3867 5981//3786
f 5981//3786 6062//3867 6063//3868
f 5981//3786 6063//3868 5982//3787
f 5982//3787 6063//3868 6064//3869
f 5982//3787 6064//3869 5983//3788
f 5983//3788 6064//3869 6065//3870
f 5983//3788 6065//3870 5984//3789
f 5984//3789 6065//3870 6066//3871
f 5984//3789 6066//3871 5985//3790
f 5985//3790 6066//3871 6067//3872
f 5985//3790 6067//3872 5986//3791
f 5986//3791 6067//3872 6068//3873
f 5986//3791 6068//3873 5987//3792
f 5987//3792 6068//3873 6069//3874
f 5987//3792 6069//3874 5988//3793
f 5988//3793 6069//3874 6070//3875
f 5988//3793 6070//3875 5989//3794
f 5989//3794 6070//3875 6071//3876
f 5989//3794 6071//3876 5990//3795
f 5990//3795 6071//3876 6072//3877
f 5990//3795 6072//3877 5991//3796
f 5991//3796 6072//3877 6073//3878
f 5991//3796 6073//3878 5992//3797
f 5992//3797 6073//3878 6074//3879
f 5992//3797 6074//3879 5993//3798
f 5993//3798 6074//3879 6075//3880
f 5993//3798 6075//3880 5994//3799
f 5994//3799 6075//3880 6076//3881
f 5994//3799 6076//3881 5995//3800
f 5995//3800 6076//3881 6077//3882
f 5995//3800 6077//3882 5996//3801
f 5996//3801 6077//3882 6078//3883
f 5996//3801 6078//3883 5997//3802
f 5997//3802 6078//3883 6079//3884
f 5997//3802 6079//3884 5998//3803
f 5998//3803 6079//3884 6080//3885
f 5998//3803 6080//3885 5999//3804
f 5999//3804 6080//3885 6081//3886
f 5999//3804 6081//3886 6000//3805
f 6000//3805 6081//3886 6082//3887
f 6000//3805 6082//3887 6001//3806
f 6001//3806 6082//3887 6083//3888
f 6001//3806 6083//3888 6002//3807
f 6002//3807 6083//3888 6084//3889
f 6002//3807 6084//3889 6003//3808
f 6003//3808 6084//3889 6085//3890
f 6003//3808 6085//3890 6004//3809
f 6004//3809 6085//3890 6086//3891
f 6004//3809 6086//3891 6005//3810
f 6005//3810 6086//3891 6087//3892
f 6005//3810 6087//3892 6006//3811
f 6006//3811 6087//3892 6088//3893
f 6006//3811 6088//3893 6007//3812
f 6007//3812 6088//3893 6089//3894
f 6007//3812 6089//3894 6008//3813
f 6008//3813 6089//3894 6090//3895
f 6008//3813 6090//3895 6009//3814
f 6009//3814 6090//3895 6091//3896
f 6009//3814 6091//3896 6010//3815
f 6010//3815 6091//3896 6092//3897
f 6010//3815 6092//3897 6011//3816
f 6011//3816 6092//3897 6093//3898
f 6011//3816 6093//3898 6012//3817
f 6012//3817 6093//3898 6094//3899
f 6012//3817 6094//3899 6013//3818
f 6013//3818 6094//3899 6095//3900
f 6013//3818 6095//3900 6014//3819
f 6014//3819 6095//3900 6096//3901
f 6014//3819 6096//3901 6015//3820
f 6015//3820 6096//3901 6097//3902
f 6015//3820 6097//3902 6016//3821
f 6016//3821 6097//3902 6098//3903
f 6016//3821 6098//3903 6017//3822
f 6017//3822 6098//3903 6099//3904
f 6017//3822 6099//3904 6018//3823
f 6018//3823 6099//3904 6100//3905
f 6018//3823 6100//3905 6019//3824
f 6019//3824 6100//3905 6101//3906
f 6019//3824 6101//3906 6020//3825
f 6020//3825 6101//3906 6102//3907
f 6020//3825 6102//3907 6021//3826
f 6021//3826 6102//3907 6103//3908
f 6021//3826 6103//3908 6022//3827
f 6022//3827 6103//3908 6104//3909
f 6022//3827 6104//3909 6023//3828
f 6023//3828 6104//3909 6105//3910
f 6023//3828 6105//3910 6024//3829
f 6024//3829 6105//3910 6106//3911
f 6024//3829 6106//3911 6025//3830
f 6025//3830 6106//3911 6107//3912
f 6025//3830 6107//3912 6026//3831
f 6026//3831 6107//3912 6027//3832
f 6107//3912 4220//2681 6027//3832
f 6027//3832 4220//2681 4222//2683
f 6027//3832 4222//2683 6028//3833
f 6028//3833 4222//2683 4224//2685
f 6028//3833 4224//2685 6029//3834
f 6029//3834 4224//2685 4226//2687
f 6029//3834 4226//2687 6030//3835
f 6030//3835 4226//2687 4228//2689
f 6030//3835 4228//2689 6031//3836
f 6031//3836 4228//2689 4230//2691
f 6031//3836 4230//2691 6032//3837
f 6032//3837 4230//2691 4232//2693
f 6032//3837 4232//2693 6033//3838
f 6033//3838 4232//2693 4234//2695
f 6033//3838 4234//2695 6034//3839
f 6034//3839 4234//2695 4270//2731
f 6034//3839 4270//2731 6035//3840
f 6035//3840 4270//2731 4272//2733
f 6035//3840 4272//2733 6036//3841
f 6036//3841 4272//2733 4274//2735
f 6036//3841 4274//2735 6037//3842
f 6037//3842 4274//2735 4276//2737
f 6037//3842 4276//2737 6038//3843
f 6038//3843 4276//2737 4278//2739
f 6038//3843 4278//2739 6039//3844
f 6039//3844 4278//2739 4280//2741
f 6039//3844 4280//2741 6040//3845
f 6040//3845 4280//2741 4282//2743
f 6040//3845 4282//2743 6041//3846
f 6041//3846 4282//2743 4284//2745
f 6041//3846 4284//2745 6042//3847
f 6042//3847 4284//2745 4286//2747
f 6042//3847 4286//2747 6043//3848
f 6043//3848 4286//2747 4288//2749
f 6043//3848 4288//2749 6044//3849
f 6044//3849 4288//2749 4290//2751
f 6044//3849 4290//2751 6045//3850
f 6045//3850 4290//2751 4292//2753
f 6045//3850 4292//2753 6046//3851
f 6046//3851 4292//2753 4294//2755
f 6046//3851 4294//2755 6047//3852
f 6047//3852 4294//2755 4296//2757
f 6047//3852 4296//2757 6048//3853
f 6048//3853 4296//2757 4298//2759
f 6048//3853 4298//2759 6049//3854
f 6049//3854 4298//2759 4300//2761
f 6049//3854 4300//2761 6050//3855
f 6050//3855 4300//2761 4336//2797
f 6050//3855 4336//2797 6051//3856
f 6051//3856 4336//2797 4338//2799
f 6051//3856 4338//2799 6052//3857
f 6052//3857 4338//2799 4340//2801
f 6052//3857 4340//2801 6053//3858
f 6053//3858 4340//2801 4342//2803
f 6053//3858 4342//2803 6054//3859
f 6054//3859 4342//2803 4344//2805
f 6054//3859 4344//2805 6055//3860
f 6055//3860 4344//2805 4346//2807
f 6055//3860 4346//2807 6056//3861
f 6056//3861 4346//2807 4348//2809
f 6056//3861 4348//2809 6057//3862
f 6057//3862 4348//2809 4350//2811
f 6057//3862 4350//2811 6058//3863
f 6058//3863 4350//2811 4352//2813
f 6058//3863 4352//2813 6059//3864
f 6059//3864 4352//2813 4354//2815
f 6059//3864 4354//2815 6060//3865
f 6060//3865 4354//2815 4356//2817
f 6060//3865 4356//2817 6061//3866
f 6061//3866 4356//2817 4358//2819
f 6061//3866 4358//2819 6062//3867
f 6062//3867 4358//2819 4360//2821
f 6062//3867 4360//2821 6063//3868
f 6063//3868 4360//2821 4362//2823
f 6063//3868 4362//2823 6064//3869
f 6064//3869 4362//2823 4364//2825
f 6064//3869 4364//2825 6065//3870
f 6065//3870 4364//2825 4301//2762
f 6065//3870 4301//2762 6066//3871
f 6066//3871 4301//2762 4303//2764
f 6066//3871 4303//2764 6067//3872
f 6067//3872 4303//2764 4305//2766
f 6067//3872 4305//2766 6068//3873
f 6068//3873 4305//2766 4307//2768
f 6068//3873 4307//2768 6069//3874
f 6069//3874 4307//2768 4309//2770
f 6069//3874 4309//2770 6070//3875
f 6070//3875 4309//2770 4311//2772
f 6070//3875 4311//2772 6071//3876
f 6071//3876 4311//2772 4313//2774
f 6071//3876 4313//2774 6072//3877
f 6072//3877 4313//2774 4315//2776
f 6072//3877 4315//2776 6073//3878
f 6073//3878 4315//2776 4317//2778
f 6073//3878 4317//2778 6074//3879
f 6074//3879 4317//2778 4319//2780
f 6074//3879 4319//2780 6075//3880
f 6075//3880 4319//2780 4321//2782
f 6075//3880 4321//2782 6076//3881
f 6076//3881 4321//2782 4323//2784
f 6076//3881 4323//2784 6077//3882
f 6077//3882 4323//2784 4325//2786
f 6077//3882 4325//2786 6078//3883
f 6078//3883 4325//2786 4327//2788
f 6078//3883 4327//2788 6079//3884
f 6079//3884 4327//2788 4329//2790
f 6079//3884 4329//2790 6080//3885
f 6080//3885 4329//2790 4331//2792
f 6080//3885 4331//2792 6081//3886
f 6081//3886 4331//2792 4235//2696
f 6081//3886 4235//2696 6082//3887
f 6082//3887 4235//2696 4237//2698
f 6082//3887 4237//2698 6083//3888
f 6083//3888 4237//2698 4239//2700
f 6083//3888 4239//2700 6084//3889
f 6084//3889 4239//2700 4241//2702
f 6084//3889 4241//2702 6085//3890
f 6085//3890 4241//2702 4243//2704
f 6085//3890 4243//2704 6086//3891
f 6086//3891 4243//2704 4245//2706
f 6086//3891 4245//2706 6087//3892
f 6087//3892 4245//2706 4247//2708
f 6087//3892 4247//2708 6088//3893
f 6088//3893 4247//2708 4249//2710
f 6088//3893 4249//2710 6089//3894
f 6089//3894 4249//2710 4251//2712
f 6089//3894 4251//2712 6090//3895
f 6090//3895 4251//2712 4253//2714
f 6090//3895 4253//2714 6091//3896
f 6091//3896 4253//2714 4255//2716
f 6091//3896 4255//2716 6092//3897
f 6092//3897 4255//2716 4257//2718
f 6092//3897 4257//2718 6093//3898
f 6093//3898 4257//2718 4259//2720
f 6093//3898 4259//2720 6094//3899
f 6094//3899 4259//2720 4261//2722
f 6094//3899 4261//2722 6095//3900
f 6095//3900 4261//2722 4263//2724
f 6095//3900 4263//2724 6096//3901
f 6096//3901 4263//2724 4265//2726
f 6096//3901 4265//2726 6097//3902
f 6097//3902 4265//2726 4200//2661
f 6097//3902 4200//2661 6098//3903
f 6098//3903 4200//2661 4202//2663
f 6098//3903 4202//2663 6099//3904
f 6099//3904 4202//2663 4204//2665
f 6099//3904 4204//2665 6100//3905
f 6100//3905 4204//2665 4206//2667
f 6100//3905 4206//2667 6101//3906
f 6101//3906 4206//2667 4208//2669
f 6101//3906 4208//2669 6102//3907
f 6102//3907 4208//2669 4210//2671
f 6102//3907 4210//2671 6103//3908
f 6103//3908 4210//2671 4212//2673
f 6103//3908 4212//2673 6104//3909
f 6104//3909 4212//2673 4214//2675
f 6104//3909 4214//2675 6105//3910
f 6105//3910 4214//2675 4216//2677
f 6105//3910 4216//2677 6106//3911
f 6106//3911 4216//2677 4218//2679
f 6106//3911 4218//2679 6107//3912
f 6107//3912 4218//2679 4220//2681
f 4063//2524 4062//2523 6108//3913
f 4135//2596 4136//2597 6109//3914
f 4137//2598 4142//2603 6110//3915
f 4138//2599 4143//2604 6111//3916
f 4144//2605 4145//2606 6112//3917
f 4150//2611 4149//2610 6113//3918
f 4148//2609 4147//2608 6114//3919
f 4153//2614 4154//2615 6115//3920
f 4155//2616 4156//2617 6116//3921
f 4161//2622 4160//2621 6117//3922
f 4159//2620 4158//2619 6118//3923
f 4163//2624 4164//2625 6119//3924
f 4165//2626 4166//2627 6120//3925
f 4167//2628 4168//2629 6121//3926
f 4170//2631 4171//2632 6122//3927
f 4172//2633 4174//2635 6123//3928
f 4178//2639 4177//2638 6124//3929
f 4176//2637 4175//2636 6125//3930
f 4061//2522 4060//2521 6126//3931
f 4180//2641 4181//2642 6127//3932
f 4059//2520 4058//2519 6128//3933
f 4183//2644 4184//2645 6129//3934
f 4185//2646 4186//2647 6130//3935
f 4188//2649 4193//2654 6131//3936
f 4192//2653 4191//2652 6132//3937
f 4189//2650 4194//2655 6133//3938
f 4195//2656 4199//2660 6134//3939
f 4196//2657 4067//2528 6135//3940
f 4066//2527 4069//2530 6136//3941
f 4071//2532 4070//2531 6137//3942
f 4073//2534 4072//2533 6138//3943
f 4077//2538 4076//2537 6139//3944
f 4075//2536 4074//2535 6140//3945
f 4079//2540 4080//2541 6141//3946
f 4083//2544 4082//2543 6142//3947
f 4085//2546 4084//2545 6143//3948
f 4088//2549 4087//2548 6144//3949
f 4086//2547 4093//2554 6145//3950
f 4065//2526 4064//2525 6146//3951
f 4094//2555 4095//2556 6147//3952
f 4099//2560 4098//2559 6148//3953
f 4097//2558 4104//2565 6149//3954
f 4100//2561 4106//2567 6150//3955
f 4105//2566 4108//2569 6151//3956
f 4112//2573 4111//2572 6152//3957
f 4110//2571 4109//2570 6153//3958
f 4114//2575 4113//2574 6154//3959
f 4117//2578 4118//2579 6155//3960
f 4122//2583 4121//2582 6156//3961
f 4120//2581 4124//2585 6157//3962
f 4128//2589 4127//2588 6158//3963
f 4126//2587 4125//2586 6159//3964
f 4129//2590 4130//2591 6160//3965
f 4133//2594 4132//2593 6161//3966
f 4250//2711 4248//2709 6162//3967
f 6162//3967 4248//2709 6163//3968
f 6162//3967 6163//3968 6164//3969
f 6164//3969 6163//3968 6165//3970
f 6164//3969 6165//3970 6166//3971
f 6166//3971 6165//3970 6167//3972
f 6166//3971 6167//3972 6168//3973
f 6168//3973 6167//3972 6169//3974
f 6168//3973 6169//3974 6170//3975
f 6170//3975 6169//3974 6171//3976
f 6170//3975 6171//3976 6172//3977
f 6172//3977 6171//3976 6173//3978
f 6172//3977 6173//3978 6174//3979
f 6174//3979 6173//3978 6175//3980
f 6174//3979 6175//3980 6176//3981
f 6176//3981 6175//3980 6149//3954
f 4236//2697 4333//2794 6177//3982
f 6177//3982 4333//2794 6178//3983
f 6177//3982 6178//3983 6179//3984
f 6179//3984 6178//3983 6180//3985
f 6179//3984 6180//3985 6181//3986
f 6181//3986 6180//3985 6182//3987
f 6181//3986 6182//3987 6183//3988
f 6183//3988 6182//3987 6184//3989
f 6183//3988 6184//3989 6185//3990
f 6185//3990 6184//3989 6186//3991
f 6185//3990 6186//3991 6187//3992
f 6187//3992 6186//3991 6188//3993
f 6187//3992 6188//3993 6189//3994
f 6189//3994 6188//3993 6190//3995
f 6189//3994 6190//3995 6191//3996
f 6191//3996 6190//3995 6145//3950
f 4355//2816 4353//2814 6192//3997
f 6192//3997 4353//2814 6193//3998
f 6192//3997 6193//3998 6194//3999
f 6194//3999 6193//3998 6195//4000
f 6194//3999 6195//4000 6196//4001
f 6196//4001 6195//4000 6197//4002
f 6196//4001 6197//4002 6198//4003
f 6198//4003 6197//4002 6199//4004
f 6198//4003 6199//4004 6200//4005
f 6200//4005 6199//4004 6201//4006
f 6200//4005 6201//4006 6202//4007
f 6202//4007 6201//4006 6203//4008
f 6202//4007 6203//4008 6204//4009
f 6204//4009 6203//4008 6205//4010
f 6204//4009 6205//4010 6206//4011
f 6206//4011 6205//4010 6130//3935
f 4229//2690 4227//2688 6207//4012
f 6207//4012 4227//2688 6208//4013
f 6207//4012 6208//4013 6209//4014
f 6209//4014 6208//4013 6210//4015
f 6209//4014 6210//4015 6211//4016
f 6211//4016 6210//4015 6212//4017
f 6211//4016 6212//4017 6213//4018
f 6213//4018 6212//4017 6214//4019
f 6213//4018 6214//4019 6215//4020
f 6215//4020 6214//4019 6216//4021
f 6215//4020 6216//4021 6217//4022
f 6217//4022 6216//4021 6218//4023
f 6217//4022 6218//4023 6219//4024
f 6219//4024 6218//4023 6220//4025
f 6219//4024 6220//4025 6221//4026
f 6221//4026 6220//4025 6110//3915
f 4131//2592 4133//2594 6222//4027
f 6222//4027 4133//2594 6161//3966
f 6222//4027 6161//3966 6223//4028
f 6223//4028 6161//3966 6224//4029
f 6223//4028 6224//4029 6225//4030
f 6225//4030 6224//4029 6226//4031
f 6225//4030 6226//4031 6227//4032
f 6227//4032 6226//4031 6228//4033
f 6227//4032 6228//4033 6229//4034
f 6229//4034 6228//4033 6230//4035
f 6229//4034 6230//4035 6231//4036
f 6231//4036 6230//4035 6232//4037
f 6231//4036 6232//4037 6233//4038
f 6233//4038 6232//4037 6234//4039
f 6233//4038 6234//4039 6235//4040
f 6235//4040 6234//4039 6236//4041
f 6235//4040 6236//4041 4217//2678
f 4217//2678 6236//4041 4219//2680
f 4217//2678 4215//2676 6235//4040
f 6235//4040 4215//2676 6237//4042
f 6235//4040 6237//4042 6233//4038
f 6233//4038 6237//4042 6238//4043
f 6233//4038 6238//4043 6231//4036
f 6231//4036 6238//4043 6239//4044
f 6231//4036 6239//4044 6229//4034
f 6229//4034 6239//4044 6240//4045
f 6229//4034 6240//4045 6227//4032
f 6227//4032 6240//4045 6241//4046
f 6227//4032 6241//4046 6225//4030
f 6225//4030 6241//4046 6242//4047
f 6225//4030 6242//4047 6223//4028
f 6223//4028 6242//4047 6243//4048
f 6223//4028 6243//4048 6222//4027
f 6222//4027 6243//4048 6160//3965
f 6222//4027 6160//3965 4131//2592
f 4131//2592 6160//3965 4130//2591
f 4215//2676 4213//2674 6237//4042
f 6237//4042 4213//2674 6244//4049
f 6237//4042 6244//4049 6238//4043
f 6238//4043 6244//4049 6245//4050
f 6238//4043 6245//4050 6239//4044
f 6239//4044 6245//4050 6246//4051
f 6239//4044 6246//4051 6240//4045
f 6240//4045 6246//4051 6247//4052
f 6240//4045 6247//4052 6241//4046
f 6241//4046 6247//4052 6248//4053
f 6241//4046 6248//4053 6242//4047
f 6242//4047 6248//4053 6249//4054
f 6242//4047 6249//4054 6243//4048
f 6243//4048 6249//4054 6250//4055
f 6243//4048 6250//4055 6160//3965
f 6160//3965 6250//4055 6159//3964
f 6160//3965 6159//3964 4129//2590
f 4129//2590 6159//3964 4125//2586
f 4127//2588 4126//2587 6158//3963
f 6158//3963 4126//2587 6159//3964
f 6158//3963 6159//3964 6251//4056
f 6251//4056 6159//3964 6250//4055
f 6251//4056 6250//4055 6252//4057
f 6252//4057 6250//4055 6249//4054
f 6252//4057 6249//4054 6253//4058
f 6253//4058 6249//4054 6248//4053
f 6253//4058 6248//4053 6254//4059
f 6254//4059 6248//4053 6247//4052
f 6254//4059 6247//4052 6255//4060
f 6255//4060 6247//4052 6246//4051
f 6255//4060 6246//4051 6256//4061
f 6256//4061 6246//4051 6245//4050
f 6256//4061 6245//4050 6257//4062
f 6257//4062 6245//4050 6244//4049
f 6257//4062 6244//4049 4211//2672
f 4211//2672 6244//4049 4213//2674
f 4123//2584 4128//2589 6258//4063
f 6258//4063 4128//2589 6158//3963
f 6258//4063 6158//3963 6259//4064
f 6259//4064 6158//3963 6251//4056
f 6259//4064 6251//4056 6260//4065
f 6260//4065 6251//4056 6252//4057
f 6260//4065 6252//4057 6261//4066
f 6261//4066 6252//4057 6253//4058
f 6261//4066 6253//4058 6262//4067
f 6262//4067 6253//4058 6254//4059
f 6262//4067 6254//4059 6263//4068
f 6263//4068 6254//4059 6255//4060
f 6263//4068 6255//4060 6264//4069
f 6264//4069 6255//4060 6256//4061
f 6264//4069 6256//4061 6265//4070
f 6265//4070 6256//4061 6257//4062
f 6265//4070 6257//4062 4209//2670
f 4209//2670 6257//4062 4211//2672
f 4209//2670 4207//2668 6265//4070
f 6265//4070 4207//2668 6266//4071
f 6265//4070 6266//4071 6264//4069
f 6264//4069 6266//4071 6267//4072
f 6264//4069 6267//4072 6263//4068
f 6263//4068 6267//4072 6268//4073
f 6263//4068 6268//4073 6262//4067
f 6262//4067 6268//4073 6269//4074
f 6262//4067 6269//4074 6261//4066
f 6261//4066 6269//4074 6270//4075
f 6261//4066 6270//4075 6260//4065
f 6260//4065 6270//4075 6271//4076
f 6260//4065 6271//4076 6259//4064
f 6259//4064 6271//4076 6272//4077
f 6259//4064 6272//4077 6258//4063
f 6258//4063 6272//4077 6157//3962
f 6258//4063 6157//3962 4123//2584
f 4123//2584 6157//3962 4124//2585
f 4207//2668 4205//2666 6266//4071
f 6266//4071 4205//2666 6273//4078
f 6266//4071 6273//4078 6267//4072
f 6267//4072 6273//4078 6274//4079
f 6267//4072 6274//4079 6268//4073
f 6268//4073 6274//4079 6275//4080
f 6268//4073 6275//4080 6269//4074
f 6269//4074 6275//4080 6276//4081
f 6269//4074 6276//4081 6270//4075
f 6270//4075 6276//4081 6277//4082
f 6270//4075 6277//4082 6271//4076
f 6271//4076 6277//4082 6278//4083
f 6271//4076 6278//4083 6272//4077
f 6272//4077 6278//4083 6279//4084
f 6272//4077 6279//4084 6157//3962
f 6157//3962 6279//4084 6156//3961
f 6157//3962 6156//3961 4120//2581
f 4120//2581 6156//3961 4121//2582
f 4119//2580 4122//2583 6280//4085
f 6280//4085 4122//2583 6156//3961
f 6280//4085 6156//3961 6281//4086
f 6281//4086 6156//3961 6279//4084
f 6281//4086 6279//4084 6282//4087
f 6282//4087 6279//4084 6278//4083
f 6282//4087 6278//4083 6283//4088
f 6283//4088 6278//4083 6277//4082
f 6283//4088 6277//4082 6284//4089
f 6284//4089 6277//4082 6276//4081
f 6284//4089 6276//4081 6285//4090
f 6285//4090 6276//4081 6275//4080
f 6285//4090 6275//4080 6286//4091
f 6286//4091 6275//4080 6274//4079
f 6286//4091 6274//4079 6287//4092
f 6287//4092 6274//4079 6273//4078
f 6287//4092 6273//4078 4203//2664
f 4203//2664 6273//4078 4205//2666
f 4203//2664 4201//2662 6287//4092
f 6287//4092 4201//2662 6288//4093
f 6287//4092 6288//4093 6286//4091
f 6286//4091 6288//4093 6289//4094
f 6286//4091 6289//4094 6285//4090
f 6285//4090 6289//4094 6290//4095
f 6285//4090 6290//4095 6284//4089
f 6284//4089 6290//4095 6291//4096
f 6284//4089 6291//4096 6283//4088
f 6283//4088 6291//4096 6292//4097
f 6283//4088 6292//4097 6282//4087
f 6282//4087 6292//4097 6293//4098
f 6282//4087 6293//4098 6281//4086
f 6281//4086 6293//4098 6294//4099
f 6281//4086 6294//4099 6280//4085
f 6280//4085 6294//4099 6155//3960
f 6280//4085 6155//3960 4119//2580
f 4119//2580 6155//3960 4118//2579
f 4201//2662 4267//2728 6288//4093
f 6288//4093 4267//2728 6295//4100
f 6288//4093 6295//4100 6289//4094
f 6289//4094 6295//4100 6296//4101
f 6289//4094 6296//4101 6290//4095
f 6290//4095 6296//4101 6297//4102
f 6290//4095 6297//4102 6291//4096
f 6291//4096 6297//4102 6298//4103
f 6291//4096 6298//4103 6292//4097
f 6292//4097 6298//4103 6299//4104
f 6292//4097 6299//4104 6293//4098
f 6293//4098 6299//4104 6300//4105
f 6293//4098 6300//4105 6294//4099
f 6294//4099 6300//4105 6301//4106
f 6294//4099 6301//4106 6155//3960
f 6155//3960 6301//4106 6154//3959
f 6155//3960 6154//3959 4117//2578
f 4117//2578 6154//3959 4113//2574
f 4115//2576 4114//2575 6302//4107
f 6302//4107 4114//2575 6154//3959
f 6302//4107 6154//3959 6303//4108
f 6303//4108 6154//3959 6301//4106
f 6303//4108 6301//4106 6304//4109
f 6304//4109 6301//4106 6300//4105
f 6304//4109 6300//4105 6305//4110
f 6305//4110 6300//4105 6299//4104
f 6305//4110 6299//4104 6306//4111
f 6306//4111 6299//4104 6298//4103
f 6306//4111 6298//4103 6307//4112
f 6307//4112 6298//4103 6297//4102
f 6307//4112 6297//4102 6308//4113
f 6308//4113 6297//4102 6296//4101
f 6308//4113 6296//4101 6309//4114
f 6309//4114 6296//4101 6295//4100
f 6309//4114 6295//4100 4266//2727
f 4266//2727 6295//4100 4267//2728
f 4266//2727 4264//2725 6309//4114
f 6309//4114 4264//2725 6310//4115
f 6309//4114 6310//4115 6308//4113
f 6308//4113 6310//4115 6311//4116
f 6308//4113 6311//4116 6307//4112
f 6307//4112 6311//4116 6312//4117
f 6307//4112 6312//4117 6306//4111
f 6306//4111 6312//4117 6313//4118
f 6306//4111 6313//4118 6305//4110
f 6305//4110 6313//4118 6314//4119
f 6305//4110 6314//4119 6304//4109
f 6304//4109 6314//4119 6315//4120
f 6304//4109 6315//4120 6303//4108
f 6303//4108 6315//4120 6316//4121
f 6303//4108 6316//4121 6302//4107
f 6302//4107 6316//4121 6317//4122
f 6302//4107 6317//4122 4115//2576
f 4115//2576 6317//4122 4116//2577
f 4264//2725 4262//2723 6310//4115
f 6310//4115 4262//2723 6318//4123
f 6310//4115 6318//4123 6311//4116
f 6311//4116 6318//4123 6319//4124
f 6311//4116 6319//4124 6312//4117
f 6312//4117 6319//4124 6320//4125
f 6312//4117 6320//4125 6313//4118
f 6313//4118 6320//4125 6321//4126
f 6313//4118 6321//4126 6314//4119
f 6314//4119 6321//4126 6322//4127
f 6314//4119 6322//4127 6315//4120
f 6315//4120 6322//4127 6323//4128
f 6315//4120 6323//4128 6316//4121
f 6316//4121 6323//4128 6324//4129
f 6316//4121 6324//4129 6317//4122
f 6317//4122 6324//4129 6153//3958
f 6317//4122 6153//3958 4116//2577
f 4116//2577 6153//3958 4109//2570
f 4262//2723 4260//2721 6318//4123
f 6318//4123 4260//2721 6325//4130
f 6318//4123 6325//4130 6319//4124
f 6319//4124 6325//4130 6326//4131
f 6319//4124 6326//4131 6320//4125
f 6320//4125 6326//4131 6327//4132
f 6320//4125 6327//4132 6321//4126
f 6321//4126 6327//4132 6328//4133
f 6321//4126 6328//4133 6322//4127
f 6322//4127 6328//4133 6329//4134
f 6322//4127 6329//4134 6323//4128
f 6323//4128 6329//4134 6330//4135
f 6323//4128 6330//4135 6324//4129
f 6324//4129 6330//4135 6331//4136
f 6324//4129 6331//4136 6153//3958
f 6153//3958 6331//4136 6152//3957
f 6153//3958 6152//3957 4110//2571
f 4110//2571 6152//3957 4111//2572
f 4107//2568 4112//2573 6332//4137
f 6332//4137 4112//2573 6152//3957
f 6332//4137 6152//3957 6333//4138
f 6333//4138 6152//3957 6331//4136
f 6333//4138 6331//4136 6334//4139
f 6334//4139 6331//4136 6330//4135
f 6334//4139 6330//4135 6335//4140
f 6335//4140 6330//4135 6329//4134
f 6335//4140 6329//4134 6336//4141
f 6336//4141 6329//4134 6328//4133
f 6336//4141 6328//4133 6337//4142
f 6337//4142 6328//4133 6327//4132
f 6337//4142 6327//4132 6338//4143
f 6338//4143 6327//4132 6326//4131
f 6338//4143 6326//4131 6339//4144
f 6339//4144 6326//4131 6325//4130
f 6339//4144 6325//4130 4258//2719
f 4258//2719 6325//4130 4260//2721
f 4258//2719 4256//2717 6339//4144
f 6339//4144 4256//2717 6340//4145
f 6339//4144 6340//4145 6338//4143
f 6338//4143 6340//4145 6341//4146
f 6338//4143 6341//4146 6337//4142
f 6337//4142 6341//4146 6342//4147
f 6337//4142 6342//4147 6336//4141
f 6336//4141 6342//4147 6343//4148
f 6336//4141 6343//4148 6335//4140
f 6335//4140 6343//4148 6344//4149
f 6335//4140 6344//4149 6334//4139
f 6334//4139 6344//4149 6345//4150
f 6334//4139 6345//4150 6333//4138
f 6333//4138 6345//4150 6346//4151
f 6333//4138 6346//4151 6332//4137
f 6332//4137 6346//4151 6151//3956
f 6332//4137 6151//3956 4107//2568
f 4107//2568 6151//3956 4108//2569
f 4256//2717 4254//2715 6340//4145
f 6340//4145 4254//2715 6347//4152
f 6340//4145 6347//4152 6341//4146
f 6341//4146 6347//4152 6348//4153
f 6341//4146 6348//4153 6342//4147
f 6342//4147 6348//4153 6349//4154
f 6342//4147 6349//4154 6343//4148
f 6343//4148 6349//4154 6350//4155
f 6343//4148 6350//4155 6344//4149
f 6344//4149 6350//4155 6351//4156
f 6344//4149 6351//4156 6345//4150
f 6345//4150 6351//4156 6352//4157
f 6345//4150 6352//4157 6346//4151
f 6346//4151 6352//4157 6353//4158
f 6346//4151 6353//4158 6151//3956
f 6151//3956 6353//4158 6150//3955
f 6151//3956 6150//3955 4105//2566
f 4105//2566 6150//3955 4106//2567
f 4101//2562 4100//2561 6354//4159
f 6354//4159 4100//2561 6150//3955
f 6354//4159 6150//3955 6355//4160
f 6355//4160 6150//3955 6353//4158
f 6355//4160 6353//4158 6356//4161
f 6356//4161 6353//4158 6352//4157
f 6356//4161 6352//4157 6357//4162
f 6357//4162 6352//4157 6351//4156
f 6357//4162 6351//4156 6358//4163
f 6358//4163 6351//4156 6350//4155
f 6358//4163 6350//4155 6359//4164
f 6359//4164 6350//4155 6349//4154
f 6359//4164 6349//4154 6360//4165
f 6360//4165 6349//4154 6348//4153
f 6360//4165 6348//4153 6361//4166
f 6361//4166 6348//4153 6347//4152
f 6361//4166 6347//4152 4252//2713
f 4252//2713 6347//4152 4254//2715
f 4252//2713 4250//2711 6361//4166
f 6361//4166 4250//2711 6162//3967
f 6361//4166 6162//3967 6360//4165
f 6360//4165 6162//3967 6164//3969
f 6360//4165 6164//3969 6359//4164
f 6359//4164 6164//3969 6166//3971
f 6359//4164 6166//3971 6358//4163
f 6358//4163 6166//3971 6168//3973
f 6358//4163 6168//3973 6357//4162
f 6357//4162 6168//3973 6170//3975
f 6357//4162 6170//3975 6356//4161
f 6356//4161 6170//3975 6172//3977
f 6356//4161 6172//3977 6355//4160
f 6355//4160 6172//3977 6174//3979
f 6355//4160 6174//3979 6354//4159
f 6354//4159 6174//3979 6176//3981
f 6354//4159 6176//3981 4101//2562
f 4101//2562 6176//3981 4102//2563
f 6149//3954 4104//2565 6176//3981
f 6176//3981 4104//2565 4103//2564
f 6176//3981 4103//2564 4102//2563
f 4248//2709 4246//2707 6163//3968
f 6163//3968 4246//2707 6362//4167
f 6163//3968 6362//4167 6165//3970
f 6165//3970 6362//4167 6363//4168
f 6165//3970 6363//4168 6167//3972
f 6167//3972 6363//4168 6364//4169
f 6167//3972 6364//4169 6169//3974
f 6169//3974 6364//4169 6365//4170
f 6169//3974 6365//4170 6171//3976
f 6171//3976 6365//4170 6366//4171
f 6171//3976 6366//4171 6173//3978
f 6173//3978 6366//4171 6367//4172
f 6173//3978 6367//4172 6175//3980
f 6175//3980 6367//4172 6368//4173
f 6175//3980 6368//4173 6149//3954
f 6149//3954 6368//4173 6148//3953
f 6149//3954 6148//3953 4097//2558
f 4097//2558 6148//3953 4098//2559
f 4096//2557 4099//2560 6369//4174
f 6369//4174 4099//2560 6148//3953
f 6369//4174 6148//3953 6370//4175
f 6370//4175 6148//3953 6368//4173
f 6370//4175 6368//4173 6371//4176
f 6371//4176 6368//4173 6367//4172
f 6371//4176 6367//4172 6372//4177
f 6372//4177 6367//4172 6366//4171
f 6372//4177 6366//4171 6373//4178
f 6373//4178 6366//4171 6365//4170
f 6373//4178 6365//4170 6374//4179
f 6374//4179 6365//4170 6364//4169
f 6374//4179 6364//4169 6375//4180
f 6375//4180 6364//4169 6363//4168
f 6375//4180 6363//4168 6376//4181
f 6376//4181 6363//4168 6362//4167
f 6376//4181 6362//4167 4244//2705
f 4244//2705 6362//4167 4246//2707
f 4244//2705 4242//2703 6376//4181
f 6376//4181 4242//2703 6377//4182
f 6376//4181 6377//4182 6375//4180
f 6375//4180 6377//4182 6378//4183
f 6375//4180 6378//4183 6374//4179
f 6374//4179 6378//4183 6379//4184
f 6374//4179 6379//4184 6373//4178
f 6373//4178 6379//4184 6380//4185
f 6373//4178 6380//4185 6372//4177
f 6372//4177 6380//4185 6381//4186
f 6372//4177 6381//4186 6371//4176
f 6371//4176 6381//4186 6382//4187
f 6371//4176 6382//4187 6370//4175
f 6370//4175 6382//4187 6383//4188
f 6370//4175 6383//4188 6369//4174
f 6369//4174 6383//4188 6147//3952
f 6369//4174 6147//3952 4096//2557
f 4096//2557 6147//3952 4095//2556
f 4242//2703 4240//2701 6377//4182
f 6377//4182 4240//2701 6384//4189
f 6377//4182 6384//4189 6378//4183
f 6378//4183 6384//4189 6385//4190
f 6378//4183 6385//4190 6379//4184
f 6379//4184 6385//4190 6386//4191
f 6379//4184 6386//4191 6380//4185
f 6380//4185 6386//4191 6387//4192
f 6380//4185 6387//4192 6381//4186
f 6381//4186 6387//4192 6388//4193
f 6381//4186 6388//4193 6382//4187
f 6382//4187 6388//4193 6389//4194
f 6382//4187 6389//4194 6383//4188
f 6383//4188 6389//4194 6390//4195
f 6383//4188 6390//4195 6147//3952
f 6147//3952 6390//4195 6146//3951
f 6147//3952 6146//3951 4094//2555
f 4094//2555 6146//3951 4064//2525
f 4090//2551 4065//2526 6391//4196
f 6391//4196 4065//2526 6146//3951
f 6391//4196 6146//3951 6392//4197
f 6392//4197 6146//3951 6390//4195
f 6392//4197 6390//4195 6393//4198
f 6393//4198 6390//4195 6389//4194
f 6393//4198 6389//4194 6394//4199
f 6394//4199 6389//4194 6388//4193
f 6394//4199 6388//4193 6395//4200
f 6395//4200 6388//4193 6387//4192
f 6395//4200 6387//4192 6396//4201
f 6396//4201 6387//4192 6386//4191
f 6396//4201 6386//4191 6397//4202
f 6397//4202 6386//4191 6385//4190
f 6397//4202 6385//4190 6398//4203
f 6398//4203 6385//4190 6384//4189
f 6398//4203 6384//4189 4238//2699
f 4238//2699 6384//4189 4240//2701
f 4238//2699 4236//2697 6398//4203
f 6398//4203 4236//2697 6177//3982
f 6398//4203 6177//3982 6397//4202
f 6397//4202 6177//3982 6179//3984
f 6397//4202 6179//3984 6396//4201
f 6396//4201 6179//3984 6181//3986
f 6396//4201 6181//3986 6395//4200
f 6395//4200 6181//3986 6183//3988
f 6395//4200 6183//3988 6394//4199
f 6394//4199 6183//3988 6185//3990
f 6394//4199 6185//3990 6393//4198
f 6393//4198 6185//3990 6187//3992
f 6393//4198 6187//3992 6392//4197
f 6392//4197 6187//3992 6189//3994
f 6392//4197 6189//3994 6391//4196
f 6391//4196 6189//3994 6191//3996
f 6391//4196 6191//3996 4090//2551
f 4090//2551 6191//3996 4091//2552
f 6145//3950 4093//2554 6191//3996
f 6191//3996 4093//2554 4092//2553
f 6191//3996 4092//2553 4091//2552
f 4333//2794 4332//2793 6178//3983
f 6178//3983 4332//2793 6399//4204
f 6178//3983 6399//4204 6180//3985
f 6180//3985 6399//4204 6400//4205
f 6180//3985 6400//4205 6182//3987
f 6182//3987 6400//4205 6401//4206
f 6182//3987 6401//4206 6184//3989
f 6184//3989 6401//4206 6402//4207
f 6184//3989 6402//4207 6186//3991
f 6186//3991 6402//4207 6403//4208
f 6186//3991 6403//4208 6188//3993
f 6188//3993 6403//4208 6404//4209
f 6188//3993 6404//4209 6190//3995
f 6190//3995 6404//4209 6405//4210
f 6190//3995 6405//4210 6145//3950
f 6145//3950 6405//4210 6144//3949
f 6145//3950 6144//3949 4086//2547
f 4086//2547 6144//3949 4087//2548
f 4089//2550 4088//2549 6406//4211
f 6406//4211 4088//2549 6144//3949
f 6406//4211 6144//3949 6407//4212
f 6407//4212 6144//3949 6405//4210
f 6407//4212 6405//4210 6408//4213
f 6408//4213 6405//4210 6404//4209
f 6408//4213 6404//4209 6409//4214
f 6409//4214 6404//4209 6403//4208
f 6409//4214 6403//4208 6410//4215
f 6410//4215 6403//4208 6402//4207
f 6410//4215 6402//4207 6411//4216
f 6411//4216 6402//4207 6401//4206
f 6411//4216 6401//4206 6412//4217
f 6412//4217 6401//4206 6400//4205
f 6412//4217 6400//4205 6413//4218
f 6413//4218 6400//4205 6399//4204
f 6413//4218 6399//4204 4330//2791
f 4330//2791 6399//4204 4332//2793
f 4330//2791 4328//2789 6413//4218
f 6413//4218 4328//2789 6414//4219
f 6413//4218 6414//4219 6412//4217
f 6412//4217 6414//4219 6415//4220
f 6412//4217 6415//4220 6411//4216
f 6411//4216 6415//4220 6416//4221
f 6411//4216 6416//4221 6410//4215
f 6410//4215 6416//4221 6417//4222
f 6410//4215 6417//4222 6409//4214
f 6409//4214 6417//4222 6418//4223
f 6409//4214 6418//4223 6408//4213
f 6408//4213 6418//4223 6419//4224
f 6408//4213 6419//4224 6407//4212
f 6407//4212 6419//4224 6420//4225
f 6407//4212 6420//4225 6406//4211
f 6406//4211 6420//4225 6143//3948
f 6406//4211 6143//3948 4089//2550
f 4089//2550 6143//3948 4084//2545
f 4328//2789 4326//2787 6414//4219
f 6414//4219 4326//2787 6421//4226
f 6414//4219 6421//4226 6415//4220
f 6415//4220 6421//4226 6422//4227
f 6415//4220 6422//4227 6416//4221
f 6416//4221 6422//4227 6423//4228
f 6416//4221 6423//4228 6417//4222
f 6417//4222 6423//4228 6424//4229
f 6417//4222 6424//4229 6418//4223
f 6418//4223 6424//4229 6425//4230
f 6418//4223 6425//4230 6419//4224
f 6419//4224 6425//4230 6426//4231
f 6419//4224 6426//4231 6420//4225
f 6420//4225 6426//4231 6427//4232
f 6420//4225 6427//4232 6143//3948
f 6143//3948 6427//4232 6142//3947
f 6143//3948 6142//3947 4085//2546
f 4085//2546 6142//3947 4082//2543
f 4081//2542 4083//2544 6428//4233
f 6428//4233 4083//2544 6142//3947
f 6428//4233 6142//3947 6429//4234
f 6429//4234 6142//3947 6427//4232
f 6429//4234 6427//4232 6430//4235
f 6430//4235 6427//4232 6426//4231
f 6430//4235 6426//4231 6431//4236
f 6431//4236 6426//4231 6425//4230
f 6431//4236 6425//4230 6432//4237
f 6432//4237 6425//4230 6424//4229
f 6432//4237 6424//4229 6433//4238
f 6433//4238 6424//4229 6423//4228
f 6433//4238 6423//4228 6434//4239
f 6434//4239 6423//4228 6422//4227
f 6434//4239 6422//4227 6435//4240
f 6435//4240 6422//4227 6421//4226
f 6435//4240 6421//4226 4324//2785
f 4324//2785 6421//4226 4326//2787
f 4324//2785 4322//2783 6435//4240
f 6435//4240 4322//2783 6436//4241
f 6435//4240 6436//4241 6434//4239
f 6434//4239 6436//4241 6437//4242
f 6434//4239 6437//4242 6433//4238
f 6433//4238 6437//4242 6438//4243
f 6433//4238 6438//4243 6432//4237
f 6432//4237 6438//4243 6439//4244
f 6432//4237 6439//4244 6431//4236
f 6431//4236 6439//4244 6440//4245
f 6431//4236 6440//4245 6430//4235
f 6430//4235 6440//4245 6441//4246
f 6430//4235 6441//4246 6429//4234
f 6429//4234 6441//4246 6442//4247
f 6429//4234 6442//4247 6428//4233
f 6428//4233 6442//4247 6141//3946
f 6428//4233 6141//3946 4081//2542
f 4081//2542 6141//3946 4080//2541
f 4322//2783 4320//2781 6436//4241
f 6436//4241 4320//2781 6443//4248
f 6436//4241 6443//4248 6437//4242
f 6437//4242 6443//4248 6444//4249
f 6437//4242 6444//4249 6438//4243
f 6438//4243 6444//4249 6445//4250
f 6438//4243 6445//4250 6439//4244
f 6439//4244 6445//4250 6446//4251
f 6439//4244 6446//4251 6440//4245
f 6440//4245 6446//4251 6447//4252
f 6440//4245 6447//4252 6441//4246
f 6441//4246 6447//4252 6448//4253
f 6441//4246 6448//4253 6442//4247
f 6442//4247 6448//4253 6449//4254
f 6442//4247 6449//4254 6141//3946
f 6141//3946 6449//4254 6140//3945
f 6141//3946 6140//3945 4079//2540
f 4079//2540 6140//3945 4074//2535
f 4076//2537 4075//2536 6139//3944
f 6139//3944 4075//2536 6140//3945
f 6139//3944 6140//3945 6450//4255
f 6450//4255 6140//3945 6449//4254
f 6450//4255 6449//4254 6451//4256
f 6451//4256 6449//4254 6448//4253
f 6451//4256 6448//4253 6452//4257
f 6452//4257 6448//4253 6447//4252
f 6452//4257 6447//4252 6453//4258
f 6453//4258 6447//4252 6446//4251
f 6453//4258 6446//4251 6454//4259
f 6454//4259 6446//4251 6445//4250
f 6454//4259 6445//4250 6455//4260
f 6455//4260 6445//4250 6444//4249
f 6455//4260 6444//4249 6456//4261
f 6456//4261 6444//4249 6443//4248
f 6456//4261 6443//4248 4318//2779
f 4318//2779 6443//4248 4320//2781
f 4078//2539 4077//2538 6457//4262
f 6457//4262 4077//2538 6139//3944
f 6457//4262 6139//3944 6458//4263
f 6458//4263 6139//3944 6450//4255
f 6458//4263 6450//4255 6459//4264
f 6459//4264 6450//4255 6451//4256
f 6459//4264 6451//4256 6460//4265
f 6460//4265 6451//4256 6452//4257
f 6460//4265 6452//4257 6461//4266
f 6461//4266 6452//4257 6453//4258
f 6461//4266 6453//4258 6462//4267
f 6462//4267 6453//4258 6454//4259
f 6462//4267 6454//4259 6463//4268
f 6463//4268 6454//4259 6455//4260
f 6463//4268 6455//4260 6464//4269
f 6464//4269 6455//4260 6456//4261
f 6464//4269 6456//4261 4316//2777
f 4316//2777 6456//4261 4318//2779
f 4316//2777 4314//2775 6464//4269
f 6464//4269 4314//2775 6465//4270
f 6464//4269 6465//4270 6463//4268
f 6463//4268 6465//4270 6466//4271
f 6463//4268 6466//4271 6462//4267
f 6462//4267 6466//4271 6467//4272
f 6462//4267 6467//4272 6461//4266
f 6461//4266 6467//4272 6468//4273
f 6461//4266 6468//4273 6460//4265
f 6460//4265 6468//4273 6469//4274
f 6460//4265 6469//4274 6459//4264
f 6459//4264 6469//4274 6470//4275
f 6459//4264 6470//4275 6458//4263
f 6458//4263 6470//4275 6471//4276
f 6458//4263 6471//4276 6457//4262
f 6457//4262 6471//4276 6138//3943
f 6457//4262 6138//3943 4078//2539
f 4078//2539 6138//3943 4072//2533
f 4314//2775 4312//2773 6465//4270
f 6465//4270 4312//2773 6472//4277
f 6465//4270 6472//4277 6466//4271
f 6466//4271 6472//4277 6473//4278
f 6466//4271 6473//4278 6467//4272
f 6467//4272 6473//4278 6474//4279
f 6467//4272 6474//4279 6468//4273
f 6468//4273 6474//4279 6475//4280
f 6468//4273 6475//4280 6469//4274
f 6469//4274 6475//4280 6476//4281
f 6469//4274 6476//4281 6470//4275
f 6470//4275 6476//4281 6477//4282
f 6470//4275 6477//4282 6471//4276
f 6471//4276 6477//4282 6478//4283
f 6471//4276 6478//4283 6138//3943
f 6138//3943 6478//4283 6137//3942
f 6138//3943 6137//3942 4073//2534
f 4073//2534 6137//3942 4070//2531
f 4068//2529 4071//2532 6479//4284
f 6479//4284 4071//2532 6137//3942
f 6479//4284 6137//3942 6480//4285
f 6480//4285 6137//3942 6478//4283
f 6480//4285 6478//4283 6481//4286
f 6481//4286 6478//4283 6477//4282
f 6481//4286 6477//4282 6482//4287
f 6482//4287 6477//4282 6476//4281
f 6482//4287 6476//4281 6483//4288
f 6483//4288 6476//4281 6475//4280
f 6483//4288 6475//4280 6484//4289
f 6484//4289 6475//4280 6474//4279
f 6484//4289 6474//4279 6485//4290
f 6485//4290 6474//4279 6473//4278
f 6485//4290 6473//4278 6486//4291
f 6486//4291 6473//4278 6472//4277
f 6486//4291 6472//4277 4310//2771
f 4310//2771 6472//4277 4312//2773
f 4310//2771 4308//2769 6486//4291
f 6486//4291 4308//2769 6487//4292
f 6486//4291 6487//4292 6485//4290
f 6485//4290 6487//4292 6488//4293
f 6485//4290 6488//4293 6484//4289
f 6484//4289 6488//4293 6489//4294
f 6484//4289 6489//4294 6483//4288
f 6483//4288 6489//4294 6490//4295
f 6483//4288 6490//4295 6482//4287
f 6482//4287 6490//4295 6491//4296
f 6482//4287 6491//4296 6481//4286
f 6481//4286 6491//4296 6492//4297
f 6481//4286 6492//4297 6480//4285
f 6480//4285 6492//4297 6493//4298
f 6480//4285 6493//4298 6479//4284
f 6479//4284 6493//4298 6136//3941
f 6479//4284 6136//3941 4068//2529
f 4068//2529 6136//3941 4069//2530
f 4308//2769 4306//2767 6487//4292
f 6487//4292 4306//2767 6494//4299
f 6487//4292 6494//4299 6488//4293
f 6488//4293 6494//4299 6495//4300
f 6488//4293 6495//4300 6489//4294
f 6489//4294 6495//4300 6496//4301
f 6489//4294 6496//4301 6490//4295
f 6490//4295 6496//4301 6497//4302
f 6490//4295 6497//4302 6491//4296
f 6491//4296 6497//4302 6498//4303
f 6491//4296 6498//4303 6492//4297
f 6492//4297 6498//4303 6499//4304
f 6492//4297 6499//4304 6493//4298
f 6493//4298 6499//4304 6500//4305
f 6493//4298 6500//4305 6136//3941
f 6136//3941 6500//4305 6135//3940
f 6136//3941 6135//3940 4066//2527
f 4066//2527 6135//3940 4067//2528
f 4197//2658 4196//2657 6501//4306
f 6501//4306 4196//2657 6135//3940
f 6501//4306 6135//3940 6502//4307
f 6502//4307 6135//3940 6500//4305
f 6502//4307 6500//4305 6503//4308
f 6503//4308 6500//4305 6499//4304
f 6503//4308 6499//4304 6504//4309
f 6504//4309 6499//4304 6498//4303
f 6504//4309 6498//4303 6505//4310
f 6505//4310 6498//4303 6497//4302
f 6505//4310 6497//4302 6506//4311
f 6506//4311 6497//4302 6496//4301
f 6506//4311 6496//4301 6507//4312
f 6507//4312 6496//4301 6495//4300
f 6507//4312 6495//4300 6508//4313
f 6508//4313 6495//4300 6494//4299
f 6508//4313 6494//4299 4304//2765
f 4304//2765 6494//4299 4306//2767
f 4304//2765 4302//2763 6508//4313
f 6508//4313 4302//2763 6509//4314
f 6508//4313 6509//4314 6507//4312
f 6507//4312 6509//4314 6510//4315
f 6507//4312 6510//4315 6506//4311
f 6506//4311 6510//4315 6511//4316
f 6506//4311 6511//4316 6505//4310
f 6505//4310 6511//4316 6512//4317
f 6505//4310 6512//4317 6504//4309
f 6504//4309 6512//4317 6513//4318
f 6504//4309 6513//4318 6503//4308
f 6503//4308 6513//4318 6514//4319
f 6503//4308 6514//4319 6502//4307
f 6502//4307 6514//4319 6515//4320
f 6502//4307 6515//4320 6501//4306
f 6501//4306 6515//4320 6516//4321
f 6501//4306 6516//4321 4197//2658
f 4197//2658 6516//4321 4198//2659
f 4302//2763 4366//2827 6509//4314
f 6509//4314 4366//2827 6517//4322
f 6509//4314 6517//4322 6510//4315
f 6510//4315 6517//4322 6518//4323
f 6510//4315 6518//4323 6511//4316
f 6511//4316 6518//4323 6519//4324
f 6511//4316 6519//4324 6512//4317
f 6512//4317 6519//4324 6520//4325
f 6512//4317 6520//4325 6513//4318
f 6513//4318 6520//4325 6521//4326
f 6513//4318 6521//4326 6514//4319
f 6514//4319 6521//4326 6522//4327
f 6514//4319 6522//4327 6515//4320
f 6515//4320 6522//4327 6523//4328
f 6515//4320 6523//4328 6516//4321
f 6516//4321 6523//4328 6134//3939
f 6516//4321 6134//3939 4198//2659
f 4198//2659 6134//3939 4199//2660
f 4366//2827 4365//2826 6517//4322
f 6517//4322 4365//2826 6524//4329
f 6517//4322 6524//4329 6518//4323
f 6518//4323 6524//4329 6525//4330
f 6518//4323 6525//4330 6519//4324
f 6519//4324 6525//4330 6526//4331
f 6519//4324 6526//4331 6520//4325
f 6520//4325 6526//4331 6527//4332
f 6520//4325 6527//4332 6521//4326
f 6521//4326 6527//4332 6528//4333
f 6521//4326 6528//4333 6522//4327
f 6522//4327 6528//4333 6529//4334
f 6522//4327 6529//4334 6523//4328
f 6523//4328 6529//4334 6530//4335
f 6523//4328 6530//4335 6134//3939
f 6134//3939 6530//4335 6133//3938
f 6134//3939 6133//3938 4195//2656
f 4195//2656 6133//3938 4194//2655
f 4190//2651 4189//2650 6531//4336
f 6531//4336 4189//2650 6133//3938
f 6531//4336 6133//3938 6532//4337
f 6532//4337 6133//3938 6530//4335
f 6532//4337 6530//4335 6533//4338
f 6533//4338 6530//4335 6529//4334
f 6533//4338 6529//4334 6534//4339
f 6534//4339 6529//4334 6528//4333
f 6534//4339 6528//4333 6535//4340
f 6535//4340 6528//4333 6527//4332
f 6535//4340 6527//4332 6536//4341
f 6536//4341 6527//4332 6526//4331
f 6536//4341 6526//4331 6537//4342
f 6537//4342 6526//4331 6525//4330
f 6537//4342 6525//4330 6538//4343
f 6538//4343 6525//4330 6524//4329
f 6538//4343 6524//4329 4363//2824
f 4363//2824 6524//4329 4365//2826
f 4363//2824 4361//2822 6538//4343
f 6538//4343 4361//2822 6539//4344
f 6538//4343 6539//4344 6537//4342
f 6537//4342 6539//4344 6540//4345
f 6537//4342 6540//4345 6536//4341
f 6536//4341 6540//4345 6541//4346
f 6536//4341 6541//4346 6535//4340
f 6535//4340 6541//4346 6542//4347
f 6535//4340 6542//4347 6534//4339
f 6534//4339 6542//4347 6543//4348
f 6534//4339 6543//4348 6533//4338
f 6533//4338 6543//4348 6544//4349
f 6533//4338 6544//4349 6532//4337
f 6532//4337 6544//4349 6545//4350
f 6532//4337 6545//4350 6531//4336
f 6531//4336 6545//4350 6132//3937
f 6531//4336 6132//3937 4190//2651
f 4190//2651 6132//3937 4191//2652
f 4361//2822 4359//2820 6539//4344
f 6539//4344 4359//2820 6546//4351
f 6539//4344 6546//4351 6540//4345
f 6540//4345 6546//4351 6547//4352
f 6540//4345 6547//4352 6541//4346
f 6541//4346 6547//4352 6548//4353
f 6541//4346 6548//4353 6542//4347
f 6542//4347 6548//4353 6549//4354
f 6542//4347 6549//4354 6543//4348
f 6543//4348 6549//4354 6550//4355
f 6543//4348 6550//4355 6544//4349
f 6544//4349 6550//4355 6551//4356
f 6544//4349 6551//4356 6545//4350
f 6545//4350 6551//4356 6552//4357
f 6545//4350 6552//4357 6132//3937
f 6132//3937 6552//4357 6131//3936
f 6132//3937 6131//3936 4192//2653
f 4192//2653 6131//3936 4193//2654
f 4187//2648 4188//2649 6553//4358
f 6553//4358 4188//2649 6131//3936
f 6553//4358 6131//3936 6554//4359
f 6554//4359 6131//3936 6552//4357
f 6554//4359 6552//4357 6555//4360
f 6555//4360 6552//4357 6551//4356
f 6555//4360 6551//4356 6556//4361
f 6556//4361 6551//4356 6550//4355
f 6556//4361 6550//4355 6557//4362
f 6557//4362 6550//4355 6549//4354
f 6557//4362 6549//4354 6558//4363
f 6558//4363 6549//4354 6548//4353
f 6558//4363 6548//4353 6559//4364
f 6559//4364 6548//4353 6547//4352
f 6559//4364 6547//4352 6560//4365
f 6560//4365 6547//4352 6546//4351
f 6560//4365 6546//4351 4357//2818
f 4357//2818 6546//4351 4359//2820
f 4357//2818 4355//2816 6560//4365
f 6560//4365 4355//2816 6192//3997
f 6560//4365 6192//3997 6559//4364
f 6559//4364 6192//3997 6194//3999
f 6559//4364 6194//3999 6558//4363
f 6558//4363 6194//3999 6196//4001
f 6558//4363 6196//4001 6557//4362
f 6557//4362 6196//4001 6198//4003
f 6557//4362 6198//4003 6556//4361
f 6556//4361 6198//4003 6200//4005
f 6556//4361 6200//4005 6555//4360
f 6555//4360 6200//4005 6202//4007
f 6555//4360 6202//4007 6554//4359
f 6554//4359 6202//4007 6204//4009
f 6554//4359 6204//4009 6553//4358
f 6553//4358 6204//4009 6206//4011
f 6553//4358 6206//4011 4187//2648
f 4187//2648 6206//4011 4056//2517
f 6130//3935 4186//2647 6206//4011
f 6206//4011 4186//2647 4057//2518
f 6206//4011 4057//2518 4056//2517
f 4353//2814 4351//2812 6193//3998
f 6193//3998 4351//2812 6561//4366
f 6193//3998 6561//4366 6195//4000
f 6195//4000 6561//4366 6562//4367
f 6195//4000 6562//4367 6197//4002
f 6197//4002 6562//4367 6563//4368
f 6197//4002 6563//4368 6199//4004
f 6199//4004 6563//4368 6564//4369
f 6199//4004 6564//4369 6201//4006
f 6201//4006 6564//4369 6565//4370
f 6201//4006 6565//4370 6203//4008
f 6203//4008 6565//4370 6566//4371
f 6203//4008 6566//4371 6205//4010
f 6205//4010 6566//4371 6567//4372
f 6205//4010 6567//4372 6130//3935
f 6130//3935 6567//4372 6129//3934
f 6130//3935 6129//3934 4185//2646
f 4185//2646 6129//3934 4184//2645
f 4182//2643 4183//2644 6568//4373
f 6568//4373 4183//2644 6129//3934
f 6568//4373 6129//3934 6569//4374
f 6569//4374 6129//3934 6567//4372
f 6569//4374 6567//4372 6570//4375
f 6570//4375 6567//4372 6566//4371
f 6570//4375 6566//4371 6571//4376
f 6571//4376 6566//4371 6565//4370
f 6571//4376 6565//4370 6572//4377
f 6572//4377 6565//4370 6564//4369
f 6572//4377 6564//4369 6573//4378
f 6573//4378 6564//4369 6563//4368
f 6573//4378 6563//4368 6574//4379
f 6574//4379 6563//4368 6562//4367
f 6574//4379 6562//4367 6575//4380
f 6575//4380 6562//4367 6561//4366
f 6575//4380 6561//4366 4349//2810
f 4349//2810 6561//4366 4351//2812
f 4349//2810 4347//2808 6575//4380
f 6575//4380 4347//2808 6576//4381
f 6575//4380 6576//4381 6574//4379
f 6574//4379 6576//4381 6577//4382
f 6574//4379 6577//4382 6573//4378
f 6573//4378 6577//4382 6578//4383
f 6573//4378 6578//4383 6572//4377
f 6572//4377 6578//4383 6579//4384
f 6572//4377 6579//4384 6571//4376
f 6571//4376 6579//4384 6580//4385
f 6571//4376 6580//4385 6570//4375
f 6570//4375 6580//4385 6581//4386
f 6570//4375 6581//4386 6569//4374
f 6569//4374 6581//4386 6582//4387
f 6569//4374 6582//4387 6568//4373
f 6568//4373 6582//4387 6128//3933
f 6568//4373 6128//3933 4182//2643
f 4182//2643 6128//3933 4058//2519
f 4347//2808 4345//2806 6576//4381
f 6576//4381 4345//2806 6583//4388
f 6576//4381 6583//4388 6577//4382
f 6577//4382 6583//4388 6584//4389
f 6577//4382 6584//4389 6578//4383
f 6578//4383 6584//4389 6585//4390
f 6578//4383 6585//4390 6579//4384
f 6579//4384 6585//4390 6586//4391
f 6579//4384 6586//4391 6580//4385
f 6580//4385 6586//4391 6587//4392
f 6580//4385 6587//4392 6581//4386
f 6581//4386 6587//4392 6588//4393
f 6581//4386 6588//4393 6582//4387
f 6582//4387 6588//4393 6589//4394
f 6582//4387 6589//4394 6128//3933
f 6128//3933 6589//4394 6127//3932
f 6128//3933 6127//3932 4059//2520
f 4059//2520 6127//3932 4181//2642
f 4179//2640 4180//2641 6590//4395
f 6590//4395 4180//2641 6127//3932
f 6590//4395 6127//3932 6591//4396
f 6591//4396 6127//3932 6589//4394
f 6591//4396 6589//4394 6592//4397
f 6592//4397 6589//4394 6588//4393
f 6592//4397 6588//4393 6593//4398
f 6593//4398 6588//4393 6587//4392
f 6593//4398 6587//4392 6594//4399
f 6594//4399 6587//4392 6586//4391
f 6594//4399 6586//4391 6595//4400
f 6595//4400 6586//4391 6585//4390
f 6595//4400 6585//4390 6596//4401
f 6596//4401 6585//4390 6584//4389
f 6596//4401 6584//4389 6597//4402
f 6597//4402 6584//4389 6583//4388
f 6597//4402 6583//4388 4343//2804
f 4343//2804 6583//4388 4345//2806
f 4343//2804 4341//2802 6597//4402
f 6597//4402 4341//2802 6598//4403
f 6597//4402 6598//4403 6596//4401
f 6596//4401 6598//4403 6599//4404
f 6596//4401 6599//4404 6595//4400
f 6595//4400 6599//4404 6600//4405
f 6595//4400 6600//4405 6594//4399
f 6594//4399 6600//4405 6601//4406
f 6594//4399 6601//4406 6593//4398
f 6593//4398 6601//4406 6602//4407
f 6593//4398 6602//4407 6592//4397
f 6592//4397 6602//4407 6603//4408
f 6592//4397 6603//4408 6591//4396
f 6591//4396 6603//4408 6604//4409
f 6591//4396 6604//4409 6590//4395
f 6590//4395 6604//4409 6126//3931
f 6590//4395 6126//3931 4179//2640
f 4179//2640 6126//3931 4060//2521
f 4341//2802 4339//2800 6598//4403
f 6598//4403 4339//2800 6605//4410
f 6598//4403 6605//4410 6599//4404
f 6599//4404 6605//4410 6606//4411
f 6599//4404 6606//4411 6600//4405
f 6600//4405 6606//4411 6607//4412
f 6600//4405 6607//4412 6601//4406
f 6601//4406 6607//4412 6608//4413
f 6601//4406 6608//4413 6602//4407
f 6602//4407 6608//4413 6609//4414
f 6602//4407 6609//4414 6603//4408
f 6603//4408 6609//4414 6610//4415
f 6603//4408 6610//4415 6604//4409
f 6604//4409 6610//4415 6611//4416
f 6604//4409 6611//4416 6126//3931
f 6126//3931 6611//4416 6125//3930
f 6126//3931 6125//3930 4061//2522
f 4061//2522 6125//3930 4175//2636
f 4177//2638 4176//2637 6124//3929
f 6124//3929 4176//2637 6125//3930
f 6124//3929 6125//3930 6612//4417
f 6612//4417 6125//3930 6611//4416
f 6612//4417 6611//4416 6613//4418
f 6613//4418 6611//4416 6610//4415
f 6613//4418 6610//4415 6614//4419
f 6614//4419 6610//4415 6609//4414
f 6614//4419 6609//4414 6615//4420
f 6615//4420 6609//4414 6608//4413
f 6615//4420 6608//4413 6616//4421
f 6616//4421 6608//4413 6607//4412
f 6616//4421 6607//4412 6617//4422
f 6617//4422 6607//4412 6606//4411
f 6617//4422 6606//4411 6618//4423
f 6618//4423 6606//4411 6605//4410
f 6618//4423 6605//4410 4337//2798
f 4337//2798 6605//4410 4339//2800
f 4173//2634 4178//2639 6619//4424
f 6619//4424 4178//2639 6124//3929
f 6619//4424 6124//3929 6620//4425
f 6620//4425 6124//3929 6612//4417
f 6620//4425 6612//4417 6621//4426
f 6621//4426 6612//4417 6613//4418
f 6621//4426 6613//4418 6622//4427
f 6622//4427 6613//4418 6614//4419
f 6622//4427 6614//4419 6623//4428
f 6623//4428 6614//4419 6615//4420
f 6623//4428 6615//4420 6624//4429
f 6624//4429 6615//4420 6616//4421
f 6624//4429 6616//4421 6625//4430
f 6625//4430 6616//4421 6617//4422
f 6625//4430 6617//4422 6626//4431
f 6626//4431 6617//4422 6618//4423
f 6626//4431 6618//4423 4335//2796
f 4335//2796 6618//4423 4337//2798
f 4335//2796 4334//2795 6626//4431
f 6626//4431 4334//2795 6627//4432
f 6626//4431 6627//4432 6625//4430
f 6625//4430 6627//4432 6628//4433
f 6625//4430 6628//4433 6624//4429
f 6624//4429 6628//4433 6629//4434
f 6624//4429 6629//4434 6623//4428
f 6623//4428 6629//4434 6630//4435
f 6623//4428 6630//4435 6622//4427
f 6622//4427 6630//4435 6631//4436
f 6622//4427 6631//4436 6621//4426
f 6621//4426 6631//4436 6632//4437
f 6621//4426 6632//4437 6620//4425
f 6620//4425 6632//4437 6633//4438
f 6620//4425 6633//4438 6619//4424
f 6619//4424 6633//4438 6123//3928
f 6619//4424 6123//3928 4173//2634
f 4173//2634 6123//3928 4174//2635
f 4334//2795 4299//2760 6627//4432
f 6627//4432 4299//2760 6634//4439
f 6627//4432 6634//4439 6628//4433
f 6628//4433 6634//4439 6635//4440
f 6628//4433 6635//4440 6629//4434
f 6629//4434 6635//4440 6636//4441
f 6629//4434 6636//4441 6630//4435
f 6630//4435 6636//4441 6637//4442
f 6630//4435 6637//4442 6631//4436
f 6631//4436 6637//4442 6638//4443
f 6631//4436 6638//4443 6632//4437
f 6632//4437 6638//4443 6639//4444
f 6632//4437 6639//4444 6633//4438
f 6633//4438 6639//4444 6640//4445
f 6633//4438 6640//4445 6123//3928
f 6123//3928 6640//4445 6122//3927
f 6123//3928 6122//3927 4172//2633
f 4172//2633 6122//3927 4171//2632
f 4169//2630 4170//2631 6641//4446
f 6641//4446 4170//2631 6122//3927
f 6641//4446 6122//3927 6642//4447
f 6642//4447 6122//3927 6640//4445
f 6642//4447 6640//4445 6643//4448
f 6643//4448 6640//4445 6639//4444
f 6643//4448 6639//4444 6644//4449
f 6644//4449 6639//4444 6638//4443
f 6644//4449 6638//4443 6645//4450
f 6645//4450 6638//4443 6637//4442
f 6645//4450 6637//4442 6646//4451
f 6646//4451 6637//4442 6636//4441
f 6646//4451 6636//4441 6647//4452
f 6647//4452 6636//4441 6635//4440
f 6647//4452 6635//4440 6648//4453
f 6648//4453 6635//4440 6634//4439
f 6648//4453 6634//4439 4297//2758
f 4297//2758 6634//4439 4299//2760
f 4297//2758 4295//2756 6648//4453
f 6648//4453 4295//2756 6649//4454
f 6648//4453 6649//4454 6647//4452
f 6647//4452 6649//4454 6650//4455
f 6647//4452 6650//4455 6646//4451
f 6646//4451 6650//4455 6651//4456
f 6646//4451 6651//4456 6645//4450
f 6645//4450 6651//4456 6652//4457
f 6645//4450 6652//4457 6644//4449
f 6644//4449 6652//4457 6653//4458
f 6644//4449 6653//4458 6643//4448
f 6643//4448 6653//4458 6654//4459
f 6643//4448 6654//4459 6642//4447
f 6642//4447 6654//4459 6655//4460
f 6642//4447 6655//4460 6641//4446
f 6641//4446 6655//4460 6121//3926
f 6641//4446 6121//3926 4169//2630
f 4169//2630 6121//3926 4168//2629
f 4295//2756 4293//2754 6649//4454
f 6649//4454 4293//2754 6656//4461
f 6649//4454 6656//4461 6650//4455
f 6650//4455 6656//4461 6657//4462
f 6650//4455 6657//4462 6651//4456
f 6651//4456 6657//4462 6658//4463
f 6651//4456 6658//4463 6652//4457
f 6652//4457 6658//4463 6659//4464
f 6652//4457 6659//4464 6653//4458
f 6653//4458 6659//4464 6660//4465
f 6653//4458 6660//4465 6654//4459
f 6654//4459 6660//4465 6661//4466
f 6654//4459 6661//4466 6655//4460
f 6655//4460 6661//4466 6662//4467
f 6655//4460 6662//4467 6121//3926
f 6121//3926 6662//4467 6120//3925
f 6121//3926 6120//3925 4167//2628
f 4167//2628 6120//3925 4166//2627
f 4164//2625 4165//2626 6119//3924
f 6119//3924 4165//2626 6120//3925
f 6119//3924 6120//3925 6663//4468
f 6663//4468 6120//3925 6662//4467
f 6663//4468 6662//4467 6664//4469
f 6664//4469 6662//4467 6661//4466
f 6664//4469 6661//4466 6665//4470
f 6665//4470 6661//4466 6660//4465
f 6665//4470 6660//4465 6666//4471
f 6666//4471 6660//4465 6659//4464
f 6666//4471 6659//4464 6667//4472
f 6667//4472 6659//4464 6658//4463
f 6667//4472 6658//4463 6668//4473
f 6668//4473 6658//4463 6657//4462
f 6668//4473 6657//4462 6669//4474
f 6669//4474 6657//4462 6656//4461
f 6669//4474 6656//4461 4291//2752
f 4291//2752 6656//4461 4293//2754
f 4162//2623 4163//2624 6670//4475
f 6670//4475 4163//2624 6119//3924
f 6670//4475 6119//3924 6671//4476
f 6671//4476 6119//3924 6663//4468
f 6671//4476 6663//4468 6672//4477
f 6672//4477 6663//4468 6664//4469
f 6672//4477 6664//4469 6673//4478
f 6673//4478 6664//4469 6665//4470
f 6673//4478 6665//4470 6674//4479
f 6674//4479 6665//4470 6666//4471
f 6674//4479 6666//4471 6675//4480
f 6675//4480 6666//4471 6667//4472
f 6675//4480 6667//4472 6676//4481
f 6676//4481 6667//4472 6668//4473
f 6676//4481 6668//4473 6677//4482
f 6677//4482 6668//4473 6669//4474
f 6677//4482 6669//4474 4289//2750
f 4289//2750 6669//4474 4291//2752
f 4289//2750 4287//2748 6677//4482
f 6677//4482 4287//2748 6678//4483
f 6677//4482 6678//4483 6676//4481
f 6676//4481 6678//4483 6679//4484
f 6676//4481 6679//4484 6675//4480
f 6675//4480 6679//4484 6680//4485
f 6675//4480 6680//4485 6674//4479
f 6674//4479 6680//4485 6681//4486
f 6674//4479 6681//4486 6673//4478
f 6673//4478 6681//4486 6682//4487
f 6673//4478 6682//4487 6672//4477
f 6672//4477 6682//4487 6683//4488
f 6672//4477 6683//4488 6671//4476
f 6671//4476 6683//4488 6684//4489
f 6671//4476 6684//4489 6670//4475
f 6670//4475 6684//4489 6118//3923
f 6670//4475 6118//3923 4162//2623
f 4162//2623 6118//3923 4158//2619
f 4287//2748 4285//2746 6678//4483
f 6678//4483 4285//2746 6685//4490
f 6678//4483 6685//4490 6679//4484
f 6679//4484 6685//4490 6686//4491
f 6679//4484 6686//4491 6680//4485
f 6680//4485 6686//4491 6687//4492
f 6680//4485 6687//4492 6681//4486
f 6681//4486 6687//4492 6688//4493
f 6681//4486 6688//4493 6682//4487
f 6682//4487 6688//4493 6689//4494
f 6682//4487 6689//4494 6683//4488
f 6683//4488 6689//4494 6690//4495
f 6683//4488 6690//4495 6684//4489
f 6684//4489 6690//4495 6691//4496
f 6684//4489 6691//4496 6118//3923
f 6118//3923 6691//4496 6117//3922
f 6118//3923 6117//3922 4159//2620
f 4159//2620 6117//3922 4160//2621
f 4157//2618 4161//2622 6692//4497
f 6692//4497 4161//2622 6117//3922
f 6692//4497 6117//3922 6693//4498
f 6693//4498 6117//3922 6691//4496
f 6693//4498 6691//4496 6694//4499
f 6694//4499 6691//4496 6690//4495
f 6694//4499 6690//4495 6695//4500
f 6695//4500 6690//4495 6689//4494
f 6695//4500 6689//4494 6696//4501
f 6696//4501 6689//4494 6688//4493
f 6696//4501 6688//4493 6697//4502
f 6697//4502 6688//4493 6687//4492
f 6697//4502 6687//4492 6698//4503
f 6698//4503 6687//4492 6686//4491
f 6698//4503 6686//4491 6699//4504
f 6699//4504 6686//4491 6685//4490
f 6699//4504 6685//4490 4283//2744
f 4283//2744 6685//4490 4285//2746
f 4283//2744 4281//2742 6699//4504
f 6699//4504 4281//2742 6700//4505
f 6699//4504 6700//4505 6698//4503
f 6698//4503 6700//4505 6701//4506
f 6698//4503 6701//4506 6697//4502
f 6697//4502 6701//4506 6702//4507
f 6697//4502 6702//4507 6696//4501
f 6696//4501 6702//4507 6703//4508
f 6696//4501 6703//4508 6695//4500
f 6695//4500 6703//4508 6704//4509
f 6695//4500 6704//4509 6694//4499
f 6694//4499 6704//4509 6705//4510
f 6694//4499 6705//4510 6693//4498
f 6693//4498 6705//4510 6706//4511
f 6693//4498 6706//4511 6692//4497
f 6692//4497 6706//4511 6116//3921
f 6692//4497 6116//3921 4157//2618
f 4157//2618 6116//3921 4156//2617
f 4281//2742 4279//2740 6700//4505
f 6700//4505 4279//2740 6707//4512
f 6700//4505 6707//4512 6701//4506
f 6701//4506 6707//4512 6708//4513
f 6701//4506 6708//4513 6702//4507
f 6702//4507 6708//4513 6709//4514
f 6702//4507 6709//4514 6703//4508
f 6703//4508 6709//4514 6710//4515
f 6703//4508 6710//4515 6704//4509
f 6704//4509 6710//4515 6711//4516
f 6704//4509 6711//4516 6705//4510
f 6705//4510 6711//4516 6712//4517
f 6705//4510 6712//4517 6706//4511
f 6706//4511 6712//4517 6713//4518
f 6706//4511 6713//4518 6116//3921
f 6116//3921 6713//4518 6115//3920
f 6116//3921 6115//3920 4155//2616
f 4155//2616 6115//3920 4154//2615
f 4152//2613 4153//2614 6714//4519
f 6714//4519 4153//2614 6115//3920
f 6714//4519 6115//3920 6715//4520
f 6715//4520 6115//3920 6713//4518
f 6715//4520 6713//4518 6716//4521
f 6716//4521 6713//4518 6712//4517
f 6716//4521 6712//4517 6717//4522
f 6717//4522 6712//4517 6711//4516
f 6717//4522 6711//4516 6718//4523
f 6718//4523 6711//4516 6710//4515
f 6718//4523 6710//4515 6719//4524
f 6719//4524 6710//4515 6709//4514
f 6719//4524 6709//4514 6720//4525
f 6720//4525 6709//4514 6708//4513
f 6720//4525 6708//4513 6721//4526
f 6721//4526 6708//4513 6707//4512
f 6721//4526 6707//4512 4277//2738
f 4277//2738 6707//4512 4279//2740
f 4277//2738 4275//2736 6721//4526
f 6721//4526 4275//2736 6722//4527
f 6721//4526 6722//4527 6720//4525
f 6720//4525 6722//4527 6723//4528
f 6720//4525 6723//4528 6719//4524
f 6719//4524 6723//4528 6724//4529
f 6719//4524 6724//4529 6718//4523
f 6718//4523 6724//4529 6725//4530
f 6718//4523 6725//4530 6717//4522
f 6717//4522 6725//4530 6726//4531
f 6717//4522 6726//4531 6716//4521
f 6716//4521 6726//4531 6727//4532
f 6716//4521 6727//4532 6715//4520
f 6715//4520 6727//4532 6728//4533
f 6715//4520 6728//4533 6714//4519
f 6714//4519 6728//4533 6729//4534
f 6714//4519 6729//4534 4152//2613
f 4152//2613 6729//4534 4151//2612
f 4275//2736 4273//2734 6722//4527
f 6722//4527 4273//2734 6730//4535
f 6722//4527 6730//4535 6723//4528
f 6723//4528 6730//4535 6731//4536
f 6723//4528 6731//4536 6724//4529
f 6724//4529 6731//4536 6732//4537
f 6724//4529 6732//4537 6725//4530
f 6725//4530 6732//4537 6733//4538
f 6725//4530 6733//4538 6726//4531
f 6726//4531 6733//4538 6734//4539
f 6726//4531 6734//4539 6727//4532
f 6727//4532 6734//4539 6735//4540
f 6727//4532 6735//4540 6728//4533
f 6728//4533 6735//4540 6736//4541
f 6728//4533 6736//4541 6729//4534
f 6729//4534 6736//4541 6114//3919
f 6729//4534 6114//3919 4151//2612
f 4151//2612 6114//3919 4147//2608
f 4273//2734 4271//2732 6730//4535
f 6730//4535 4271//2732 6737//4542
f 6730//4535 6737//4542 6731//4536
f 6731//4536 6737//4542 6738//4543
f 6731//4536 6738//4543 6732//4537
f 6732//4537 6738//4543 6739//4544
f 6732//4537 6739//4544 6733//4538
f 6733//4538 6739//4544 6740//4545
f 6733//4538 6740//4545 6734//4539
f 6734//4539 6740//4545 6741//4546
f 6734//4539 6741//4546 6735//4540
f 6735//4540 6741//4546 6742//4547
f 6735//4540 6742//4547 6736//4541
f 6736//4541 6742//4547 6743//4548
f 6736//4541 6743//4548 6114//3919
f 6114//3919 6743//4548 6113//3918
f 6114//3919 6113//3918 4148//2609
f 4148//2609 6113//3918 4149//2610
f 4146//2607 4150//2611 6744//4549
f 6744//4549 4150//2611 6113//3918
f 6744//4549 6113//3918 6745//4550
f 6745//4550 6113//3918 6743//4548
f 6745//4550 6743//4548 6746//4551
f 6746//4551 6743//4548 6742//4547
f 6746//4551 6742//4547 6747//4552
f 6747//4552 6742//4547 6741//4546
f 6747//4552 6741//4546 6748//4553
f 6748//4553 6741//4546 6740//4545
f 6748//4553 6740//4545 6749//4554
f 6749//4554 6740//4545 6739//4544
f 6749//4554 6739//4544 6750//4555
f 6750//4555 6739//4544 6738//4543
f 6750//4555 6738//4543 6751//4556
f 6751//4556 6738//4543 6737//4542
f 6751//4556 6737//4542 4269//2730
f 4269//2730 6737//4542 4271//2732
f 4269//2730 4268//2729 6751//4556
f 6751//4556 4268//2729 6752//4557
f 6751//4556 6752//4557 6750//4555
f 6750//4555 6752//4557 6753//4558
f 6750//4555 6753//4558 6749//4554
f 6749//4554 6753//4558 6754//4559
f 6749//4554 6754//4559 6748//4553
f 6748//4553 6754//4559 6755//4560
f 6748//4553 6755//4560 6747//4552
f 6747//4552 6755//4560 6756//4561
f 6747//4552 6756//4561 6746//4551
f 6746//4551 6756//4561 6757//4562
f 6746//4551 6757//4562 6745//4550
f 6745//4550 6757//4562 6758//4563
f 6745//4550 6758//4563 6744//4549
f 6744//4549 6758//4563 6112//3917
f 6744//4549 6112//3917 4146//2607
f 4146//2607 6112//3917 4145//2606
f 4268//2729 4233//2694 6752//4557
f 6752//4557 4233//2694 6759//4564
f 6752//4557 6759//4564 6753//4558
f 6753//4558 6759//4564 6760//4565
f 6753//4558 6760//4565 6754//4559
f 6754//4559 6760//4565 6761//4566
f 6754//4559 6761//4566 6755//4560
f 6755//4560 6761//4566 6762//4567
f 6755//4560 6762//4567 6756//4561
f 6756//4561 6762//4567 6763//4568
f 6756//4561 6763//4568 6757//4562
f 6757//4562 6763//4568 6764//4569
f 6757//4562 6764//4569 6758//4563
f 6758//4563 6764//4569 6765//4570
f 6758//4563 6765//4570 6112//3917
f 6112//3917 6765//4570 6111//3916
f 6112//3917 6111//3916 4144//2605
f 4144//2605 6111//3916 4143//2604
f 4139//2600 4138//2599 6766//4571
f 6766//4571 4138//2599 6111//3916
f 6766//4571 6111//3916 6767//4572
f 6767//4572 6111//3916 6765//4570
f 6767//4572 6765//4570 6768//4573
f 6768//4573 6765//4570 6764//4569
f 6768//4573 6764//4569 6769//4574
f 6769//4574 6764//4569 6763//4568
f 6769//4574 6763//4568 6770//4575
f 6770//4575 6763//4568 6762//4567
f 6770//4575 6762//4567 6771//4576
f 6771//4576 6762//4567 6761//4566
f 6771//4576 6761//4566 6772//4577
f 6772//4577 6761//4566 6760//4565
f 6772//4577 6760//4565 6773//4578
f 6773//4578 6760//4565 6759//4564
f 6773//4578 6759//4564 4231//2692
f 4231//2692 6759//4564 4233//2694
f 4231//2692 4229//2690 6773//4578
f 6773//4578 4229//2690 6207//4012
f 6773//4578 6207//4012 6772//4577
f 6772//4577 6207//4012 6209//4014
f 6772//4577 6209//4014 6771//4576
f 6771//4576 6209//4014 6211//4016
f 6771//4576 6211//4016 6770//4575
f 6770//4575 6211//4016 6213//4018
f 6770//4575 6213//4018 6769//4574
f 6769//4574 6213//4018 6215//4020
f 6769//4574 6215//4020 6768//4573
f 6768//4573 6215//4020 6217//4022
f 6768//4573 6217//4022 6767//4572
f 6767//4572 6217//4022 6219//4024
f 6767//4572 6219//4024 6766//4571
f 6766//4571 6219//4024 6221//4026
f 6766//4571 6221//4026 4139//2600
f 4139//2600 6221//4026 4140//2601
f 6110//3915 4142//2603 6221//4026
f 6221//4026 4142//2603 4141//2602
f 6221//4026 4141//2602 4140//2601
f 4227//2688 4225//2686 6208//4013
f 6208//4013 4225//2686 6774//4579
f 6208//4013 6774//4579 6210//4015
f 6210//4015 6774//4579 6775//4580
f 6210//4015 6775//4580 6212//4017
f 6212//4017 6775//4580 6776//4581
f 6212//4017 6776//4581 6214//4019
f 6214//4019 6776//4581 6777//4582
f 6214//4019 6777//4582 6216//4021
f 6216//4021 6777//4582 6778//4583
f 6216//4021 6778//4583 6218//4023
f 6218//4023 6778//4583 6779//4584
f 6218//4023 6779//4584 6220//4025
f 6220//4025 6779//4584 6780//4585
f 6220//4025 6780//4585 6110//3915
f 6110//3915 6780//4585 6109//3914
f 6110//3915 6109//3914 4137//2598
f 4137//2598 6109//3914 4136//2597
f 4134//2595 4135//2596 6781//4586
f 6781//4586 4135//2596 6109//3914
f 6781//4586 6109//3914 6782//4587
f 6782//4587 6109//3914 6780//4585
f 6782//4587 6780//4585 6783//4588
f 6783//4588 6780//4585 6779//4584
f 6783//4588 6779//4584 6784//4589
f 6784//4589 6779//4584 6778//4583
f 6784//4589 6778//4583 6785//4590
f 6785//4590 6778//4583 6777//4582
f 6785//4590 6777//4582 6786//4591
f 6786//4591 6777//4582 6776//4581
f 6786//4591 6776//4581 6787//4592
f 6787//4592 6776//4581 6775//4580
f 6787//4592 6775//4580 6788//4593
f 6788//4593 6775//4580 6774//4579
f 6788//4593 6774//4579 4223//2684
f 4223//2684 6774//4579 4225//2686
f 4223//2684 4221//2682 6788//4593
f 6788//4593 4221//2682 6789//4594
f 6788//4593 6789//4594 6787//4592
f 6787//4592 6789//4594 6790//4595
f 6787//4592 6790//4595 6786//4591
f 6786//4591 6790//4595 6791//4596
f 6786//4591 6791//4596 6785//4590
f 6785//4590 6791//4596 6792//4597
f 6785//4590 6792//4597 6784//4589
f 6784//4589 6792//4597 6793//4598
f 6784//4589 6793//4598 6783//4588
f 6783//4588 6793//4598 6794//4599
f 6783//4588 6794//4599 6782//4587
f 6782//4587 6794//4599 6795//4600
f 6782//4587 6795//4600 6781//4586
f 6781//4586 6795//4600 6108//3913
f 6781//4586 6108//3913 4134//2595
f 4134//2595 6108//3913 4062//2523
f 4221//2682 4219//2680 6789//4594
f 6789//4594 4219//2680 6236//4041
f 6789//4594 6236//4041 6790//4595
f 6790//4595 6236//4041 6234//4039
f 6790//4595 6234//4039 6791//4596
f 6791//4596 6234//4039 6232//4037
f 6791//4596 6232//4037 6792//4597
f 6792//4597 6232//4037 6230//4035
f 6792//4597 6230//4035 6793//4598
f 6793//4598 6230//4035 6228//4033
f 6793//4598 6228//4033 6794//4599
f 6794//4599 6228//4033 6226//4031
f 6794//4599 6226//4031 6795//4600
f 6795//4600 6226//4031 6224//4029
f 6795//4600 6224//4029 6108//3913
f 6108//3913 6224//4029 6161//3966
f 6108//3913 6161//3966 4063//2524
f 4063//2524 6161//3966 4132//2593
f 5192//3131 5191//3130 6796//4601
f 6796//4601 5191//3130 5190//3129
f 6796//4601 5190//3129 5189//3128
f 5170//3118 5198//3137 6797//4602
f 6797//4602 5198//3137 5197//3136
f 6797//4602 5197//3136 6798//4603
f 6798//4603 5197//3136 5196//3135
f 6798//4603 5196//3135 6799//4604
f 6799//4604 5196//3135 5195//3134
f 6799//4604 5195//3134 6800//4605
f 6800//4605 5195//3134 5194//3133
f 6800//4605 5194//3133 6801//4606
f 6801//4606 5194//3133 5193//3132
f 6801//4606 5193//3132 6802//4607
f 6802//4607 5193//3132 5192//3131
f 6802//4607 5192//3131 6803//4608
f 6803//4608 5192//3131 6796//4601
f 4549//2914 4548//2913 6804//4609
f 4529//2896 4557//2922 6805//4610
f 6805//4610 4557//2922 4556//2921
f 6805//4610 4556//2921 6806//4611
f 6806//4611 4556//2921 4555//2920
f 6806//4611 4555//2920 6807//4612
f 6807//4612 4555//2920 4554//2919
f 6807//4612 4554//2919 6808//4613
f 6808//4613 4554//2919 6809//4614
f 6809//4614 4554//2919 4553//2918
f 6809//4614 4553//2918 6810//4615
f 6810//4615 4553//2918 4552//2917
f 6810//4615 4552//2917 6811//4616
f 6811//4616 4552//2917 4551//2916
f 6811//4616 4551//2916 6804//4609
f 6804//4609 4551//2916 4550//2915
f 6804//4609 4550//2915 4549//2914
f 3509//1974 2732//1200 6812//4617
f 6812//4617 2732//1200 6813//4618
f 2732//1200 2734//1202 6813//4618
f 6813//4618 2734//1202 6814//4619
f 6813//4618 6814//4619 6815//4620
f 6815//4620 6814//4619 2714//1182
f 6815//4620 2714//1182 2716//1184
f 6816//4621 6817//4622 2754//1222
f 2754//1222 6817//4622 2756//1224
f 6818//4623 2772//1240 2774//1242
f 6818//4623 2774//1242 6819//4624
f 6819//4624 2774//1242 6820//4625
f 6819//4624 6820//4625 6817//4622
f 6817//4622 6820//4625 2757//1225
f 6817//4622 2757//1225 2756//1224
f 2772//1240 6818//4623 2771//1239
f 2771//1239 6818//4623 6821//4626
f 2771//1239 6821//4626 3570//2035
f 2795//1263 6822//4627 2793//1261
f 2793//1261 6822//4627 6823//4628
f 3639//2104 2810//1278 6824//4629
f 6824//4629 2810//1278 2812//1280
f 6824//4629 2812//1280 6823//4628
f 6823//4628 2812//1280 6825//4630
f 6823//4628 6825//4630 2793//1261
f 2829//1297 6826//4631 2827//1295
f 2827//1295 6826//4631 6827//4632
f 2827//1295 6827//4632 6828//4633
f 3720//2184 2848//1316 6829//4634
f 6829//4634 2848//1316 6827//4632
f 6827//4632 2848//1316 2850//1318
f 6827//4632 2850//1318 6828//4633
f 3787//2248 2867//1335 6830//4635
f 6830//4635 2867//1335 6831//4636
f 2867//1335 2869//1337 6831//4636
f 6831//4636 2869//1337 6832//4637
f 6831//4636 6832//4637 6833//4638
f 6833//4638 6832//4637 4529//2896
f 6833//4638 4529//2896 6805//4610
f 6834//4639 6835//4640 2893//1361
f 2893//1361 6835//4640 2895//1363
f 2907//1375 2909//1377 6836//4641
f 6836//4641 2909//1377 6837//4642
f 6836//4641 6837//4642 6835//4640
f 6835//4640 6837//4642 2896//1364
f 6835//4640 2896//1364 2895//1363
f 2907//1375 6836//4641 2906//1374
f 2906//1374 6836//4641 6838//4643
f 2906//1374 6838//4643 3436//1902
f 2948//1416 6839//4644 2946//1414
f 2946//1414 6839//4644 6840//4645
f 3366//1833 2926//1394 6841//4646
f 6841//4646 2926//1394 2928//1396
f 6841//4646 2928//1396 6840//4645
f 6840//4645 2928//1396 6842//4647
f 6840//4645 6842//4647 2946//1414
f 2987//1455 6843//4648 2985//1453
f 2985//1453 6843//4648 6844//4649
f 2985//1453 6844//4649 6845//4650
f 3296//1763 2964//1432 6846//4651
f 6846//4651 2964//1432 6844//4649
f 6844//4649 2964//1432 2966//1434
f 6844//4649 2966//1434 6845//4650
f 3217//1685 2675//1143 6847//4652
f 6847//4652 2675//1143 6848//4653
f 2675//1143 2677//1145 6848//4653
f 6848//4653 2677//1145 6849//4654
f 6848//4653 6849//4654 6850//4655
f 6850//4655 6849//4654 2696//1164
f 6850//4655 2696//1164 2698//1166
f 2605//1073 6851//4656 6852//4657
f 6853//4658 2608//1076 6852//4657
f 6852//4657 2608//1076 2607//1075
f 6852//4657 2607//1075 2605//1073
f 6853//4658 6852//4657 2581//1049
f 2581//1049 6852//4657 6854//4659
f 2581//1049 6854//4659 2579//1047
f 2579//1047 6854//4659 2578//1046
f 2578//1046 6854//4659 6855//4660
f 2578//1046 6855//4660 3171//1639
f 2651//1119 6856//4661 2653//1121
f 2653//1121 6856//4661 6857//4662
f 3084//1552 2618//1086 6858//4663
f 6858//4663 2618//1086 2617//1085
f 6858//4663 2617//1085 6857//4662
f 6857//4662 2617//1085 6859//4664
f 6857//4662 6859//4664 2653//1121
f 2660//1128 6860//4665 2658//1126
f 2658//1126 6860//4665 6861//4666
f 2658//1126 6861//4666 6862//4667
f 3008//1476 6796//4601 6863//4668
f 6863//4668 6796//4601 6861//4666
f 6861//4666 6796//4601 5189//3128
f 6861//4666 5189//3128 6862//4667
f 3366//1833 6841//4646 3364//1831
f 3364//1831 6841//4646 6864//4669
f 3364//1831 6864//4669 3391//1858
f 3391//1858 6864//4669 6865//4670
f 3391//1858 6865//4670 3393//1860
f 3393//1860 6865//4670 6843//4648
f 3393//1860 6843//4648 3395//1862
f 3395//1862 6843//4648 2987//1455
f 3395//1862 2987//1455 3396//1863
f 3436//1902 6838//4643 3448//1914
f 3448//1914 6838//4643 6866//4671
f 3448//1914 6866//4671 3446//1912
f 3446//1912 6866//4671 6839//4644
f 3446//1912 6839//4644 3444//1910
f 3444//1910 6839//4644 2948//1416
f 3444//1910 2948//1416 3443//1909
f 3787//2248 6830//4635 3810//2271
f 3810//2271 6830//4635 6867//4672
f 3810//2271 6867//4672 3812//2273
f 3812//2273 6867//4672 6834//4639
f 3812//2273 6834//4639 3814//2275
f 3814//2275 6834//4639 2893//1361
f 3814//2275 2893//1361 3768//2231
f 3720//2184 6829//4634 3718//2182
f 3718//2182 6829//4634 6868//4673
f 3718//2182 6868//4673 3732//2195
f 3732//2195 6868//4673 6869//4674
f 3732//2195 6869//4674 3734//2197
f 3734//2197 6869//4674 6833//4638
f 3734//2197 6833//4638 3735//2198
f 3735//2198 6833//4638 6805//4610
f 3735//2198 6805//4610 3725//2189
f 3639//2104 6824//4629 3637//2102
f 3637//2102 6824//4629 6870//4675
f 3637//2102 6870//4675 3685//2149
f 3685//2149 6870//4675 6871//4676
f 3685//2149 6871//4676 3687//2151
f 3687//2151 6871//4676 6826//4631
f 3687//2151 6826//4631 3688//2152
f 3688//2152 6826//4631 2829//1297
f 3688//2152 2829//1297 3634//2099
f 3570//2035 6821//4626 3586//2051
f 3586//2051 6821//4626 6872//4677
f 3586//2051 6872//4677 3588//2053
f 3588//2053 6872//4677 6822//4627
f 3588//2053 6822//4627 3590//2055
f 3590//2055 6822//4627 2795//1263
f 3590//2055 2795//1263 3582//2047
f 3509//1974 6812//4617 3524//1989
f 3524//1989 6812//4617 6873//4678
f 3524//1989 6873//4678 3526//1991
f 3526//1991 6873//4678 6816//4621
f 3526//1991 6816//4621 3528//1993
f 3528//1993 6816//4621 2754//1222
f 3528//1993 2754//1222 3529//1994
f 3008//1476 6863//4668 3006//1474
f 3006//1474 6863//4668 6874//4679
f 3006//1474 6874//4679 3053//1521
f 3053//1521 6874//4679 6875//4680
f 3053//1521 6875//4680 3055//1523
f 3055//1523 6875//4680 6815//4620
f 3055//1523 6815//4620 3056//1524
f 3056//1524 6815//4620 2716//1184
f 3056//1524 2716//1184 3027//1495
f 3084//1552 6858//4663 3082//1550
f 3082//1550 6858//4663 6876//4681
f 3082//1550 6876//4681 3113//1581
f 3113//1581 6876//4681 6877//4682
f 3113//1581 6877//4682 3115//1583
f 3115//1583 6877//4682 6860//4665
f 3115//1583 6860//4665 3117//1585
f 3117//1585 6860//4665 2660//1128
f 3117//1585 2660//1128 3100//1568
f 3171//1639 6855//4660 3174//1642
f 3174//1642 6855//4660 6878//4683
f 3174//1642 6878//4683 3176//1644
f 3176//1644 6878//4683 6856//4661
f 3176//1644 6856//4661 3178//1646
f 3178//1646 6856//4661 2651//1119
f 3178//1646 2651//1119 3179//1647
f 3217//1685 6847//4652 3232//1699
f 3232//1699 6847//4652 6879//4684
f 3232//1699 6879//4684 3234//1701
f 3234//1701 6879//4684 6851//4656
f 3234//1701 6851//4656 3236//1703
f 3236//1703 6851//4656 2605//1073
f 3236//1703 2605//1073 3220//1687
f 3296//1763 6846//4651 3294//1761
f 3294//1761 6846//4651 6880//4685
f 3294//1761 6880//4685 3330//1797
f 3330//1797 6880//4685 6881//4686
f 3330//1797 6881//4686 3332//1799
f 3332//1799 6881//4686 6850//4655
f 3332//1799 6850//4655 3333//1800
f 3333//1800 6850//4655 2698//1166
f 3333//1800 2698//1166 3301//1768
f 2777//1245 3574//2039 3597//2062
f 2815//1283 3654//2119 3656//2121
f 2853//1321 3708//2172 3711//2175
f 2881//1349 3779//2241 3788//2249
f 2912//1380 3440//1906 3450//1916
f 2931//1399 3357//1824 3373//1840
f 2969//1437 3286//1753 3328//1795
f 2680//1148 3223//1690 3262//1729
f 2593//1061 3144//1612 3168//1636
f 2621//1089 3073//1541 3111//1579
f 6797//4602 3013//1481 3049//1517
f 2737//1205 3495//1961 3553//2018
f 6882//4687 6883//4688 2735//1203
f 6882//4687 2735//1203 6884//4689
f 3042//1510 2713//1181 6885//4690
f 6885//4690 2713//1181 6882//4687
f 6882//4687 2713//1181 2712//1180
f 6882//4687 2712//1180 6883//4688
f 6886//4691 6887//4692 5170//3118
f 6886//4691 5170//3118 6888//4693
f 3104//1572 2655//1123 6889//4694
f 6889//4694 2655//1123 6886//4691
f 6886//4691 2655//1123 2654//1122
f 6886//4691 2654//1122 6887//4692
f 6890//4695 6891//4696 2619//1087
f 6890//4695 2619//1087 6892//4697
f 3161//1629 2636//1104 6893//4698
f 6893//4698 2636//1104 6890//4695
f 6890//4695 2636//1104 2635//1103
f 6890//4695 2635//1103 6891//4696
f 6894//4699 6895//4700 2595//1063
f 6894//4699 2595//1063 6896//4701
f 3240//1707 2597//1065 6897//4702
f 6897//4702 2597//1065 6894//4699
f 6894//4699 2597//1065 2596//1064
f 6894//4699 2596//1064 6895//4700
f 6898//4703 6899//4704 2678//1146
f 6898//4703 2678//1146 6900//4705
f 3282//1749 2693//1161 6901//4706
f 6901//4706 2693//1161 6898//4703
f 6898//4703 2693//1161 2692//1160
f 6898//4703 2692//1160 6899//4704
f 6902//4707 6903//4708 2967//1435
f 6902//4707 2967//1435 6904//4709
f 3374//1841 2982//1450 6905//4710
f 6905//4710 2982//1450 6902//4707
f 6902//4707 2982//1450 2981//1449
f 6902//4707 2981//1449 6903//4708
f 6906//4711 6907//4712 2929//1397
f 6906//4711 2929//1397 6908//4713
f 3433//1899 2945//1413 6909//4714
f 6909//4714 2945//1413 6906//4711
f 6906//4711 2945//1413 2944//1412
f 6906//4711 2944//1412 6907//4712
f 6910//4715 6911//4716 2910//1378
f 6910//4715 2910//1378 6912//4717
f 3782//2244 2885//1353 6913//4718
f 6913//4718 2885//1353 6910//4715
f 6910//4715 2885//1353 2884//1352
f 6910//4715 2884//1352 6911//4716
f 6914//4719 6915//4720 2883//1351
f 6914//4719 2883//1351 6916//4721
f 3699//2163 6804//4609 6917//4722
f 6917//4722 6804//4609 6914//4719
f 6914//4719 6804//4609 4548//2913
f 6914//4719 4548//2913 6915//4720
f 6918//4723 6919//4724 2851//1319
f 6918//4723 2851//1319 6920//4725
f 3629//2094 2836//1304 6921//4726
f 6921//4726 2836//1304 6918//4723
f 6918//4723 2836//1304 2835//1303
f 6918//4723 2835//1303 6919//4724
f 6922//4727 6923//4728 2813//1281
f 6922//4727 2813//1281 6924//4729
f 3577//2042 2790//1258 6925//4730
f 6925//4730 2790//1258 6922//4727
f 6922//4727 2790//1258 2789//1257
f 6922//4727 2789//1257 6923//4728
f 6926//4731 6927//4732 2775//1243
f 6926//4731 2775//1243 6928//4733
f 3505//1971 2759//1227 6929//4734
f 6929//4734 2759//1227 6926//4731
f 6926//4731 2759//1227 2758//1226
f 6926//4731 2758//1226 6927//4732
f 2967//1435 2969//1437 6904//4709
f 6904//4709 2969//1437 3328//1795
f 6904//4709 3328//1795 6930//4735
f 6930//4735 3328//1795 3327//1794
f 6930//4735 3327//1794 6931//4736
f 6931//4736 3327//1794 3325//1792
f 6931//4736 3325//1792 6901//4706
f 6901//4706 3325//1792 3323//1790
f 6901//4706 3323//1790 3282//1749
f 2678//1146 2680//1148 6900//4705
f 6900//4705 2680//1148 3262//1729
f 6900//4705 3262//1729 6932//4737
f 6932//4737 3262//1729 3261//1728
f 6932//4737 3261//1728 6933//4738
f 6933//4738 3261//1728 3259//1726
f 6933//4738 3259//1726 6897//4702
f 6897//4702 3259//1726 3257//1724
f 6897//4702 3257//1724 3240//1707
f 2595//1063 2593//1061 6896//4701
f 6896//4701 2593//1061 3168//1636
f 6896//4701 3168//1636 6934//4739
f 6934//4739 3168//1636 3167//1635
f 6934//4739 3167//1635 6935//4740
f 6935//4740 3167//1635 3165//1633
f 6935//4740 3165//1633 6893//4698
f 6893//4698 3165//1633 3163//1631
f 6893//4698 3163//1631 3161//1629
f 2619//1087 2621//1089 6892//4697
f 6892//4697 2621//1089 3111//1579
f 6892//4697 3111//1579 6936//4741
f 6936//4741 3111//1579 3110//1578
f 6936//4741 3110//1578 6937//4742
f 6937//4742 3110//1578 3108//1576
f 6937//4742 3108//1576 6889//4694
f 6889//4694 3108//1576 3106//1574
f 6889//4694 3106//1574 3104//1572
f 5170//3118 6797//4602 6888//4693
f 6888//4693 6797//4602 3049//1517
f 6888//4693 3049//1517 6938//4743
f 6938//4743 3049//1517 3048//1516
f 6938//4743 3048//1516 6939//4744
f 6939//4744 3048//1516 3046//1514
f 6939//4744 3046//1514 6885//4690
f 6885//4690 3046//1514 3044//1512
f 6885//4690 3044//1512 3042//1510
f 2735//1203 2737//1205 6884//4689
f 6884//4689 2737//1205 3553//2018
f 6884//4689 3553//2018 6940//4745
f 6940//4745 3553//2018 3552//2017
f 6940//4745 3552//2017 6941//4746
f 6941//4746 3552//2017 3550//2015
f 6941//4746 3550//2015 6929//4734
f 6929//4734 3550//2015 3548//2013
f 6929//4734 3548//2013 3505//1971
f 2775//1243 2777//1245 6928//4733
f 6928//4733 2777//1245 3597//2062
f 6928//4733 3597//2062 6942//4747
f 6942//4747 3597//2062 3599//2064
f 6942//4747 3599//2064 6943//4748
f 6943//4748 3599//2064 3601//2066
f 6943//4748 3601//2066 6925//4730
f 6925//4730 3601//2066 3603//2068
f 6925//4730 3603//2068 3577//2042
f 2813//1281 2815//1283 6924//4729
f 6924//4729 2815//1283 3656//2121
f 6924//4729 3656//2121 6944//4749
f 6944//4749 3656//2121 3658//2123
f 6944//4749 3658//2123 6945//4750
f 6945//4750 3658//2123 3660//2125
f 6945//4750 3660//2125 6921//4726
f 6921//4726 3660//2125 3662//2127
f 6921//4726 3662//2127 3629//2094
f 2851//1319 2853//1321 6920//4725
f 6920//4725 2853//1321 3711//2175
f 6920//4725 3711//2175 6946//4751
f 6946//4751 3711//2175 3713//2177
f 6946//4751 3713//2177 6947//4752
f 6947//4752 3713//2177 3715//2179
f 6947//4752 3715//2179 6917//4722
f 6917//4722 3715//2179 3717//2181
f 6917//4722 3717//2181 3699//2163
f 2883//1351 2881//1349 6916//4721
f 6916//4721 2881//1349 3788//2249
f 6916//4721 3788//2249 6948//4753
f 6948//4753 3788//2249 3790//2251
f 6948//4753 3790//2251 6949//4754
f 6949//4754 3790//2251 3792//2253
f 6949//4754 3792//2253 6913//4718
f 6913//4718 3792//2253 3794//2255
f 6913//4718 3794//2255 3782//2244
f 2910//1378 2912//1380 6912//4717
f 6912//4717 2912//1380 3450//1916
f 6912//4717 3450//1916 6950//4755
f 6950//4755 3450//1916 3452//1918
f 6950//4755 3452//1918 6951//4756
f 6951//4756 3452//1918 3454//1920
f 6951//4756 3454//1920 6909//4714
f 6909//4714 3454//1920 3456//1922
f 6909//4714 3456//1922 3433//1899
f 2929//1397 2931//1399 6908//4713
f 6908//4713 2931//1399 3373//1840
f 6908//4713 3373//1840 6952//4757
f 6952//4757 3373//1840 3363//1830
f 6952//4757 3363//1830 6953//4758
f 6953//4758 3363//1830 3349//1816
f 6953//4758 3349//1816 6905//4710
f 6905//4710 3349//1816 3348//1815
f 6905//4710 3348//1815 3374//1841
f 3495//1961 2737//1205 2739//1207
f 3495//1961 2739//1207 3517//1982
f 3517//1982 2739//1207 2741//1209
f 3517//1982 2741//1209 3519//1984
f 3519//1984 2741//1209 2743//1211
f 3519//1984 2743//1211 3521//1986
f 3521//1986 2743//1211 2745//1213
f 3521//1986 2745//1213 3522//1987
f 3522//1987 2745//1213 2747//1215
f 3522//1987 2747//1215 3514//1979
f 3514//1979 2747//1215 2748//1216
f 3514//1979 2748//1216 3512//1977
f 3512//1977 2748//1216 2732//1200
f 3512//1977 2732//1200 3509//1974
f 3013//1481 6797//4602 6798//4603
f 3013//1481 6798//4603 3035//1503
f 3035//1503 6798//4603 6799//4604
f 3035//1503 6799//4604 3037//1505
f 3037//1505 6799//4604 6800//4605
f 3037//1505 6800//4605 3039//1507
f 3039//1507 6800//4605 6801//4606
f 3039//1507 6801//4606 3040//1508
f 3040//1508 6801//4606 6802//4607
f 3040//1508 6802//4607 3032//1500
f 3032//1500 6802//4607 6803//4608
f 3032//1500 6803//4608 3030//1498
f 3030//1498 6803//4608 6796//4601
f 3030//1498 6796//4601 3008//1476
f 3073//1541 2621//1089 2623//1091
f 3073//1541 2623//1091 3122//1590
f 3122//1590 2623//1091 2625//1093
f 3122//1590 2625//1093 3120//1588
f 3120//1588 2625//1093 2627//1095
f 3120//1588 2627//1095 3118//1586
f 3118//1586 2627//1095 2629//1097
f 3118//1586 2629//1097 3093//1561
f 3093//1561 2629//1097 2631//1099
f 3093//1561 2631//1099 3091//1559
f 3091//1559 2631//1099 2633//1101
f 3091//1559 2633//1101 3089//1557
f 3089//1557 2633//1101 2618//1086
f 3089//1557 2618//1086 3084//1552
f 3144//1612 2593//1061 2591//1059
f 3144//1612 2591//1059 3191//1659
f 3191//1659 2591//1059 2589//1057
f 3191//1659 2589//1057 3193//1661
f 3193//1661 2589//1057 2587//1055
f 3193//1661 2587//1055 3195//1663
f 3195//1663 2587//1055 2585//1053
f 3195//1663 2585//1053 3196//1664
f 3196//1664 2585//1053 2583//1051
f 3196//1664 2583//1051 3185//1653
f 3185//1653 2583//1051 2582//1050
f 3185//1653 2582//1050 3183//1651
f 3183//1651 2582//1050 2578//1046
f 3183//1651 2578//1046 3171//1639
f 3574//2039 2777//1245 2779//1247
f 3574//2039 2779//1247 3605//2070
f 3605//2070 2779//1247 2781//1249
f 3605//2070 2781//1249 3607//2072
f 3607//2072 2781//1249 2783//1251
f 3607//2072 2783//1251 3609//2074
f 3609//2074 2783//1251 2785//1253
f 3609//2074 2785//1253 3610//2075
f 3610//2075 2785//1253 2787//1255
f 3610//2075 2787//1255 3595//2060
f 3595//2060 2787//1255 2788//1256
f 3595//2060 2788//1256 3593//2058
f 3593//2058 2788//1256 2771//1239
f 3593//2058 2771//1239 3570//2035
f 3529//1994 2754//1222 2752//1220
f 3529//1994 2752//1220 3545//2010
f 3545//2010 2752//1220 2750//1218
f 3545//2010 2750//1218 3543//2008
f 3543//2008 2750//1218 2768//1236
f 3543//2008 2768//1236 3541//2006
f 3541//2006 2768//1236 2767//1235
f 3541//2006 2767//1235 3539//2004
f 3539//2004 2767//1235 2765//1233
f 3539//2004 2765//1233 3537//2002
f 3537//2002 2765//1233 2763//1231
f 3537//2002 2763//1231 3535//2000
f 3535//2000 2763//1231 2759//1227
f 3535//2000 2759//1227 3505//1971
f 3654//2119 2815//1283 2817//1285
f 3654//2119 2817//1285 3669//2134
f 3669//2134 2817//1285 2819//1287
f 3669//2134 2819//1287 3680//2144
f 3680//2144 2819//1287 2821//1289
f 3680//2144 2821//1289 3682//2146
f 3682//2146 2821//1289 2823//1291
f 3682//2146 2823//1291 3683//2147
f 3683//2147 2823//1291 2825//1293
f 3683//2147 2825//1293 3667//2132
f 3667//2132 2825//1293 2826//1294
f 3667//2132 2826//1294 3665//2130
f 3665//2130 2826//1294 2810//1278
f 3665//2130 2810//1278 3639//2104
f 3582//2047 2795//1263 2797//1265
f 3582//2047 2797//1265 3622//2087
f 3622//2087 2797//1265 2799//1267
f 3622//2087 2799//1267 3621//2086
f 3621//2086 2799//1267 2807//1275
f 3621//2086 2807//1275 3619//2084
f 3619//2084 2807//1275 2806//1274
f 3619//2084 2806//1274 3617//2082
f 3617//2082 2806//1274 2804//1272
f 3617//2082 2804//1272 3615//2080
f 3615//2080 2804//1272 2802//1270
f 3615//2080 2802//1270 3613//2078
f 3613//2078 2802//1270 2790//1258
f 3613//2078 2790//1258 3577//2042
f 3223//1690 2680//1148 2682//1150
f 3223//1690 2682//1150 3250//1717
f 3250//1717 2682//1150 2684//1152
f 3250//1717 2684//1152 3252//1719
f 3252//1719 2684//1152 2686//1154
f 3252//1719 2686//1154 3254//1721
f 3254//1721 2686//1154 2688//1156
f 3254//1721 2688//1156 3255//1722
f 3255//1722 2688//1156 2690//1158
f 3255//1722 2690//1158 3247//1714
f 3247//1714 2690//1158 2691//1159
f 3247//1714 2691//1159 3245//1712
f 3245//1712 2691//1159 2675//1143
f 3245//1712 2675//1143 3217//1685
f 3708//2172 2853//1321 2855//1323
f 3708//2172 2855//1323 3755//2218
f 3755//2218 2855//1323 2857//1325
f 3755//2218 2857//1325 3757//2220
f 3757//2220 2857//1325 2859//1327
f 3757//2220 2859//1327 3759//2222
f 3759//2222 2859//1327 2861//1329
f 3759//2222 2861//1329 3760//2223
f 3760//2223 2861//1329 2863//1331
f 3760//2223 2863//1331 3752//2215
f 3752//2215 2863//1331 2864//1332
f 3752//2215 2864//1332 3750//2213
f 3750//2213 2864//1332 2848//1316
f 3750//2213 2848//1316 3720//2184
f 3634//2099 2829//1297 2831//1299
f 3634//2099 2831//1299 3653//2118
f 3653//2118 2831//1299 2833//1301
f 3653//2118 2833//1301 3652//2117
f 3652//2117 2833//1301 2845//1313
f 3652//2117 2845//1313 3650//2115
f 3650//2115 2845//1313 2844//1312
f 3650//2115 2844//1312 3648//2113
f 3648//2113 2844//1312 2842//1310
f 3648//2113 2842//1310 3646//2111
f 3646//2111 2842//1310 2840//1308
f 3646//2111 2840//1308 3644//2109
f 3644//2109 2840//1308 2836//1304
f 3644//2109 2836//1304 3629//2094
f 3286//1753 2969//1437 2971//1439
f 3286//1753 2971//1439 3341//1808
f 3341//1808 2971//1439 2973//1441
f 3341//1808 2973//1441 3343//1810
f 3343//1810 2973//1441 2975//1443
f 3343//1810 2975//1443 3345//1812
f 3345//1812 2975//1443 2977//1445
f 3345//1812 2977//1445 3346//1813
f 3346//1813 2977//1445 2979//1447
f 3346//1813 2979//1447 3338//1805
f 3338//1805 2979//1447 2980//1448
f 3338//1805 2980//1448 3336//1803
f 3336//1803 2980//1448 2964//1432
f 3336//1803 2964//1432 3296//1763
f 3779//2241 2881//1349 2879//1347
f 3779//2241 2879//1347 3822//2283
f 3822//2283 2879//1347 2877//1345
f 3822//2283 2877//1345 3824//2285
f 3824//2285 2877//1345 2875//1343
f 3824//2285 2875//1343 3826//2287
f 3826//2287 2875//1343 2873//1341
f 3826//2287 2873//1341 3827//2288
f 3827//2288 2873//1341 2871//1339
f 3827//2288 2871//1339 3819//2280
f 3819//2280 2871//1339 2870//1338
f 3819//2280 2870//1338 3817//2278
f 3817//2278 2870//1338 2867//1335
f 3817//2278 2867//1335 3787//2248
f 3725//2189 6805//4610 6806//4611
f 3725//2189 6806//4611 3747//2210
f 3747//2210 6806//4611 6807//4612
f 3747//2210 6807//4612 3746//2209
f 3746//2209 6807//4612 6808//4613
f 3746//2209 6808//4613 3744//2207
f 3744//2207 6808//4613 6809//4614
f 3744//2207 6809//4614 3742//2205
f 3742//2205 6809//4614 6810//4615
f 3742//2205 6810//4615 3740//2203
f 3740//2203 6810//4615 6811//4616
f 3740//2203 6811//4616 3738//2201
f 3738//2201 6811//4616 6804//4609
f 3738//2201 6804//4609 3699//2163
f 3357//1824 2931//1399 2933//1401
f 3357//1824 2933//1401 3384//1851
f 3384//1851 2933//1401 2935//1403
f 3384//1851 2935//1403 3386//1853
f 3386//1853 2935//1403 2937//1405
f 3386//1853 2937//1405 3388//1855
f 3388//1855 2937//1405 2939//1407
f 3388//1855 2939//1407 3389//1856
f 3389//1856 2939//1407 2941//1409
f 3389//1856 2941//1409 3381//1848
f 3381//1848 2941//1409 2942//1410
f 3381//1848 2942//1410 3379//1846
f 3379//1846 2942//1410 2926//1394
f 3379//1846 2926//1394 3366//1833
f 3440//1906 2912//1380 2914//1382
f 3440//1906 2914//1382 3479//1945
f 3479//1945 2914//1382 2916//1384
f 3479//1945 2916//1384 3481//1947
f 3481//1947 2916//1384 2918//1386
f 3481//1947 2918//1386 3483//1949
f 3483//1949 2918//1386 2920//1388
f 3483//1949 2920//1388 3484//1950
f 3484//1950 2920//1388 2922//1390
f 3484//1950 2922//1390 3476//1942
f 3476//1942 2922//1390 2923//1391
f 3476//1942 2923//1391 3474//1940
f 3474//1940 2923//1391 2906//1374
f 3474//1940 2906//1374 3436//1902
f 3768//2231 2893//1361 2891//1359
f 3768//2231 2891//1359 3807//2268
f 3807//2268 2891//1359 2889//1357
f 3807//2268 2889//1357 3805//2266
f 3805//2266 2889//1357 2903//1371
f 3805//2266 2903//1371 3803//2264
f 3803//2264 2903//1371 2902//1370
f 3803//2264 2902//1370 3801//2262
f 3801//2262 2902//1370 2900//1368
f 3801//2262 2900//1368 3799//2260
f 3799//2260 2900//1368 2898//1366
f 3799//2260 2898//1366 3797//2258
f 3797//2258 2898//1366 2885//1353
f 3797//2258 2885//1353 3782//2244
f 6835//4640 6910//4715 6836//4641
f 6836//4641 6910//4715 6912//4717
f 6836//4641 6912//4717 6838//4643
f 6838//4643 6912//4717 6950//4755
f 6838//4643 6950//4755 6866//4671
f 6866//4671 6950//4755 6951//4756
f 6866//4671 6951//4756 6839//4644
f 6839//4644 6951//4756 6909//4714
f 6839//4644 6909//4714 6840//4645
f 6840//4645 6909//4714 6906//4711
f 6840//4645 6906//4711 6841//4646
f 6841//4646 6906//4711 6908//4713
f 6841//4646 6908//4713 6864//4669
f 6864//4669 6908//4713 6952//4757
f 6864//4669 6952//4757 6865//4670
f 6865//4670 6952//4757 6953//4758
f 6865//4670 6953//4758 6843//4648
f 6843//4648 6953//4758 6905//4710
f 6843//4648 6905//4710 6844//4649
f 6844//4649 6905//4710 6902//4707
f 6844//4649 6902//4707 6846//4651
f 6846//4651 6902//4707 6904//4709
f 6846//4651 6904//4709 6880//4685
f 6880//4685 6904//4709 6930//4735
f 6880//4685 6930//4735 6881//4686
f 6881//4686 6930//4735 6931//4736
f 6881//4686 6931//4736 6850//4655
f 6850//4655 6931//4736 6901//4706
f 6850//4655 6901//4706 6848//4653
f 6848//4653 6901//4706 6898//4703
f 6848//4653 6898//4703 6847//4652
f 6847//4652 6898//4703 6900//4705
f 6847//4652 6900//4705 6879//4684
f 6879//4684 6900//4705 6932//4737
f 6879//4684 6932//4737 6851//4656
f 6851//4656 6932//4737 6933//4738
f 6851//4656 6933//4738 6852//4657
f 6933//4738 6897//4702 6852//4657
f 6852//4657 6897//4702 6894//4699
f 6852//4657 6894//4699 6854//4659
f 6854//4659 6894//4699 6896//4701
f 6854//4659 6896//4701 6855//4660
f 6855//4660 6896//4701 6934//4739
f 6855//4660 6934//4739 6878//4683
f 6878//4683 6934//4739 6935//4740
f 6878//4683 6935//4740 6856//4661
f 6856//4661 6935//4740 6893//4698
f 6856//4661 6893//4698 6857//4662
f 6857//4662 6893//4698 6890//4695
f 6857//4662 6890//4695 6858//4663
f 6858//4663 6890//4695 6892//4697
f 6858//4663 6892//4697 6876//4681
f 6876//4681 6892//4697 6936//4741
f 6876//4681 6936//4741 6877//4682
f 6877//4682 6936//4741 6937//4742
f 6877//4682 6937//4742 6860//4665
f 6860//4665 6937//4742 6889//4694
f 6860//4665 6889//4694 6861//4666
f 6861//4666 6889//4694 6886//4691
f 6861//4666 6886//4691 6863//4668
f 6863//4668 6886//4691 6888//4693
f 6863//4668 6888//4693 6874//4679
f 6874//4679 6888//4693 6938//4743
f 6874//4679 6938//4743 6875//4680
f 6875//4680 6938//4743 6939//4744
f 6875//4680 6939//4744 6815//4620
f 6815//4620 6939//4744 6885//4690
f 6815//4620 6885//4690 6813//4618
f 6813//4618 6885//4690 6882//4687
f 6813//4618 6882//4687 6812//4617
f 6812//4617 6882//4687 6884//4689
f 6812//4617 6884//4689 6873//4678
f 6873//4678 6884//4689 6940//4745
f 6873//4678 6940//4745 6816//4621
f 6816//4621 6940//4745 6941//4746
f 6816//4621 6941//4746 6817//4622
f 6817//4622 6941//4746 6929//4734
f 6817//4622 6929//4734 6819//4624
f 6819//4624 6929//4734 6926//4731
f 6819//4624 6926//4731 6818//4623
f 6818//4623 6926//4731 6928//4733
f 6818//4623 6928//4733 6821//4626
f 6821//4626 6928//4733 6942//4747
f 6821//4626 6942//4747 6872//4677
f 6872//4677 6942//4747 6943//4748
f 6872//4677 6943//4748 6822//4627
f 6822//4627 6943//4748 6925//4730
f 6822//4627 6925//4730 6823//4628
f 6823//4628 6925//4730 6922//4727
f 6823//4628 6922//4727 6824//4629
f 6824//4629 6922//4727 6924//4729
f 6824//4629 6924//4729 6870//4675
f 6870//4675 6924//4729 6944//4749
f 6870//4675 6944//4749 6871//4676
f 6871//4676 6944//4749 6945//4750
f 6871//4676 6945//4750 6826//4631
f 6826//4631 6945//4750 6921//4726
f 6826//4631 6921//4726 6827//4632
f 6827//4632 6921//4726 6918//4723
f 6827//4632 6918//4723 6829//4634
f 6829//4634 6918//4723 6920//4725
f 6829//4634 6920//4725 6868//4673
f 6868//4673 6920//4725 6946//4751
f 6868//4673 6946//4751 6869//4674
f 6869//4674 6946//4751 6947//4752
f 6869//4674 6947//4752 6833//4638
f 6833//4638 6947//4752 6917//4722
f 6833//4638 6917//4722 6831//4636
f 6831//4636 6917//4722 6914//4719
f 6831//4636 6914//4719 6830//4635
f 6830//4635 6914//4719 6916//4721
f 6830//4635 6916//4721 6867//4672
f 6867//4672 6916//4721 6948//4753
f 6867//4672 6948//4753 6834//4639
f 6834//4639 6948//4753 6949//4754
f 6834//4639 6949//4754 6835//4640
f 6835//4640 6949//4754 6913//4718
f 6835//4640 6913//4718 6910//4715
f 3443//1909 2948//1416 2950//1418
f 3443//1909 2950//1418 3460//1926
f 3460//1926 2950//1418 2952//1420
f 3460//1926 2952//1420 3461//1927
f 3461//1927 2952//1420 2954//1422
f 3461//1927 2954//1422 3463//1929
f 3463//1929 2954//1422 2955//1423
f 3463//1929 2955//1423 3465//1931
f 3465//1931 2955//1423 2957//1425
f 3465//1931 2957//1425 3467//1933
f 3467//1933 2957//1425 2959//1427
f 3467//1933 2959//1427 3469//1935
f 3469//1935 2959//1427 2945//1413
f 3469//1935 2945//1413 3433//1899
f 3396//1863 2987//1455 2989//1457
f 3396//1863 2989//1457 3415//1881
f 3415//1881 2989//1457 2991//1459
f 3415//1881 2991//1459 3414//1880
f 3414//1880 2991//1459 2999//1467
f 3414//1880 2999//1467 3412//1878
f 3412//1878 2999//1467 2998//1466
f 3412//1878 2998//1466 3410//1876
f 3410//1876 2998//1466 2996//1464
f 3410//1876 2996//1464 3408//1874
f 3408//1874 2996//1464 2994//1462
f 3408//1874 2994//1462 3406//1872
f 3406//1872 2994//1462 2982//1450
f 3406//1872 2982//1450 3374//1841
f 3301//1768 2698//1166 2700//1168
f 3301//1768 2700//1168 3322//1789
f 3322//1789 2700//1168 2702//1170
f 3322//1789 2702//1170 3321//1788
f 3321//1788 2702//1170 2710//1178
f 3321//1788 2710//1178 3319//1786
f 3319//1786 2710//1178 2709//1177
f 3319//1786 2709//1177 3317//1784
f 3317//1784 2709//1177 2707//1175
f 3317//1784 2707//1175 3315//1782
f 3315//1782 2707//1175 2705//1173
f 3315//1782 2705//1173 3313//1780
f 3313//1780 2705//1173 2693//1161
f 3313//1780 2693//1161 3282//1749
f 3220//1687 2605//1073 2603//1071
f 3220//1687 2603//1071 3277//1744
f 3277//1744 2603//1071 2601//1069
f 3277//1744 2601//1069 3276//1743
f 3276//1743 2601//1069 2615//1083
f 3276//1743 2615//1083 3274//1741
f 3274//1741 2615//1083 2614//1082
f 3274//1741 2614//1082 3272//1739
f 3272//1739 2614//1082 2612//1080
f 3272//1739 2612//1080 3270//1737
f 3270//1737 2612//1080 2610//1078
f 3270//1737 2610//1078 3268//1735
f 3268//1735 2610//1078 2597//1065
f 3268//1735 2597//1065 3240//1707
f 3179//1647 2651//1119 2649//1117
f 3179//1647 2649//1117 3208//1676
f 3208//1676 2649//1117 2647//1115
f 3208//1676 2647//1115 3207//1675
f 3207//1675 2647//1115 2646//1114
f 3207//1675 2646//1114 3205//1673
f 3205//1673 2646//1114 2644//1112
f 3205//1673 2644//1112 3203//1671
f 3203//1671 2644//1112 2642//1110
f 3203//1671 2642//1110 3201//1669
f 3201//1669 2642//1110 2640//1108
f 3201//1669 2640//1108 3199//1667
f 3199//1667 2640//1108 2636//1104
f 3199//1667 2636//1104 3161//1629
f 3100//1568 2660//1128 2662//1130
f 3100//1568 2662//1130 3139//1607
f 3139//1607 2662//1130 2664//1132
f 3139//1607 2664//1132 3138//1606
f 3138//1606 2664//1132 2672//1140
f 3138//1606 2672//1140 3136//1604
f 3136//1604 2672//1140 2671//1139
f 3136//1604 2671//1139 3134//1602
f 3134//1602 2671//1139 2669//1137
f 3134//1602 2669//1137 3132//1600
f 3132//1600 2669//1137 2667//1135
f 3132//1600 2667//1135 3130//1598
f 3130//1598 2667//1135 2655//1123
f 3130//1598 2655//1123 3104//1572
f 3027//1495 2716//1184 2718//1186
f 3027//1495 2718//1186 3070//1538
f 3070//1538 2718//1186 2720//1188
f 3070//1538 2720//1188 3069//1537
f 3069//1537 2720//1188 2722//1190
f 3069//1537 2722//1190 3067//1535
f 3067//1535 2722//1190 2723//1191
f 3067//1535 2723//1191 3065//1533
f 3065//1533 2723//1191 2725//1193
f 3065//1533 2725//1193 3063//1531
f 3063//1531 2725//1193 2727//1195
f 3063//1531 2727//1195 3061//1529
f 3061//1529 2727//1195 2713//1181
f 3061//1529 2713//1181 3042//1510
f 6845//4650 2966//1434 4647//2955
f 4644//2952 4643//2951 6845//4650
f 6845//4650 4643//2951 4642//2950
f 6845//4650 4642//2950 4641//2949
f 4641//2949 4640//2948 6845//4650
f 6845//4650 4640//2948 4639//2947
f 6845//4650 4639//2947 2985//1453
f 4647//2955 4646//2954 6845//4650
f 6845//4650 4646//2954 4645//2953
f 6845//4650 4645//2953 4644//2952
f 6903//4708 4633//2942 4632//2941
f 2981//1449 4638//2946 6903//4708
f 6903//4708 4638//2946 4637//2371
f 6903//4708 4637//2371 4636//2945
f 4632//2941 4631//2940 6903//4708
f 6903//4708 4631//2940 4630//2939
f 6903//4708 4630//2939 2967//1435
f 4636//2945 4635//2944 6903//4708
f 6903//4708 4635//2944 4634//2943
f 6903//4708 4634//2943 4633//2942
f 6842//4647 2928//1396 4456//2869
f 4450//2863 4449//2862 6842//4647
f 6842//4647 4449//2862 4448//2861
f 6842//4647 4448//2861 2946//1414
f 4453//2866 4452//2865 6842//4647
f 6842//4647 4452//2865 4451//2864
f 6842//4647 4451//2864 4450//2863
f 4456//2869 4455//2868 6842//4647
f 6842//4647 4455//2868 4454//2867
f 6842//4647 4454//2867 4453//2866
f 4439//2852 2929//1397 6907//4712
f 6907//4712 4443//2856 4442//2855
f 2944//1412 4447//2860 6907//4712
f 6907//4712 4447//2860 4446//2859
f 4442//2855 4441//2854 6907//4712
f 6907//4712 4441//2854 4440//2853
f 6907//4712 4440//2853 4439//2852
f 4446//2859 4445//2858 6907//4712
f 6907//4712 4445//2858 4444//2857
f 6907//4712 4444//2857 4443//2856
f 3904//2365 3903//2364 6837//4642
f 6837//4642 3903//2364 3902//2363
f 2909//1377 3908//2369 6837//4642
f 6837//4642 3908//2369 3907//2368
f 3902//2363 3901//2362 6837//4642
f 6837//4642 3901//2362 3900//2361
f 6837//4642 3900//2361 2896//1364
f 3907//2368 3906//2367 6837//4642
f 6837//4642 3906//2367 3905//2366
f 6837//4642 3905//2366 3904//2365
f 3912//2373 3911//2372 6911//4716
f 3911//2372 3910//2371 6911//4716
f 6911//4716 3910//2371 3909//2370
f 6911//4716 3909//2370 2910//1378
f 2884//1352 3917//2378 6911//4716
f 6911//4716 3917//2378 3916//2377
f 6911//4716 3916//2377 3915//2376
f 3915//2376 3914//2375 6911//4716
f 6911//4716 3914//2375 3913//2374
f 6911//4716 3913//2374 3912//2373
f 4530//2897 4529//2896 6832//4637
f 2869//1337 4538//2904 6832//4637
f 6832//4637 4538//2904 4537//2903
f 6832//4637 4537//2903 4536//2902
f 4536//2902 4535//2901 6832//4637
f 6832//4637 4535//2901 4534//2900
f 6832//4637 4534//2900 4533//2899
f 4533//2899 4532//2898 6832//4637
f 6832//4637 4532//2898 4531//2868
f 6832//4637 4531//2868 4530//2897
f 4539//2905 2883//1351 6915//4720
f 4548//2913 4547//2912 6915//4720
f 6915//4720 4547//2912 4546//2911
f 6915//4720 4546//2911 4545//2910
f 4545//2910 4544//2909 6915//4720
f 6915//4720 4544//2909 4543//2908
f 6915//4720 4543//2908 4542//2907
f 4542//2907 4541//2906 6915//4720
f 6915//4720 4541//2906 4540//2859
f 6915//4720 4540//2859 4539//2905
f 4720//2967 2827//1295 6828//4633
f 6828//4633 2850//1318 4728//2974
f 4725//2971 4724//2970 6828//4633
f 6828//4633 4724//2970 4723//2969
f 4723//2969 4722//2968 6828//4633
f 6828//4633 4722//2968 4721//2368
f 6828//4633 4721//2368 4720//2967
f 4728//2974 4727//2973 6828//4633
f 6828//4633 4727//2973 4726//2972
f 6828//4633 4726//2972 4725//2971
f 4729//2975 2851//1319 6919//4724
f 2835//1303 4737//2981 6919//4724
f 6919//4724 4737//2981 4736//2948
f 6919//4724 4736//2948 4735//2980
f 4735//2980 4734//2979 6919//4724
f 6919//4724 4734//2979 4733//2978
f 6919//4724 4733//2978 4732//2977
f 4732//2977 4731//2976 6919//4724
f 6919//4724 4731//2976 4730//2377
f 6919//4724 4730//2377 4729//2975
f 4810//2990 2793//1261 6825//4630
f 4810//2990 6825//4630 4811//2991
f 2812//1280 4818//2998 6825//4630
f 6825//4630 4818//2998 4817//2997
f 4817//2997 4816//2996 6825//4630
f 6825//4630 4816//2996 4815//2995
f 6825//4630 4815//2995 4814//2994
f 4814//2994 4813//2993 6825//4630
f 6825//4630 4813//2993 4812//2992
f 6825//4630 4812//2992 4811//2991
f 4822//3001 4821//3000 6923//4728
f 4821//3000 4820//2911 6923//4728
f 6923//4728 4820//2911 4819//2999
f 6923//4728 4819//2999 2813//1281
f 2789//1257 4827//3006 6923//4728
f 6923//4728 4827//3006 4826//3005
f 6923//4728 4826//3005 4825//3004
f 4825//3004 4824//3003 6923//4728
f 6923//4728 4824//3003 4823//3002
f 6923//4728 4823//3002 4822//3001
f 5275//2943 5274//3149 6820//4625
f 6820//4625 5274//3149 5273//2941
f 2774//1242 5279//3150 6820//4625
f 6820//4625 5279//3150 5278//2371
f 5273//2941 5272//2940 6820//4625
f 6820//4625 5272//2940 5271//3148
f 6820//4625 5271//3148 2757//1225
f 5278//2371 5277//2945 6820//4625
f 6820//4625 5277//2945 5276//2944
f 6820//4625 5276//2944 5275//2943
f 5280//3151 2775//1243 6927//4732
f 6927//4732 2758//1226 5288//3154
f 5285//2952 5284//2951 6927//4732
f 6927//4732 5284//2951 5283//3152
f 5283//3152 5282//2949 6927//4732
f 6927//4732 5282//2949 5281//2948
f 6927//4732 5281//2948 5280//3151
f 5288//3154 5287//2954 6927//4732
f 6927//4732 5287//2954 5286//3153
f 6927//4732 5286//3153 5285//2952
f 6814//4619 2734//1202 5369//3176
f 5369//3176 5368//3175 6814//4619
f 6814//4619 5368//3175 5367//3174
f 6814//4619 5367//3174 5366//3173
f 5366//3173 5365//3172 6814//4619
f 6814//4619 5365//3172 5364//3171
f 6814//4619 5364//3171 5363//3170
f 5363//3170 5362//2997 6814//4619
f 6814//4619 5362//2997 5361//3169
f 6814//4619 5361//3169 2714//1182
f 5373//3179 5372//3178 6883//4688
f 5372//3178 5371//3005 6883//4688
f 6883//4688 5371//3005 5370//3177
f 6883//4688 5370//3177 2735//1203
f 2712//1180 5378//3183 6883//4688
f 6883//4688 5378//3183 5377//3091
f 6883//4688 5377//3091 5376//3182
f 5376//3182 5375//3181 6883//4688
f 6883//4688 5375//3181 5374//3180
f 6883//4688 5374//3180 5373//3179
f 4909//3040 2696//1164 6849//4654
f 4909//3040 6849//4654 4910//3041
f 2677//1145 4917//3047 6849//4654
f 6849//4654 4917//3047 4916//2862
f 4916//2862 4915//3046 6849//4654
f 6849//4654 4915//3046 4914//3045
f 6849//4654 4914//3045 4913//3044
f 4913//3044 4912//3043 6849//4654
f 6849//4654 4912//3043 4911//3042
f 6849//4654 4911//3042 4910//3041
f 4904//3036 4903//3035 6899//4704
f 6899//4704 4903//3035 4902//3034
f 2692//1160 4908//3039 6899//4704
f 6899//4704 4908//3039 4907//2853
f 4902//3034 4901//3033 6899//4704
f 6899//4704 4901//3033 4900//3032
f 6899//4704 4900//3032 2678//1146
f 4907//2853 4906//3038 6899//4704
f 6899//4704 4906//3038 4905//3037
f 6899//4704 4905//3037 4904//3036
f 5182//3125 6862//4667 5183//2373
f 5183//2373 6862//4667 5184//2374
f 5182//3125 5181//3124 6862//4667
f 6862//4667 5181//3124 5180//3123
f 6862//4667 5180//3123 2658//1126
f 5189//3128 5188//3127 6862//4667
f 6862//4667 5188//3127 5187//2377
f 5187//2377 5186//2376 6862//4667
f 6862//4667 5186//2376 5185//3126
f 6862//4667 5185//3126 5184//2374
f 5171//3119 5170//3118 6887//4692
f 6887//4692 5175//2365 5174//3120
f 2654//1122 5179//3122 6887//4692
f 6887//4692 5179//3122 5178//2368
f 5174//3120 5173//2363 6887//4692
f 6887//4692 5173//2363 5172//2362
f 6887//4692 5172//2362 5171//3119
f 5178//2368 5177//2367 6887//4692
f 6887//4692 5177//2367 5176//3121
f 6887//4692 5176//3121 5175//2365
f 5089//3098 2653//1121 6859//4664
f 5089//3098 6859//4664 5090//3099
f 2617//1085 5097//3105 6859//4664
f 6859//4664 5097//3105 5096//3041
f 5096//3041 5095//3104 6859//4664
f 6859//4664 5095//3104 5094//3103
f 6859//4664 5094//3103 5093//3102
f 5093//3102 5092//3101 6859//4664
f 6859//4664 5092//3101 5091//3100
f 6859//4664 5091//3100 5090//3099
f 5080//3090 2619//1087 6891//4696
f 2635//1103 5088//3097 6891//4696
f 6891//4696 5088//3097 5087//3033
f 6891//4696 5084//3094 5083//3093
f 5083//3093 5082//3092 6891//4696
f 6891//4696 5082//3092 5081//3091
f 6891//4696 5081//3091 5080//3090
f 5087//3033 5086//3096 6891//4696
f 6891//4696 5086//3096 5085//3095
f 6891//4696 5085//3095 5084//3094
f 4999//3068 2608//1076 6853//4658
f 2581//1049 5007//3071 6853//4658
f 6853//4658 5007//3071 5006//2948
f 6853//4658 5006//2948 5005//2980
f 5005//2980 5004//2979 6853//4658
f 6853//4658 5004//2979 5003//2978
f 6853//4658 5003//2978 5002//3070
f 5002//3070 5001//3069 6853//4658
f 6853//4658 5001//3069 5000//2377
f 6853//4658 5000//2377 4999//3068
f 4990//3065 2595//1063 6895//4700
f 6895//4700 2596//1064 4998//3067
f 4995//2971 4994//2970 6895//4700
f 6895//4700 4994//2970 4993//3066
f 4993//3066 4992//2968 6895//4700
f 6895//4700 4992//2968 4991//2368
f 6895//4700 4991//2368 4990//3065
f 4998//3067 4997//2973 6895//4700
f 6895//4700 4997//2973 4996//2972
f 6895//4700 4996//2972 4995//2971
